time_s,condenser_level,sump_level,feed_tray_level,reboiler_tray_level,top_pressure,bottom_pressure,condenser_temperature,feed_tray_temperature,reboiler_temperature,distillate_valve_opening,bottoms_valve_opening,condenser_duty,reboiler_duty,feed_mass_flow,distillate_mass_flow,bottoms_mass_flow,distillate_benzene_fraction,bottoms_toluene_fraction,vapor_to_condenser,reflux,distillate_draw,bottoms_draw,bottoms_pressure
0.0,0.755787,1.00025,0.0441842,1.00025,120725,130133,359.146,373.487,391.963,50,50,5285.1,5427.55,8.51251,5.69263,6.88942,0.979024,0.979378,733.924,127.859,5.69263,6.88942,137695
2.0,0.756175,0.999868,0.0443261,0.999868,121484,130492,359.366,374.081,392.066,50.1632,50.0566,5350.24,5427.55,8.51251,5.53129,6.90129,0.978825,0.97937,323.252,128.26,5.53129,6.90129,138050
4.0,0.757053,0.999901,0.0444356,0.999901,122251,130987,359.583,374.461,392.206,50.2435,49.9807,5419.76,5427.55,8.51251,5.64478,6.89727,0.978798,0.979355,175.184,129.266,5.64478,6.89727,138544
6.0,0.757749,1.00006,0.0444971,1.00006,123017,131561,359.797,374.66,392.369,50.4232,49.987,5491.23,5427.55,8.51251,5.06864,6.90578,0.978811,0.979334,149.187,130.46,5.06864,6.90578,139117
8.0,0.757712,1.00042,0.0445131,1.00042,123782,132165,360.011,374.708,392.539,50.5688,50.0185,5563.99,5427.55,8.51251,5.82993,6.9185,0.978816,0.979305,146.656,130.555,5.82993,6.9185,139722
10.0,0.757526,1.00078,0.0445001,1.00078,124549,132726,360.224,374.663,392.696,50.5689,50.0939,5638.11,5427.55,8.51251,5.79899,6.93673,0.978827,0.97927,148.474,130.136,5.79899,6.93673,140284
12.0,0.757459,1.00104,0.0444838,1.00104,125316,133183,360.436,374.598,392.823,50.5385,50.1676,5713.64,5427.55,8.51251,5.81824,6.95329,0.978839,0.97923,152.534,130.009,5.81824,6.95329,140742
14.0,0.757604,1.00116,0.0444819,1.00116,126083,133502,360.647,374.566,392.911,50.5318,50.2251,5790.56,5427.55,8.51251,5.57996,6.9656,0.978854,0.979187,156.56,129.977,5.57996,6.9656,141060
16.0,0.758365,1.00097,0.0445038,1.00097,126849,133694,360.857,374.588,392.963,50.5677,50.2534,5868.84,5427.55,8.51251,5.64396,6.97177,0.978877,0.979148,160.644,130.791,5.64396,6.97177,141251
18.0,0.759171,1.00059,0.0445498,1.00059,127614,133819,361.065,374.664,392.997,50.7279,50.2185,5948.4,5427.55,8.51251,5.72294,6.96805,0.978901,0.979111,163.227,131.739,5.72294,6.96805,141373
20.0,0.759859,1.00016,0.0446133,1.00016,128378,133944,361.272,374.776,393.03,50.8991,50.1463,6029.22,5427.55,8.51251,5.80372,6.95904,0.978925,0.979075,162.331,132.606,5.80372,6.95904,141494
22.0,0.760371,0.999779,0.0446855,0.999779,129142,134125,361.478,374.906,393.079,51.0487,50.0604,6111.29,5427.55,8.51251,5.96761,6.94893,0.978952,0.979038,158.697,133.49,5.96761,6.94893,141671
24.0,0.760654,0.999523,0.0447588,0.999523,129904,134392,361.682,375.038,393.152,51.1646,49.9835,6194.65,5427.55,8.51251,5.94979,6.94138,0.97898,0.978998,153.846,133.82,5.94979,6.94138,141936
26.0,0.761647,0.999425,0.0448259,0.999425,130676,134754,361.888,375.164,393.251,51.236,49.9306,6279.22,5427.55,8.51251,6.0706,6.93859,0.979025,0.978952,148.819,131.853,6.0706,6.93859,142295
28.0,0.759441,0.99948,0.0448863,0.99948,129151,135199,361.378,375.278,393.373,51.4509,49.9087,6366.04,5427.55,8.51251,6.1425,6.94142,0.979033,0.9789,145.707,128.347,6.1425,6.94142,142739
30.0,0.756754,0.999662,0.0449277,0.999662,126933,135707,360.776,375.352,393.511,51.0244,49.9179,6247.82,5427.55,8.51251,6.03865,6.94957,0.979033,0.97884,150.039,125.002,6.03865,6.94957,143248
32.0,0.754529,0.999934,0.0449246,0.999934,125155,136250,360.287,375.316,393.659,50.4953,49.9529,6064.68,5427.55,8.51251,5.93387,6.96192,0.979035,0.978774,155.017,122.212,5.93387,6.96192,143791
34.0,0.752758,1.00019,0.0448585,1.00019,123780,136773,359.906,375.128,393.8,50.0521,50.0073,5917.11,5427.55,8.51251,5.8494,6.97668,0.979037,0.978701,160.639,119.955,5.8494,6.97668,144314
36.0,0.751491,1.00023,0.044736,1.00023,122833,137187,359.641,374.818,393.911,49.6943,50.0589,5802.68,5427.55,8.51251,5.78538,6.98938,0.97904,0.978628,168.714,118.234,5.78538,6.98938,144727
38.0,0.750795,0.999866,0.0445799,0.999866,122350,137392,359.505,374.461,393.964,49.4333,50.0688,5724.23,5427.55,8.51251,5.74379,6.99295,0.979042,0.978561,178.838,117.129,5.74379,6.99295,144929
40.0,0.750672,0.998949,0.0444179,0.998949,122318,137318,359.496,374.137,393.941,49.284,49.9953,5685.8,5427.55,8.51251,5.72571,6.98045,0.979042,0.978505,189.551,116.682,5.72571,6.98045,144848
42.0,0.751031,0.997455,0.0442717,0.997455,122654,136961,359.591,373.901,393.841,49.2482,49.8076,5687.12,5427.55,8.51251,5.72941,6.94755,0.97904,0.978466,198.99,116.833,5.72941,6.94755,144482
44.0,0.751698,0.995506,0.0441547,0.995506,123214,136391,359.748,373.783,393.683,49.309,49.4989,5721.41,5427.55,8.51251,5.74957,6.89441,0.979035,0.978444,205.121,117.439,5.74957,6.89441,143898
46.0,0.752407,0.99334,0.0440716,0.99334,123784,135720,359.907,373.782,393.496,49.4328,49.0912,5776.37,5427.55,8.51251,5.7773,6.82601,0.979027,0.978436,205.888,118.248,5.7773,6.82601,143214
48.0,0.752926,0.991181,0.0440202,0.991181,124181,135070,360.018,373.873,393.316,49.5669,48.6315,5833.2,5427.55,8.51251,5.80224,6.75084,0.979015,0.978438,202.145,118.963,5.80224,6.75084,142549
50.0,0.753118,0.989243,0.043984,0.989243,124305,134538,360.052,374.015,393.167,49.6645,48.1646,5875.58,5427.55,8.51251,5.81656,6.67663,0.979002,0.978442,195.564,119.377,5.81656,6.67663,142003
52.0,0.752904,0.987646,0.0439675,0.987646,124100,134175,359.996,374.161,393.066,49.6978,47.734,5894.08,5427.55,8.51251,5.81565,6.61022,0.978988,0.978445,187.374,119.358,5.81565,6.61022,141630
54.0,0.752348,0.986417,0.0439461,0.986417,123627,133993,359.864,374.273,393.015,49.6499,47.3654,5883.25,5427.55,8.51251,5.79891,6.55522,0.978975,0.978443,180.19,118.908,5.79891,6.55522,141439
56.0,0.751591,0.985487,0.0439114,0.985487,123007,133958,359.691,374.323,393.005,49.5323,47.0653,5847.97,5427.55,8.51251,5.77059,6.51197,0.978961,0.978435,175.692,118.145,5.77059,6.51197,141397
58.0,0.750785,0.984752,0.0438618,0.984752,122363,134013,359.511,374.306,393.02,49.3729,46.8214,5798.63,5427.55,8.51251,5.73697,6.4779,0.978948,0.978422,174.134,117.245,5.73697,6.4779,141447
60.0,0.75006,0.984072,0.0437981,0.984072,121798,134090,359.352,374.231,393.041,49.2018,46.6134,5746.12,5427.55,8.51251,5.70394,6.44914,0.978935,0.978407,174.959,116.373,5.70394,6.44914,141518
62.0,0.749518,0.983315,0.0437261,0.983315,121386,134124,359.236,374.115,393.049,49.0447,46.414,5699.48,5427.55,8.51251,5.67617,6.42093,0.978921,0.978393,178.047,115.652,5.67617,6.42093,141547
64.0,0.749195,0.982397,0.0436543,0.982397,121153,134070,359.17,373.988,393.034,48.9225,46.1958,5665.68,5427.55,8.51251,5.6566,6.38886,0.978906,0.978382,181.741,115.171,5.6566,6.38886,141486
66.0,0.749107,0.981244,0.0435899,0.981244,121105,133909,359.157,373.877,392.988,48.843,45.942,5647.16,5427.55,8.51251,5.64629,6.35028,0.97889,0.978378,186.117,114.945,5.64629,6.35028,141316
68.0,0.74921,0.979872,0.0435393,0.979872,121202,133650,359.185,373.801,392.916,48.81,45.6364,5644.85,5427.55,8.51251,5.64472,6.30313,0.978872,0.978382,189.746,114.962,5.64472,6.30313,141048
70.0,0.749408,0.978338,0.0435051,0.978338,121367,133326,359.232,373.769,392.825,48.8152,45.2817,5655.56,5427.55,8.51251,5.64913,6.24825,0.978852,0.978393,191.322,115.148,5.64913,6.24825,140713
72.0,0.749601,0.97673,0.0434878,0.97673,121519,132977,359.275,373.781,392.728,48.8399,44.8883,5672.49,5427.55,8.51251,5.65551,6.18775,0.97883,0.978411,191.047,115.379,5.65551,6.18775,140353
74.0,0.749705,0.975134,0.0434835,0.975134,121595,132646,359.297,373.826,392.635,48.864,44.4738,5688.59,5427.55,8.51251,5.66004,6.12465,0.978807,0.978433,189.202,115.552,5.66004,6.12465,140011
76.0,0.749677,0.97363,0.0434876,0.97363,121562,132366,359.288,373.888,392.557,48.8707,44.0553,5698.04,5427.55,8.51251,5.66004,6.06182,0.978783,0.978457,186.394,115.597,5.66004,6.06182,139720
78.0,0.749501,0.972254,0.0434931,0.972254,121413,132155,359.247,373.95,392.499,48.8509,43.649,5697.87,5427.55,8.51251,5.65428,6.00172,0.978758,0.978482,183.288,115.479,5.65428,6.00172,139500
80.0,0.749211,0.971023,0.0434955,0.971023,121176,132015,359.18,373.997,392.46,48.8016,43.263,5687.22,5427.55,8.51251,5.64308,5.94545,0.978734,0.978507,180.657,115.215,5.64308,5.94545,139351
82.0,0.748842,0.969914,0.0434904,0.969914,120883,131932,359.098,374.019,392.437,48.7287,42.9011,5668.49,5427.55,8.51251,5.62784,5.89334,0.978708,0.97853,178.696,114.839,5.62784,5.89334,139259
84.0,0.748452,0.968883,0.0434763,0.968883,120580,131882,359.012,374.016,392.424,48.639,42.5589,5644.17,5427.55,8.51251,5.61046,5.84446,0.978683,0.978553,177.993,114.404,5.61046,5.84446,139202
86.0,0.748158,0.967775,0.0434569,0.967775,120359,131841,358.95,373.994,392.414,48.5442,42.2285,5618.5,5427.55,8.51251,5.59441,5.79721,0.978657,0.97858,180.014,114.006,5.59441,5.79721,139153
88.0,0.747935,0.966776,0.0434324,0.966776,120196,131787,358.904,373.959,392.4,48.4679,41.8779,5599.65,5427.55,8.51251,5.58185,5.74722,0.97863,0.978605,180.143,113.742,5.58185,5.74722,139091
90.0,0.74774,0.965718,0.043407,0.965718,120057,131697,358.865,373.921,392.375,48.4049,41.5454,5585.67,5427.55,8.51251,5.57137,5.69928,0.978602,0.978633,180.78,113.496,5.57137,5.69928,138993
92.0,0.747648,0.964586,0.0433839,0.964586,120000,131569,358.849,373.892,392.34,48.347,41.1968,5573.51,5427.55,8.51251,5.56339,5.64866,0.978573,0.978664,182.558,113.339,5.56339,5.64866,138857
94.0,0.747622,0.963411,0.0433655,0.963411,119994,131409,358.848,373.876,392.296,48.3093,40.8289,5568.54,5427.55,8.51251,5.55891,5.59505,0.978543,0.978698,183.608,113.278,5.55891,5.59505,138689
96.0,0.747617,0.962213,0.0433528,0.962213,120003,131229,358.851,373.877,392.247,48.2847,40.4477,5568.02,5427.55,8.51251,5.55624,5.53942,0.978511,0.978735,183.801,113.265,5.55624,5.53942,138500
98.0,0.747612,0.961008,0.043345,0.961008,120009,131045,358.854,373.893,392.196,48.2641,40.057,5568.74,5427.55,8.51251,5.55401,5.48251,0.978478,0.978774,183.718,113.259,5.55401,5.48251,138307
100.0,0.747577,0.95984,0.0433409,0.95984,119991,130872,358.849,373.92,392.149,48.2435,39.6601,5569.31,5427.55,8.51251,5.5512,5.42498,0.978445,0.978815,182.894,113.241,5.5512,5.42498,138126
102.0,0.747489,0.958735,0.0433384,0.958735,119931,130720,358.833,373.952,392.107,48.217,39.2661,5567.69,5427.55,8.51251,5.54675,5.36819,0.97841,0.978857,181.617,113.173,5.54675,5.36819,137966
104.0,0.747348,0.957708,0.0433369,0.957708,119829,130594,358.805,373.987,392.073,48.1797,38.8801,5562.28,5427.55,8.51251,5.54013,5.3129,0.978375,0.978899,180.318,113.044,5.54013,5.3129,137833
106.0,0.747159,0.956758,0.0433325,0.956758,119693,130493,358.766,374.011,392.046,48.1314,38.5057,5553.05,5427.55,8.51251,5.53143,5.2596,0.978339,0.978941,179.112,112.858,5.53143,5.2596,137725
108.0,0.746957,0.95587,0.0433257,0.95587,119550,130412,358.726,374.027,392.025,48.0732,38.1428,5540.51,5427.55,8.51251,5.52144,5.20816,0.978303,0.978983,178.659,112.635,5.52144,5.20816,137637
110.0,0.746754,0.95503,0.0433159,0.95503,119408,130342,358.686,374.034,392.007,48.0119,37.7888,5527.11,5427.55,8.51251,5.51115,5.15816,0.978266,0.979025,178.256,112.41,5.51115,5.15816,137562
112.0,0.746584,0.954199,0.0433035,0.954199,119296,130275,358.655,374.035,391.989,47.9498,37.4411,5513.61,5427.55,8.51251,5.50142,5.10906,0.978228,0.979068,178.802,112.196,5.50142,5.10906,137488
114.0,0.746445,0.953383,0.0432902,0.953383,119209,130203,358.631,374.032,391.971,47.8938,37.0917,5502.44,5427.55,8.51251,5.49299,5.05974,0.97819,0.979112,179.106,112.025,5.49299,5.05974,137410
116.0,0.746342,0.952558,0.0432773,0.952558,119152,130120,358.615,374.031,391.949,47.8435,36.7422,5493.39,5427.55,8.51251,5.4859,5.01032,0.97815,0.979157,179.635,111.89,5.4859,5.01032,137321
118.0,0.74627,0.951738,0.0432653,0.951738,119119,130026,358.607,374.034,391.924,47.8003,36.3876,5486.88,5427.55,8.51251,5.48018,4.96014,0.978109,0.979203,179.938,111.796,5.48018,4.96014,137221
120.0,0.746206,0.950928,0.0432552,0.950928,119092,129922,358.6,374.043,391.897,47.7629,36.0306,5482.43,5427.55,8.51251,5.47526,4.90958,0.978068,0.979251,179.876,111.722,5.47526,4.90958,137112
122.0,0.746135,0.950137,0.0432473,0.950137,119060,129815,358.591,374.058,391.868,47.7269,35.6724,5478.47,5427.55,8.51251,5.47038,4.85887,0.978025,0.979299,179.547,111.646,5.47038,4.85887,136998
124.0,0.746056,0.949376,0.0432411,0.949376,119022,129708,358.582,374.077,391.84,47.6893,35.3149,5473.94,5427.55,8.51251,5.46518,4.80834,0.977981,0.979348,179.31,111.56,5.46518,4.80834,136886
126.0,0.74599,0.948606,0.043236,0.948606,118994,129609,358.574,374.101,391.813,47.6501,34.9602,5468.9,5427.55,8.51251,5.46003,4.7583,0.977937,0.979398,179.495,111.476,5.46003,4.7583,136782
128.0,0.74592,0.947888,0.0432316,0.947888,118964,129522,358.567,374.126,391.791,47.6131,34.6007,5464.67,5427.55,8.51251,5.45508,4.70779,0.977891,0.979449,179.041,111.406,5.45508,4.70779,136689
130.0,0.745824,0.947207,0.0432275,0.947207,118913,129446,358.553,374.15,391.771,47.5752,34.249,5460.16,5427.55,8.51251,5.44957,4.65851,0.977845,0.9795,178.363,111.312,5.44957,4.65851,136609
132.0,0.745711,0.946576,0.0432244,0.946576,118850,129381,358.536,374.177,391.755,47.5319,33.9017,5453.78,5427.55,8.51251,5.44315,4.61001,0.977798,0.979551,177.834,111.193,5.44315,4.61001,136539
134.0,0.745588,0.945986,0.0432185,0.945986,118781,129322,358.517,374.199,391.74,47.4848,33.5618,5446.21,5427.55,8.51251,5.43618,4.56263,0.97775,0.979603,177.434,111.06,5.43618,4.56263,136476
136.0,0.745462,0.94543,0.0432115,0.94543,118711,129268,358.498,374.217,391.727,47.4355,33.2278,5437.96,5427.55,8.51251,5.42892,4.51617,0.977702,0.979654,177.178,110.92,5.42892,4.51617,136418
138.0,0.745343,0.944904,0.0432032,0.944904,118647,129216,358.481,374.233,391.714,47.3853,32.8986,5429.52,5427.55,8.51251,5.42172,4.47042,0.977652,0.979705,177.101,110.782,5.42172,4.47042,136362
140.0,0.745237,0.944393,0.0431941,0.944393,118595,129163,358.467,374.247,391.701,47.3361,32.5731,5421.54,5427.55,8.51251,5.41489,4.42519,0.977602,0.979757,177.233,110.654,5.41489,4.42519,136305
142.0,0.74515,0.943884,0.0431849,0.943884,118559,129108,358.458,374.262,391.688,47.2893,32.2485,5414.52,5427.55,8.51251,5.40869,4.38009,0.977551,0.97981,177.42,110.546,5.40869,4.38009,136246
144.0,0.745094,0.943388,0.0431764,0.943388,118547,129051,358.455,374.278,391.674,47.2459,31.9225,5408.79,5427.55,8.51251,5.40345,4.33482,0.977498,0.979863,177.836,110.467,5.40345,4.33482,136185
146.0,0.745039,0.942913,0.0431694,0.942913,118536,128991,358.453,374.297,391.659,47.2086,31.597,5405.19,5427.55,8.51251,5.3989,4.28962,0.977445,0.979917,177.638,110.406,5.3989,4.28962,136122
148.0,0.744977,0.942461,0.0431637,0.942461,118520,128931,358.45,374.319,391.644,47.1713,31.2737,5401.63,5427.55,8.51251,5.39425,4.24478,0.977391,0.979971,177.363,110.34,5.39425,4.24478,136059
150.0,0.744907,0.942036,0.0431592,0.942036,118497,128871,358.444,374.344,391.629,47.1326,30.9533,5397.6,5427.55,8.51251,5.38928,4.20037,0.977335,0.980026,177.03,110.266,5.38928,4.20037,135996
152.0,0.744831,0.94163,0.0431553,0.94163,118470,128815,358.438,374.37,391.616,47.092,30.6366,5392.94,5427.55,8.51251,5.38401,4.15652,0.977279,0.98008,176.828,110.181,5.38401,4.15652,135937
154.0,0.744762,0.941239,0.0431512,0.941239,118449,128764,358.433,374.397,391.604,47.05,30.3219,5387.87,5427.55,8.51251,5.37871,4.11302,0.977222,0.980136,176.843,110.099,5.37871,4.11302,135883
156.0,0.744697,0.940877,0.0431469,0.940877,118431,128721,358.429,374.423,391.593,47.0093,30.0088,5383.3,5427.55,8.51251,5.37362,4.06985,0.977164,0.980191,176.682,110.025,5.37362,4.06985,135837
158.0,0.744641,0.940491,0.0431423,0.940491,118421,128683,358.427,374.45,391.585,46.969,29.7001,5378.93,5427.55,8.51251,5.36875,4.02731,0.977105,0.980248,177.108,109.946,5.36875,4.02731,135797
160.0,0.74461,0.940182,0.0431379,0.940182,118430,128653,358.431,374.478,391.579,46.9305,29.3849,5375.21,5427.55,8.51251,5.36453,3.98402,0.977045,0.980304,177.093,109.909,5.36453,3.98402,135764
162.0,0.744536,0.939915,0.0431336,0.939915,118405,128624,358.425,374.505,391.573,46.8971,29.084,5373.28,5427.55,8.51251,5.36011,3.94273,0.976984,0.98036,175.922,109.853,5.36011,3.94273,135733
164.0,0.74444,0.939674,0.0431295,0.939674,118363,128595,358.414,374.531,391.567,46.8546,28.7904,5368.23,5427.55,8.51251,5.35429,3.90246,0.976922,0.980415,175.518,109.75,5.35429,3.90246,135702
166.0,0.744347,0.93945,0.0431253,0.93945,118325,128566,358.405,374.556,391.562,46.8076,28.5009,5361.65,5427.55,8.51251,5.34804,3.86279,0.976859,0.980471,175.494,109.641,5.34804,3.86279,135672
168.0,0.744263,0.939257,0.0431204,0.939257,118295,128539,358.397,374.579,391.556,46.761,28.2141,5355.37,5427.55,8.51251,5.34201,3.82351,0.976796,0.980527,175.414,109.544,5.34201,3.82351,135644
170.0,0.744179,0.939086,0.0431146,0.939086,118264,128512,358.39,374.6,391.551,46.716,27.9326,5349.7,5427.55,8.51251,5.33616,3.78498,0.976731,0.980582,175.231,109.449,5.33616,3.78498,135616
172.0,0.744103,0.938926,0.0431079,0.938926,118242,128485,358.385,374.621,391.546,46.6706,27.6549,5343.99,5427.55,8.51251,5.33044,3.74699,0.976666,0.980638,175.315,109.357,5.33044,3.74699,135587
174.0,0.744046,0.938769,0.0431012,0.938769,118234,128456,358.384,374.641,391.54,46.6268,27.3787,5338.89,5427.55,8.51251,5.32522,3.7092,0.976599,0.980694,175.547,109.281,5.32522,3.7092,135557
176.0,0.744005,0.938615,0.0430949,0.938615,118238,128427,358.387,374.664,391.534,46.5864,27.1025,5335.05,5427.55,8.51251,5.32068,3.6714,0.976531,0.980751,175.727,109.226,5.32068,3.6714,135527
178.0,0.743989,0.938458,0.0430897,0.938458,118262,128398,358.395,374.689,391.528,46.5492,26.8262,5332.33,5427.55,8.51251,5.31693,3.63362,0.976462,0.980808,176.224,109.191,5.31693,3.63362,135497
180.0,0.743971,0.938336,0.0430856,0.938336,118283,128370,358.403,374.717,391.523,46.5169,26.5488,5331.37,5427.55,8.51251,5.31369,3.59571,0.976392,0.980866,175.893,109.177,5.31369,3.59571,135468
182.0,0.743926,0.938255,0.0430827,0.938255,118282,128343,358.404,374.747,391.518,46.4843,26.2779,5330.24,5427.55,8.51251,5.30991,3.55873,0.976321,0.980922,175.191,109.141,5.30991,3.55873,135440
184.0,0.743845,0.938228,0.0430812,0.938228,118254,128318,358.397,374.777,391.513,46.4461,26.0149,5327.13,5427.55,8.51251,5.30487,3.52289,0.97625,0.980978,174.271,109.07,5.30487,3.52289,135415
186.0,0.743726,0.93826,0.043079,0.93826,118196,128294,358.382,374.804,391.509,46.4005,25.7625,5321.53,5427.55,8.51251,5.29836,3.48855,0.976177,0.981033,173.316,108.957,5.29836,3.48855,135392
188.0,0.743641,0.93822,0.0430766,0.93822,118166,128274,358.375,374.829,391.506,46.347,25.522,5313.29,5427.55,8.51251,5.29156,3.45578,0.976104,0.98109,174.393,108.825,5.29156,3.45578,135372
190.0,0.743612,0.938199,0.0430728,0.938199,118181,128262,358.381,374.853,391.505,46.3,25.2669,5307.43,5427.55,8.51251,5.28649,3.42111,0.976029,0.981147,175.112,108.769,5.28649,3.42111,135359
192.0,0.74359,0.938201,0.0430685,0.938201,118200,128252,358.388,374.875,391.504,46.2642,25.0158,5305.55,5427.55,8.51251,5.28279,3.38701,0.975953,0.981204,174.977,108.744,5.28279,3.38701,135349
194.0,0.743561,0.938218,0.0430644,0.938218,118214,128242,358.394,374.899,391.504,46.2296,24.7691,5304.04,5427.55,8.51251,5.27909,3.35353,0.975876,0.981261,174.826,108.712,5.27909,3.35353,135339
196.0,0.743539,0.938245,0.0430612,0.938245,118231,128230,358.4,374.926,391.503,46.1937,24.5254,5302.08,5427.55,8.51251,5.27535,3.32044,0.975798,0.981318,174.898,108.681,5.27535,3.32044,135327
198.0,0.743517,0.938285,0.0430586,0.938285,118249,128216,358.407,374.955,391.502,46.1589,24.284,5300.52,5427.55,8.51251,5.27173,3.28767,0.975719,0.981375,174.806,108.655,5.27173,3.28767,135314
200.0,0.743494,0.938335,0.0430567,0.938335,118265,128203,358.413,374.987,391.501,46.1242,24.0452,5298.96,5427.55,8.51251,5.26808,3.25527,0.975638,0.981433,174.709,108.627,5.26808,3.25527,135301
202.0,0.743469,0.938407,0.0430552,0.938407,118278,128193,358.419,375.019,391.5,46.0892,23.8087,5297.31,5427.55,8.51251,5.26435,3.22321,0.975557,0.98149,174.573,108.599,5.26435,3.22321,135292
204.0,0.743436,0.938503,0.0430537,0.938503,118286,128188,358.423,375.051,391.501,46.0537,23.5769,5295.49,5427.55,8.51251,5.26042,3.19183,0.975474,0.981548,174.322,108.565,5.26042,3.19183,135287
206.0,0.7434,0.938621,0.0430521,0.938621,118290,128187,358.426,375.083,391.504,46.0167,23.3502,5293.13,5427.55,8.51251,5.25625,3.16119,0.975391,0.981605,174.22,108.523,5.25625,3.16119,135287
208.0,0.743364,0.938758,0.0430499,0.938758,118295,128189,358.429,375.113,391.507,45.9788,23.1284,5290.49,5427.55,8.51251,5.25198,3.13125,0.975306,0.981662,174.099,108.481,5.25198,3.13125,135291
210.0,0.743326,0.938922,0.0430473,0.938922,118297,128195,358.432,375.142,391.511,45.9409,22.911,5287.88,5427.55,8.51251,5.24767,3.10192,0.975221,0.981718,173.894,108.44,5.24767,3.10192,135297
212.0,0.743277,0.939108,0.0430443,0.939108,118291,128201,358.432,375.17,391.516,45.9025,22.6995,5285.1,5427.55,8.51251,5.2431,3.07342,0.975134,0.981775,173.619,108.388,5.2431,3.07342,135304
214.0,0.743233,0.939302,0.0430411,0.939302,118289,128206,358.433,375.197,391.52,45.8617,22.4933,5281.52,5427.55,8.51251,5.23836,3.04564,0.975046,0.981831,173.674,108.333,5.23836,3.04564,135311
216.0,0.743205,0.939503,0.0430377,0.939503,118299,128211,358.438,375.223,391.524,45.822,22.2894,5278.34,5427.55,8.51251,5.234,3.01817,0.974957,0.981888,173.91,108.29,5.234,3.01817,135318
218.0,0.743191,0.93971,0.0430345,0.93971,118319,128215,358.446,375.25,391.528,45.7852,22.0877,5276.21,5427.55,8.51251,5.23021,2.99099,0.974867,0.981944,174.062,108.267,5.23021,2.99099,135323
220.0,0.743183,0.939923,0.043032,0.939923,118344,128218,358.455,375.277,391.531,45.7512,21.888,5275.08,5427.55,8.51251,5.22682,2.96408,0.974776,0.982001,174.125,108.252,5.22682,2.96408,135328
222.0,0.743169,0.940163,0.0430299,0.940163,118363,128220,358.462,375.305,391.534,45.7184,21.6905,5274.31,5427.55,8.51251,5.22344,2.93747,0.974683,0.982057,173.861,108.24,5.22344,2.93747,135332
224.0,0.743149,0.940409,0.0430282,0.940409,118376,128222,358.468,375.335,391.537,45.6843,21.4993,5273.08,5427.55,8.51251,5.2198,2.91173,0.97459,0.982114,173.73,108.217,5.2198,2.91173,135335
226.0,0.743131,0.940665,0.0430268,0.940665,118391,128224,358.475,375.366,391.541,45.649,21.3103,5271.42,5427.55,8.51251,5.21605,2.88628,0.974495,0.98217,173.721,108.193,5.21605,2.88628,135340
228.0,0.743121,0.940931,0.0430255,0.940931,118412,128229,358.483,375.396,391.545,45.6141,21.1242,5269.91,5427.55,8.51251,5.21247,2.86124,0.974399,0.982226,173.808,108.176,5.21247,2.86124,135346
230.0,0.743113,0.941208,0.0430242,0.941208,118432,128236,358.491,375.427,391.549,45.5807,20.9413,5268.91,5427.55,8.51251,5.20906,2.83665,0.974302,0.982283,173.772,108.163,5.20906,2.83665,135355
232.0,0.743104,0.941501,0.0430232,0.941501,118453,128246,358.499,375.458,391.555,45.5476,20.7616,5267.98,5427.55,8.51251,5.20567,2.81252,0.974203,0.982339,173.69,108.152,5.20567,2.81252,135367
234.0,0.743086,0.941815,0.0430223,0.941815,118465,128257,358.504,375.488,391.561,45.5144,20.5864,5267.03,5427.55,8.51251,5.2021,2.78902,0.974104,0.982395,173.409,108.136,5.2021,2.78902,135381
236.0,0.743064,0.94214,0.0430214,0.94214,118473,128270,358.509,375.517,391.567,45.4794,20.4164,5265.39,5427.55,8.51251,5.19823,2.76624,0.974003,0.98245,173.29,108.11,5.19823,2.76624,135396
238.0,0.743044,0.942479,0.0430204,0.942479,118483,128283,358.514,375.547,391.573,45.4434,20.2503,5263.44,5427.55,8.51251,5.19429,2.74398,0.973902,0.982506,173.244,108.085,5.19429,2.74398,135412
240.0,0.743027,0.942827,0.0430192,0.942827,118495,128297,358.519,375.575,391.58,45.4079,20.088,5261.65,5427.55,8.51251,5.19043,2.72224,0.973799,0.982561,173.229,108.062,5.19043,2.72224,135428
242.0,0.743012,0.943185,0.0430178,0.943185,118508,128311,358.525,375.602,391.586,45.3728,19.929,5260.02,5427.55,8.51251,5.18666,2.70097,0.973695,0.982617,173.23,108.041,5.18666,2.70097,135445
244.0,0.743003,0.943555,0.0430164,0.943555,118525,128324,358.532,375.63,391.593,45.3381,19.7734,5258.53,5427.55,8.51251,5.18301,2.68014,0.97359,0.982672,173.274,108.025,5.18301,2.68014,135461
246.0,0.742995,0.943933,0.0430153,0.943933,118542,128336,358.54,375.657,391.599,45.3045,19.6218,5257.43,5427.55,8.51251,5.1795,2.65986,0.973484,0.982727,173.255,108.013,5.1795,2.65986,135476
248.0,0.742991,0.944317,0.0430142,0.944317,118562,128348,358.548,375.684,391.605,45.2712,19.4733,5256.39,5427.55,8.51251,5.17608,2.63999,0.973376,0.982782,173.293,108.005,5.17608,2.63999,135491
250.0,0.742992,0.944708,0.0430134,0.944708,118585,128360,358.557,375.713,391.611,45.2388,19.3276,5255.63,5427.55,8.51251,5.17282,2.62049,0.973267,0.982837,173.331,108.001,5.17282,2.62049,135505
252.0,0.742995,0.945107,0.0430131,0.945107,118609,128371,358.566,375.741,391.617,45.2072,19.1847,5255.14,5427.55,8.51251,5.16967,2.6014,0.973157,0.982891,173.33,108.001,5.16967,2.6014,135519
254.0,0.742997,0.945517,0.0430132,0.945517,118631,128383,358.575,375.77,391.623,45.1761,19.045,5254.8,5427.55,8.51251,5.16654,2.58272,0.973046,0.982946,173.214,108.002,5.16654,2.58272,135535
256.0,0.742992,0.945939,0.0430133,0.945939,118647,128396,358.582,375.8,391.629,45.1446,18.9092,5254.32,5427.55,8.51251,5.16324,2.56459,0.972934,0.983001,173.041,107.997,5.16324,2.56459,135551
258.0,0.742984,0.94637,0.0430135,0.94637,118661,128410,358.588,375.829,391.636,45.1119,18.7775,5253.34,5427.55,8.51251,5.15974,2.54701,0.97282,0.983055,172.968,107.987,5.15974,2.54701,135568
260.0,0.742981,0.94681,0.0430137,0.94681,118677,128426,358.595,375.857,391.643,45.0786,18.6492,5252.2,5427.55,8.51251,5.15625,2.52992,0.972705,0.983109,173.003,107.979,5.15625,2.52992,135586
262.0,0.742979,0.947261,0.0430143,0.947261,118694,128442,358.603,375.885,391.65,45.0463,18.5247,5251.34,5427.55,8.51251,5.15285,2.51333,0.97259,0.983163,172.97,107.973,5.15285,2.51333,135606
264.0,0.742977,0.947721,0.0430145,0.947721,118710,128459,358.61,375.912,391.657,45.014,18.404,5250.49,5427.55,8.51251,5.14945,2.49727,0.972473,0.983217,172.919,107.969,5.14945,2.49727,135626
266.0,0.742977,0.948186,0.0430147,0.948186,118728,128476,358.618,375.939,391.665,44.9818,18.2871,5249.65,5427.55,8.51251,5.1461,2.48172,0.972354,0.98327,172.946,107.965,5.1461,2.48172,135647
268.0,0.742981,0.948659,0.043015,0.948659,118747,128493,358.626,375.966,391.672,44.9501,18.173,5248.98,5427.55,8.51251,5.14285,2.46655,0.972235,0.983324,172.956,107.965,5.14285,2.46655,135667
270.0,0.742985,0.949139,0.0430152,0.949139,118767,128509,358.634,375.993,391.679,44.9191,18.0623,5248.5,5427.55,8.51251,5.13966,2.45184,0.972114,0.983377,172.907,107.968,5.13966,2.45184,135687
272.0,0.742987,0.949625,0.0430153,0.949625,118784,128525,358.641,376.02,391.686,44.8882,17.9549,5248.03,5427.55,8.51251,5.13642,2.43759,0.971992,0.98343,172.817,107.968,5.13642,2.43759,135707
274.0,0.742989,0.950119,0.0430153,0.950119,118800,128541,358.649,376.046,391.693,44.8568,17.8508,5247.37,5427.55,8.51251,5.13312,2.42377,0.971869,0.983483,172.773,107.967,5.13312,2.42377,135726
276.0,0.742995,0.950618,0.0430153,0.950618,118819,128556,358.657,376.073,391.7,44.8253,17.7501,5246.66,5427.55,8.51251,5.12987,2.41042,0.971745,0.983536,172.838,107.969,5.12987,2.41042,135745
278.0,0.743005,0.951125,0.0430155,0.951125,118841,128572,358.666,376.099,391.707,44.7947,17.6526,5246.28,5427.55,8.51251,5.12679,2.3975,0.97162,0.983588,172.885,107.976,5.12679,2.3975,135765
280.0,0.743016,0.951639,0.043016,0.951639,118862,128588,358.675,376.126,391.714,44.7651,17.5585,5246.16,5427.55,8.51251,5.1238,2.38504,0.971493,0.983641,172.858,107.985,5.1238,2.38504,135785
282.0,0.743026,0.95216,0.0430166,0.95216,118882,128605,358.683,376.152,391.721,44.7356,17.468,5246.06,5427.55,8.51251,5.12081,2.37308,0.971365,0.983693,172.811,107.995,5.12081,2.37308,135805
284.0,0.743035,0.952688,0.0430176,0.952688,118901,128621,358.691,376.179,391.729,44.706,17.381,5245.87,5427.55,8.51251,5.11775,2.36159,0.971236,0.983745,172.744,108.003,5.11775,2.36159,135826
286.0,0.743042,0.953224,0.0430187,0.953224,118918,128638,358.699,376.205,391.736,44.6761,17.2975,5245.56,5427.55,8.51251,5.11463,2.35059,0.971106,0.983797,172.677,108.009,5.11463,2.35059,135847
288.0,0.743049,0.953762,0.0430197,0.953762,118934,128655,358.707,376.232,391.743,44.6459,17.2177,5245.14,5427.55,8.51251,5.11145,2.34007,0.970975,0.983848,172.662,108.013,5.11145,2.34007,135868
290.0,0.743061,0.954302,0.0430207,0.954302,118953,128673,358.715,376.258,391.751,44.6157,17.1405,5244.65,5427.55,8.51251,5.10834,2.32992,0.970842,0.9839,172.732,108.021,5.10834,2.32992,135889
292.0,0.743078,0.95485,0.0430216,0.95485,118976,128691,358.724,376.283,391.758,44.5865,17.0659,5244.51,5427.55,8.51251,5.10543,2.32012,0.970708,0.983951,172.789,108.035,5.10543,2.32012,135912
294.0,0.743093,0.955405,0.0430226,0.955405,118996,128709,358.733,376.309,391.766,44.5583,16.9949,5244.7,5427.55,8.51251,5.10257,2.31082,0.970573,0.984002,172.702,108.051,5.10257,2.31082,135934
296.0,0.743105,0.955967,0.0430237,0.955967,119013,128727,358.741,376.334,391.774,44.5298,16.9277,5244.69,5427.55,8.51251,5.0996,2.30203,0.970437,0.984053,172.623,108.063,5.0996,2.30203,135956
298.0,0.743114,0.956535,0.0430252,0.956535,119028,128745,358.748,376.359,391.781,44.5007,16.864,5244.47,5427.55,8.51251,5.09652,2.29372,0.9703,0.984103,172.574,108.071,5.09652,2.29372,135978
300.0,0.743148,0.957071,0.0430271,0.957071,119061,128764,358.761,376.385,391.789,44.4711,16.8039,5244.06,5427.55,8.51251,5.09378,2.28587,0.970161,0.984154,173.104,108.091,5.09378,2.28587,136001
302.0,0.743174,0.957641,0.0430289,0.957641,119087,128783,358.771,376.411,391.797,44.4465,16.7395,5245.34,5427.55,8.51251,5.09146,2.27746,0.970021,0.984205,172.763,108.126,5.09146,2.27746,136024
304.0,0.743183,0.958221,0.0430307,0.958221,119099,128801,358.778,376.436,391.804,44.4204,16.6843,5246.04,5427.55,8.51251,5.08866,2.27031,0.96988,0.984255,172.464,108.141,5.08866,2.27031,136047
306.0,0.743191,0.958803,0.0430324,0.958803,119110,128820,358.784,376.462,391.812,44.3909,16.6332,5245.52,5427.55,8.51251,5.08546,2.26371,0.969738,0.984305,172.455,108.147,5.08546,2.26371,136070
308.0,0.743203,0.95939,0.0430341,0.95939,119124,128838,358.791,376.487,391.82,44.3613,16.5851,5244.93,5427.55,8.51251,5.08229,2.25751,0.969594,0.984354,172.515,108.155,5.08229,2.25751,136093
310.0,0.743216,0.959981,0.0430359,0.959981,119139,128857,358.798,376.51,391.827,44.3325,16.54,5244.59,5427.55,8.51251,5.07924,2.25174,0.96945,0.984404,172.508,108.167,5.07924,2.25174,136116
312.0,0.743254,0.960539,0.043038,0.960539,119172,128877,358.811,376.535,391.835,44.304,16.4982,5244.37,5427.55,8.51251,5.07661,2.24639,0.969304,0.984453,173.037,108.192,5.07661,2.24639,136140
314.0,0.743279,0.961135,0.04304,0.961135,119193,128897,358.82,376.558,391.844,44.2805,16.4523,5245.82,5427.55,8.51251,5.07431,2.2405,0.969157,0.984502,172.595,108.228,5.07431,2.2405,136164
316.0,0.74329,0.961735,0.0430421,0.961735,119204,128916,358.827,376.582,391.851,44.2544,16.4161,5246.3,5427.55,8.51251,5.07148,2.23593,0.969009,0.984551,172.427,108.242,5.07148,2.23593,136188
318.0,0.743301,0.962335,0.0430441,0.962335,119214,128934,358.833,376.605,391.859,44.2257,16.383,5245.85,5427.55,8.51251,5.06834,2.23178,0.96886,0.9846,172.385,108.252,5.06834,2.23178,136210
320.0,0.743314,0.962937,0.0430458,0.962937,119226,128951,358.839,376.629,391.866,44.1969,16.3527,5245.35,5427.55,8.51251,5.06522,2.22799,0.96871,0.984648,172.423,108.262,5.06522,2.22799,136231
322.0,0.743332,0.963542,0.0430472,0.963542,119240,128968,358.847,376.651,391.873,44.1687,16.325,5244.99,5427.55,8.51251,5.06222,2.22457,0.968559,0.984696,172.458,108.277,5.06222,2.22457,136253
324.0,0.743363,0.964109,0.0430484,0.964109,119264,128985,358.857,376.673,391.88,44.1413,16.3001,5244.92,5427.55,8.51251,5.05952,2.22151,0.968406,0.984745,172.991,108.294,5.05952,2.22151,136274
326.0,0.743406,0.964719,0.04305,0.964719,119298,129004,358.87,376.696,391.888,44.1166,16.2702,5245.77,5427.55,8.51251,5.05733,2.2178,0.968252,0.984793,172.849,108.343,5.05733,2.2178,136298
328.0,0.743423,0.965331,0.0430518,0.965331,119309,129021,358.876,376.718,391.895,44.0945,16.2511,5247.45,5427.55,8.51251,5.05497,2.21555,0.968097,0.98484,172.359,108.372,5.05497,2.21555,136320
330.0,0.743459,0.965911,0.0430543,0.965911,119336,129038,358.887,376.742,391.902,44.0673,16.2351,5247.26,5427.55,8.51251,5.05234,2.2137,0.967941,0.984888,172.898,108.395,5.05234,2.2137,136341
332.0,0.743479,0.966528,0.0430569,0.966528,119349,129055,358.895,376.766,391.909,44.044,16.2148,5248.42,5427.55,8.51251,5.04988,2.21129,0.967783,0.984935,172.364,108.429,5.04988,2.21129,136363
334.0,0.743499,0.967129,0.0430595,0.967129,119362,129073,358.902,376.789,391.916,44.0176,16.2043,5248.45,5427.55,8.51251,5.04704,2.21021,0.967625,0.984982,172.478,108.445,5.04704,2.21021,136384
336.0,0.743522,0.967711,0.0430619,0.967711,119376,129090,358.909,376.812,391.924,43.9911,16.1933,5248.44,5427.55,8.51251,5.04425,2.20905,0.967466,0.98503,172.728,108.461,5.04425,2.20905,136406
338.0,0.743559,0.96833,0.0430643,0.96833,119401,129110,358.92,376.834,391.932,43.9654,16.1805,5248.62,5427.55,8.51251,5.04175,2.20767,0.967305,0.985076,172.675,108.501,5.04175,2.20767,136431
340.0,0.743573,0.968955,0.0430665,0.968955,119409,129129,358.926,376.855,391.939,43.9425,16.1779,5249.77,5427.55,8.51251,5.03921,2.20768,0.967143,0.985122,172.219,108.525,5.03921,2.20768,136455
342.0,0.74358,0.969582,0.0430686,0.969582,119411,129147,358.93,376.876,391.947,43.915,16.1787,5249.39,5427.55,8.51251,5.03604,2.20816,0.966981,0.985168,172.141,108.531,5.03604,2.20816,136477
344.0,0.743599,0.970183,0.0430707,0.970183,119421,129164,358.936,376.896,391.954,43.8863,16.1826,5248.52,5427.55,8.51251,5.03289,2.20904,0.966817,0.985214,172.545,108.538,5.03289,2.20904,136499
346.0,0.743639,0.970787,0.0430727,0.970787,119448,129181,358.948,376.916,391.961,43.8598,16.1837,5248.44,5427.55,8.51251,5.03035,2.20953,0.966652,0.98526,172.878,108.57,5.03035,2.20953,136520
348.0,0.743658,0.971474,0.0430747,0.971474,119458,129198,358.954,376.935,391.968,43.8377,16.1878,5249.86,5427.55,8.51251,5.02795,2.21048,0.966487,0.985304,171.873,108.616,5.02795,2.21048,136542
350.0,0.743654,0.972087,0.0430765,0.972087,119449,129211,358.955,376.953,391.973,43.8115,16.2112,5249.75,5427.55,8.51251,5.02468,2.21401,0.96632,0.985349,171.924,108.606,5.02468,2.21401,136559
352.0,0.743669,0.972691,0.0430784,0.972691,119456,129222,358.96,376.971,391.979,43.7807,16.2223,5248.02,5427.55,8.51251,5.02121,2.21585,0.966153,0.985394,172.475,108.604,5.02121,2.21585,136575
354.0,0.743712,0.973301,0.0430801,0.973301,119484,129234,358.972,376.989,391.984,43.7537,16.2339,5247.64,5427.55,8.51251,5.01864,2.21777,0.965984,0.985439,172.824,108.64,5.01864,2.21777,136592
356.0,0.743776,0.973868,0.043082,0.973868,119528,129248,358.988,377.009,391.99,43.7325,16.2492,5249.23,5427.55,8.51251,5.01704,2.22018,0.965813,0.985484,173.37,108.693,5.01704,2.22018,136610
358.0,0.743849,0.974451,0.0430846,0.974451,119577,129263,359.006,377.03,391.997,43.7155,16.2583,5252.21,5427.55,8.51251,5.01604,2.22175,0.96564,0.985529,173.289,108.775,5.01604,2.22175,136629
360.0,0.743886,0.975043,0.0430881,0.975043,119596,129278,359.015,377.053,392.003,43.7005,16.2729,5255.81,5427.55,8.51251,5.01465,2.22408,0.965468,0.985573,172.619,108.832,5.01465,2.22408,136649
362.0,0.74392,0.975624,0.0430923,0.975624,119613,129293,359.024,377.078,392.009,43.6784,16.2916,5256.77,5427.55,8.51251,5.01239,2.22697,0.965294,0.985618,172.773,108.863,5.01239,2.22697,136668
364.0,0.743943,0.976238,0.0430965,0.976238,119620,129310,359.03,377.102,392.016,43.6561,16.3103,5257.62,5427.55,8.51251,5.0099,2.22988,0.965119,0.985662,172.317,108.898,5.0099,2.22988,136690
366.0,0.743949,0.976855,0.0431001,0.976855,119615,129329,359.032,377.124,392.024,43.6313,16.3382,5257.58,5427.55,8.51251,5.00686,2.23406,0.964944,0.985705,172.128,108.906,5.00686,2.23406,136713
368.0,0.743956,0.977477,0.0431029,0.977477,119610,129350,359.035,377.144,392.032,43.6033,16.3692,5256.41,5427.55,8.51251,5.00348,2.23868,0.964768,0.985748,172.082,108.912,5.00348,2.23868,136738
370.0,0.743966,0.9781,0.0431051,0.9781,119608,129371,359.038,377.161,392.04,43.5756,16.4036,5255.31,5427.55,8.51251,5.00017,2.24375,0.964592,0.985791,172.107,108.918,5.00017,2.24375,136764
372.0,0.743982,0.978716,0.0431068,0.978716,119610,129391,359.042,377.175,392.048,43.5483,16.4407,5254.39,5427.55,8.51251,4.99701,2.24921,0.964414,0.985833,172.244,108.929,4.99701,2.24921,136789
374.0,0.744017,0.979312,0.0431085,0.979312,119627,129410,359.051,377.19,392.055,43.5224,16.4789,5253.91,5427.55,8.51251,4.99431,2.2548,0.964235,0.985876,172.674,108.953,4.99431,2.2548,136812
376.0,0.74407,0.979894,0.0431106,0.979894,119657,129426,359.064,377.205,392.062,43.5003,16.5156,5254.73,5427.55,8.51251,4.99232,2.26015,0.964054,0.985918,172.989,109.001,4.99232,2.26015,136833
378.0,0.744106,0.98051,0.0431128,0.98051,119674,129438,359.072,377.22,392.067,43.4819,16.5517,5256.81,5427.55,8.51251,4.99048,2.26543,0.963873,0.98596,172.487,109.052,4.99048,2.26543,136849
380.0,0.744142,0.981082,0.0431156,0.981082,119689,129447,359.081,377.238,392.072,43.4603,16.5969,5257.69,5427.55,8.51251,4.98825,2.27192,0.96369,0.986002,172.721,109.083,4.98825,2.27192,136862
382.0,0.744193,0.981648,0.0431189,0.981648,119716,129455,359.092,377.257,392.076,43.4388,16.6358,5258.53,5427.55,8.51251,4.98626,2.27755,0.963507,0.986044,173.007,109.129,4.98626,2.27755,136875
384.0,0.744245,0.982219,0.0431224,0.982219,119743,129465,359.104,377.277,392.081,43.4204,16.6759,5260.41,5427.55,8.51251,4.98461,2.28335,0.963322,0.986086,172.884,109.187,4.98461,2.28335,136889
386.0,0.744274,0.982797,0.0431259,0.982797,119751,129477,359.11,377.297,392.086,43.4021,16.719,5262.27,5427.55,8.51251,4.98261,2.28957,0.963137,0.986127,172.465,109.229,4.98261,2.28957,136905
388.0,0.744299,0.983371,0.0431294,0.983371,119756,129490,359.116,377.317,392.092,43.3796,16.7659,5262.58,5427.55,8.51251,4.98005,2.29633,0.962951,0.986169,172.533,109.252,4.98005,2.29633,136923
390.0,0.744337,0.983936,0.0431327,0.983936,119771,129506,359.124,377.336,392.098,43.3564,16.8143,5262.61,5427.55,8.51251,4.9776,2.3033,0.962763,0.98621,172.768,109.284,4.9776,2.3033,136943
392.0,0.744373,0.984532,0.0431359,0.984532,119784,129524,359.132,377.354,392.105,43.3356,16.8631,5263.47,5427.55,8.51251,4.97541,2.31034,0.962575,0.98625,172.457,109.33,4.97541,2.31034,136965
394.0,0.744364,0.985145,0.0431388,0.985145,119762,129540,359.13,377.37,392.112,43.3147,16.9205,5264.24,5427.55,8.51251,4.97247,2.31858,0.962387,0.98629,171.64,109.339,4.97247,2.31858,136986
396.0,0.744361,0.98574,0.0431414,0.98574,119744,129555,359.129,377.383,392.118,43.2849,16.984,5261.86,5427.55,8.51251,4.96861,2.32763,0.962199,0.986329,171.893,109.324,4.96861,2.32763,137005
398.0,0.74438,0.98632,0.0431436,0.98632,119745,129568,359.133,377.395,392.123,43.256,17.046,5259.87,5427.55,8.51251,4.96523,2.33647,0.962009,0.986369,172.31,109.33,4.96523,2.33647,137023
400.0,0.744412,0.986903,0.0431452,0.986903,119755,129580,359.14,377.406,392.129,43.2318,17.1074,5259.5,5427.55,8.51251,4.96258,2.34522,0.961819,0.986408,172.397,109.36,4.96258,2.34522,137039
402.0,0.74445,0.987449,0.0431468,0.987449,119770,129589,359.148,377.417,392.133,43.2101,17.1718,5259.97,5427.55,8.51251,4.96032,2.35434,0.961627,0.986448,172.714,109.391,4.96032,2.35434,137052
404.0,0.74448,0.988079,0.0431487,0.988079,119779,129597,359.155,377.429,392.137,43.1898,17.2309,5260.89,5427.55,8.51251,4.95808,2.36279,0.961434,0.986485,171.923,109.443,4.95808,2.36279,137065
406.0,0.744487,0.988603,0.0431509,0.988603,119769,129598,359.156,377.441,392.139,43.168,17.3093,5261.24,5427.55,8.51251,4.95528,2.3738,0.961242,0.986524,172.197,109.44,4.95528,2.3738,137069
408.0,0.744543,0.989122,0.0431534,0.989122,119797,129600,359.169,377.455,392.142,43.1416,17.3686,5259.96,5427.55,8.51251,4.95275,2.3822,0.961047,0.986563,173.024,109.476,4.95275,2.3822,137075
410.0,0.744607,0.98964,0.0431563,0.98964,119831,129603,359.183,377.47,392.144,43.125,17.4291,5262.07,5427.55,8.51251,4.95145,2.39077,0.960851,0.986602,173.144,109.542,4.95145,2.39077,137083
412.0,0.744663,0.990157,0.0431596,0.990157,119858,129608,359.195,377.486,392.148,43.1102,17.4913,5264.77,5427.55,8.51251,4.95023,2.39958,0.960655,0.986641,172.938,109.607,4.95023,2.39958,137092
414.0,0.74467,0.990801,0.0431632,0.990801,119846,129615,359.195,377.501,392.151,43.0941,17.5555,5266.88,5427.55,8.51251,4.94804,2.40874,0.960458,0.986677,171.236,109.659,4.94804,2.40874,137104
416.0,0.744638,0.991305,0.0431669,0.991305,119803,129617,359.187,377.516,392.154,43.0682,17.6478,5265.56,5427.55,8.51251,4.94412,2.42166,0.960263,0.986715,171.534,109.61,4.94412,2.42166,137109
418.0,0.744702,0.991777,0.0431706,0.991777,119838,129627,359.202,377.531,392.158,43.0344,17.7139,5261.46,5427.55,8.51251,4.94087,2.43101,0.960064,0.986753,173.141,109.635,4.94087,2.43101,137122
420.0,0.744773,0.992277,0.0431748,0.992277,119876,129640,359.217,377.545,392.164,43.02,17.7754,5264.25,5427.55,8.51251,4.93991,2.43976,0.959864,0.986791,173.202,109.71,4.93991,2.43976,137139
422.0,0.744827,0.992779,0.0431798,0.992779,119900,129654,359.228,377.559,392.169,43.0071,17.8446,5267.39,5427.55,8.51251,4.93883,2.44957,0.959664,0.986828,172.861,109.777,4.93883,2.44957,137157
424.0,0.74484,0.993334,0.0431841,0.993334,119891,129667,359.23,377.572,392.175,42.9909,17.9164,5269.29,5427.55,8.51251,4.9367,2.45976,0.959464,0.986865,171.902,109.815,4.9367,2.45976,137174
426.0,0.744849,0.993832,0.0431876,0.993832,119879,129676,359.231,377.587,392.179,42.9667,18.0008,5268.34,5427.55,8.51251,4.9336,2.47165,0.959263,0.986902,172.363,109.808,4.9336,2.47165,137187
428.0,0.744902,0.994346,0.0431906,0.994346,119903,129687,359.242,377.602,392.184,42.9416,18.0758,5267.1,5427.55,8.51251,4.93112,2.48227,0.959061,0.986938,172.914,109.849,4.93112,2.48227,137201
430.0,0.744939,0.994853,0.0431932,0.994853,119913,129697,359.249,377.615,392.189,42.9255,18.1562,5269.01,5427.55,8.51251,4.92937,2.49361,0.958858,0.986974,172.506,109.898,4.92937,2.49361,137215
432.0,0.744965,0.995349,0.0431956,0.995349,119914,129708,359.254,377.628,392.193,42.9061,18.2371,5269.69,5427.55,8.51251,4.9271,2.50503,0.958655,0.98701,172.387,109.928,4.9271,2.50503,137230
434.0,0.744992,0.995837,0.0431982,0.995837,119916,129719,359.259,377.641,392.198,42.8849,18.3179,5269.68,5427.55,8.51251,4.92461,2.51643,0.958452,0.987046,172.395,109.954,4.92461,2.51643,137245
436.0,0.745025,0.996318,0.0432009,0.996318,119922,129729,359.265,377.653,392.203,42.8637,18.3989,5269.69,5427.55,8.51251,4.92222,2.52785,0.958247,0.987081,172.522,109.984,4.92222,2.52785,137259
438.0,0.745066,0.996772,0.0432038,0.996772,119935,129739,359.273,377.665,392.207,42.8439,18.4806,5270.12,5427.55,8.51251,4.92011,2.53936,0.958042,0.987117,172.831,110.018,4.92011,2.53936,137272
440.0,0.745109,0.997252,0.0432069,0.997252,119949,129749,359.282,377.677,392.212,42.8257,18.5586,5271.12,5427.55,8.51251,4.91823,2.55037,0.957836,0.987152,172.69,110.067,4.91823,2.55037,137285
442.0,0.745151,0.99771,0.0432104,0.99771,119962,129758,359.29,377.69,392.216,42.8082,18.6436,5272.26,5427.55,8.51251,4.91639,2.56234,0.957629,0.987188,172.773,110.109,4.91639,2.56234,137298
444.0,0.745195,0.998163,0.0432142,0.998163,119976,129767,359.298,377.703,392.22,42.7905,18.7263,5273.33,5427.55,8.51251,4.91455,2.57398,0.957422,0.987223,172.796,110.154,4.91455,2.57398,137310
446.0,0.745237,0.998612,0.0432182,0.998612,119988,129776,359.307,377.717,392.224,42.7733,18.8097,5274.49,5427.55,8.51251,4.91274,2.58573,0.957214,0.987258,172.783,110.199,4.91274,2.58573,137322
448.0,0.745278,0.999056,0.0432225,0.999056,119999,129785,359.314,377.731,392.229,42.756,18.894,5275.58,5427.55,8.51251,4.91088,2.5976,0.957005,0.987292,172.767,110.242,4.91088,2.5976,137335
450.0,0.745319,0.999497,0.0432267,0.999497,120009,129795,359.322,377.744,392.233,42.7384,18.9792,5276.53,5427.55,8.51251,4.90899,2.6096,0.956796,0.987327,172.785,110.284,4.90899,2.6096,137349
452.0,0.74536,0.999931,0.0432307,0.999931,120019,129807,359.329,377.758,392.238,42.7209,19.0654,5277.47,5427.55,8.51251,4.9071,2.62173,0.956586,0.987361,172.805,110.325,4.9071,2.62173,137363
454.0,0.745387,1.00039,0.0432344,1.00039,120019,129819,359.334,377.771,392.243,42.7035,19.1522,5278.39,5427.55,8.51251,4.905,2.63397,0.956376,0.987394,172.409,110.364,4.905,2.63397,137378
456.0,0.745409,1.00083,0.0432378,1.00083,120015,129830,359.337,377.783,392.248,42.6835,19.2453,5278.39,5427.55,8.51251,4.90253,2.64708,0.956166,0.987428,172.402,110.385,4.90253,2.64708,137393
458.0,0.745436,1.00126,0.0432409,1.00126,120014,129841,359.341,377.795,392.253,42.6626,19.3368,5278.03,5427.55,8.51251,4.90003,2.65995,0.955955,0.987461,172.487,110.409,4.90003,2.65995,137408
460.0,0.745471,1.00167,0.0432438,1.00167,120020,129852,359.348,377.805,392.257,42.6427,19.4286,5278.01,5427.55,8.51251,4.89777,2.67285,0.955744,0.987495,172.773,110.437,4.89777,2.67285,137421
462.0,0.74552,1.00207,0.0432467,1.00207,120036,129863,359.357,377.815,392.262,42.6244,19.5173,5278.56,5427.55,8.51251,4.89591,2.68533,0.955531,0.987528,172.984,110.483,4.89591,2.68533,137435
464.0,0.745571,1.00247,0.0432498,1.00247,120054,129873,359.367,377.825,392.266,42.609,19.6064,5280.05,5427.55,8.51251,4.89442,2.69786,0.955318,0.987561,173.049,110.536,4.89442,2.69786,137448
466.0,0.745622,1.00286,0.0432533,1.00286,120071,129882,359.376,377.837,392.271,42.5944,19.6958,5281.75,5427.55,8.51251,4.89299,2.71041,0.955104,0.987594,173.049,110.59,4.89299,2.71041,137460
468.0,0.74567,1.00324,0.0432573,1.00324,120086,129890,359.385,377.849,392.274,42.5796,19.7853,5283.35,5427.55,8.51251,4.8915,2.72298,0.95489,0.987627,173.03,110.641,4.8915,2.72298,137471
470.0,0.745716,1.00362,0.0432617,1.00362,120098,129898,359.393,377.863,392.278,42.5646,19.875,5284.78,5427.55,8.51251,4.88992,2.73558,0.954675,0.987659,173.005,110.69,4.88992,2.73558,137482
472.0,0.745759,1.00399,0.0432662,1.00399,120108,129906,359.401,377.876,392.282,42.5491,19.9651,5286.03,5427.55,8.51251,4.88826,2.74823,0.95446,0.987692,172.98,110.736,4.88826,2.74823,137493
474.0,0.745805,1.00436,0.0432706,1.00436,120120,129917,359.409,377.89,392.287,42.5333,20.0557,5287.11,5427.55,8.51251,4.8866,2.76095,0.954244,0.987724,173.098,110.781,4.8866,2.76095,137506
476.0,0.745833,1.00475,0.0432746,1.00475,120118,129928,359.413,377.903,392.291,42.5181,20.146,5288.37,5427.55,8.51251,4.88471,2.77366,0.954029,0.987756,172.671,110.821,4.88471,2.77366,137520
478.0,0.74585,1.00513,0.0432782,1.00513,120107,129939,359.414,377.914,392.296,42.4995,20.2426,5288.36,5427.55,8.51251,4.88226,2.78724,0.953813,0.987787,172.525,110.84,4.88226,2.78724,137534
480.0,0.745869,1.00551,0.0432812,1.00551,120098,129951,359.417,377.924,392.301,42.4787,20.3403,5287.58,5427.55,8.51251,4.8796,2.80097,0.953597,0.987818,172.586,110.856,4.8796,2.80097,137549
482.0,0.745893,1.00588,0.0432838,1.00588,120093,129962,359.42,377.932,392.305,42.4583,20.4381,5286.99,5427.55,8.51251,4.87708,2.8147,0.953381,0.987849,172.664,110.877,4.87708,2.8147,137562
484.0,0.745941,1.00623,0.043286,1.00623,120107,129972,359.429,377.94,392.31,42.439,20.5359,5286.76,5427.55,8.51251,4.87506,2.82843,0.953163,0.98788,173.096,110.916,4.87506,2.82843,137576
486.0,0.745049,1.00819,0.0432811,1.00819,119390,129949,359.227,377.911,392.303,42.4246,20.6304,5288.19,5427.55,8.51251,4.85875,2.84251,0.952974,0.987886,147.911,110.59,4.85875,2.84251,137567
488.0,0.744085,1.00917,0.0432663,1.00917,118645,129870,359.016,377.851,392.281,42.2212,21.0559,5223.94,5427.55,8.51251,4.82045,2.90133,0.952794,0.987902,153.452,109.329,4.82045,2.90133,137495
490.0,0.743735,1.00995,0.0432406,1.00995,118399,129784,358.95,377.761,392.258,42.0007,21.2887,5155.87,5427.55,8.51251,4.79032,2.93342,0.952603,0.987919,163.917,108.635,4.79032,2.93342,137416
492.0,0.743732,1.01053,0.0432044,1.01053,118424,129689,358.961,377.645,392.231,41.9014,21.4851,5131.46,5427.55,8.51251,4.7794,2.96032,0.952404,0.987938,169.397,108.475,4.7794,2.96032,137326
494.0,0.743985,1.01078,0.0431671,1.01078,118644,129573,359.029,377.534,392.199,41.8709,21.6433,5130.83,5427.55,8.51251,4.78023,2.98162,0.952197,0.987961,174.875,108.605,4.78023,2.98162,137212
496.0,0.744501,1.01073,0.0431416,1.01073,119060,129430,359.154,377.464,392.159,41.8921,21.7365,5147.81,5427.55,8.51251,4.79088,2.99363,0.951979,0.987989,180.379,109.035,4.79088,2.99363,137069
498.0,0.745075,1.01062,0.0431356,1.01062,119510,129265,359.288,377.454,392.113,41.9668,21.7697,5182.84,5427.55,8.51251,4.80832,2.99718,0.951755,0.988019,181.059,109.666,4.80832,2.99718,136903
500.0,0.741861,1.01271,0.0431256,1.01271,116669,129010,358.569,377.388,392.039,42.0548,21.7892,5221.55,5427.55,8.51251,4.52934,2.99982,0.951639,0.988014,203.854,105.377,4.52934,2.99982,136665
502.0,0.742632,1.01231,0.0431152,1.01231,117353,128750,358.772,377.355,391.965,41.3813,22.2591,4965.44,5427.55,8.51251,4.63436,3.06275,0.95135,0.988042,205.077,107.813,4.63436,3.06275,136403
504.0,0.743499,1.01211,0.0430917,1.01211,118043,128581,358.978,377.298,391.917,41.502,22.228,5021.02,5427.55,8.51251,4.66131,3.05736,0.951098,0.98807,189.424,109.687,4.66131,3.05736,136233
506.0,0.744303,1.01202,0.0430709,1.01202,118750,128462,359.188,377.253,391.884,41.6437,22.236,5078.42,5427.55,8.51251,4.69101,3.05771,0.950871,0.988099,180.212,110.723,4.69101,3.05771,136114
508.0,0.745189,1.01196,0.0430713,1.01196,119459,128352,359.397,377.266,391.854,41.7752,22.2676,5138.48,5427.55,8.51251,4.71967,3.06138,0.950662,0.988127,175.34,111.231,4.71967,3.06138,136004
510.0,0.746063,1.01182,0.0430971,1.01182,120157,128241,359.601,377.349,391.823,41.9254,22.3035,5199.96,5427.55,8.51251,4.7503,3.06558,0.950461,0.988158,173.391,111.468,4.7503,3.06558,135892
512.0,0.746479,1.0118,0.043144,1.0118,120754,128158,359.677,377.485,391.8,42.0754,22.3228,5261.72,5427.55,8.51251,4.84502,3.06772,0.950254,0.988187,170.224,111.532,4.84502,3.06772,135809
514.0,0.746064,1.01244,0.0432016,1.01244,120386,128140,359.576,377.639,391.796,42.1355,22.365,5315.67,5427.55,8.51251,4.84444,3.07383,0.950046,0.988208,159.777,111.343,4.84444,3.07383,135796
516.0,0.741924,1.01529,0.0432343,1.01529,117109,128103,358.632,377.669,391.784,42.0295,22.5442,5283.9,5427.55,8.51251,4.76661,3.10017,0.949952,0.988192,169.344,106.362,4.76661,3.10017,135780
518.0,0.742389,1.01623,0.0432348,1.01623,117569,128155,358.771,377.622,391.796,41.1724,23.1757,4990.18,5427.55,8.51251,4.67837,3.18903,0.949754,0.988199,171.478,106.821,4.67837,3.18903,135839
520.0,0.734471,1.02154,0.0431771,1.02154,111547,128136,356.983,377.369,391.788,41.2313,23.4273,5026.37,5427.55,8.51251,4.56491,3.22729,0.949754,0.988138,0,102.576,4.56491,3.22729,135861
522.0,0.735453,1.02158,0.0430443,1.02158,112201,128075,357.283,376.928,391.773,39.6039,24.5757,4481.02,5427.55,8.51251,4.33753,3.38401,0.949527,0.988131,203.107,99.6549,4.33753,3.38401,135800
524.0,0.735927,1.02136,0.0428852,1.02136,112879,127964,357.496,376.454,391.741,39.7472,24.6717,4524.95,5427.55,8.51251,4.20947,3.39636,0.949242,0.988135,210.77,102.406,4.20947,3.39636,135688
526.0,0.736551,1.02078,0.042742,1.02078,113581,127695,357.714,376.055,391.664,39.791,24.7127,4572.08,5427.55,8.51251,4.22865,3.39987,0.948944,0.988148,208.977,104.314,4.22865,3.39987,135415
528.0,0.737278,1.0197,0.0426552,1.0197,114297,127214,357.934,375.842,391.524,39.8661,24.6797,4622.65,5427.55,8.51251,4.25001,3.3915,0.948637,0.988173,207.966,105.119,4.25001,3.3915,134928
530.0,0.738003,1.01823,0.0426368,1.01823,115025,126573,358.157,375.842,391.338,39.9638,24.5428,4675.62,5427.55,8.51251,4.27323,3.36758,0.948317,0.988206,207.397,105.957,4.27323,3.36758,134277
532.0,0.73881,1.01665,0.0426721,1.01665,115765,125902,358.383,376.002,391.143,40.0627,24.3221,4730.97,5427.55,8.51251,4.29549,3.33196,0.947995,0.988246,203.256,106.826,4.29549,3.33196,133597
534.0,0.739663,1.01532,0.0427373,1.01532,116514,125348,358.61,376.242,390.982,40.1803,24.0732,4788.69,5427.55,8.51251,4.31883,3.29349,0.947691,0.988287,193.877,107.797,4.31883,3.29349,133035
536.0,0.740616,1.01443,0.0428158,1.01443,117271,125007,358.837,376.497,390.882,40.3093,23.868,4848.58,5427.55,8.51251,4.50332,3.26268,0.947423,0.988325,181.603,108.819,4.50332,3.26268,132688
538.0,0.741428,1.01405,0.0428932,1.01405,118031,124904,359.063,376.73,390.853,40.4605,23.7471,4910.41,5427.55,8.51251,4.38948,3.24523,0.947191,0.988359,169.34,109.78,4.38948,3.24523,132582
540.0,0.742334,1.01401,0.0429652,1.01401,118791,125008,359.288,376.931,390.886,40.586,23.7273,4973.87,5427.55,8.51251,4.41052,3.24311,0.946994,0.98839,160.889,110.809,4.41052,3.24311,132685
542.0,0.74327,1.0144,0.0430327,1.0144,119550,125263,359.51,377.102,390.962,40.7325,23.7753,5038.76,5427.55,8.51251,4.59372,3.25149,0.94683,0.988415,153.153,111.886,4.59372,3.25149,132943
544.0,0.744114,1.01505,0.0430975,1.01505,120306,125608,359.73,377.251,391.065,40.8874,23.9122,5104.83,5427.55,8.51251,4.47975,3.27277,0.946691,0.988436,147.89,112.836,4.47975,3.27277,133291
546.0,0.745041,1.01574,0.0431616,1.01574,121056,125998,359.946,377.389,391.181,41.0262,24.1026,5171.92,5427.55,8.51251,4.50088,3.30171,0.946572,0.988455,146.375,113.91,4.50088,3.30171,133686
548.0,0.746072,1.01664,0.0432272,1.01664,121789,126419,360.153,377.525,391.305,41.1842,24.3029,5239.88,5427.55,8.51251,4.6961,3.3324,0.946469,0.988469,144.557,114.466,4.6961,3.3324,134112
550.0,0.747099,1.01694,0.0432959,1.01694,122526,126854,360.367,377.668,391.434,41.3654,24.5493,5307.53,5427.55,8.51251,4.72544,3.36913,0.94637,0.98849,150.498,112.877,4.72544,3.36913,134547
552.0,0.739036,1.02358,0.0433481,1.02358,116451,127256,358.519,377.721,391.548,41.5485,24.677,5376.93,5427.55,8.51251,4.6968,3.3941,0.946377,0.988421,0,107.589,4.6968,3.3941,134998
554.0,0.731318,1.03144,0.0433381,1.03144,110675,127470,356.791,377.596,391.578,39.9043,26.0997,4835.55,5427.55,8.51251,4.39987,3.60652,0.946377,0.988314,0,98.929,4.39987,3.60652,135272
556.0,0.72845,1.03167,0.0431964,1.03167,108472,127549,356.212,377.102,391.627,38.3082,27.7972,4310.39,5427.55,8.51251,4.12595,3.83213,0.946223,0.988282,265.638,91.1837,4.12595,3.83213,135352
558.0,0.728879,1.03157,0.0429472,1.03157,109150,127628,356.432,376.335,391.649,37.6683,27.9705,4095.97,5427.55,8.51251,3.91104,3.85651,0.945904,0.988255,234.585,95.698,3.91104,3.85651,135430
560.0,0.729519,1.03107,0.0426699,1.03107,109850,127528,356.654,375.54,391.619,37.6843,28.078,4136.62,5427.55,8.51251,3.94351,3.87021,0.945599,0.988243,220.385,96.3013,3.94351,3.87021,135327
562.0,0.730162,1.02978,0.0424543,1.02978,110568,127062,356.882,374.962,391.483,37.744,28.1022,4180.34,5427.55,8.51251,4.09479,3.86915,0.945275,0.988247,219.993,97.0219,4.09479,3.86915,134852
564.0,0.730682,1.02763,0.0423443,1.02763,111306,126199,357.115,374.719,391.231,37.806,27.9639,4226.97,5427.55,8.51251,3.98261,3.84217,0.94491,0.988269,224.643,97.6069,3.98261,3.84217,133976
566.0,0.7313,1.02489,0.0423295,1.02489,112065,125109,357.354,374.779,390.912,37.845,27.644,4276.67,5427.55,8.51251,4.13351,3.78825,0.944506,0.988305,227.191,98.2352,4.13351,3.78825,132868
568.0,0.732018,1.02216,0.0423745,1.02216,112844,124051,357.598,375.027,390.6,37.9051,27.1963,4329.56,5427.55,8.51251,4.14764,3.71731,0.944096,0.98835,219.831,98.985,4.14764,3.71731,131793
570.0,0.732794,1.01991,0.0424429,1.01991,113641,123235,357.845,375.346,390.358,37.9869,26.7379,4385.63,5427.55,8.51251,4.17679,3.64726,0.943713,0.988395,204.911,99.8315,4.17679,3.64726,130963
572.0,0.73364,1.01839,0.0425146,1.01839,114451,122763,358.094,375.656,390.218,38.0822,26.3672,4444.6,5427.55,8.51251,4.20349,3.59229,0.943374,0.988436,188.324,100.743,4.20349,3.59229,130481
574.0,0.734428,1.01763,0.0425682,1.01763,115270,122618,358.343,375.919,390.176,38.1939,26.1383,4506.16,5427.55,8.51251,4.22798,3.55952,0.943087,0.988471,171.468,101.679,4.22798,3.55952,130331
576.0,0.735205,1.01733,0.0426148,1.01733,116094,122720,358.592,376.131,390.208,38.2959,26.0556,4569.93,5427.55,8.51251,4.25574,3.54868,0.942845,0.988501,160.297,102.512,4.25574,3.54868,130430
578.0,0.736079,1.01733,0.0426543,1.01733,116920,122978,358.839,376.305,390.287,38.398,26.0654,4635.63,5427.55,8.51251,4.27858,3.5517,0.942637,0.988527,154.096,103.455,4.27858,3.5517,130686
580.0,0.736971,1.01768,0.0426901,1.01768,117747,123318,359.084,376.459,390.39,38.5216,26.1342,4703.01,5427.55,8.51251,4.31156,3.56362,0.942454,0.988548,148.984,104.438,4.31156,3.56362,131028
582.0,0.737902,1.01817,0.0427258,1.01817,118573,123685,359.327,376.604,390.5,38.6511,26.2767,4771.89,5427.55,8.51251,4.33903,3.58589,0.942297,0.988566,145.314,105.505,4.33903,3.58589,131398
584.0,0.738807,1.01868,0.042765,1.01868,119396,124068,359.568,376.753,390.615,38.7907,26.4472,4842.1,5427.55,8.51251,4.37317,3.61213,0.94215,0.988583,145.222,106.556,4.37317,3.61213,131783
586.0,0.739778,1.0192,0.0428096,1.0192,120216,124470,359.806,376.913,390.736,38.9278,26.6228,4913.53,5427.55,8.51251,4.4011,3.63925,0.942013,0.988598,145.677,107.602,4.4011,3.63925,132188
588.0,0.740879,1.01988,0.0428595,1.01988,121032,124897,360.042,377.08,390.863,39.0805,26.8038,4986.15,5427.55,8.51251,4.43208,3.66745,0.941899,0.988609,142.679,108.809,4.43208,3.66745,132619
590.0,0.741998,1.02057,0.0429144,1.02057,121841,125361,360.274,377.255,391.001,39.2618,27.0198,5059.82,5427.55,8.51251,4.46975,3.70075,0.941799,0.988619,141.739,110.09,4.46975,3.70075,133087
592.0,0.743129,1.02138,0.0429736,1.02138,122642,125866,360.502,377.432,391.146,39.4499,27.2397,5134.34,5427.55,8.51251,4.37669,3.73637,0.941719,0.988626,138.851,111.397,4.37669,3.73637,133596
594.0,0.744275,1.02544,0.0430338,1.02544,123425,126414,360.719,377.585,391.309,39.6432,27.4882,5209.59,5427.55,8.51251,4.5428,3.7763,0.941847,0.988589,0,112.775,4.5428,3.7763,134173
596.0,0.741853,1.031,0.0430728,1.031,121761,126802,360.143,377.65,391.42,39.8424,28.403,5284.62,5427.55,8.51251,4.60319,3.90954,0.942052,0.988511,0,110.568,4.60319,3.90954,134602
598.0,0.733945,1.03862,0.0430875,1.03862,115445,127128,358.317,377.642,391.506,39.3265,29.6382,5141.08,5427.55,8.51251,4.42502,4.09016,0.942052,0.988386,0,101.641,4.42502,4.09016,134985
600.0,0.735093,1.03884,0.0430277,1.03884,116119,127444,358.616,377.386,391.599,37.6996,31.3163,4576.71,5427.55,8.51251,4.19646,4.32307,0.941939,0.98834,188.935,98.3648,4.19646,4.32307,135302
602.0,0.728291,1.04339,0.0429133,1.04339,111249,127739,357.061,377.001,391.68,37.8751,31.5158,4629.29,5427.55,9.36376,4.18509,4.35731,0.941956,0.988232,0,95.3928,4.18509,4.35731,135630
604.0,0.729309,1.04307,0.0427003,1.04307,111918,127884,357.369,376.317,391.72,36.4529,32.6005,4184.89,5427.55,9.36376,3.85175,4.50821,0.941771,0.988167,212.442,93.6797,3.85175,4.50821,135773
606.0,0.730005,1.04221,0.0424874,1.04221,112615,127835,357.584,375.654,391.703,36.5871,32.7091,4229.58,5427.55,9.36376,3.88299,4.52201,0.941559,0.988123,211.14,96.7611,3.88299,4.52201,135717
608.0,0.730726,1.0407,0.0423206,1.0407,113330,127492,357.804,375.153,391.598,36.6593,32.705,4277.95,5427.55,9.36376,4.0319,4.51866,0.94132,0.988099,212.596,97.4963,4.0319,4.51866,135363
610.0,0.731485,1.03856,0.0422323,1.03856,114062,126861,358.029,374.907,391.414,36.7383,32.5661,4329.15,5427.55,9.36376,4.04707,4.4922,0.941054,0.988093,214.985,98.307,4.04707,4.4922,134718
612.0,0.732304,1.036,0.0422219,1.036,114813,126069,358.258,374.91,391.182,36.8269,32.2919,4383.22,5427.55,9.36376,4.06856,4.44543,0.940766,0.988103,214.602,99.1715,4.06856,4.44543,133910
614.0,0.733038,1.03353,0.0422636,1.03353,115580,125307,358.492,375.084,390.958,36.9294,31.9253,4440.19,5427.55,9.36376,4.09278,4.38642,0.940467,0.98812,207.712,100.021,4.09278,4.38642,133131
616.0,0.733764,1.03157,0.0423289,1.03157,116362,124734,358.729,375.334,390.789,37.0173,31.5656,4500.01,5427.55,9.36376,4.11627,4.33052,0.940187,0.988139,194.16,100.859,4.11627,4.33052,132545
618.0,0.734534,1.0302,0.0424006,1.0302,117155,124431,358.966,375.59,390.7,37.1052,31.2989,4562.49,5427.55,9.36376,4.14073,4.29023,0.939946,0.988154,179.565,101.673,4.14073,4.29023,132233
620.0,0.73539,1.02947,0.0424647,1.02947,117954,124398,359.204,375.818,390.69,37.2041,31.1459,4627.31,5427.55,9.36376,4.16761,4.2683,0.939749,0.988165,166.244,102.613,4.16761,4.2683,132194
622.0,0.736263,1.02931,0.0425189,1.02931,118756,124578,359.44,376.009,390.744,37.3223,31.118,4694.1,5427.55,9.36376,4.18768,4.26575,0.939589,0.988169,155.398,103.577,4.18768,4.26575,132373
624.0,0.737243,1.02949,0.0425673,1.02949,119557,124897,359.673,376.169,390.842,37.4462,31.2042,4762.53,5427.55,9.36376,4.09625,4.27886,0.939464,0.988167,148.948,104.635,4.09625,4.27886,132692
626.0,0.738318,1.02992,0.042614,1.02992,120355,125294,359.905,376.312,390.956,37.5939,31.3587,4832.32,5427.55,9.36376,4.25048,4.30504,0.939361,0.988161,145.1,105.856,4.25048,4.30504,133091
628.0,0.739306,1.03052,0.0426621,1.03052,121148,125724,360.133,376.448,391.082,37.7633,31.5647,4903.24,5427.55,9.36376,4.28588,4.33735,0.939274,0.988149,142.807,107.029,4.28588,4.33735,133524
630.0,0.740362,1.03116,0.0427139,1.03116,121936,126170,360.358,376.587,391.213,37.9182,31.8055,4975.14,5427.55,9.36376,4.1971,4.37466,0.939201,0.988135,142.067,108.191,4.1971,4.37466,133973
632.0,0.741522,1.03183,0.0427704,1.03183,122717,126630,360.58,376.732,391.347,38.0892,32.0597,5047.93,5427.55,9.36376,4.225,4.41403,0.93914,0.988118,142.028,109.515,4.225,4.41403,134437
634.0,0.742679,1.03258,0.0428325,1.03258,123490,127112,360.798,376.884,391.487,38.2839,32.3204,5121.48,5427.55,9.36376,4.38516,4.45462,0.939091,0.988098,140.996,110.794,4.38516,4.45462,134923
636.0,0.743789,1.03338,0.0428993,1.03338,124253,127622,361.013,377.041,391.635,38.4814,32.5999,5195.7,5427.55,9.36376,4.42925,4.49816,0.939054,0.988075,139.797,112.022,4.42925,4.49816,135438
638.0,0.744957,1.03425,0.0429693,1.03425,125007,128163,361.22,377.2,391.791,38.6723,32.8946,5270.45,5427.55,9.36376,4.46475,4.54421,0.939032,0.988048,137.895,110.441,4.46475,4.54421,135984
640.0,0.743717,1.03523,0.043041,1.03523,124095,128738,360.868,377.357,391.957,38.8777,33.2055,5345.68,5427.55,9.36376,4.53359,4.593,0.93893,0.988017,136.915,108.789,4.53359,4.593,136564
642.0,0.739001,1.03914,0.0431049,1.03914,120151,129341,359.755,377.476,392.127,38.6016,33.5415,5272.57,5427.55,9.36376,4.42893,4.64856,0.938876,0.987943,0,107.219,4.42893,4.64856,137195
644.0,0.731369,1.04521,0.04311,1.04521,114138,129725,357.998,377.412,392.232,37.6222,34.4818,4925.45,5427.55,9.36376,4.20849,4.78853,0.938876,0.987809,0,98.6892,4.20849,4.78853,137624
646.0,0.732433,1.04565,0.0430007,1.04565,114804,130083,358.296,377.013,392.334,36.0434,35.8769,4385.4,5427.55,9.36376,3.98863,4.98434,0.938773,0.987724,179.655,95.7697,3.98863,4.98434,137984
648.0,0.733196,1.04585,0.0428076,1.04585,115493,130387,358.503,376.41,392.414,36.195,36.1468,4434.96,5427.55,9.36376,4.01718,5.02663,0.938629,0.987651,190.312,97.6866,4.01718,5.02663,138289
650.0,0.733976,1.04557,0.0426005,1.04557,116204,130466,358.72,375.806,392.434,36.289,36.3699,4487.66,5427.55,9.36376,3.91462,5.05815,0.938462,0.987592,193.953,99.9524,3.91462,5.05815,138365
652.0,0.734787,1.04454,0.0424548,1.04454,116928,130184,358.937,375.398,392.355,36.3882,36.496,4543.64,5427.55,9.36376,3.93917,5.07024,0.938269,0.987548,199.202,101.941,3.93917,5.07024,138077
654.0,0.735635,1.04268,0.0423933,1.04268,117667,129563,359.157,375.255,392.172,36.4959,36.4693,4602.02,5427.55,9.36376,3.96491,5.0606,0.938045,0.987523,206.549,102.866,3.96491,5.0606,137443
656.0,0.736592,1.04038,0.0424033,1.04038,118420,128778,359.382,375.336,391.945,36.6131,36.269,4662.94,5427.55,9.36376,4.10023,5.02312,0.937796,0.987514,209.922,103.919,4.10023,5.02312,136643
658.0,0.737536,1.03817,0.0424566,1.03817,119187,128052,359.609,375.553,391.734,36.7545,35.9689,4726.52,5427.55,9.36376,4.0325,4.97259,0.937546,0.987513,203.493,104.953,4.0325,4.97259,135903
660.0,0.738629,1.03648,0.0425274,1.03648,119965,127553,359.837,375.818,391.589,36.8959,35.6807,4792.69,5427.55,9.36376,4.06106,4.92645,0.937329,0.987513,188.876,106.174,4.06106,4.92645,135393
662.0,0.739659,1.0354,0.0426087,1.0354,120748,127343,360.065,376.074,391.531,37.0698,35.489,4861.12,5427.55,9.36376,4.09244,4.89522,0.937153,0.98751,173.779,107.378,4.09244,4.89522,135175
664.0,0.740835,1.03487,0.0426797,1.03487,121532,127403,360.291,376.295,391.548,37.2338,35.4136,4931.41,5427.55,9.36376,4.12118,4.88481,0.937026,0.987502,161.262,108.672,4.12118,4.88481,135231
666.0,0.741935,1.03478,0.0427432,1.03478,122313,127662,360.515,376.479,391.619,37.4301,35.4478,5003.17,5427.55,9.36376,4.26658,4.8935,0.936933,0.987487,151.82,109.935,4.26658,4.8935,135488
668.0,0.742998,1.03505,0.0428033,1.03505,123088,128041,360.734,376.634,391.733,37.6141,35.5693,5076.03,5427.55,9.36376,4.19738,4.91227,0.936871,0.987466,145.127,111.169,4.19738,4.91227,135869
670.0,0.744142,1.03543,0.0428642,1.03543,123855,128481,360.95,376.774,391.855,37.7936,35.7637,5149.73,5427.55,9.36376,4.22604,4.94528,0.936831,0.987442,142.687,112.479,4.22604,4.94528,136310
672.0,0.745307,1.03591,0.0429291,1.03591,124600,128946,361.159,376.908,391.988,37.9921,35.9815,5224.06,5427.55,9.36376,4.35833,4.98019,0.936805,0.987413,141.49,111.977,4.35833,4.98019,136777
674.0,0.745375,1.03642,0.0429997,1.03642,124792,129420,361.11,377.045,392.124,38.1979,36.2208,5297.8,5427.55,9.36376,4.46614,5.01824,0.936747,0.987381,141.036,110.539,4.46614,5.01824,137254
676.0,0.744191,1.03697,0.0430745,1.03697,123601,129905,360.78,377.178,392.266,38.186,36.4681,5323.14,5427.55,9.36376,4.44325,5.05581,0.936642,0.987346,144.064,109.113,4.44325,5.05581,137741
678.0,0.74328,1.03755,0.0431383,1.03755,122686,130403,360.525,377.27,392.407,37.9222,36.7259,5224.64,5427.55,9.36376,4.39619,5.09685,0.936539,0.987307,147.559,107.989,4.39619,5.09685,138242
680.0,0.742609,1.03814,0.0431714,1.03814,121993,130905,360.332,377.274,392.548,37.7102,36.9938,5148.75,5427.55,9.36376,4.35925,5.13942,0.936438,0.987266,150.817,107.145,4.35925,5.13942,138747
682.0,0.742184,1.03866,0.0431674,1.03866,121518,131377,360.199,377.186,392.677,37.5442,37.2643,5091.26,5427.55,9.36376,4.33161,5.18393,0.936337,0.987224,154.899,106.556,4.33161,5.18393,139221
684.0,0.74203,1.03901,0.0431362,1.03901,121273,131764,360.132,377.038,392.785,37.4258,37.5218,5052.06,5427.55,9.36376,4.31358,5.22388,0.936234,0.987181,159.864,106.25,4.31358,5.22388,139610
686.0,0.742183,1.03909,0.0430924,1.03909,121277,132012,360.136,376.876,392.858,37.361,37.7494,5032.69,5427.55,9.36376,4.30614,5.25614,0.936126,0.98714,165.888,106.259,4.30614,5.25614,139858
688.0,0.742627,1.03878,0.0430492,1.03878,121510,132096,360.204,376.74,392.88,37.3574,37.9204,5035.28,5427.55,9.36376,4.30981,5.28046,0.936012,0.987104,171.999,106.595,4.30981,5.28046,139939
690.0,0.743278,1.03818,0.0430162,1.03818,121901,132032,360.318,376.657,392.86,37.4129,38.0156,5058.53,5427.55,9.36376,4.32309,5.29244,0.935891,0.987074,176.501,107.21,4.32309,5.29244,139870
692.0,0.74405,1.0373,0.0429991,1.0373,122376,131872,360.455,376.639,392.81,37.5112,38.0467,5096.29,5427.55,9.36376,4.34285,5.29603,0.935763,0.987049,179.613,108.001,4.34285,5.29603,139705
694.0,0.744803,1.03635,0.0429996,1.03635,122824,131685,360.584,376.682,392.756,37.6357,38.0203,5142.36,5427.55,9.36376,4.36516,5.2895,0.935631,0.987029,179.58,108.858,4.36516,5.2895,139511
696.0,0.745404,1.03547,0.0430156,1.03547,123142,131533,360.677,376.771,392.712,37.7583,37.9753,5186.79,5427.55,9.36376,4.38496,5.28081,0.935497,0.987011,176.786,109.623,4.38496,5.28081,139352
698.0,0.745742,1.03477,0.043041,1.03477,123246,131455,360.709,376.882,392.689,37.8524,37.9422,5220.29,5427.55,9.36376,4.39769,5.2747,0.935366,0.986992,172.002,110.145,4.39769,5.2747,139269
700.0,0.745851,1.03427,0.0430685,1.03427,123168,131471,360.69,376.99,392.696,37.8952,37.9411,5235.14,5427.55,9.36376,4.40123,5.27241,0.935238,0.986972,167.908,110.386,4.40123,5.27241,139282
702.0,0.745801,1.03394,0.0430908,1.03394,122972,131577,360.637,377.073,392.722,37.8925,37.9792,5233.89,5427.55,9.36376,4.39736,5.28013,0.935115,0.986951,165.179,110.409,4.39736,5.28013,139385
704.0,0.745656,1.03381,0.0431033,1.03381,122710,131750,360.566,377.118,392.773,37.8583,38.0483,5221.85,5427.55,9.36376,4.38867,5.28952,0.934997,0.986926,163.141,110.304,4.38867,5.28952,139556
706.0,0.745505,1.03371,0.0431039,1.03371,122454,131952,360.497,377.122,392.826,37.8048,38.1579,5203.53,5427.55,9.36376,4.37787,5.30842,0.934881,0.986899,163.29,110.132,4.37787,5.30842,139757
708.0,0.745408,1.03363,0.0430954,1.03363,122250,132146,360.441,377.091,392.88,37.7498,38.273,5185.34,5427.55,9.36376,4.36782,5.32624,0.934766,0.986871,164.393,109.993,4.36782,5.32624,139950
710.0,0.745439,1.03346,0.0430833,1.03346,122155,132298,360.417,377.039,392.921,37.7051,38.3911,5171.34,5427.55,9.36376,4.36091,5.34399,0.934652,0.986843,166.993,109.96,4.36091,5.34399,140100
712.0,0.745605,1.03316,0.0430712,1.03316,122169,132387,360.424,376.982,392.945,37.686,38.4913,5166.74,5427.55,9.36376,4.35891,5.35852,0.934537,0.986817,169.704,110.076,4.35891,5.35852,140186
714.0,0.745884,1.03272,0.0430628,1.03272,122273,132409,360.455,376.935,392.951,37.6941,38.5651,5171.79,5427.55,9.36376,4.36165,5.36852,0.934419,0.986792,172.193,110.328,4.36165,5.36852,140206
716.0,0.74625,1.03214,0.043063,1.03214,122442,132377,360.506,376.909,392.94,37.7256,38.6072,5184.95,5427.55,9.36376,4.36826,5.37343,0.9343,0.986771,174.138,110.694,4.36826,5.37343,140169
718.0,0.746652,1.03146,0.0430728,1.03146,122635,132309,360.563,376.907,392.924,37.7751,38.6206,5204.16,5427.55,9.36376,4.37739,5.37206,0.934179,0.986752,175.349,111.122,4.37739,5.37206,140096
720.0,0.747064,1.03072,0.0430926,1.03072,122832,132235,360.621,376.931,392.902,37.8329,38.6099,5225.83,5427.55,9.36376,4.38756,5.36902,0.934057,0.986736,175.813,111.583,4.38756,5.36902,140017
722.0,0.747393,1.03004,0.0431196,1.03004,122960,132177,360.66,376.974,392.881,37.8938,38.5846,5248.18,5427.55,9.36376,4.39686,5.36599,0.933936,0.98672,174.16,112.01,4.39686,5.36599,139953
724.0,0.747584,1.02946,0.0431513,1.02946,122977,132148,360.667,377.024,392.876,37.9392,38.5688,5264.63,5427.55,9.36376,4.40237,5.36104,0.933817,0.986704,171.668,112.302,4.40237,5.36104,139920
726.0,0.747685,1.0289,0.0431831,1.0289,122923,132157,360.655,377.071,392.874,37.9576,38.5706,5271.34,5427.55,9.36376,4.40351,5.3626,0.933701,0.986689,170.445,112.454,4.40351,5.3626,139925
728.0,0.747723,1.02845,0.0432112,1.02845,122824,132202,360.629,377.107,392.886,37.9582,38.5748,5271.81,5427.55,9.36376,4.40177,5.36313,0.933587,0.986672,169.213,112.535,4.40177,5.36313,139967
730.0,0.747719,1.02806,0.0432326,1.02806,122698,132274,360.596,377.124,392.906,37.9465,38.5987,5268.06,5427.55,9.36376,4.3981,5.36674,0.933476,0.986655,168.552,112.553,4.3981,5.36674,140036
732.0,0.747719,1.0277,0.0432473,1.0277,122578,132357,360.565,377.124,392.928,37.9266,38.6335,5261.66,5427.55,9.36376,4.39362,5.37199,0.933367,0.986637,168.709,112.551,4.39362,5.37199,140116
734.0,0.747749,1.02734,0.043256,1.02734,122488,132434,360.542,377.109,392.949,37.9073,38.672,5255.68,5427.55,9.36376,4.38973,5.37771,0.933259,0.986619,169.394,112.57,4.38973,5.37771,140190
736.0,0.747827,1.02694,0.0432617,1.02694,122438,132491,360.53,377.086,392.965,37.8942,38.7088,5252.13,5427.55,9.36376,4.38728,5.38296,0.933152,0.986601,170.408,112.633,4.38728,5.38296,140243
738.0,0.747959,1.02649,0.043266,1.02649,122433,132519,360.531,377.061,392.972,37.8906,38.7377,5252.01,5427.55,9.36376,4.38674,5.38676,0.933046,0.986584,171.644,112.753,4.38674,5.38676,140268
740.0,0.74814,1.02598,0.0432717,1.02598,122468,132519,360.543,377.041,392.971,37.8983,38.7537,5255.88,5427.55,9.36376,4.3882,5.38843,0.93294,0.986569,172.735,112.933,4.3882,5.38843,140264
742.0,0.748342,1.02543,0.0432804,1.02543,122518,132495,360.56,377.029,392.964,37.9162,38.7563,5263.25,5427.55,9.36376,4.39113,5.38794,0.932835,0.986554,173.431,113.148,4.39113,5.38794,140236
744.0,0.74857,1.02485,0.0432925,1.02485,122587,132457,360.582,377.028,392.952,37.9388,38.7476,5272.12,5427.55,9.36376,4.39495,5.38571,0.932729,0.98654,174.023,113.395,4.39495,5.38571,140194
746.0,0.748778,1.02427,0.0433082,1.02427,122641,132416,360.599,377.036,392.94,37.9669,38.7311,5282.79,5427.55,9.36376,4.39913,5.38236,0.932624,0.986527,173.789,113.644,4.39913,5.38236,140149
748.0,0.748933,1.02374,0.0433263,1.02374,122652,132381,360.604,377.051,392.933,37.9919,38.7118,5292.12,5427.55,9.36376,4.40218,5.37687,0.932521,0.986514,172.866,113.852,4.40218,5.37687,140109
750.0,0.749056,1.02321,0.0433455,1.02321,122638,132358,360.603,377.067,392.926,38.0068,38.7003,5297.76,5427.55,9.36376,4.40361,5.37447,0.932419,0.986502,172.513,114.005,4.40361,5.37447,140082
752.0,0.749151,1.02272,0.0433641,1.02272,122604,132351,360.595,377.082,392.924,38.0154,38.6879,5301.18,5427.55,9.36376,4.40398,5.37213,0.932319,0.986489,172.071,114.131,4.40398,5.37213,140072
754.0,0.749226,1.02225,0.0433809,1.02225,122556,132358,360.584,377.091,392.925,38.019,38.6811,5302.83,5427.55,9.36376,4.40349,5.37072,0.932221,0.986477,171.875,114.225,4.40349,5.37072,140075
756.0,0.749278,1.02186,0.0433952,1.02186,122493,132374,360.568,377.094,392.929,38.0186,38.6765,5303.11,5427.55,9.36376,4.40228,5.36983,0.932125,0.986463,171.237,114.306,4.40228,5.36983,140089
758.0,0.7493,1.02149,0.0434065,1.02149,122408,132392,360.547,377.089,392.933,38.0139,38.6863,5301.9,5427.55,9.36376,4.40018,5.37094,0.932031,0.986449,170.804,114.346,4.40018,5.37094,140104
760.0,0.749341,1.0211,0.0434153,1.0211,122342,132405,360.53,377.079,392.936,38.0032,38.698,5298.72,5427.55,9.36376,4.39771,5.37226,0.931938,0.986435,171.439,114.377,4.39771,5.37226,140114
762.0,0.749427,1.02068,0.0434228,1.02068,122314,132411,360.524,377.065,392.937,37.9963,38.7041,5296.96,5427.55,9.36376,4.39637,5.37269,0.931846,0.986421,172.407,114.452,4.39637,5.37269,140116
764.0,0.749544,1.02024,0.0434298,1.02024,122311,132406,360.525,377.05,392.935,37.9988,38.7029,5298.56,5427.55,9.36376,4.39657,5.372,0.931755,0.986408,173.031,114.572,4.39657,5.372,140108
766.0,0.749667,1.01979,0.0434372,1.01979,122312,132390,360.528,377.037,392.93,38.0077,38.6971,5302.38,5427.55,9.36376,4.3976,5.37054,0.931665,0.986395,173.087,114.714,4.3976,5.37054,140089
768.0,0.749797,1.01933,0.0434464,1.01933,122320,132365,360.532,377.03,392.923,38.0179,38.6862,5306.58,5427.55,9.36376,4.39889,5.36826,0.931576,0.986383,173.546,114.853,4.39889,5.36826,140061
770.0,0.749927,1.01886,0.0434581,1.01886,122329,132334,360.536,377.026,392.913,38.03,38.6709,5311.39,5427.55,9.36376,4.40041,5.36531,0.931488,0.986371,173.642,115.003,4.40041,5.36531,140026
772.0,0.750048,1.01839,0.0434704,1.01839,122330,132303,360.539,377.026,392.904,38.0425,38.6526,5316.25,5427.55,9.36376,4.40186,5.36195,0.931401,0.986359,173.582,115.147,4.40186,5.36195,139991
774.0,0.750154,1.01794,0.0434827,1.01794,122321,132274,360.538,377.029,392.895,38.0535,38.6334,5320.49,5427.55,9.36376,4.40293,5.3585,0.931315,0.986348,173.409,115.278,4.40293,5.3585,139960
776.0,0.750244,1.01751,0.0434946,1.01751,122300,132252,360.534,377.032,392.888,38.0619,38.615,5323.77,5427.55,9.36376,4.40348,5.35524,0.931231,0.986336,173.198,115.39,4.40348,5.35524,139934
778.0,0.750319,1.0171,0.0435059,1.0171,122268,132237,360.527,377.033,392.884,38.0672,38.5986,5325.95,5427.55,9.36376,4.4035,5.35236,0.931148,0.986324,172.992,115.485,4.4035,5.35236,139916
780.0,0.750382,1.0167,0.0435161,1.0167,122229,132227,360.517,377.033,392.88,38.0698,38.5847,5327.16,5427.55,9.36376,4.40305,5.34989,0.931067,0.986313,172.836,115.564,4.40305,5.34989,139903
782.0,0.750439,1.01633,0.0435252,1.01633,122186,132221,360.507,377.029,392.878,38.0701,38.5729,5327.59,5427.55,9.36376,4.40229,5.34778,0.930987,0.986301,172.794,115.633,4.40229,5.34778,139894
784.0,0.750494,1.01596,0.0435332,1.01596,122144,132215,360.497,377.022,392.876,38.0693,38.5625,5327.67,5427.55,9.36376,4.40142,5.34588,0.930908,0.986289,172.845,115.698,4.40142,5.34588,139886
786.0,0.750554,1.01559,0.0435405,1.01559,122107,132208,360.488,377.014,392.873,38.0685,38.5525,5327.78,5427.55,9.36376,4.40063,5.344,0.930831,0.986276,173,115.765,4.40063,5.344,139876
788.0,0.750621,1.01522,0.0435475,1.01522,122077,132196,360.481,377.004,392.869,38.0686,38.5415,5328.23,5427.55,9.36376,4.40009,5.34197,0.930755,0.986264,173.218,115.839,4.40009,5.34197,139861
790.0,0.750695,1.01485,0.0435544,1.01485,122055,132180,360.477,376.994,392.864,38.0704,38.5288,5329.27,5427.55,9.36376,4.39985,5.33964,0.93068,0.986252,173.421,115.921,4.39985,5.33964,139843
792.0,0.750772,1.01447,0.0435616,1.01447,122035,132160,360.473,376.984,392.858,38.0738,38.5139,5330.87,5427.55,9.36376,4.39986,5.33694,0.930606,0.98624,173.538,116.008,4.39986,5.33694,139819
794.0,0.75085,1.0141,0.0435691,1.0141,122017,132135,360.469,376.976,392.85,38.0779,38.4967,5332.72,5427.55,9.36376,4.39999,5.33391,0.930534,0.986229,173.646,116.098,4.39999,5.33391,139792
796.0,0.750927,1.01372,0.043577,1.01372,122000,132109,360.466,376.968,392.842,38.0825,38.4779,5334.72,5427.55,9.36376,4.40018,5.33063,0.930462,0.986217,173.703,116.188,4.40018,5.33063,139763
798.0,0.751001,1.01335,0.0435852,1.01335,121980,132081,360.462,376.962,392.834,38.0871,38.458,5336.69,5427.55,9.36376,4.40033,5.32718,0.930392,0.986206,173.703,116.275,4.40033,5.32718,139733
800.0,0.751069,1.01299,0.0435935,1.01299,121957,132055,360.457,376.957,392.826,38.0912,38.4374,5338.45,5427.55,9.36376,4.40037,5.32368,0.930323,0.986194,173.67,116.357,4.40037,5.32368,139704
802.0,0.751131,1.01263,0.0436017,1.01263,121930,132030,360.451,376.951,392.819,38.0945,38.4169,5339.89,5427.55,9.36376,4.40023,5.32021,0.930255,0.986182,173.602,116.433,4.40023,5.32021,139677
804.0,0.751187,1.01229,0.0436096,1.01229,121900,132008,360.444,376.945,392.812,38.0966,38.3968,5340.93,5427.55,9.36376,4.3999,5.31682,0.930188,0.986171,173.544,116.501,4.3999,5.31682,139651
806.0,0.75124,1.01195,0.043617,1.01195,121868,131987,360.436,376.938,392.805,38.0976,38.3773,5341.59,5427.55,9.36376,4.39943,5.31355,0.930123,0.986159,173.561,116.564,4.39943,5.31355,139628
808.0,0.751291,1.01163,0.0436239,1.01163,121837,131966,360.429,376.93,392.799,38.0982,38.3583,5342.12,5427.55,9.36376,4.39891,5.31035,0.930059,0.986147,173.581,116.625,4.39891,5.31035,139605
810.0,0.751341,1.0113,0.0436305,1.0113,121806,131946,360.421,376.922,392.793,38.0986,38.3393,5342.61,5427.55,9.36376,4.39838,5.30717,0.929996,0.986136,173.588,116.684,4.39838,5.30717,139583
812.0,0.751388,1.01099,0.0436367,1.01099,121774,131926,360.414,376.912,392.786,38.0989,38.3201,5343.04,5427.55,9.36376,4.39781,5.30396,0.929934,0.986124,173.587,116.741,4.39781,5.30396,139560
814.0,0.751435,1.01067,0.0436426,1.01067,121743,131904,360.406,376.903,392.779,38.0988,38.3006,5343.34,5427.55,9.36376,4.39722,5.30071,0.929873,0.986112,173.636,116.796,4.39722,5.30071,139536
816.0,0.751484,1.01036,0.0436484,1.01036,121714,131881,360.399,376.893,392.772,38.0988,38.2808,5343.69,5427.55,9.36376,4.39667,5.29739,0.929814,0.9861,173.706,116.852,4.39667,5.29739,139510
818.0,0.751533,1.01005,0.0436542,1.01005,121687,131856,360.393,376.882,392.765,38.0991,38.2603,5344.17,5427.55,9.36376,4.3962,5.29398,0.929755,0.986088,173.773,116.909,4.3962,5.29398,139483
820.0,0.751583,1.00975,0.0436599,1.00975,121662,131830,360.387,376.872,392.757,38.0998,38.2392,5344.77,5427.55,9.36376,4.3958,5.29047,0.929698,0.986076,173.822,116.967,4.3958,5.29047,139455
822.0,0.751632,1.00945,0.0436656,1.00945,121637,131804,360.381,376.863,392.749,38.1006,38.2174,5345.45,5427.55,9.36376,4.39543,5.28688,0.929641,0.986064,173.857,117.025,4.39543,5.28688,139427
824.0,0.751679,1.00915,0.0436714,1.00915,121612,131777,360.375,376.853,392.741,38.1015,38.1952,5346.12,5427.55,9.36376,4.39506,5.28322,0.929586,0.986052,173.87,117.081,4.39506,5.28322,139398
826.0,0.751725,1.00886,0.0436772,1.00886,121586,131750,360.369,376.844,392.732,38.1022,38.1727,5346.75,5427.55,9.36376,4.39465,5.27952,0.929532,0.98604,173.865,117.136,4.39465,5.27952,139369
828.0,0.751768,1.00858,0.0436827,1.00858,121559,131723,360.363,376.835,392.724,38.1026,38.1501,5347.27,5427.55,9.36376,4.3942,5.27582,0.929479,0.986028,173.864,117.188,4.3942,5.27582,139340
830.0,0.751808,1.0083,0.0436879,1.0083,121532,131697,360.356,376.826,392.716,38.1027,38.1274,5347.66,5427.55,9.36376,4.39369,5.27213,0.929427,0.986016,173.853,117.237,4.39369,5.27213,139312
832.0,0.751847,1.00803,0.0436929,1.00803,121503,131672,360.349,376.816,392.708,38.1024,38.1049,5347.95,5427.55,9.36376,4.39313,5.26847,0.929376,0.986004,173.836,117.283,4.39313,5.26847,139284
834.0,0.751883,1.00776,0.0436976,1.00776,121474,131647,360.342,376.806,392.701,38.1017,38.0826,5348.1,5427.55,9.36376,4.39251,5.26485,0.929326,0.985992,173.828,117.327,4.39251,5.26485,139257
836.0,0.751917,1.0075,0.043702,1.0075,121445,131622,360.335,376.796,392.693,38.1007,38.0603,5348.14,5427.55,9.36376,4.39184,5.26125,0.929277,0.985979,173.825,117.369,4.39184,5.26125,139231
838.0,0.751951,1.00724,0.0437064,1.00724,121416,131597,360.328,376.786,392.685,38.0994,38.0382,5348.12,5427.55,9.36376,4.39116,5.25766,0.92923,0.985967,173.836,117.409,4.39116,5.25766,139204
840.0,0.751983,1.00699,0.0437107,1.00699,121388,131572,360.321,376.775,392.678,38.098,38.016,5348.07,5427.55,9.36376,4.39048,5.25408,0.929183,0.985954,173.852,117.448,4.39048,5.25408,139177
842.0,0.752017,1.00674,0.043715,1.00674,121361,131547,360.314,376.765,392.67,38.0966,37.9936,5348.03,5427.55,9.36376,4.38981,5.25048,0.929137,0.985942,173.891,117.487,4.38981,5.25048,139150
844.0,0.75205,1.0065,0.0437192,1.0065,121335,131521,360.308,376.754,392.662,38.0954,37.9712,5348.07,5427.55,9.36376,4.38919,5.24686,0.929092,0.985929,173.911,117.527,4.38919,5.24686,139123
846.0,0.752082,1.00626,0.0437233,1.00626,121310,131495,360.301,376.743,392.654,38.0942,37.9485,5348.13,5427.55,9.36376,4.38858,5.24322,0.929049,0.985917,173.923,117.566,4.38858,5.24322,139095
848.0,0.752114,1.00602,0.0437273,1.00602,121284,131469,360.295,376.732,392.646,38.093,37.9256,5348.18,5427.55,9.36376,4.38796,5.23954,0.929006,0.985904,173.932,117.604,4.38796,5.23954,139067
850.0,0.752145,1.00579,0.0437312,1.00579,121259,131443,360.289,376.721,392.638,38.0917,37.9026,5348.22,5427.55,9.36376,4.38734,5.23586,0.928964,0.985891,173.933,117.64,4.38734,5.23586,139039
852.0,0.752174,1.00556,0.043735,1.00556,121234,131416,360.282,376.711,392.63,38.0903,37.8795,5348.21,5427.55,9.36376,4.38671,5.23217,0.928923,0.985878,173.928,117.676,4.38671,5.23217,139011
854.0,0.752201,1.00534,0.0437386,1.00534,121208,131390,360.276,376.7,392.622,38.0887,37.8563,5348.15,5427.55,9.36376,4.38604,5.22848,0.928883,0.985865,173.922,117.71,4.38604,5.22848,138983
856.0,0.752228,1.00512,0.0437421,1.00512,121182,131365,360.27,376.69,392.614,38.0868,37.8333,5348.03,5427.55,9.36376,4.38535,5.22482,0.928844,0.985853,173.907,117.742,4.38535,5.22482,138956
858.0,0.752252,1.00491,0.0437455,1.00491,121156,131339,360.263,376.679,392.606,38.0847,37.8104,5347.84,5427.55,9.36376,4.38463,5.22118,0.928806,0.985839,173.898,117.772,4.38463,5.22118,138929
860.0,0.752276,1.0047,0.0437488,1.0047,121131,131314,360.256,376.668,392.598,38.0824,37.7876,5347.58,5427.55,9.36376,4.38388,5.21757,0.928769,0.985826,173.896,117.801,4.38388,5.21757,138903
862.0,0.752299,1.0045,0.043752,1.0045,121105,131289,360.25,376.658,392.591,38.08,37.7649,5347.29,5427.55,9.36376,4.38313,5.21398,0.928733,0.985813,173.905,117.829,4.38313,5.21398,138877
864.0,0.752322,1.0043,0.043755,1.0043,121080,131265,360.244,376.646,392.583,38.0775,37.7423,5347,5427.55,9.36376,4.38238,5.21041,0.928698,0.9858,173.894,117.857,4.38238,5.21041,138850
866.0,0.752343,1.0041,0.043758,1.0041,121055,131240,360.237,376.635,392.575,38.0749,37.7198,5346.69,5427.55,9.36376,4.38162,5.20686,0.928664,0.985787,173.894,117.883,4.38162,5.20686,138824
868.0,0.752364,1.00391,0.043761,1.00391,121031,131215,360.231,376.624,392.568,38.0722,37.6973,5346.36,5427.55,9.36376,4.38085,5.20331,0.928631,0.985773,173.891,117.909,4.38085,5.20331,138798
870.0,0.752384,1.00372,0.0437639,1.00372,121006,131191,360.225,376.613,392.56,38.0694,37.6748,5346.01,5427.55,9.36376,4.38008,5.19978,0.928598,0.98576,173.885,117.933,4.38008,5.19978,138772
872.0,0.752403,1.00354,0.0437667,1.00354,120982,131166,360.219,376.602,392.552,38.0665,37.6524,5345.64,5427.55,9.36376,4.3793,5.19625,0.928566,0.985746,173.879,117.957,4.3793,5.19625,138746
874.0,0.752422,1.00336,0.0437694,1.00336,120958,131141,360.213,376.591,392.545,38.0635,37.63,5345.24,5427.55,9.36376,4.37851,5.19273,0.928536,0.985732,173.88,117.979,4.37851,5.19273,138720
876.0,0.75244,1.00319,0.043772,1.00319,120935,131117,360.207,376.58,392.537,38.0604,37.6077,5344.84,5427.55,9.36376,4.37773,5.18923,0.928506,0.985719,173.89,118.002,4.37773,5.18923,138694
878.0,0.752459,1.00301,0.0437744,1.00301,120913,131092,360.201,376.569,392.53,38.0574,37.5854,5344.47,5427.55,9.36376,4.37697,5.18575,0.928477,0.985705,173.892,118.024,4.37697,5.18575,138669
880.0,0.752476,1.00285,0.0437766,1.00285,120891,131068,360.195,376.558,392.522,38.0544,37.5633,5344.12,5427.55,9.36376,4.37621,5.18229,0.928449,0.985691,173.881,118.046,4.37621,5.18229,138644
882.0,0.752492,1.00268,0.0437788,1.00268,120869,131044,360.19,376.547,392.515,38.0512,37.5413,5343.73,5427.55,9.36376,4.37544,5.17885,0.928421,0.985677,173.865,118.067,4.37544,5.17885,138618
884.0,0.752508,1.00252,0.043781,1.00252,120846,131021,360.184,376.536,392.507,38.0479,37.5194,5343.3,5427.55,9.36376,4.37464,5.17543,0.928395,0.985663,173.855,118.086,4.37464,5.17543,138594
886.0,0.752522,1.00237,0.0437831,1.00237,120824,130997,360.178,376.525,392.5,38.0444,37.4975,5342.83,5427.55,9.36376,4.37384,5.17202,0.928369,0.985649,173.85,118.104,4.37384,5.17202,138569
888.0,0.752535,1.00221,0.0437851,1.00221,120801,130974,360.172,376.514,392.493,38.0408,37.4758,5342.35,5427.55,9.36376,4.373,5.16865,0.928345,0.985634,173.795,118.121,4.373,5.16865,138545
890.0,0.752546,1.00206,0.0437872,1.00206,120778,130952,360.166,376.503,392.485,38.0368,37.4543,5341.72,5427.55,9.36376,4.37211,5.16532,0.928321,0.98562,173.783,118.136,4.37211,5.16532,138521
892.0,0.752557,1.00192,0.0437891,1.00192,120756,130929,360.16,376.492,392.478,38.0326,37.433,5341.06,5427.55,9.36376,4.37122,5.16202,0.928297,0.985606,173.779,118.15,4.37122,5.16202,138498
894.0,0.752568,1.00178,0.0437911,1.00178,120734,130907,360.154,376.481,392.471,38.0284,37.4119,5340.41,5427.55,9.36376,4.37033,5.15875,0.928275,0.985591,173.773,118.163,4.37033,5.15875,138475
896.0,0.75258,1.00164,0.0437931,1.00164,120713,130885,360.149,376.47,392.464,38.0241,37.391,5339.77,5427.55,9.36376,4.36947,5.15551,0.928254,0.985577,173.793,118.177,4.36947,5.15551,138452
898.0,0.752591,1.00151,0.0437952,1.00151,120693,130863,360.144,376.459,392.457,38.0201,37.3701,5339.22,5427.55,9.36376,4.36864,5.15229,0.928233,0.985562,173.787,118.192,4.36864,5.15229,138428
900.0,0.752602,1.00138,0.0437972,1.00138,120674,130840,360.139,376.448,392.45,38.016,37.3494,5338.68,5427.55,9.36376,4.36781,5.14909,0.928213,0.985547,173.782,118.206,4.36781,5.14909,138405
902.0,0.752613,1.00125,0.0437992,1.00125,120655,130818,360.134,376.437,392.443,38.012,37.3287,5338.17,5427.55,9.36376,4.367,5.1459,0.928193,0.985533,173.779,118.22,4.367,5.1459,138383
904.0,0.752624,1.00112,0.0438011,1.00112,120637,130797,360.129,376.426,392.436,38.0079,37.3081,5337.67,5427.55,9.36376,4.36619,5.14272,0.928175,0.985518,173.767,118.233,4.36619,5.14272,138360
906.0,0.752633,1.001,0.0438028,1.001,120618,130775,360.124,376.415,392.43,38.0037,37.2876,5337.17,5427.55,9.36376,4.36538,5.13956,0.928157,0.985503,173.747,118.246,4.36538,5.13956,138337
908.0,0.752642,1.00088,0.0438044,1.00088,120599,130754,360.119,376.405,392.423,37.9994,37.2674,5336.62,5427.55,9.36376,4.36454,5.13645,0.92814,0.985488,173.728,118.257,4.36454,5.13645,138315
910.0,0.75265,1.00077,0.0438059,1.00077,120581,130733,360.114,376.394,392.416,37.9949,37.2474,5336.03,5427.55,9.36376,4.36368,5.13339,0.928124,0.985473,173.711,118.268,4.36368,5.13339,138294
912.0,0.752655,1.00066,0.0438072,1.00066,120561,130713,360.109,376.384,392.41,37.9903,37.2277,5335.41,5427.55,9.36376,4.36279,5.13037,0.928109,0.985458,173.662,118.276,4.36279,5.13037,138273
914.0,0.752643,1.00058,0.0438083,1.00058,120528,130692,360.1,376.373,392.403,37.9853,37.2083,5334.67,5427.55,9.36376,4.36162,5.12743,0.928094,0.985442,173.159,118.277,4.36162,5.12743,138252
916.0,0.752622,1.0005,0.0438091,1.0005,120490,130671,360.089,376.361,392.396,37.9767,37.1963,5332.71,5427.55,9.36376,4.35993,5.12549,0.92808,0.985426,173.095,118.255,4.35993,5.12549,138230
918.0,0.752614,1.00041,0.0438096,1.00041,120462,130649,360.081,376.348,392.389,37.9663,37.182,5330.16,5427.55,9.36376,4.35823,5.12323,0.928067,0.98541,173.36,118.239,4.35823,5.12323,138207
920.0,0.752619,1.00031,0.0438098,1.00031,120446,130628,360.077,376.334,392.382,37.9584,37.1657,5328.52,5427.55,9.36376,4.35703,5.1207,0.928055,0.985394,173.607,118.239,4.35703,5.1207,138185
922.0,0.752636,1.00021,0.04381,1.00021,120438,130606,360.075,376.321,392.376,37.9533,37.1477,5327.88,5427.55,9.36376,4.3563,5.11791,0.928043,0.985378,173.804,118.253,4.3563,5.11791,138163
924.0,0.752659,1.0001,0.0438105,1.0001,120437,130585,360.075,376.309,392.369,37.9503,37.1278,5327.98,5427.55,9.36376,4.35592,5.11485,0.928032,0.985363,173.968,118.277,4.35592,5.11485,138141
926.0,0.75269,0.999979,0.0438118,0.999979,120441,130563,360.076,376.299,392.362,37.9489,37.1059,5328.62,5427.55,9.36376,4.35583,5.11151,0.928022,0.985348,174.135,118.309,4.35583,5.11151,138118
928.0,0.752724,0.999856,0.0438139,0.999856,120447,130542,360.078,376.291,392.355,37.949,37.0822,5329.75,5427.55,9.36376,4.35595,5.10792,0.928012,0.985333,174.214,118.347,4.35595,5.10792,138097
930.0,0.752757,0.999735,0.0438165,0.999735,120452,130523,360.08,376.285,392.349,37.9497,37.0572,5331.09,5427.55,9.36376,4.35613,5.10416,0.928002,0.985318,174.212,118.386,4.35613,5.10416,138076
932.0,0.752784,0.999621,0.0438196,0.999621,120454,130506,360.08,376.281,392.343,37.9503,37.0319,5332.38,5427.55,9.36376,4.35622,5.10042,0.927994,0.985303,174.105,118.422,4.35622,5.10042,138059
934.0,0.7528,0.999521,0.0438227,0.999521,120446,130493,360.079,376.277,392.339,37.9499,37.0078,5333.29,5427.55,9.36376,4.35604,5.09688,0.927985,0.985288,173.879,118.447,4.35604,5.09688,138046
936.0,0.752814,0.999398,0.0438258,0.999398,120438,130484,360.076,376.273,392.336,37.9473,36.9861,5333.42,5427.55,9.36376,4.35558,5.09367,0.927978,0.985273,174.113,118.458,4.35558,5.09367,138035
938.0,0.752874,0.99924,0.0438287,0.99924,120465,130481,360.084,376.27,392.334,37.9444,36.9591,5333.45,5427.55,9.36376,4.35574,5.08977,0.92797,0.985259,175.086,118.502,4.35574,5.08977,138031
940.0,0.752945,0.999092,0.0438315,0.999092,120500,130483,360.095,376.268,392.334,37.9508,36.9246,5336.69,5427.55,9.36376,4.3571,5.08488,0.927963,0.985246,175.198,118.583,4.3571,5.08488,138032
942.0,0.752927,0.99911,0.0438341,0.99911,120465,130486,360.084,376.265,392.334,37.9596,36.8915,5340.66,5427.55,9.36376,4.35747,5.08038,0.927957,0.985229,172.768,118.63,4.35747,5.08038,138035
944.0,0.752833,0.999121,0.0438362,0.999121,120373,130483,360.058,376.26,392.332,37.9504,36.8916,5338.34,5427.55,9.36376,4.35476,5.08039,0.927952,0.985213,171.752,118.55,4.35476,5.08039,138032
946.0,0.752757,0.999126,0.0438369,0.999126,120298,130477,360.037,376.25,392.33,37.9261,36.8904,5330.91,5427.55,9.36376,4.35063,5.0802,0.927948,0.985195,172.19,118.451,4.35063,5.0802,138026
948.0,0.752711,0.999127,0.0438356,0.999127,120248,130470,360.023,376.236,392.327,37.9052,36.8882,5324.88,5427.55,9.36376,4.34733,5.07984,0.927945,0.985178,172.623,118.385,4.34733,5.07984,138019
950.0,0.752687,0.999118,0.0438322,0.999118,120217,130461,360.014,376.216,392.324,37.8899,36.8848,5320.88,5427.55,9.36376,4.34501,5.0793,0.927943,0.98516,172.988,118.347,4.34501,5.0793,138010
952.0,0.75268,0.999095,0.043828,0.999095,120199,130447,360.009,376.194,392.319,37.8791,36.8798,5318.48,5427.55,9.36376,4.34345,5.07846,0.927941,0.985143,173.273,118.332,4.34345,5.07846,137996
954.0,0.752689,0.99905,0.0438244,0.99905,120194,130427,360.007,376.174,392.312,37.8717,36.8717,5317.29,5427.55,9.36376,4.34252,5.07712,0.92794,0.985125,173.601,118.334,4.34252,5.07712,137976
956.0,0.752713,0.998992,0.0438221,0.998992,120201,130399,360.009,376.157,392.304,37.8674,36.859,5317.21,5427.55,9.36376,4.34215,5.07506,0.92794,0.985108,173.869,118.354,4.34215,5.07506,137948
958.0,0.752743,0.998917,0.0438217,0.998917,120212,130367,360.013,376.144,392.294,37.8661,36.8434,5318.12,5427.55,9.36376,4.3422,5.07254,0.92794,0.985092,174.009,118.387,4.3422,5.07254,137915
960.0,0.752778,0.998828,0.0438228,0.998828,120227,130333,360.017,376.136,392.283,37.8662,36.8243,5319.5,5427.55,9.36376,4.34247,5.0695,0.92794,0.985075,174.145,118.424,4.34247,5.0695,137880
962.0,0.752816,0.998731,0.0438254,0.998731,120243,130302,360.021,376.13,392.274,37.8673,36.8019,5321.18,5427.55,9.36376,4.3429,5.06603,0.927941,0.985059,174.239,118.466,4.3429,5.06603,137849
964.0,0.752851,0.998637,0.0438287,0.998637,120257,130277,360.025,376.128,392.266,37.8692,36.7774,5323.07,5427.55,9.36376,4.34336,5.06234,0.927942,0.985043,174.188,118.509,4.34336,5.06234,137823
966.0,0.752873,0.998562,0.0438321,0.998562,120261,130260,360.026,376.127,392.26,37.8705,36.7534,5324.75,5427.55,9.36376,4.34358,5.05881,0.927943,0.985028,173.907,118.544,4.34358,5.05881,137806
968.0,0.752872,0.998516,0.0438352,0.998516,120247,130250,360.022,376.125,392.256,37.8693,36.7328,5325.55,5427.55,9.36376,4.34319,5.05584,0.927945,0.985011,173.4,118.557,4.34319,5.05584,137795
970.0,0.752845,0.998497,0.0438377,0.998497,120213,130245,360.013,376.122,392.254,37.8635,36.7177,5324.72,5427.55,9.36376,4.34192,5.05371,0.927948,0.984994,172.876,118.542,4.34192,5.05371,137790
972.0,0.752859,0.99838,0.0438394,0.99838,120213,130245,360.012,376.118,392.254,37.8525,36.7081,5322.16,5427.55,9.36376,4.34065,5.05228,0.927951,0.984979,174.215,118.521,4.34065,5.05228,137790
974.0,0.752921,0.998293,0.0438406,0.998293,120249,130253,360.023,376.113,392.255,37.8497,36.6784,5322.48,5427.55,9.36376,4.34098,5.04818,0.927955,0.984964,174.8,118.577,4.34098,5.04818,137796
976.0,0.752926,0.998325,0.0438413,0.998325,120240,130260,360.02,376.107,392.257,37.8565,36.6542,5326.1,5427.55,9.36376,4.3416,5.04497,0.927959,0.984947,173.03,118.634,4.3416,5.04497,137804
978.0,0.752844,0.998363,0.0438418,0.998363,120164,130260,359.998,376.098,392.256,37.8521,36.6541,5325.73,5427.55,9.36376,4.33974,5.04501,0.927964,0.984929,171.792,118.575,4.33974,5.04501,137804
980.0,0.752778,0.998393,0.0438418,0.998393,120104,130255,359.981,376.089,392.253,37.8302,36.6553,5319.37,5427.55,9.36376,4.33615,5.04517,0.92797,0.984911,172.238,118.486,4.33615,5.04517,137799
982.0,0.752742,0.998413,0.0438405,0.998413,120068,130246,359.97,376.075,392.25,37.8113,36.6549,5314.24,5427.55,9.36376,4.33335,5.04507,0.927977,0.984893,172.69,118.431,4.33335,5.04507,137791
984.0,0.752725,0.998425,0.043838,0.998425,120048,130235,359.964,376.059,392.246,37.7982,36.6528,5311.19,5427.55,9.36376,4.33148,5.04471,0.927984,0.984874,172.972,118.404,4.33148,5.04471,137780
986.0,0.75272,0.998425,0.0438348,0.998425,120037,130221,359.961,376.041,392.241,37.7888,36.6489,5309.49,5427.55,9.36376,4.33021,5.04405,0.927992,0.984856,173.164,118.393,4.33021,5.04405,137766
988.0,0.752725,0.998412,0.043832,0.998412,120035,130203,359.96,376.025,392.235,37.7818,36.6428,5308.61,5427.55,9.36376,4.32937,5.04304,0.928001,0.984838,173.369,118.394,4.32937,5.04304,137748
990.0,0.75274,0.998385,0.0438303,0.998385,120040,130181,359.962,376.011,392.228,37.7769,36.6339,5308.46,5427.55,9.36376,4.3289,5.0416,0.928009,0.98482,173.561,118.406,4.3289,5.0416,137726
992.0,0.752764,0.998344,0.0438298,0.998344,120052,130156,359.965,376,392.22,37.7739,36.6222,5308.97,5427.55,9.36376,4.32878,5.03971,0.928019,0.984802,173.768,118.429,4.32878,5.03971,137700
994.0,0.752793,0.998293,0.0438304,0.998293,120067,130130,359.969,375.993,392.212,37.7728,36.6075,5310.14,5427.55,9.36376,4.32894,5.03741,0.928028,0.984785,173.877,118.461,4.32894,5.03741,137675
996.0,0.752822,0.998241,0.043832,0.998241,120082,130108,359.973,375.988,392.205,37.7728,36.5906,5311.61,5427.55,9.36376,4.32921,5.03484,0.928038,0.984768,173.879,118.495,4.32921,5.03484,137652
998.0,0.752844,0.998195,0.0438342,0.998195,120092,130090,359.976,375.985,392.199,37.7728,36.5732,5313.06,5427.55,9.36376,4.32938,5.03225,0.928048,0.984751,173.768,118.525,4.32938,5.03225,137634
1000.0,0.752853,0.998166,0.0438364,0.998166,120091,130078,359.975,375.983,392.194,37.7716,36.557,5314.08,5427.55,9.36376,4.32923,5.02988,0.928059,0.984734,173.47,118.544,4.32923,5.02988,137622
1002.0,0.752843,0.998158,0.0438383,0.998158,120076,130072,359.971,375.981,392.192,37.7678,36.544,5314.16,5427.55,9.36376,4.32853,5.02803,0.92807,0.984717,173.066,118.545,4.32853,5.02803,137615
1004.0,0.752816,0.99817,0.0438395,0.99817,120047,130069,359.962,375.977,392.19,37.7602,36.5352,5312.96,5427.55,9.36376,4.32716,5.02682,0.928082,0.984699,172.694,118.524,4.32716,5.02682,137613
1006.0,0.752834,0.998082,0.0438401,0.998082,120055,130071,359.964,375.972,392.19,37.749,36.5305,5310.55,5427.55,9.36376,4.32602,5.02611,0.928095,0.984683,174.099,118.507,4.32602,5.02611,137613
1008.0,0.752905,0.997999,0.0438406,0.997999,120104,130078,359.978,375.967,392.191,37.7469,36.5053,5311.35,5427.55,9.36376,4.32665,5.02264,0.928107,0.984667,174.918,118.567,4.32665,5.02264,137620
1010.0,0.752956,0.997987,0.0438412,0.997987,120135,130088,359.986,375.964,392.193,37.7555,36.4807,5315.77,5427.55,9.36376,4.3282,5.01934,0.92812,0.98465,174.091,118.651,4.3282,5.01934,137630
1012.0,0.752912,0.998046,0.0438423,0.998046,120092,130092,359.974,375.96,392.194,37.7604,36.4704,5318.77,5427.55,9.36376,4.32799,5.01804,0.928133,0.984632,172.209,118.653,4.32799,5.01804,137634
1014.0,0.752843,0.998096,0.0438436,0.998096,120031,130091,359.956,375.955,392.192,37.7461,36.4745,5315.14,5427.55,9.36376,4.32528,5.01866,0.928147,0.984614,172.02,118.579,4.32528,5.01866,137633
1016.0,0.752794,0.998139,0.043844,0.998139,119988,130087,359.943,375.948,392.191,37.7267,36.477,5309.87,5427.55,9.36376,4.32229,5.01904,0.928162,0.984595,172.369,118.512,4.32229,5.01904,137630
1018.0,0.752763,0.998179,0.0438428,0.998179,119960,130083,359.935,375.937,392.189,37.7112,36.4784,5306.06,5427.55,9.36376,4.32002,5.01925,0.928177,0.984576,172.631,118.469,4.32002,5.01925,137627
1020.0,0.752745,0.998213,0.0438404,0.998213,119943,130079,359.93,375.922,392.186,37.6992,36.4791,5303.54,5427.55,9.36376,4.31834,5.01937,0.928193,0.984557,172.81,118.444,4.31834,5.01937,137623
1022.0,0.752737,0.998237,0.0438376,0.998237,119934,130072,359.927,375.906,392.184,37.6896,36.4789,5301.88,5427.55,9.36376,4.31709,5.01932,0.92821,0.984538,173.016,118.43,4.31709,5.01932,137616
1024.0,0.752742,0.998245,0.0438352,0.998245,119935,130061,359.927,375.892,392.179,37.6822,36.4768,5301,5427.55,9.36376,4.31626,5.01894,0.928227,0.98452,173.241,118.429,4.31626,5.01894,137605
1026.0,0.752759,0.998237,0.0438337,0.998237,119945,130045,359.929,375.879,392.174,37.6772,36.4716,5300.94,5427.55,9.36376,4.31587,5.01808,0.928244,0.984501,173.51,118.442,4.31587,5.01808,137589
1028.0,0.752785,0.998216,0.0438333,0.998216,119962,130026,359.934,375.87,392.168,37.6747,36.463,5301.72,5427.55,9.36376,4.3159,5.01672,0.928262,0.984483,173.702,118.468,4.3159,5.01672,137570
1030.0,0.752815,0.998187,0.0438338,0.998187,119981,130006,359.939,375.865,392.161,37.6742,36.4517,5303.18,5427.55,9.36376,4.31619,5.01497,0.92828,0.984466,173.775,118.502,4.31619,5.01497,137550
1032.0,0.752842,0.998159,0.0438354,0.998159,119997,129989,359.943,375.861,392.156,37.6744,36.4389,5304.85,5427.55,9.36376,4.31651,5.01303,0.928298,0.984448,173.714,118.535,4.31651,5.01303,137533
1034.0,0.752859,0.998142,0.0438374,0.998142,120006,129977,359.945,375.86,392.151,37.674,36.4261,5306.26,5427.55,9.36376,4.31662,5.01114,0.928316,0.98443,173.509,118.562,4.31662,5.01114,137520
1036.0,0.752859,0.998142,0.0438396,0.998142,120001,129969,359.943,375.858,392.148,37.6717,36.4153,5307.01,5427.55,9.36376,4.31629,5.0096,0.928335,0.984413,173.159,118.573,4.31629,5.0096,137513
1038.0,0.752841,0.998163,0.0438413,0.998163,119983,129966,359.938,375.856,392.146,37.6662,36.408,5306.61,5427.55,9.36376,4.31533,5.0086,0.928354,0.984395,172.77,118.563,4.31533,5.0086,137510
1040.0,0.752859,0.998096,0.0438426,0.998096,119993,129968,359.94,375.854,392.146,37.6569,36.4049,5304.94,5427.55,9.36376,4.31446,5.00814,0.928374,0.984378,173.956,118.552,4.31446,5.00814,137511
1042.0,0.752893,0.998123,0.0438433,0.998123,120015,129976,359.946,375.85,392.148,37.655,36.384,5305.85,5427.55,9.36376,4.31463,5.00539,0.928394,0.98436,173.527,118.604,4.31463,5.00539,137520
1044.0,0.752846,0.998187,0.0438435,0.998187,119974,129982,359.934,375.844,392.149,37.6561,36.3821,5307.78,5427.55,9.36376,4.31404,5.00527,0.928415,0.984341,172.064,118.592,4.31404,5.00527,137526
1046.0,0.75279,0.998248,0.0438431,0.998248,119927,129985,359.92,375.837,392.149,37.6413,36.3879,5304.13,5427.55,9.36376,4.31151,5.00617,0.928436,0.984322,172.084,118.527,4.31151,5.00617,137530
1048.0,0.752753,0.998303,0.0438421,0.998303,119896,129985,359.911,375.828,392.148,37.6243,36.3931,5299.9,5427.55,9.36376,4.30903,5.00697,0.928458,0.984303,172.402,118.475,4.30903,5.00697,137530
1050.0,0.752732,0.998349,0.0438401,0.998349,119879,129983,359.905,375.816,392.146,37.611,36.3973,5297.01,5427.55,9.36376,4.30721,5.00759,0.92848,0.984284,172.658,118.444,4.30721,5.00759,137528
1052.0,0.752724,0.998387,0.0438375,0.998387,119872,129977,359.903,375.802,392.144,37.601,36.4003,5295.29,5427.55,9.36376,4.30595,5.008,0.928503,0.984264,172.866,118.43,4.30595,5.008,137523
1054.0,0.752727,0.998413,0.0438352,0.998413,119873,129969,359.902,375.789,392.14,37.5934,36.4015,5294.44,5427.55,9.36376,4.30511,5.00813,0.928526,0.984245,173.052,118.428,4.30511,5.00813,137515
1056.0,0.752738,0.998426,0.0438336,0.998426,119881,129956,359.904,375.778,392.136,37.588,36.4004,5294.31,5427.55,9.36376,4.30462,5.0079,0.928549,0.984226,173.234,118.436,4.30462,5.0079,137503
1058.0,0.752756,0.998429,0.0438329,0.998429,119894,129942,359.907,375.769,392.131,37.5842,36.3969,5294.76,5427.55,9.36376,4.30443,5.0073,0.928573,0.984208,173.374,118.454,4.30443,5.0073,137488
1060.0,0.752777,0.998424,0.0438332,0.998424,119909,129926,359.911,375.762,392.125,37.5819,36.3913,5295.7,5427.55,9.36376,4.30444,5.00638,0.928597,0.984189,173.446,118.478,4.30444,5.00638,137472
1062.0,0.752798,0.998418,0.0438342,0.998418,119923,129911,359.914,375.758,392.12,37.5803,36.3841,5296.86,5427.55,9.36376,4.30452,5.00527,0.928621,0.984171,173.448,118.503,4.30452,5.00527,137457
1064.0,0.752814,0.998417,0.0438357,0.998417,119933,129900,359.917,375.756,392.116,37.5786,36.3766,5297.95,5427.55,9.36376,4.30452,5.00415,0.928646,0.984153,173.35,118.525,4.30452,5.00415,137446
1066.0,0.752817,0.998427,0.0438372,0.998427,119933,129893,359.916,375.754,392.113,37.5761,36.3702,5298.72,5427.55,9.36376,4.30424,5.00323,0.928671,0.984134,173.066,118.538,4.30424,5.00323,137439
1068.0,0.752806,0.998453,0.0438385,0.998453,119922,129890,359.912,375.751,392.112,37.571,36.3661,5298.61,5427.55,9.36376,4.30346,5.00268,0.928696,0.984116,172.758,118.534,4.30346,5.00268,137436
1070.0,0.752783,0.998493,0.0438391,0.998493,119902,129890,359.906,375.747,392.111,37.563,36.3652,5297.49,5427.55,9.36376,4.30221,5.00261,0.928722,0.984097,172.52,118.515,4.30221,5.00261,137437
1072.0,0.752804,0.99844,0.0438393,0.99844,119917,129893,359.91,375.743,392.111,37.5527,36.3674,5295.6,5427.55,9.36376,4.3013,5.0029,0.928748,0.98408,173.832,118.503,4.3013,5.0029,137440
1074.0,0.752821,0.998499,0.0438387,0.998499,119928,129901,359.913,375.738,392.112,37.5511,36.3506,5296.78,5427.55,9.36376,4.30134,5.00074,0.928774,0.984061,173.051,118.546,4.30134,5.00074,137448
1076.0,0.752788,0.99856,0.0438379,0.99856,119901,129905,359.904,375.731,392.113,37.5489,36.3566,5297.65,5427.55,9.36376,4.30059,5.00168,0.928801,0.984042,172.241,118.532,4.30059,5.00168,137452
1078.0,0.752754,0.998616,0.0438372,0.998616,119873,129906,359.896,375.724,392.112,37.5365,36.3631,5295.03,5427.55,9.36376,4.2987,5.00267,0.928828,0.984022,172.321,118.49,4.2987,5.00267,137454
1080.0,0.752733,0.998666,0.0438363,0.998666,119857,129905,359.89,375.716,392.111,37.5238,36.3689,5292.37,5427.55,9.36376,4.29696,5.00352,0.928856,0.984003,172.55,118.46,4.29696,5.00352,137453
1082.0,0.752724,0.99871,0.043835,0.99871,119849,129901,359.888,375.707,392.109,37.5137,36.3737,5290.68,5427.55,9.36376,4.29569,5.00422,0.928884,0.983983,172.72,118.445,4.29569,5.00422,137450
1084.0,0.752722,0.998747,0.0438333,0.998747,119848,129897,359.886,375.696,392.107,37.5058,36.3774,5289.76,5427.55,9.36376,4.29477,5.00475,0.928913,0.983964,172.855,118.439,4.29477,5.00475,137445
1086.0,0.752726,0.998777,0.0438318,0.998777,119851,129890,359.887,375.687,392.104,37.4994,36.38,5289.35,5427.55,9.36376,4.2941,5.00509,0.928941,0.983945,172.965,118.442,4.2941,5.00509,137439
1088.0,0.752735,0.9988,0.0438308,0.9988,119858,129882,359.888,375.678,392.101,37.4943,36.3813,5289.39,5427.55,9.36376,4.29365,5.00523,0.92897,0.983925,173.058,118.45,4.29365,5.00523,137431
1090.0,0.752748,0.998816,0.0438303,0.998816,119868,129873,359.89,375.672,392.097,37.4901,36.3811,5289.74,5427.55,9.36376,4.29336,5.00515,0.929,0.983906,173.164,118.464,4.29336,5.00515,137422
1092.0,0.752763,0.998828,0.0438304,0.998828,119879,129864,359.893,375.666,392.094,37.487,36.3798,5290.41,5427.55,9.36376,4.2932,5.00491,0.929029,0.983888,173.177,118.482,4.2932,5.00491,137413
1094.0,0.752774,0.998842,0.043831,0.998842,119887,129856,359.894,375.663,392.091,37.484,36.3777,5291.13,5427.55,9.36376,4.29301,5.00458,0.929059,0.983869,173.102,118.498,4.29301,5.00458,137406
1096.0,0.752779,0.99886,0.0438318,0.99886,119889,129850,359.895,375.66,392.088,37.4804,36.3758,5291.63,5427.55,9.36376,4.29266,5.00431,0.92909,0.98385,172.972,118.508,4.29266,5.00431,137400
1098.0,0.752776,0.998886,0.0438326,0.998886,119886,129847,359.893,375.656,392.086,37.4755,36.3751,5291.67,5427.55,9.36376,4.29205,5.00422,0.92912,0.983831,172.798,118.51,4.29205,5.00422,137397
1100.0,0.752765,0.998922,0.043833,0.998922,119877,129847,359.89,375.653,392.085,37.469,36.376,5291.15,5427.55,9.36376,4.29115,5.0044,0.929151,0.983812,172.635,118.502,4.29115,5.0044,137397
1102.0,0.752749,0.998965,0.0438329,0.998965,119864,129848,359.885,375.648,392.085,37.461,36.3789,5290.12,5427.55,9.36376,4.29002,5.00487,0.929182,0.983793,172.526,118.488,4.29002,5.00487,137398
1104.0,0.752778,0.998918,0.0438325,0.998918,119886,129851,359.891,375.643,392.085,37.4519,36.3835,5288.77,5427.55,9.36376,4.28938,5.00549,0.929214,0.983775,173.794,118.486,4.28938,5.00549,137402
1106.0,0.752818,0.998979,0.0438323,0.998979,119917,129859,359.899,375.639,392.086,37.4518,36.3699,5290.51,5427.55,9.36376,4.28992,5.00378,0.929245,0.983756,173.19,118.552,4.28992,5.00378,137410
1108.0,0.752778,0.999032,0.0438322,0.999032,119884,129861,359.889,375.633,392.086,37.4541,36.3781,5293.05,5427.55,9.36376,4.28961,5.005,0.929277,0.983737,171.985,118.54,4.28961,5.005,137412
1110.0,0.752747,0.999082,0.0438322,0.999082,119859,129861,359.881,375.628,392.085,37.4403,36.3851,5289.94,5427.55,9.36376,4.28761,5.00603,0.92931,0.983717,172.334,118.495,4.28761,5.00603,137413
1112.0,0.752733,0.999128,0.0438316,0.999128,119849,129860,359.877,375.622,392.084,37.4282,36.3915,5287.56,5427.55,9.36376,4.28606,5.00697,0.929342,0.983698,172.584,118.472,4.28606,5.00697,137412
1114.0,0.752727,0.999172,0.0438307,0.999172,119845,129859,359.875,375.615,392.083,37.4196,36.3974,5286.4,5427.55,9.36376,4.28501,5.00784,0.929375,0.983678,172.687,118.464,4.28501,5.00784,137411
1116.0,0.752725,0.999212,0.0438294,0.999212,119843,129858,359.874,375.606,392.081,37.4124,36.4029,5285.74,5427.55,9.36376,4.28418,5.00864,0.929409,0.983658,172.741,118.46,4.28418,5.00864,137410
1118.0,0.752725,0.999248,0.0438281,0.999248,119844,129856,359.874,375.598,392.08,37.406,36.408,5285.35,5427.55,9.36376,4.28347,5.00938,0.929443,0.983639,172.769,118.461,4.28347,5.00938,137408
1120.0,0.752728,0.999278,0.0438271,0.999278,119846,129852,359.874,375.59,392.078,37.4002,36.4123,5285.12,5427.55,9.36376,4.28284,5.00998,0.929477,0.98362,172.823,118.463,4.28284,5.00998,137405
1122.0,0.752734,0.999301,0.0438266,0.999301,119851,129847,359.874,375.584,392.076,37.3946,36.4155,5285.03,5427.55,9.36376,4.28232,5.01041,0.929511,0.9836,172.918,118.469,4.28232,5.01041,137400
1124.0,0.752744,0.999321,0.0438264,0.999321,119859,129841,359.876,375.578,392.073,37.3901,36.4175,5285.25,5427.55,9.36376,4.28194,5.01067,0.929546,0.983581,172.968,118.48,4.28194,5.01067,137394
1126.0,0.752754,0.999339,0.0438269,0.999339,119866,129836,359.877,375.574,392.071,37.3861,36.4187,5285.66,5427.55,9.36376,4.28162,5.01083,0.92958,0.983562,172.966,118.492,4.28162,5.01083,137389
1128.0,0.752761,0.999359,0.0438274,0.999359,119871,129831,359.878,375.57,392.068,37.3821,36.4199,5286.05,5427.55,9.36376,4.28126,5.01099,0.929615,0.983543,172.903,118.503,4.28126,5.01099,137385
1130.0,0.752762,0.999384,0.0438281,0.999384,119872,129829,359.877,375.567,392.067,37.3776,36.4215,5286.26,5427.55,9.36376,4.28078,5.01124,0.929651,0.983524,172.791,118.509,4.28078,5.01124,137383
1132.0,0.752758,0.999415,0.0438287,0.999415,119868,129828,359.875,375.563,392.066,37.372,36.4242,5286.1,5427.55,9.36376,4.28009,5.01164,0.929686,0.983505,172.674,118.508,4.28009,5.01164,137382
1134.0,0.75275,0.99945,0.0438291,0.99945,119862,129829,359.873,375.559,392.065,37.3653,36.428,5285.57,5427.55,9.36376,4.27923,5.01223,0.929722,0.983486,172.588,118.503,4.27923,5.01223,137383
1136.0,0.752753,0.999447,0.0438293,0.999447,119864,129830,359.872,375.554,392.065,37.3579,36.4331,5284.76,5427.55,9.36376,4.27842,5.01295,0.929758,0.983467,173.069,118.493,4.27842,5.01295,137385
1138.0,0.752767,0.999494,0.0438291,0.999494,119874,129834,359.875,375.549,392.065,37.3526,36.4304,5284.7,5427.55,9.36376,4.27801,5.01268,0.929795,0.983448,172.879,118.516,4.27801,5.01268,137389
1140.0,0.752754,0.999541,0.0438288,0.999541,119864,129836,359.871,375.544,392.065,37.3494,36.4379,5285.38,5427.55,9.36376,4.27748,5.01381,0.929831,0.983429,172.444,118.515,4.27748,5.01381,137392
1142.0,0.752741,0.999584,0.0438285,0.999584,119854,129837,359.867,375.538,392.064,37.3411,36.4455,5284.27,5427.55,9.36376,4.27635,5.01492,0.929868,0.983409,172.479,118.498,4.27635,5.01492,137393
1144.0,0.752733,0.999625,0.0438279,0.999625,119848,129837,359.865,375.532,392.063,37.3324,36.4527,5283.06,5427.55,9.36376,4.27528,5.01597,0.929905,0.98339,172.59,118.488,4.27528,5.01597,137393
1146.0,0.752731,0.999662,0.0438275,0.999662,119847,129837,359.863,375.526,392.062,37.325,36.4594,5282.32,5427.55,9.36376,4.27442,5.01695,0.929943,0.98337,172.666,118.484,4.27442,5.01695,137393
1148.0,0.752732,0.999697,0.0438268,0.999697,119848,129835,359.863,375.519,392.061,37.3186,36.4657,5281.92,5427.55,9.36376,4.27372,5.01786,0.929981,0.983351,172.717,118.485,4.27372,5.01786,137392
1150.0,0.752735,0.999728,0.0438262,0.999728,119850,129834,359.863,375.513,392.059,37.3129,36.4715,5281.75,5427.55,9.36376,4.27312,5.01869,0.930019,0.983331,172.754,118.488,4.27312,5.01869,137390
1152.0,0.75274,0.999756,0.0438258,0.999756,119854,129831,359.863,375.507,392.058,37.3076,36.4769,5281.72,5427.55,9.36376,4.2726,5.01945,0.930057,0.983312,172.785,118.494,4.2726,5.01945,137388
1154.0,0.752746,0.999782,0.0438255,0.999782,119859,129829,359.864,375.502,392.056,37.3026,36.4816,5281.8,5427.55,9.36376,4.27212,5.02012,0.930095,0.983293,172.81,118.501,4.27212,5.02012,137386
1156.0,0.752752,0.999805,0.0438258,0.999805,119864,129826,359.864,375.497,392.055,37.2978,36.4859,5281.96,5427.55,9.36376,4.27168,5.02073,0.930134,0.983273,172.815,118.509,4.27168,5.02073,137384
1158.0,0.752757,0.999829,0.0438261,0.999829,119867,129824,359.864,375.493,392.053,37.2932,36.4899,5282.14,5427.55,9.36376,4.27122,5.02131,0.930173,0.983254,172.778,118.517,4.27122,5.02131,137382
1160.0,0.752759,0.999854,0.0438264,0.999854,119868,129823,359.864,375.489,392.052,37.2882,36.4941,5282.21,5427.55,9.36376,4.27069,5.02192,0.930212,0.983235,172.719,118.522,4.27069,5.02192,137381
1162.0,0.752758,0.999882,0.0438268,0.999882,119867,129823,359.863,375.485,392.051,37.2827,36.4987,5282.08,5427.55,9.36376,4.27006,5.0226,0.930252,0.983216,172.656,118.524,4.27006,5.0226,137381
1164.0,0.752754,0.999912,0.043827,0.999912,119864,129824,359.861,375.481,392.05,37.2767,36.5039,5281.76,5427.55,9.36376,4.26933,5.02337,0.930291,0.983197,172.597,118.522,4.26933,5.02337,137382
1166.0,0.75275,0.999945,0.0438272,0.999945,119861,129825,359.859,375.476,392.05,37.2701,36.5098,5281.27,5427.55,9.36376,4.26852,5.02425,0.930331,0.983178,172.573,118.519,4.26852,5.02425,137384
1168.0,0.752758,0.99994,0.0438271,0.99994,119867,129827,359.86,375.472,392.049,37.2632,36.5163,5280.69,5427.55,9.36376,4.26786,5.02516,0.930371,0.983159,173.077,118.515,4.26786,5.02516,137385
1170.0,0.752776,0.99998,0.0438269,0.99998,119881,129830,359.863,375.467,392.05,37.259,36.5152,5281,5427.55,9.36376,4.26764,5.0251,0.930412,0.98314,172.915,118.542,4.26764,5.0251,137389
1172.0,0.752771,1.00002,0.043827,1.00002,119876,129832,359.861,375.462,392.049,37.2569,36.5231,5282.04,5427.55,9.36376,4.26732,5.02627,0.930452,0.98312,172.507,118.549,4.26732,5.02627,137391
1174.0,0.752762,1.00005,0.0438271,1.00005,119868,129833,359.858,375.458,392.049,37.2499,36.5309,5281.38,5427.55,9.36376,4.26641,5.02741,0.930493,0.983101,172.494,118.539,4.26641,5.02741,137392
1176.0,0.752756,1.00009,0.0438273,1.00009,119864,129833,359.855,375.453,392.048,37.2422,36.5384,5280.48,5427.55,9.36376,4.26546,5.02849,0.930534,0.983082,172.554,118.532,4.26546,5.02849,137393
1178.0,0.752754,1.00012,0.0438269,1.00012,119862,129834,359.854,375.448,392.047,37.2352,36.5457,5279.83,5427.55,9.36376,4.26464,5.02954,0.930575,0.983062,172.609,118.529,4.26464,5.02954,137393
1180.0,0.752754,1.00015,0.0438263,1.00015,119862,129834,359.853,375.443,392.046,37.2289,36.5527,5279.44,5427.55,9.36376,4.26393,5.03057,0.930617,0.983043,172.641,118.529,4.26393,5.03057,137394
1182.0,0.752756,1.00018,0.0438257,1.00018,119863,129834,359.852,375.437,392.045,37.223,36.5597,5279.2,5427.55,9.36376,4.2633,5.03159,0.930659,0.983024,172.669,118.532,4.2633,5.03159,137395
1184.0,0.752759,1.00021,0.0438251,1.00021,119866,129834,359.852,375.432,392.044,37.2175,36.5666,5279.08,5427.55,9.36376,4.26273,5.03257,0.930701,0.983005,172.713,118.536,4.26273,5.03257,137395
1186.0,0.752765,1.00023,0.043825,1.00023,119870,129834,359.852,375.427,392.043,37.2123,36.5731,5279.09,5427.55,9.36376,4.26222,5.03352,0.930743,0.982985,172.736,118.543,4.26222,5.03352,137394
1188.0,0.752771,1.00026,0.0438253,1.00026,119874,129833,359.853,375.422,392.042,37.2075,36.5793,5279.2,5427.55,9.36376,4.26176,5.0344,0.930785,0.982966,172.761,118.55,4.26176,5.0344,137394
1190.0,0.752777,1.00028,0.0438259,1.00028,119879,129832,359.853,375.418,392.041,37.2029,36.5851,5279.36,5427.55,9.36376,4.26132,5.03523,0.930828,0.982947,172.755,118.559,4.26132,5.03523,137393
1192.0,0.752782,1.0003,0.0438263,1.0003,119882,129832,359.853,375.414,392.04,37.1983,36.5908,5279.52,5427.55,9.36376,4.26087,5.03605,0.930871,0.982928,172.727,118.566,4.26087,5.03605,137393
1194.0,0.752784,1.00032,0.0438267,1.00032,119883,129832,359.853,375.41,392.039,37.1934,36.5965,5279.59,5427.55,9.36376,4.26035,5.03687,0.930914,0.982909,172.685,118.572,4.26035,5.03687,137393
1196.0,0.752785,1.00035,0.043827,1.00035,119883,129833,359.852,375.406,392.039,37.1881,36.6025,5279.52,5427.55,9.36376,4.25977,5.03775,0.930957,0.98289,172.642,118.575,4.25977,5.03775,137394
1198.0,0.752784,1.00038,0.0438273,1.00038,119882,129834,359.85,375.402,392.038,37.1825,36.6089,5279.32,5427.55,9.36376,4.25911,5.0387,0.931,0.982871,172.594,118.576,4.25911,5.0387,137396
1200.0,0.752786,1.0004,0.0438276,1.0004,119883,129836,359.849,375.398,392.038,37.1764,36.6158,5278.97,5427.55,9.36376,4.25845,5.03971,0.931044,0.982852,172.707,118.576,4.25845,5.03971,137398
1202.0,0.752783,1.00043,0.0438276,1.00043,119880,129838,359.848,375.393,392.038,37.171,36.6233,5278.83,5427.55,9.36376,4.25779,5.04081,0.931087,0.982832,172.299,118.586,4.25779,5.04081,137400
1204.0,0.75276,1.00046,0.043827,1.00046,119862,129840,359.841,375.387,392.037,37.1646,36.6309,5278.38,5427.55,9.36376,4.25675,5.04191,0.931131,0.982813,172.4,118.557,4.25675,5.04191,137402
1206.0,0.752757,1.0005,0.0438263,1.0005,119860,129840,359.84,375.381,392.036,37.1541,36.6384,5276.52,5427.55,9.36376,4.25554,5.04301,0.931176,0.982794,172.467,118.553,4.25554,5.04301,137403
1208.0,0.752753,1.00053,0.0438254,1.00053,119857,129840,359.838,375.375,392.035,37.1477,36.648,5276.13,5427.55,9.36376,4.25477,5.04437,0.93122,0.982774,172.506,118.548,4.25477,5.04437,137403
1210.0,0.75276,1.00057,0.0438245,1.00057,119863,129839,359.839,375.368,392.034,37.141,36.6571,5275.6,5427.55,9.36376,4.25411,5.04567,0.931265,0.982755,172.739,118.551,4.25411,5.04567,137402
1212.0,0.752772,1.00059,0.0438238,1.00059,119872,129837,359.84,375.362,392.033,37.1366,36.6661,5275.88,5427.55,9.36376,4.25378,5.04694,0.93131,0.982735,172.796,118.564,4.25378,5.04694,137401
1214.0,0.752783,1.00061,0.0438233,1.00061,119881,129835,359.842,375.357,392.031,37.133,36.6739,5276.45,5427.55,9.36376,4.25355,5.04803,0.931355,0.982716,172.807,118.579,4.25355,5.04803,137399
1216.0,0.752794,1.00063,0.0438233,1.00063,119889,129833,359.843,375.353,392.03,37.1295,36.6805,5277.02,5427.55,9.36376,4.2533,5.04895,0.9314,0.982697,172.8,118.593,4.2533,5.04895,137396
1218.0,0.752803,1.00064,0.0438237,1.00064,119894,129831,359.844,375.35,392.028,37.1259,36.6864,5277.52,5427.55,9.36376,4.25301,5.04978,0.931445,0.982678,172.751,118.606,4.25301,5.04978,137395
1220.0,0.752807,1.00066,0.0438242,1.00066,119897,129830,359.844,375.348,392.027,37.1218,36.6921,5277.83,5427.55,9.36376,4.2526,5.05058,0.931491,0.982659,172.683,118.615,4.2526,5.05058,137394
1222.0,0.752809,1.00068,0.0438247,1.00068,119897,129830,359.843,375.345,392.026,37.1171,36.6981,5277.88,5427.55,9.36376,4.25207,5.05145,0.931536,0.98264,172.607,118.619,4.25207,5.05145,137395
1224.0,0.752806,1.0007,0.0438251,1.0007,119894,129833,359.841,375.342,392.026,37.1115,36.7048,5277.69,5427.55,9.36376,4.2514,5.05244,0.931582,0.982621,172.534,118.62,4.2514,5.05244,137397
1226.0,0.752802,1.00073,0.0438252,1.00073,119889,129836,359.838,375.338,392.026,37.1053,36.7124,5277.25,5427.55,9.36376,4.25063,5.05356,0.931628,0.982602,172.483,118.617,4.25063,5.05356,137400
1228.0,0.752797,1.00076,0.0438252,1.00076,119885,129839,359.836,375.333,392.026,37.0986,36.7209,5276.66,5427.55,9.36376,4.24981,5.05481,0.931674,0.982583,172.488,118.613,4.24981,5.05481,137404
1230.0,0.752795,1.00079,0.0438249,1.00079,119882,129843,359.834,375.328,392.026,37.092,36.7298,5276.08,5427.55,9.36376,4.24901,5.05611,0.931721,0.982563,172.52,118.61,4.24901,5.05611,137408
1232.0,0.752786,1.00084,0.0438245,1.00084,119875,129845,359.831,375.322,392.026,37.0857,36.7387,5275.64,5427.55,9.36376,4.24818,5.05745,0.931767,0.982543,172.183,118.611,4.24818,5.05745,137411
1234.0,0.752773,1.00087,0.0438239,1.00087,119865,129845,359.827,375.316,392.025,37.0781,36.7538,5274.76,5427.55,9.36376,4.24714,5.05956,0.931814,0.982524,172.389,118.591,4.24714,5.05956,137411
1236.0,0.752782,1.00088,0.0438233,1.00088,119872,129845,359.828,375.31,392.024,37.0697,36.7616,5273.62,5427.55,9.36376,4.24632,5.06067,0.931861,0.982505,172.766,118.593,4.24632,5.06067,137411
1238.0,0.752797,1.0009,0.0438227,1.0009,119883,129844,359.83,375.304,392.023,37.0657,36.7689,5274.02,5427.55,9.36376,4.24608,5.0617,0.931908,0.982486,172.83,118.61,4.24608,5.0617,137410
1240.0,0.752811,1.00091,0.0438222,1.00091,119893,129842,359.832,375.299,392.022,37.0629,36.7757,5274.8,5427.55,9.36376,4.24596,5.06265,0.931956,0.982466,172.821,118.628,4.24596,5.06265,137408
1242.0,0.752824,1.00092,0.0438223,1.00092,119902,129841,359.834,375.295,392.02,37.06,36.782,5275.5,5427.55,9.36376,4.24579,5.06352,0.932003,0.982448,172.804,118.644,4.24579,5.06352,137407
1244.0,0.752834,1.00093,0.0438227,1.00093,119908,129839,359.835,375.292,392.019,37.0568,36.7878,5276.09,5427.55,9.36376,4.24556,5.06434,0.932051,0.982429,172.76,118.658,4.24556,5.06434,137405
1246.0,0.75284,1.00094,0.0438233,1.00094,119912,129838,359.835,375.289,392.018,37.0531,36.7935,5276.5,5427.55,9.36376,4.24522,5.06514,0.932099,0.98241,172.704,118.669,4.24522,5.06514,137404
1248.0,0.752844,1.00095,0.0438239,1.00095,119913,129839,359.834,375.287,392.017,37.0488,36.7994,5276.69,5427.55,9.36376,4.24476,5.06599,0.932146,0.982391,172.639,118.676,4.24476,5.06599,137405
1250.0,0.752845,1.00097,0.0438244,1.00097,119912,129841,359.833,375.284,392.017,37.0438,36.8059,5276.64,5427.55,9.36376,4.2442,5.06694,0.932194,0.982372,172.585,118.68,4.2442,5.06694,137408
1252.0,0.752843,1.00099,0.0438246,1.00099,119910,129845,359.831,375.281,392.017,37.0383,36.8132,5276.41,5427.55,9.36376,4.24354,5.06802,0.932243,0.982353,172.538,118.681,4.24354,5.06802,137412
1254.0,0.752841,1.00101,0.0438247,1.00101,119907,129849,359.829,375.277,392.018,37.0324,36.8214,5276.03,5427.55,9.36376,4.24282,5.06923,0.932291,0.982334,172.514,118.68,4.24282,5.06923,137416
1256.0,0.752839,1.00104,0.0438245,1.00104,119904,129854,359.827,375.272,392.018,37.0262,36.8301,5275.57,5427.55,9.36376,4.24208,5.07051,0.932339,0.982315,172.52,118.679,4.24208,5.07051,137421
1258.0,0.752838,1.00106,0.0438238,1.00106,119902,129857,359.825,375.267,392.018,37.0201,36.8389,5275.16,5427.55,9.36376,4.24138,5.07179,0.932388,0.982296,172.55,118.679,4.24138,5.07179,137425
1260.0,0.75284,1.00107,0.0438232,1.00107,119902,129860,359.824,375.262,392.018,37.0143,36.8474,5274.84,5427.55,9.36376,4.24073,5.07303,0.932437,0.982277,172.599,118.681,4.24073,5.07303,137428
1262.0,0.752846,1.00109,0.0438228,1.00109,119906,129862,359.824,375.257,392.018,37.009,36.8553,5274.68,5427.55,9.36376,4.24021,5.07417,0.932486,0.982258,172.704,118.687,4.24021,5.07417,137430
1264.0,0.752847,1.00113,0.0438226,1.00113,119906,129863,359.823,375.252,392.017,37.0047,36.8626,5274.86,5427.55,9.36376,4.23972,5.07523,0.932535,0.982238,172.393,118.698,4.23972,5.07523,137431
1266.0,0.752822,1.00116,0.0438225,1.00116,119885,129861,359.816,375.247,392.016,36.9992,36.8751,5274.65,5427.55,9.36376,4.23875,5.07699,0.932584,0.982219,172.082,118.679,4.23875,5.07699,137429
1268.0,0.752825,1.00117,0.0438225,1.00117,119887,129859,359.816,375.241,392.014,36.9886,36.8866,5272.66,5427.55,9.36376,4.23759,5.07859,0.932634,0.9822,172.693,118.667,4.23759,5.07859,137427
1270.0,0.752842,1.00117,0.0438227,1.00117,119899,129858,359.818,375.236,392.013,36.9835,36.8927,5272.61,5427.55,9.36376,4.23723,5.07943,0.932684,0.982181,172.856,118.683,4.23723,5.07943,137426
1272.0,0.752857,1.00118,0.0438229,1.00118,119910,129857,359.82,375.231,392.012,36.9811,36.8985,5273.5,5427.55,9.36376,4.23716,5.08024,0.932733,0.982162,172.817,118.703,4.23716,5.08024,137425
1274.0,0.752868,1.00118,0.0438232,1.00118,119917,129856,359.821,375.227,392.011,36.9785,36.9042,5274.27,5427.55,9.36376,4.23701,5.08104,0.932783,0.982143,172.761,118.719,4.23701,5.08104,137425
1276.0,0.752877,1.00118,0.0438241,1.00118,119922,129856,359.821,375.224,392.01,36.9752,36.9098,5274.78,5427.55,9.36376,4.23674,5.08182,0.932833,0.982125,172.721,118.732,4.23674,5.08182,137424
1278.0,0.752883,1.00119,0.0438254,1.00119,119926,129856,359.821,375.221,392.009,36.9714,36.9152,5275.1,5427.55,9.36376,4.23638,5.08259,0.932883,0.982106,172.679,118.742,4.23638,5.08259,137424
1280.0,0.752887,1.00119,0.0438266,1.00119,119927,129856,359.82,375.219,392.008,36.9671,36.9207,5275.24,5427.55,9.36376,4.23592,5.08337,0.932934,0.982087,172.633,118.749,4.23592,5.08337,137425
1282.0,0.752889,1.0012,0.0438275,1.0012,119926,129858,359.819,375.216,392.008,36.9623,36.9265,5275.22,5427.55,9.36376,4.23539,5.08421,0.932984,0.982069,172.59,118.754,4.23539,5.08421,137427
1284.0,0.752889,1.00121,0.0438282,1.00121,119925,129861,359.818,375.213,392.008,36.9571,36.9329,5275.05,5427.55,9.36376,4.23478,5.08514,0.933034,0.98205,172.556,118.756,4.23478,5.08514,137430
1286.0,0.752888,1.00122,0.0438287,1.00122,119922,129865,359.816,375.209,392.008,36.9516,36.9399,5274.77,5427.55,9.36376,4.23413,5.08618,0.933085,0.982032,172.533,118.757,4.23413,5.08618,137434
1288.0,0.752887,1.00123,0.0438288,1.00123,119920,129869,359.814,375.204,392.009,36.9459,36.9475,5274.42,5427.55,9.36376,4.23345,5.08728,0.933136,0.982013,172.528,118.757,4.23345,5.08728,137438
1290.0,0.752888,1.00125,0.0438286,1.00125,119919,129872,359.813,375.199,392.009,36.9401,36.9552,5274.07,5427.55,9.36376,4.23279,5.08841,0.933187,0.981994,172.567,118.758,4.23279,5.08841,137441
1292.0,0.752893,1.00126,0.0438282,1.00126,119922,129875,359.812,375.195,392.009,36.9347,36.9627,5273.84,5427.55,9.36376,4.23224,5.0895,0.933238,0.981975,172.677,118.763,4.23224,5.0895,137444
1294.0,0.752902,1.00126,0.0438279,1.00126,119927,129877,359.813,375.19,392.008,36.9303,36.9699,5273.95,5427.55,9.36376,4.23184,5.09053,0.933289,0.981957,172.735,118.773,4.23184,5.09053,137446
1296.0,0.752912,1.00127,0.0438281,1.00127,119933,129878,359.813,375.186,392.008,36.9265,36.9766,5274.29,5427.55,9.36376,4.23154,5.09148,0.93334,0.981938,172.77,118.786,4.23154,5.09148,137447
1298.0,0.752898,1.00132,0.0438285,1.00132,119921,129878,359.809,375.181,392.007,36.9231,36.9827,5274.73,5427.55,9.36376,4.23095,5.0924,0.933392,0.981919,172.078,118.791,4.23095,5.0924,137447
1300.0,0.752874,1.00135,0.0438286,1.00135,119901,129875,359.802,375.176,392.005,36.9149,36.9988,5273.5,5427.55,9.36376,4.22967,5.09463,0.933443,0.981899,172.145,118.761,4.22967,5.09463,137445
1302.0,0.752882,1.00135,0.0438284,1.00135,119906,129874,359.802,375.171,392.004,36.9044,37.0089,5271.54,5427.55,9.36376,4.22858,5.09602,0.933495,0.981881,172.79,118.754,4.22858,5.09602,137443
1304.0,0.752902,1.00135,0.0438281,1.00135,119920,129873,359.805,375.165,392.003,36.9004,37.0144,5271.84,5427.55,9.36376,4.2284,5.09679,0.933547,0.981862,172.925,118.775,4.2284,5.09679,137443
1306.0,0.75292,1.00135,0.0438277,1.00135,119932,129873,359.807,375.16,392.002,36.899,37.0199,5272.97,5427.55,9.36376,4.22846,5.09757,0.933599,0.981843,172.883,118.799,4.22846,5.09757,137443
1308.0,0.752935,1.00135,0.0438278,1.00135,119942,129873,359.809,375.156,392.001,36.8971,37.0255,5273.92,5427.55,9.36376,4.22843,5.09836,0.933651,0.981825,172.837,118.819,4.22843,5.09836,137443
1310.0,0.752946,1.00134,0.0438282,1.00134,119948,129873,359.81,375.154,392,36.8946,37.031,5274.62,5427.55,9.36376,4.22827,5.09912,0.933703,0.981807,172.798,118.835,4.22827,5.09912,137443
1312.0,0.752955,1.00134,0.0438289,1.00134,119953,129873,359.81,375.152,391.999,36.8915,37.0362,5275.12,5427.55,9.36376,4.22802,5.09985,0.933756,0.981788,172.749,118.848,4.22802,5.09985,137443
1314.0,0.752961,1.00134,0.0438296,1.00134,119955,129874,359.809,375.15,391.999,36.8879,37.0415,5275.42,5427.55,9.36376,4.22766,5.10061,0.933808,0.98177,172.696,118.858,4.22766,5.10061,137444
1316.0,0.752964,1.00135,0.0438303,1.00135,119955,129877,359.808,375.148,391.999,36.8837,37.0471,5275.52,5427.55,9.36376,4.2272,5.10143,0.93386,0.981751,172.649,118.864,4.2272,5.10143,137447
1318.0,0.752965,1.00136,0.0438307,1.00136,119952,129881,359.806,375.145,391.999,36.879,37.0534,5275.43,5427.55,9.36376,4.22664,5.10236,0.933913,0.981733,172.587,118.868,4.22664,5.10236,137451
1320.0,0.752963,1.00137,0.043831,1.00137,119949,129886,359.804,375.141,392,36.8738,37.0605,5275.16,5427.55,9.36376,4.22599,5.10341,0.933966,0.981714,172.545,118.869,4.22599,5.10341,137456
1322.0,0.752961,1.00138,0.0438311,1.00138,119945,129891,359.802,375.137,392,36.8681,37.0682,5274.74,5427.55,9.36376,4.2253,5.10454,0.934018,0.981696,172.559,118.868,4.2253,5.10454,137461
1324.0,0.752962,1.00139,0.0438308,1.00139,119944,129895,359.8,375.132,392.001,36.8625,37.076,5274.34,5427.55,9.36376,4.22465,5.10568,0.934071,0.981677,172.594,118.87,4.22465,5.10568,137465
1326.0,0.752966,1.00139,0.0438304,1.00139,119945,129899,359.799,375.128,392.001,36.8572,37.0835,5274.08,5427.55,9.36376,4.22408,5.10677,0.934124,0.981659,172.68,118.873,4.22408,5.10677,137469
1328.0,0.752975,1.0014,0.0438302,1.0014,119949,129901,359.799,375.123,392.001,36.8527,37.0905,5274.08,5427.55,9.36376,4.22367,5.10778,0.934177,0.98164,172.785,118.883,4.22367,5.10778,137471
1330.0,0.752981,1.00142,0.0438302,1.00142,119951,129903,359.799,375.118,392,36.8492,37.0968,5274.42,5427.55,9.36376,4.22332,5.1087,0.934231,0.981622,172.556,118.897,4.22332,5.1087,137473
1332.0,0.752958,1.00146,0.0438303,1.00146,119932,129901,359.792,375.113,391.999,36.845,37.1073,5274.49,5427.55,9.36376,4.22252,5.11019,0.934284,0.981602,172.038,118.887,4.22252,5.11019,137472
1334.0,0.752954,1.00145,0.0438303,1.00145,119927,129899,359.789,375.108,391.997,36.8353,37.1208,5272.65,5427.55,9.36376,4.22133,5.11204,0.934338,0.981584,172.63,118.867,4.22133,5.11204,137469
1336.0,0.752973,1.00144,0.0438304,1.00144,119940,129898,359.792,375.103,391.996,36.8291,37.1253,5272.09,5427.55,9.36376,4.22087,5.11266,0.934391,0.981565,172.966,118.881,4.22087,5.11266,137468
1338.0,0.752993,1.00143,0.0438305,1.00143,119953,129897,359.795,375.098,391.995,36.8275,37.1297,5273.12,5427.55,9.36376,4.22094,5.11326,0.934445,0.981547,172.95,118.906,4.22094,5.11326,137468
1340.0,0.753008,1.00143,0.0438309,1.00143,119962,129897,359.796,375.094,391.994,36.8262,37.134,5274.19,5427.55,9.36376,4.22097,5.11386,0.934499,0.981529,172.884,118.928,4.22097,5.11386,137467
1342.0,0.75302,1.00142,0.0438317,1.00142,119969,129897,359.797,375.091,391.994,36.8241,37.1382,5274.95,5427.55,9.36376,4.22086,5.11444,0.934553,0.981511,172.833,118.945,4.22086,5.11444,137467
1344.0,0.753029,1.00141,0.0438328,1.00141,119973,129897,359.797,375.089,391.993,36.8212,37.1423,5275.46,5427.55,9.36376,4.22062,5.11501,0.934607,0.981493,172.789,118.958,4.22062,5.11501,137467
1346.0,0.753035,1.0014,0.043834,1.0014,119974,129898,359.796,375.087,391.992,36.8178,37.1464,5275.76,5427.55,9.36376,4.22028,5.1156,0.934661,0.981475,172.737,118.968,4.22028,5.1156,137468
1348.0,0.753038,1.0014,0.0438351,1.0014,119974,129900,359.795,375.085,391.992,36.8139,37.1508,5275.88,5427.55,9.36376,4.21985,5.11624,0.934715,0.981457,172.686,118.975,4.21985,5.11624,137471
1350.0,0.75304,1.0014,0.0438359,1.0014,119972,129904,359.793,375.082,391.992,36.8094,37.1558,5275.79,5427.55,9.36376,4.21931,5.11697,0.934769,0.981439,172.645,118.979,4.21931,5.11697,137474
1352.0,0.753039,1.0014,0.0438364,1.0014,119969,129908,359.791,375.079,391.993,36.8045,37.1615,5275.56,5427.55,9.36376,4.21872,5.11781,0.934823,0.98142,172.615,118.981,4.21872,5.11781,137478
1354.0,0.753039,1.0014,0.0438368,1.0014,119966,129913,359.789,375.075,391.993,36.7993,37.1677,5275.23,5427.55,9.36376,4.21809,5.11873,0.934878,0.981402,172.616,118.982,4.21809,5.11873,137483
1356.0,0.75304,1.00141,0.0438367,1.00141,119964,129917,359.787,375.07,391.993,36.7941,37.1741,5274.91,5427.55,9.36376,4.21748,5.11967,0.934932,0.981384,172.643,118.984,4.21748,5.11967,137487
1358.0,0.753044,1.00141,0.0438364,1.00141,119964,129921,359.786,375.066,391.994,36.7892,37.1803,5274.67,5427.55,9.36376,4.21695,5.12058,0.934987,0.981366,172.717,118.989,4.21695,5.12058,137491
1360.0,0.753052,1.0014,0.0438363,1.0014,119968,129923,359.786,375.061,391.993,36.7849,37.1861,5274.67,5427.55,9.36376,4.21654,5.12141,0.935041,0.981348,172.802,118.997,4.21654,5.12141,137493
1362.0,0.753063,1.0014,0.0438364,1.0014,119974,129924,359.786,375.057,391.993,36.7814,37.1914,5274.93,5427.55,9.36376,4.21626,5.12216,0.935096,0.98133,172.851,119.01,4.21626,5.12216,137494
1364.0,0.753068,1.00141,0.0438368,1.00141,119975,129925,359.785,375.052,391.992,36.7785,37.196,5275.37,5427.55,9.36376,4.21596,5.12284,0.935151,0.981312,172.613,119.024,4.21596,5.12284,137495
1366.0,0.753048,1.00144,0.0438373,1.00144,119956,129923,359.779,375.048,391.991,36.7744,37.2046,5275.41,5427.55,9.36376,4.21519,5.12405,0.935206,0.981293,172.122,119.016,4.21519,5.12405,137494
1368.0,0.75303,1.00145,0.0438373,1.00145,119940,129920,359.773,375.043,391.989,36.7653,37.2163,5273.69,5427.55,9.36376,4.21389,5.12566,0.935261,0.981274,172.361,118.99,4.21389,5.12566,137491
1370.0,0.753042,1.00144,0.0438373,1.00144,119947,129919,359.774,375.037,391.988,36.7567,37.2235,5272.21,5427.55,9.36376,4.21304,5.12664,0.935316,0.981256,172.901,118.99,4.21304,5.12664,137489
1372.0,0.753062,1.00143,0.043837,1.00143,119961,129919,359.776,375.032,391.987,36.7538,37.227,5272.73,5427.55,9.36376,4.21296,5.12713,0.935372,0.981238,172.995,119.012,4.21296,5.12713,137489
1374.0,0.753079,1.00142,0.0438369,1.00142,119972,129919,359.778,375.027,391.986,36.7527,37.2307,5273.86,5427.55,9.36376,4.21305,5.12763,0.935427,0.98122,172.943,119.036,4.21305,5.12763,137489
1376.0,0.753093,1.0014,0.0438374,1.0014,119980,129918,359.779,375.023,391.985,36.7511,37.2343,5274.77,5427.55,9.36376,4.21303,5.12813,0.935483,0.981203,172.908,119.055,4.21303,5.12813,137488
1378.0,0.753105,1.00139,0.0438382,1.00139,119986,129917,359.78,375.021,391.984,36.7489,37.2377,5275.45,5427.55,9.36376,4.2129,5.12859,0.935538,0.981185,172.87,119.071,4.2129,5.12859,137487
1380.0,0.753113,1.00138,0.0438393,1.00138,119989,129917,359.78,375.019,391.983,36.7462,37.2409,5275.95,5427.55,9.36376,4.21267,5.12902,0.935594,0.981167,172.832,119.084,4.21267,5.12902,137487
1382.0,0.753119,1.00137,0.0438404,1.00137,119991,129917,359.779,375.017,391.983,36.743,37.2441,5276.24,5427.55,9.36376,4.21235,5.12948,0.935649,0.98115,172.78,119.094,4.21235,5.12948,137487
1384.0,0.753123,1.00136,0.0438414,1.00136,119990,129919,359.777,375.015,391.982,36.7393,37.2478,5276.33,5427.55,9.36376,4.21193,5.13001,0.935705,0.981132,172.729,119.101,4.21193,5.13001,137489
1386.0,0.753123,1.00136,0.0438422,1.00136,119987,129923,359.775,375.012,391.983,36.735,37.2522,5276.23,5427.55,9.36376,4.21141,5.13066,0.935761,0.981114,172.682,119.105,4.21141,5.13066,137493
1388.0,0.753123,1.00136,0.0438427,1.00136,119983,129927,359.773,375.008,391.983,36.7303,37.2574,5275.98,5427.55,9.36376,4.21083,5.13143,0.935816,0.981096,172.656,119.106,4.21083,5.13143,137497
1390.0,0.753123,1.00136,0.0438429,1.00136,119980,129932,359.771,375.004,391.983,36.7253,37.2631,5275.63,5427.55,9.36376,4.21022,5.13228,0.935872,0.981078,172.665,119.108,4.21022,5.13228,137501
1392.0,0.753124,1.00136,0.0438426,1.00136,119978,129935,359.769,374.999,391.984,36.7204,37.269,5275.32,5427.55,9.36376,4.20964,5.13314,0.935928,0.98106,172.703,119.11,4.20964,5.13314,137505
1394.0,0.75313,1.00136,0.0438422,1.00136,119980,129938,359.768,374.994,391.984,36.7157,37.2746,5275.11,5427.55,9.36376,4.20915,5.13397,0.935984,0.981043,172.807,119.115,4.20915,5.13397,137508
1396.0,0.75314,1.00136,0.043842,1.00136,119985,129940,359.768,374.99,391.983,36.712,37.2799,5275.19,5427.55,9.36376,4.20883,5.13471,0.936041,0.981025,172.891,119.126,4.20883,5.13471,137510
1398.0,0.753147,1.00137,0.043842,1.00137,119986,129941,359.768,374.985,391.983,36.7091,37.2845,5275.59,5427.55,9.36376,4.20855,5.13538,0.936097,0.981007,172.702,119.141,4.20855,5.13538,137511
1400.0,0.753131,1.00139,0.0438421,1.00139,119971,129940,359.762,374.98,391.982,36.7056,37.2925,5275.74,5427.55,9.36376,4.20791,5.13651,0.936153,0.980988,172.281,119.137,4.20791,5.13651,137510
1402.0,0.753114,1.00141,0.043842,1.00141,119956,129937,359.757,374.975,391.98,36.6976,37.303,5274.36,5427.55,9.36376,4.20674,5.13798,0.936209,0.98097,172.321,119.117,4.20674,5.13798,137507
1404.0,0.753119,1.0014,0.043842,1.0014,119957,129934,359.756,374.97,391.978,36.6893,37.3126,5272.9,5427.55,9.36376,4.20583,5.13926,0.936266,0.980952,172.849,119.109,4.20583,5.13926,137504
1406.0,0.75314,1.00138,0.0438418,1.00138,119971,129933,359.758,374.964,391.977,36.6853,37.3152,5272.94,5427.55,9.36376,4.20563,5.13962,0.936323,0.980934,173.08,119.129,4.20563,5.13962,137503
1408.0,0.75316,1.00137,0.0438417,1.00137,119983,129932,359.761,374.959,391.976,36.6846,37.318,5274.11,5427.55,9.36376,4.20579,5.13999,0.936379,0.980916,173.042,119.155,4.20579,5.13999,137502
1410.0,0.753176,1.00135,0.0438419,1.00135,119992,129931,359.762,374.955,391.975,36.6838,37.3207,5275.18,5427.55,9.36376,4.20587,5.14035,0.936436,0.980899,172.991,119.177,4.20587,5.14035,137501
1412.0,0.753189,1.00134,0.0438425,1.00134,119999,129930,359.763,374.953,391.974,36.6821,37.3233,5275.97,5427.55,9.36376,4.20582,5.14069,0.936493,0.980881,172.949,119.195,4.20582,5.14069,137500
1414.0,0.753198,1.00132,0.0438434,1.00132,120003,129929,359.763,374.951,391.973,36.68,37.3257,5276.54,5427.55,9.36376,4.20566,5.14101,0.93655,0.980864,172.894,119.209,4.20566,5.14101,137499
1416.0,0.753204,1.00131,0.0438444,1.00131,120004,129930,359.762,374.949,391.972,36.6771,37.3281,5276.88,5427.55,9.36376,4.20538,5.14136,0.936606,0.980846,172.837,119.219,4.20538,5.14136,137499
1418.0,0.753208,1.0013,0.0438452,1.0013,120003,129932,359.76,374.947,391.972,36.6737,37.331,5276.99,5427.55,9.36376,4.20498,5.14178,0.936663,0.980829,172.784,119.227,4.20498,5.14178,137501
1420.0,0.753208,1.0013,0.0438458,1.0013,120000,129935,359.758,374.944,391.972,36.6696,37.3347,5276.9,5427.55,9.36376,4.20449,5.14233,0.93672,0.980811,172.734,119.231,4.20449,5.14233,137505
1422.0,0.753208,1.0013,0.0438462,1.0013,119996,129940,359.756,374.941,391.973,36.6651,37.3392,5276.65,5427.55,9.36376,4.20392,5.14301,0.936777,0.980794,172.707,119.232,4.20392,5.14301,137509
1424.0,0.753208,1.0013,0.0438462,1.0013,119993,129944,359.753,374.937,391.973,36.6603,37.3443,5276.3,5427.55,9.36376,4.20334,5.14376,0.936834,0.980776,172.721,119.234,4.20334,5.14376,137514
1426.0,0.753209,1.0013,0.0438459,1.0013,119991,129948,359.752,374.932,391.974,36.6556,37.3495,5275.99,5427.55,9.36376,4.20278,5.14455,0.936891,0.980758,172.754,119.236,4.20278,5.14455,137518
1428.0,0.753214,1.00129,0.0438456,1.00129,119991,129951,359.75,374.927,391.974,36.6512,37.3547,5275.79,5427.55,9.36376,4.20231,5.14529,0.936948,0.980741,172.83,119.241,4.20231,5.14529,137521
1430.0,0.753223,1.00129,0.0438454,1.00129,119995,129953,359.75,374.923,391.973,36.6475,37.3593,5275.82,5427.55,9.36376,4.20196,5.14596,0.937006,0.980723,172.919,119.251,4.20196,5.14596,137523
1432.0,0.753234,1.00128,0.0438454,1.00128,120000,129954,359.751,374.918,391.973,36.6446,37.3633,5276.13,5427.55,9.36376,4.20175,5.14652,0.937063,0.980706,172.971,119.264,4.20175,5.14652,137523
1434.0,0.75323,1.0013,0.0438456,1.0013,119993,129954,359.747,374.914,391.972,36.6423,37.3667,5276.62,5427.55,9.36376,4.20138,5.14702,0.93712,0.980688,172.516,119.274,4.20138,5.14702,137523
1436.0,0.753213,1.00131,0.0438459,1.00131,119977,129951,359.741,374.909,391.97,36.6367,37.3764,5276,5427.55,9.36376,4.20049,5.14837,0.937178,0.980669,172.36,119.26,4.20049,5.14837,137521
1438.0,0.7532,1.00133,0.0438459,1.00133,119965,129949,359.737,374.904,391.969,36.6287,37.3849,5274.52,5427.55,9.36376,4.19937,5.14955,0.937235,0.980651,172.456,119.244,4.19937,5.14955,137518
1440.0,0.753206,1.00131,0.0438458,1.00131,119968,129946,359.736,374.898,391.967,36.6215,37.3928,5273.39,5427.55,9.36376,4.19861,5.1506,0.937293,0.980633,172.917,119.24,4.19861,5.1506,137516
1442.0,0.753227,1.00129,0.0438455,1.00129,119981,129945,359.739,374.893,391.966,36.618,37.3946,5273.57,5427.55,9.36376,4.19847,5.15083,0.93735,0.980616,173.112,119.26,4.19847,5.15083,137515
1444.0,0.753246,1.00128,0.0438454,1.00128,119993,129944,359.741,374.888,391.965,36.6174,37.3965,5274.72,5427.55,9.36376,4.19863,5.15108,0.937408,0.980598,173.083,119.284,4.19863,5.15108,137514
1446.0,0.753261,1.00126,0.0438457,1.00126,120002,129943,359.742,374.884,391.964,36.6166,37.3983,5275.77,5427.55,9.36376,4.19872,5.15132,0.937466,0.980581,173.04,119.306,4.19872,5.15132,137512
1448.0,0.753274,1.00124,0.0438465,1.00124,120008,129941,359.743,374.881,391.963,36.6152,37.3999,5276.55,5427.55,9.36376,4.19868,5.15152,0.937524,0.980564,172.998,119.323,4.19868,5.15152,137511
1450.0,0.753283,1.00122,0.0438477,1.00122,120012,129940,359.742,374.88,391.962,36.6132,37.4013,5277.11,5427.55,9.36376,4.19853,5.1517,0.937581,0.980547,172.941,119.337,4.19853,5.1517,137509
1452.0,0.753289,1.00121,0.0438489,1.00121,120012,129941,359.741,374.878,391.961,36.6105,37.4028,5277.43,5427.55,9.36376,4.19826,5.15191,0.937639,0.98053,172.878,119.348,4.19826,5.15191,137509
1454.0,0.753291,1.0012,0.04385,1.0012,120010,129942,359.739,374.876,391.961,36.6072,37.4048,5277.51,5427.55,9.36376,4.19786,5.1522,0.937697,0.980512,172.819,119.354,4.19786,5.1522,137511
1456.0,0.753291,1.00119,0.0438508,1.00119,120007,129946,359.737,374.873,391.961,36.6032,37.4076,5277.37,5427.55,9.36376,4.19737,5.15263,0.937755,0.980495,172.769,119.357,4.19737,5.15263,137515
1458.0,0.75329,1.00119,0.0438514,1.00119,120002,129950,359.735,374.87,391.961,36.5988,37.4112,5277.07,5427.55,9.36376,4.1968,5.15318,0.937813,0.980478,172.746,119.358,4.1968,5.15318,137519
1460.0,0.753289,1.00118,0.0438515,1.00118,119998,129954,359.732,374.865,391.962,36.594,37.4155,5276.67,5427.55,9.36376,4.19621,5.15381,0.937871,0.98046,172.753,119.358,4.19621,5.15381,137523
1462.0,0.75329,1.00118,0.0438513,1.00118,119996,129958,359.73,374.86,391.962,36.5894,37.4199,5276.32,5427.55,9.36376,4.19566,5.15447,0.937929,0.980443,172.797,119.36,4.19566,5.15447,137527
1464.0,0.753295,1.00118,0.0438512,1.00118,119996,129961,359.729,374.856,391.962,36.5851,37.4241,5276.09,5427.55,9.36376,4.19519,5.15508,0.937987,0.980426,172.878,119.365,4.19519,5.15508,137530
1466.0,0.753304,1.00117,0.0438512,1.00117,120000,129962,359.729,374.851,391.961,36.5816,37.4278,5276.13,5427.55,9.36376,4.19488,5.15561,0.938045,0.980408,172.974,119.375,4.19488,5.15561,137531
1468.0,0.753316,1.00115,0.0438512,1.00115,120006,129963,359.729,374.846,391.961,36.579,37.4308,5276.47,5427.55,9.36376,4.19471,5.15603,0.938104,0.980391,173.035,119.389,4.19471,5.15603,137531
1470.0,0.753314,1.00117,0.0438515,1.00117,120001,129962,359.727,374.842,391.96,36.577,37.4332,5277.01,5427.55,9.36376,4.19441,5.15639,0.938162,0.980373,172.627,119.4,4.19441,5.15639,137531
1472.0,0.7533,1.00118,0.0438519,1.00118,119987,129960,359.721,374.837,391.958,36.5722,37.4413,5276.55,5427.55,9.36376,4.19363,5.1575,0.93822,0.980356,172.471,119.389,4.19363,5.1575,137528
1474.0,0.753289,1.00119,0.0438521,1.00119,119976,129957,359.717,374.833,391.957,36.5649,37.4483,5275.27,5427.55,9.36376,4.19262,5.15847,0.938278,0.980338,172.549,119.376,4.19262,5.15847,137526
1476.0,0.753295,1.00117,0.0438521,1.00117,119978,129954,359.716,374.827,391.955,36.5583,37.4547,5274.26,5427.55,9.36376,4.19192,5.15933,0.938337,0.98032,172.958,119.373,4.19192,5.15933,137523
1478.0,0.753313,1.00115,0.0438519,1.00115,119989,129953,359.718,374.822,391.954,36.555,37.4558,5274.39,5427.55,9.36376,4.19176,5.15946,0.938395,0.980303,173.132,119.391,4.19176,5.15946,137522
1480.0,0.753336,1.00114,0.0438413,1.00114,120004,129953,359.721,374.819,391.953,36.5542,37.4571,5275.38,5427.55,9.36376,4.19195,5.15963,0.938454,0.980286,173.354,119.414,4.19195,5.15963,137521
1482.0,0.753355,1.00112,0.0438467,1.00112,120015,129952,359.723,374.815,391.952,36.5545,37.4584,5276.69,5427.55,9.36376,4.19219,5.1598,0.938512,0.980269,173.117,119.444,4.19219,5.1598,137520
1484.0,0.753365,1.0011,0.0438502,1.0011,120019,129951,359.723,374.812,391.951,36.5539,37.4596,5277.69,5427.55,9.36376,4.19222,5.15995,0.938571,0.980252,173,119.461,4.19222,5.15995,137519
1486.0,0.753371,1.00109,0.0438528,1.00109,120020,129950,359.722,374.81,391.95,36.5516,37.4607,5278.05,5427.55,9.36376,4.19198,5.16008,0.938629,0.980235,172.941,119.471,4.19198,5.16008,137518
1488.0,0.753374,1.00107,0.0438546,1.00107,120018,129951,359.72,374.809,391.949,36.5485,37.4619,5278.16,5427.55,9.36376,4.19163,5.16026,0.938688,0.980218,172.886,119.478,4.19163,5.16026,137519
1490.0,0.753375,1.00106,0.0438559,1.00106,120015,129953,359.718,374.806,391.949,36.5449,37.4636,5278.07,5427.55,9.36376,4.19117,5.16052,0.938746,0.980201,172.838,119.481,4.19117,5.16052,137521
1492.0,0.753373,1.00106,0.0438567,1.00106,120010,129956,359.715,374.803,391.949,36.5407,37.4662,5277.81,5427.55,9.36376,4.19064,5.16091,0.938805,0.980184,172.797,119.483,4.19064,5.16091,137524
1494.0,0.753372,1.00106,0.0438571,1.00106,120006,129961,359.713,374.799,391.95,36.5362,37.4695,5277.41,5427.55,9.36376,4.19007,5.16142,0.938864,0.980167,172.827,119.482,4.19007,5.16142,137529
1496.0,0.753375,1.00105,0.0438569,1.00105,120005,129965,359.711,374.794,391.95,36.5318,37.4732,5277.06,5427.55,9.36376,4.18956,5.16199,0.938922,0.98015,172.88,119.486,4.18956,5.16199,137533
1498.0,0.75338,1.00105,0.0438568,1.00105,120005,129968,359.71,374.789,391.95,36.528,37.477,5276.95,5427.55,9.36376,4.18916,5.16254,0.938981,0.980132,172.941,119.491,4.18916,5.16254,137536
1500.0,0.753388,1.00104,0.0438567,1.00104,120009,129970,359.709,374.784,391.95,36.5248,37.4803,5277.01,5427.55,9.36376,4.18887,5.16302,0.93904,0.980115,173.025,119.501,4.18887,5.16302,137538
1502.0,0.7534,1.00103,0.0438565,1.00103,120015,129971,359.71,374.78,391.95,36.5223,37.483,5277.32,5427.55,9.36376,4.18871,5.16341,0.939099,0.980098,173.093,119.515,4.18871,5.16341,137538
1504.0,0.753413,1.00102,0.0438567,1.00102,120021,129970,359.71,374.776,391.949,36.5205,37.485,5277.86,5427.55,9.36376,4.18863,5.16369,0.939158,0.980081,173.111,119.53,4.18863,5.16369,137538
1506.0,0.753411,1.00103,0.043857,1.00103,120016,129970,359.708,374.772,391.948,36.5188,37.4866,5278.45,5427.55,9.36376,4.18837,5.16392,0.939217,0.980064,172.698,119.541,4.18837,5.16392,137537
1508.0,0.753395,1.00104,0.0438572,1.00104,120000,129968,359.702,374.768,391.946,36.5143,37.4934,5278.02,5427.55,9.36376,4.1876,5.16486,0.939275,0.980046,172.513,119.53,4.1876,5.16486,137536
1510.0,0.753382,1.00105,0.0438568,1.00105,119987,129966,359.697,374.764,391.945,36.507,37.4995,5276.69,5427.55,9.36376,4.18656,5.16571,0.939334,0.980029,172.568,119.515,4.18656,5.16571,137534
1512.0,0.753386,1.00103,0.0438563,1.00103,119987,129965,359.696,374.758,391.944,36.5001,37.5054,5275.49,5427.55,9.36376,4.1858,5.16652,0.939393,0.980011,172.988,119.509,4.1858,5.16652,137532
1514.0,0.753402,1.00102,0.0438558,1.00102,119997,129965,359.697,374.753,391.943,36.4966,37.5066,5275.49,5427.55,9.36376,4.18559,5.16667,0.939453,0.979994,173.166,119.525,4.18559,5.16667,137532
1516.0,0.753418,1.001,0.0438554,1.001,120007,129965,359.698,374.748,391.942,36.4957,37.5079,5276.35,5427.55,9.36376,4.18567,5.16686,0.939512,0.979977,173.157,119.546,4.18567,5.16686,137532
1518.0,0.753432,1.00099,0.0438554,1.00099,120014,129964,359.699,374.743,391.941,36.4948,37.5094,5277.18,5427.55,9.36376,4.18572,5.16705,0.939571,0.97996,173.138,119.565,4.18572,5.16705,137532
1520.0,0.753445,1.00097,0.043856,1.00097,120020,129963,359.7,374.74,391.94,36.4935,37.5105,5277.87,5427.55,9.36376,4.1857,5.16719,0.93963,0.979944,173.131,119.582,4.1857,5.16719,137530
1522.0,0.753456,1.00096,0.0438568,1.00096,120025,129962,359.7,374.738,391.939,36.492,37.5113,5278.47,5427.55,9.36376,4.18562,5.16729,0.939689,0.979927,173.092,119.597,4.18562,5.16729,137529
1524.0,0.753463,1.00094,0.0438577,1.00094,120026,129961,359.699,374.736,391.938,36.4901,37.5121,5278.9,5427.55,9.36376,4.18545,5.16738,0.939748,0.97991,173.02,119.609,4.18545,5.16738,137528
1526.0,0.753466,1.00093,0.0438584,1.00093,120025,129962,359.697,374.734,391.938,36.4874,37.513,5279.08,5427.55,9.36376,4.18515,5.16753,0.939807,0.979893,172.963,119.616,4.18515,5.16753,137529
1528.0,0.753467,1.00092,0.0438591,1.00092,120022,129964,359.695,374.731,391.938,36.4841,37.5146,5279.01,5427.55,9.36376,4.18473,5.16777,0.939866,0.979876,172.923,119.62,4.18473,5.16777,137531
1530.0,0.753465,1.00092,0.0438596,1.00092,120017,129967,359.692,374.728,391.938,36.4803,37.5169,5278.8,5427.55,9.36376,4.18423,5.16812,0.939925,0.979859,172.855,119.622,4.18423,5.16812,137534
1532.0,0.753463,1.00091,0.0438598,1.00091,120012,129971,359.69,374.723,391.938,36.4759,37.5197,5278.38,5427.55,9.36376,4.18366,5.16856,0.939984,0.979842,172.851,119.621,4.18366,5.16856,137538
1534.0,0.753462,1.00091,0.0438596,1.00091,120008,129974,359.687,374.719,391.938,36.4715,37.5228,5277.95,5427.55,9.36376,4.1831,5.16903,0.940044,0.979825,172.881,119.621,4.1831,5.16903,137541
1536.0,0.753466,1.00091,0.0438596,1.00091,120008,129977,359.686,374.714,391.938,36.4673,37.5259,5277.61,5427.55,9.36376,4.18264,5.16949,0.940103,0.979808,172.988,119.624,4.18264,5.16949,137544
1538.0,0.753473,1.0009,0.0438597,1.0009,120010,129978,359.685,374.709,391.938,36.4641,37.5286,5277.6,5427.55,9.36376,4.18234,5.16988,0.940162,0.979792,173.063,119.632,4.18234,5.16988,137545
1540.0,0.753484,1.00089,0.04386,1.00089,120015,129979,359.685,374.704,391.937,36.4616,37.5308,5277.86,5427.55,9.36376,4.18216,5.17018,0.940222,0.979775,173.128,119.645,4.18216,5.17018,137545
1542.0,0.753491,1.00089,0.0438605,1.00089,120018,129978,359.685,374.7,391.936,36.4597,37.5323,5278.31,5427.55,9.36376,4.18201,5.1704,0.940281,0.979758,172.979,119.659,4.18201,5.1704,137545
1544.0,0.753483,1.00089,0.0438612,1.00089,120007,129976,359.681,374.696,391.935,36.4573,37.5358,5278.54,5427.55,9.36376,4.18157,5.17089,0.94034,0.97974,172.684,119.659,4.18157,5.17089,137543
1546.0,0.753472,1.0009,0.0438616,1.0009,119996,129973,359.676,374.692,391.933,36.4516,37.5411,5277.66,5427.55,9.36376,4.18075,5.17161,0.940399,0.979723,172.687,119.648,4.18075,5.17161,137540
1548.0,0.753465,1.0009,0.0438618,1.0009,119988,129971,359.672,374.687,391.932,36.4455,37.5457,5276.66,5427.55,9.36376,4.17992,5.17224,0.940459,0.979706,172.741,119.64,4.17992,5.17224,137538
1550.0,0.753472,1.00088,0.0438617,1.00088,119991,129969,359.672,374.681,391.93,36.4401,37.5501,5275.92,5427.55,9.36376,4.17937,5.17282,0.940518,0.979689,173.091,119.64,4.17937,5.17282,137536
1552.0,0.753489,1.00087,0.0438615,1.00087,120001,129968,359.673,374.676,391.929,36.4375,37.5502,5276.14,5427.55,9.36376,4.17927,5.17282,0.940578,0.979672,173.234,119.658,4.17927,5.17282,137535
1554.0,0.753505,1.00085,0.0438613,1.00085,120011,129967,359.675,374.671,391.928,36.4369,37.5505,5277.05,5427.55,9.36376,4.1794,5.17285,0.940637,0.979655,173.227,119.679,4.1794,5.17285,137533
1556.0,0.75352,1.00083,0.0438616,1.00083,120018,129966,359.676,374.668,391.927,36.4363,37.5508,5277.93,5427.55,9.36376,4.17948,5.17288,0.940697,0.979639,173.206,119.698,4.17948,5.17288,137532
1558.0,0.753532,1.00082,0.0438622,1.00082,120024,129964,359.676,374.665,391.926,36.4353,37.551,5278.65,5427.55,9.36376,4.17949,5.17288,0.940756,0.979622,173.168,119.715,4.17949,5.17288,137530
1560.0,0.75354,1.0008,0.0438632,1.0008,120027,129963,359.676,374.663,391.925,36.4338,37.551,5279.19,5427.55,9.36376,4.17939,5.17287,0.940816,0.979606,173.113,119.728,4.17939,5.17287,137529
1562.0,0.753545,1.00079,0.0438641,1.00079,120027,129963,359.675,374.661,391.924,36.4317,37.5512,5279.5,5427.55,9.36376,4.17917,5.1729,0.940875,0.979589,173.05,119.738,4.17917,5.1729,137529
1564.0,0.753546,1.00078,0.0438647,1.00078,120024,129965,359.672,374.658,391.924,36.4289,37.5519,5279.57,5427.55,9.36376,4.17882,5.17301,0.940934,0.979573,172.958,119.743,4.17882,5.17301,137531
1566.0,0.753544,1.00077,0.043865,1.00077,120020,129967,359.67,374.655,391.924,36.4252,37.5533,5279.34,5427.55,9.36376,4.17834,5.17325,0.940994,0.979556,172.921,119.743,4.17834,5.17325,137534
1568.0,0.753542,1.00077,0.0438652,1.00077,120015,129971,359.667,374.651,391.924,36.4211,37.5555,5278.97,5427.55,9.36376,4.17781,5.17359,0.941053,0.979539,172.91,119.743,4.17781,5.17359,137537
1570.0,0.75354,1.00077,0.043865,1.00077,120010,129974,359.664,374.647,391.924,36.4169,37.5582,5278.58,5427.55,9.36376,4.17726,5.17401,0.941113,0.979522,172.909,119.742,4.17726,5.17401,137540
1572.0,0.75354,1.00077,0.0438647,1.00077,120007,129977,359.662,374.642,391.924,36.4127,37.5611,5278.19,5427.55,9.36376,4.17675,5.17444,0.941172,0.979505,172.965,119.743,4.17675,5.17444,137543
1574.0,0.753546,1.00076,0.0438645,1.00076,120009,129979,359.661,374.637,391.924,36.4089,37.5638,5277.95,5427.55,9.36376,4.17637,5.17484,0.941232,0.979489,173.091,119.748,4.17637,5.17484,137545
1576.0,0.753557,1.00076,0.043864,1.00076,120014,129980,359.662,374.632,391.923,36.4063,37.566,5278.11,5427.55,9.36376,4.17619,5.17516,0.941292,0.979472,173.192,119.76,4.17619,5.17516,137546
1578.0,0.753569,1.00075,0.0438641,1.00075,120020,129980,359.662,374.628,391.923,36.4047,37.5676,5278.59,5427.55,9.36376,4.17613,5.17539,0.941351,0.979455,173.213,119.775,4.17613,5.17539,137546
1580.0,0.753569,1.00075,0.0438648,1.00075,120017,129979,359.66,374.624,391.921,36.4034,37.5687,5279.15,5427.55,9.36376,4.17594,5.17555,0.941411,0.979438,172.855,119.787,4.17594,5.17555,137545
1582.0,0.753557,1.00076,0.0438656,1.00076,120004,129976,359.655,374.62,391.92,36.3996,37.5737,5278.87,5427.55,9.36376,4.1753,5.17624,0.94147,0.979421,172.692,119.779,4.1753,5.17624,137542
1584.0,0.753546,1.00076,0.043866,1.00076,119993,129974,359.65,374.615,391.918,36.3934,37.5781,5277.74,5427.55,9.36376,4.17442,5.17683,0.94153,0.979404,172.734,119.766,4.17442,5.17683,137540
1586.0,0.753542,1.00076,0.0438661,1.00076,119987,129972,359.647,374.61,391.917,36.3874,37.5821,5276.74,5427.55,9.36376,4.17366,5.17737,0.941589,0.979387,172.918,119.758,4.17366,5.17737,137538
1588.0,0.753554,1.00074,0.0438664,1.00074,119994,129971,359.648,374.605,391.916,36.3828,37.5841,5276.22,5427.55,9.36376,4.17327,5.17763,0.941649,0.97937,173.229,119.766,4.17327,5.17763,137536
1590.0,0.75357,1.00073,0.0438668,1.00073,120004,129970,359.649,374.599,391.915,36.3815,37.5843,5276.85,5427.55,9.36376,4.17332,5.17766,0.941709,0.979354,173.26,119.785,4.17332,5.17766,137536
1592.0,0.753584,1.00072,0.0438672,1.00072,120012,129969,359.65,374.595,391.914,36.381,37.5847,5277.71,5427.55,9.36376,4.17341,5.1777,0.941768,0.979337,173.238,119.804,4.17341,5.1777,137535
1594.0,0.753597,1.0007,0.043868,1.0007,120018,129967,359.651,374.591,391.913,36.3801,37.5849,5278.42,5427.55,9.36376,4.17344,5.17771,0.941828,0.979321,173.227,119.821,4.17344,5.17771,137533
1596.0,0.753607,1.00069,0.0438687,1.00069,120023,129966,359.651,374.589,391.912,36.3789,37.5848,5279.02,5427.55,9.36376,4.17341,5.17768,0.941888,0.979304,173.192,119.836,4.17341,5.17768,137531
1598.0,0.753614,1.00067,0.0438694,1.00067,120025,129965,359.65,374.586,391.911,36.3773,37.5846,5279.46,5427.55,9.36376,4.17328,5.17764,0.941947,0.979288,173.136,119.847,4.17328,5.17764,137530
1600.0,0.753617,1.00066,0.0438699,1.00066,120024,129965,359.649,374.584,391.91,36.3751,37.5846,5279.69,5427.55,9.36376,4.17303,5.17764,0.942007,0.979272,173.043,119.855,4.17303,5.17764,137530
1602.0,0.753615,1.00065,0.0438702,1.00065,120019,129966,359.646,374.581,391.909,36.3721,37.5852,5279.63,5427.55,9.36376,4.17263,5.17775,0.942066,0.979255,172.953,119.858,4.17263,5.17775,137531
1604.0,0.753611,1.00065,0.0438704,1.00065,120013,129969,359.643,374.578,391.909,36.3682,37.5865,5279.26,5427.55,9.36376,4.17209,5.17796,0.942126,0.979239,172.914,119.855,4.17209,5.17796,137534
1606.0,0.753607,1.00065,0.0438702,1.00065,120006,129972,359.64,374.574,391.91,36.3638,37.5885,5278.71,5427.55,9.36376,4.17149,5.17828,0.942186,0.979222,172.906,119.853,4.17149,5.17828,137537
1608.0,0.753604,1.00065,0.04387,1.00065,120001,129975,359.637,374.569,391.91,36.3593,37.591,5278.17,5427.55,9.36376,4.17091,5.17866,0.942245,0.979205,172.934,119.85,4.17091,5.17866,137540
1610.0,0.753606,1.00065,0.0438702,1.00065,120000,129977,359.635,374.564,391.91,36.3551,37.5935,5277.73,5427.55,9.36376,4.17042,5.17904,0.942305,0.979189,173.039,119.85,4.17042,5.17904,137542
1612.0,0.753614,1.00064,0.0438705,1.00064,120003,129978,359.635,374.559,391.909,36.3517,37.5957,5277.58,5427.55,9.36376,4.17012,5.17937,0.942365,0.979172,173.17,119.858,4.17012,5.17937,137543
1614.0,0.753625,1.00063,0.0438711,1.00063,120009,129978,359.635,374.554,391.908,36.3497,37.5975,5277.92,5427.55,9.36376,4.17002,5.17961,0.942424,0.979156,173.237,119.871,4.17002,5.17961,137543
1616.0,0.753635,1.00063,0.0438716,1.00063,120014,129977,359.635,374.549,391.907,36.3484,37.5986,5278.46,5427.55,9.36376,4.16997,5.17977,0.942484,0.979139,173.16,119.887,4.16997,5.17977,137542
1618.0,0.75363,1.00064,0.0438722,1.00064,120007,129974,359.632,374.545,391.906,36.3469,37.6012,5278.91,5427.55,9.36376,4.16969,5.18012,0.942544,0.979122,172.84,119.891,4.16969,5.18012,137539
1620.0,0.75362,1.00064,0.0438727,1.00064,119997,129971,359.628,374.541,391.904,36.3422,37.605,5278.28,5427.55,9.36376,4.16901,5.18063,0.942603,0.979105,172.802,119.883,4.16901,5.18063,137536
1622.0,0.753613,1.00065,0.0438727,1.00065,119989,129968,359.624,374.537,391.902,36.3367,37.6083,5277.4,5427.55,9.36376,4.16826,5.18108,0.942663,0.979088,172.828,119.875,4.16826,5.18108,137534
1624.0,0.75361,1.00064,0.0438721,1.00064,119984,129966,359.622,374.532,391.901,36.3316,37.6116,5276.67,5427.55,9.36376,4.16762,5.18152,0.942723,0.979071,172.962,119.87,4.16762,5.18152,137532
1626.0,0.753622,1.00063,0.0438718,1.00063,119991,129965,359.622,374.526,391.9,36.3275,37.6132,5276.25,5427.55,9.36376,4.16728,5.18174,0.942782,0.979055,173.256,119.877,4.16728,5.18174,137531
1628.0,0.753637,1.00062,0.0438719,1.00062,120001,129965,359.624,374.521,391.899,36.3262,37.6134,5276.85,5427.55,9.36376,4.16732,5.18176,0.942842,0.979038,173.288,119.896,4.16732,5.18176,137530
1630.0,0.753651,1.0006,0.0438722,1.0006,120008,129964,359.625,374.517,391.898,36.3257,37.6137,5277.67,5427.55,9.36376,4.16742,5.1818,0.942902,0.979022,173.272,119.914,4.16742,5.1818,137529
1632.0,0.753662,1.00059,0.0438727,1.00059,120014,129962,359.625,374.514,391.897,36.3249,37.614,5278.36,5427.55,9.36376,4.16745,5.18182,0.942962,0.979006,173.249,119.93,4.16745,5.18182,137527
1634.0,0.753671,1.00058,0.0438732,1.00058,120018,129961,359.625,374.511,391.896,36.3237,37.6141,5278.91,5427.55,9.36376,4.1674,5.18183,0.943021,0.978989,173.208,119.943,4.1674,5.18183,137526
1636.0,0.753674,1.00057,0.0438737,1.00057,120017,129960,359.623,374.509,391.895,36.3221,37.6142,5279.29,5427.55,9.36376,4.16722,5.18184,0.943081,0.978973,173.072,119.952,4.16722,5.18184,137525
1638.0,0.753673,1.00056,0.043874,1.00056,120014,129961,359.621,374.506,391.894,36.3191,37.6146,5279.22,5427.55,9.36376,4.16684,5.1819,0.94314,0.978957,173.019,119.955,4.16684,5.1819,137526
1640.0,0.753671,1.00056,0.0438742,1.00056,120009,129963,359.618,374.503,391.894,36.3156,37.6156,5278.93,5427.55,9.36376,4.16637,5.18206,0.9432,0.97894,172.983,119.955,4.16637,5.18206,137527
1642.0,0.753668,1.00056,0.0438745,1.00056,120004,129965,359.615,374.499,391.894,36.3116,37.6172,5278.52,5427.55,9.36376,4.16585,5.18232,0.94326,0.978924,172.967,119.953,4.16585,5.18232,137530
1644.0,0.753665,1.00056,0.0438745,1.00056,119999,129968,359.613,374.495,391.894,36.3075,37.6194,5278.08,5427.55,9.36376,4.16532,5.18267,0.943319,0.978907,172.974,119.952,4.16532,5.18267,137533
1646.0,0.753665,1.00056,0.0438746,1.00056,119996,129970,359.611,374.49,391.894,36.3036,37.6219,5277.67,5427.55,9.36376,4.16484,5.18305,0.943379,0.978891,173.027,119.952,4.16484,5.18305,137535
1648.0,0.753669,1.00056,0.0438749,1.00056,119997,129972,359.609,374.485,391.894,36.3,37.6243,5277.43,5427.55,9.36376,4.16446,5.1834,0.943438,0.978874,173.103,119.955,4.16446,5.1834,137537
1650.0,0.753678,1.00055,0.0438752,1.00055,120001,129972,359.609,374.48,391.893,36.2973,37.6263,5277.45,5427.55,9.36376,4.16424,5.1837,0.943498,0.978858,173.234,119.964,4.16424,5.1837,137537
1652.0,0.75369,1.00055,0.0438756,1.00055,120008,129972,359.61,374.475,391.892,36.2956,37.6278,5277.84,5427.55,9.36376,4.1642,5.1839,0.943558,0.978841,173.299,119.978,4.1642,5.1839,137536
1654.0,0.753699,1.00055,0.0438762,1.00055,120012,129970,359.61,374.471,391.891,36.2947,37.6287,5278.48,5427.55,9.36376,4.16419,5.18402,0.943617,0.978825,173.147,119.995,4.16419,5.18402,137535
1656.0,0.753693,1.00055,0.0438766,1.00055,120005,129968,359.607,374.468,391.889,36.2931,37.631,5278.86,5427.55,9.36376,4.16389,5.18434,0.943677,0.978808,172.878,119.997,4.16389,5.18434,137533
1658.0,0.753683,1.00056,0.0438768,1.00056,119995,129966,359.602,374.464,391.888,36.2885,37.6346,5278.21,5427.55,9.36376,4.16321,5.18483,0.943737,0.978791,172.833,119.989,4.16321,5.18483,137531
1660.0,0.753675,1.00056,0.0438766,1.00056,119986,129964,359.599,374.459,391.887,36.2831,37.6379,5277.3,5427.55,9.36376,4.16246,5.18529,0.943796,0.978774,172.854,119.98,4.16246,5.18529,137529
1662.0,0.753668,1.00057,0.0438761,1.00057,119979,129963,359.595,374.454,391.886,36.278,37.6412,5276.5,5427.55,9.36376,4.16178,5.18576,0.943856,0.978757,172.873,119.973,4.16178,5.18576,137528
1664.0,0.753672,1.00056,0.0438757,1.00056,119980,129962,359.594,374.449,391.885,36.2733,37.6448,5275.84,5427.55,9.36376,4.16127,5.18625,0.943915,0.978741,173.147,119.972,4.16127,5.18625,137527
1666.0,0.753687,1.00055,0.0438754,1.00055,119989,129961,359.596,374.443,391.884,36.2705,37.6453,5275.89,5427.55,9.36376,4.16114,5.18632,0.943975,0.978724,173.33,119.986,4.16114,5.18632,137526
1668.0,0.753703,1.00054,0.0438754,1.00054,119999,129960,359.597,374.438,391.883,36.2701,37.6459,5276.71,5427.55,9.36376,4.16128,5.18639,0.944035,0.978708,173.341,120.006,4.16128,5.18639,137525
1670.0,0.753717,1.00053,0.0438757,1.00053,120008,129959,359.598,374.434,391.881,36.2698,37.6463,5277.59,5427.55,9.36376,4.16142,5.18643,0.944094,0.978692,173.332,120.024,4.16142,5.18643,137523
1672.0,0.753728,1.00052,0.0438761,1.00052,120014,129957,359.599,374.432,391.88,36.2693,37.6464,5278.36,5427.55,9.36376,4.16149,5.18643,0.944154,0.978675,173.268,120.041,4.16149,5.18643,137521
1674.0,0.753735,1.00051,0.0438765,1.00051,120016,129955,359.598,374.429,391.879,36.2682,37.6464,5278.89,5427.55,9.36376,4.16142,5.18641,0.944213,0.978659,173.206,120.052,4.16142,5.18641,137520
1676.0,0.753737,1.0005,0.043877,1.0005,120015,129955,359.596,374.427,391.878,36.2663,37.6464,5279.17,5427.55,9.36376,4.16121,5.18642,0.944273,0.978643,173.093,120.059,4.16121,5.18642,137519
1678.0,0.753735,1.0005,0.0438774,1.0005,120011,129956,359.594,374.425,391.878,36.2634,37.6471,5279.07,5427.55,9.36376,4.16082,5.18653,0.944332,0.978627,173.028,120.061,4.16082,5.18653,137520
1680.0,0.753731,1.0005,0.0438777,1.0005,120005,129958,359.591,374.422,391.878,36.2597,37.6484,5278.71,5427.55,9.36376,4.16032,5.18676,0.944392,0.97861,172.988,120.059,4.16032,5.18676,137523
1682.0,0.753727,1.0005,0.0438778,1.0005,119999,129962,359.588,374.418,391.878,36.2556,37.6506,5278.22,5427.55,9.36376,4.15977,5.1871,0.944451,0.978594,172.971,120.056,4.15977,5.1871,137526
1684.0,0.753723,1.0005,0.0438777,1.0005,119994,129965,359.585,374.413,391.878,36.2514,37.6532,5277.69,5427.55,9.36376,4.15922,5.18751,0.944511,0.978577,172.982,120.053,4.15922,5.18751,137529
1686.0,0.753722,1.00051,0.0438776,1.00051,119991,129968,359.583,374.408,391.878,36.2473,37.656,5277.2,5427.55,9.36376,4.15872,5.18794,0.94457,0.978561,173.054,120.052,4.15872,5.18794,137532
1688.0,0.753726,1.00051,0.0438776,1.00051,119992,129969,359.582,374.402,391.878,36.2439,37.6586,5276.95,5427.55,9.36376,4.15836,5.18833,0.944629,0.978544,173.14,120.055,4.15836,5.18833,137534
1690.0,0.753735,1.0005,0.0438777,1.0005,119996,129969,359.582,374.397,391.877,36.2413,37.6607,5277,5427.55,9.36376,4.15817,5.18862,0.944689,0.978528,173.253,120.064,4.15817,5.18862,137534
1692.0,0.753743,1.0005,0.043878,1.0005,120001,129968,359.582,374.393,391.876,36.2398,37.6621,5277.4,5427.55,9.36376,4.15809,5.18882,0.944748,0.978511,173.183,120.078,4.15809,5.18882,137533
1694.0,0.753742,1.00051,0.0438785,1.00051,119997,129966,359.58,374.388,391.874,36.2382,37.6645,5277.78,5427.55,9.36376,4.15786,5.18915,0.944808,0.978494,172.995,120.083,4.15786,5.18915,137530
1696.0,0.753737,1.00051,0.0438792,1.00051,119991,129963,359.577,374.384,391.873,36.2346,37.6677,5277.43,5427.55,9.36376,4.15737,5.18959,0.944867,0.978478,172.972,120.08,4.15737,5.18959,137528
1698.0,0.753734,1.00051,0.0438796,1.00051,119986,129960,359.574,374.38,391.871,36.2305,37.6705,5276.92,5427.55,9.36376,4.15684,5.18995,0.944927,0.978461,172.988,120.078,4.15684,5.18995,137525
1700.0,0.753731,1.00052,0.0438795,1.00052,119982,129958,359.572,374.375,391.87,36.2265,37.673,5276.49,5427.55,9.36376,4.15634,5.19031,0.944986,0.978444,172.984,120.076,4.15634,5.19031,137523
1702.0,0.753736,1.00051,0.0438796,1.00051,119984,129956,359.571,374.371,391.869,36.2227,37.6757,5276.1,5427.55,9.36376,4.15595,5.19066,0.945045,0.978428,173.196,120.077,4.15595,5.19066,137521
1704.0,0.753748,1.0005,0.0438796,1.0005,119991,129956,359.571,374.366,391.868,36.2203,37.6758,5276.22,5427.55,9.36376,4.15582,5.19067,0.945105,0.978412,173.299,120.09,4.15582,5.19067,137520
1706.0,0.753759,1.00049,0.0438796,1.00049,119998,129955,359.572,374.362,391.867,36.2194,37.6762,5276.83,5427.55,9.36376,4.15585,5.19072,0.945164,0.978395,173.286,120.105,4.15585,5.19072,137520
1708.0,0.753768,1.00048,0.04388,1.00048,120002,129954,359.572,374.358,391.866,36.2184,37.6766,5277.41,5427.55,9.36376,4.15584,5.19078,0.945223,0.978379,173.252,120.119,4.15584,5.19078,137519
1710.0,0.753774,1.00047,0.0438805,1.00047,120005,129954,359.571,374.355,391.865,36.217,37.6771,5277.82,5427.55,9.36376,4.15574,5.19084,0.945283,0.978363,173.19,120.129,4.15574,5.19084,137518
1712.0,0.753777,1.00047,0.043881,1.00047,120004,129953,359.57,374.352,391.864,36.2151,37.6776,5278.03,5427.55,9.36376,4.15552,5.19091,0.945342,0.978346,173.138,120.136,4.15552,5.19091,137518
1714.0,0.753778,1.00046,0.0438813,1.00046,120002,129954,359.568,374.349,391.863,36.2124,37.6782,5278,5427.55,9.36376,4.15521,5.19102,0.945401,0.97833,173.102,120.139,4.15521,5.19102,137518
1716.0,0.753777,1.00046,0.0438814,1.00046,119999,129955,359.566,374.346,391.863,36.2094,37.6793,5277.84,5427.55,9.36376,4.15483,5.19118,0.94546,0.978314,173.064,120.141,4.15483,5.19118,137519
1718.0,0.753775,1.00046,0.0438816,1.00046,119995,129957,359.564,374.342,391.863,36.206,37.6808,5277.57,5427.55,9.36376,4.1544,5.19142,0.94552,0.978298,173.041,120.141,4.1544,5.19142,137521
1720.0,0.753773,1.00046,0.0438814,1.00046,119992,129959,359.561,374.338,391.862,36.2024,37.6827,5277.22,5427.55,9.36376,4.15396,5.19173,0.945579,0.978281,173.058,120.14,4.15396,5.19173,137523
1722.0,0.753774,1.00046,0.0438811,1.00046,119991,129960,359.56,374.333,391.862,36.199,37.685,5276.92,5427.55,9.36376,4.15355,5.19206,0.945638,0.978265,173.099,120.141,4.15355,5.19206,137525
1724.0,0.753777,1.00046,0.0438812,1.00046,119991,129962,359.558,374.328,391.862,36.1959,37.6872,5276.77,5427.55,9.36376,4.15323,5.19239,0.945697,0.978248,173.15,120.145,4.15323,5.19239,137526
1726.0,0.753783,1.00046,0.0438812,1.00046,119994,129962,359.558,374.324,391.861,36.1933,37.6892,5276.8,5427.55,9.36376,4.15301,5.19269,0.945756,0.978232,173.241,120.152,4.15301,5.19269,137526
1728.0,0.753793,1.00046,0.0438813,1.00046,120000,129962,359.558,374.319,391.86,36.1914,37.6908,5277.07,5427.55,9.36376,4.1529,5.19292,0.945815,0.978216,173.285,120.163,4.1529,5.19292,137526
1730.0,0.753802,1.00045,0.0438819,1.00045,120005,129961,359.558,374.315,391.859,36.1902,37.6921,5277.52,5427.55,9.36376,4.15287,5.1931,0.945875,0.978199,173.3,120.176,4.15287,5.1931,137525
1732.0,0.753803,1.00046,0.0438826,1.00046,120002,129960,359.556,374.312,391.858,36.189,37.6931,5277.98,5427.55,9.36376,4.15271,5.19324,0.945934,0.978183,173.046,120.185,4.15271,5.19324,137524
1734.0,0.753795,1.00047,0.0438831,1.00047,119994,129959,359.553,374.308,391.857,36.1859,37.6967,5277.77,5427.55,9.36376,4.15223,5.19375,0.945993,0.978166,172.925,120.181,4.15223,5.19375,137523
1736.0,0.753787,1.00047,0.0438833,1.00047,119986,129957,359.549,374.304,391.856,36.1812,37.7,5277.02,5427.55,9.36376,4.15157,5.19422,0.946052,0.978149,172.933,120.173,4.15157,5.19422,137522
1738.0,0.753781,1.00048,0.0438828,1.00048,119979,129957,359.546,374.299,391.855,36.1764,37.7032,5276.26,5427.55,9.36376,4.15094,5.19467,0.946111,0.978133,172.964,120.167,4.15094,5.19467,137521
1740.0,0.753779,1.00048,0.0438823,1.00048,119976,129956,359.544,374.294,391.854,36.1721,37.7066,5275.68,5427.55,9.36376,4.15041,5.19514,0.94617,0.978116,173.071,120.163,4.15041,5.19514,137521
1742.0,0.753789,1.00047,0.0438819,1.00047,119982,129956,359.544,374.289,391.853,36.1686,37.7087,5275.36,5427.55,9.36376,4.15013,5.19544,0.946229,0.9781,173.309,120.17,4.15013,5.19544,137521
1744.0,0.753802,1.00047,0.0438816,1.00047,119991,129956,359.545,374.284,391.853,36.1674,37.7096,5275.86,5427.55,9.36376,4.15016,5.19557,0.946288,0.978083,173.358,120.186,4.15016,5.19557,137520
1746.0,0.753819,1.00045,0.0438816,1.00045,120001,129955,359.547,374.279,391.852,36.167,37.7103,5276.61,5427.55,9.36376,4.15031,5.19566,0.946347,0.978067,173.447,120.204,4.15031,5.19566,137519
1748.0,0.753832,1.00045,0.0438821,1.00045,120009,129954,359.548,374.276,391.85,36.1671,37.7096,5277.51,5427.55,9.36376,4.15049,5.19556,0.946406,0.978051,173.37,120.224,4.15049,5.19556,137518
1750.0,0.753839,1.00044,0.0438827,1.00044,120012,129952,359.548,374.274,391.849,36.1668,37.7101,5278.25,5427.55,9.36376,4.15052,5.19561,0.946465,0.978035,173.236,120.237,4.15052,5.19561,137517
1752.0,0.75384,1.00043,0.0438834,1.00043,120010,129952,359.546,374.272,391.848,36.1651,37.7105,5278.49,5427.55,9.36376,4.15032,5.19567,0.946523,0.978019,173.162,120.243,4.15032,5.19567,137516
1754.0,0.753838,1.00043,0.0438839,1.00043,120006,129952,359.543,374.269,391.848,36.1624,37.7112,5278.39,5427.55,9.36376,4.14996,5.19579,0.946582,0.978002,173.075,120.245,4.14996,5.19579,137517
1756.0,0.753831,1.00044,0.0438842,1.00044,119998,129954,359.54,374.266,391.848,36.159,37.7131,5278.05,5427.55,9.36376,4.14946,5.19609,0.946641,0.977986,172.96,120.241,4.14946,5.19609,137519
1758.0,0.753825,1.00044,0.0438841,1.00044,119991,129957,359.537,374.262,391.848,36.1545,37.7162,5277.34,5427.55,9.36376,4.14884,5.19656,0.9467,0.977969,173.013,120.234,4.14884,5.19656,137521
1760.0,0.753822,1.00045,0.0438837,1.00045,119988,129960,359.534,374.257,391.848,36.1502,37.7186,5276.71,5427.55,9.36376,4.1483,5.19694,0.946758,0.977953,173.071,120.231,4.1483,5.19694,137524
1762.0,0.753823,1.00045,0.0438833,1.00045,119986,129962,359.533,374.252,391.848,36.1466,37.7212,5276.35,5427.55,9.36376,4.14789,5.19735,0.946817,0.977936,173.131,120.232,4.14789,5.19735,137527
1764.0,0.753827,1.00045,0.043883,1.00045,119988,129964,359.532,374.247,391.847,36.1437,37.7238,5276.21,5427.55,9.36376,4.1476,5.19773,0.946876,0.97792,173.214,120.236,4.1476,5.19773,137528
1766.0,0.753837,1.00045,0.0438829,1.00045,119994,129964,359.532,374.242,391.847,36.1415,37.7259,5276.33,5427.55,9.36376,4.14748,5.19802,0.946935,0.977904,173.337,120.246,4.14748,5.19802,137528
1768.0,0.75385,1.00044,0.043883,1.00044,120001,129963,359.533,374.237,391.846,36.1405,37.7273,5276.83,5427.55,9.36376,4.14751,5.19822,0.946993,0.977887,173.392,120.261,4.14751,5.19822,137527
1770.0,0.753855,1.00045,0.0438836,1.00045,120003,129961,359.532,374.234,391.844,36.14,37.7281,5277.51,5427.55,9.36376,4.1475,5.19833,0.947052,0.977871,173.177,120.274,4.1475,5.19833,137525
1772.0,0.753851,1.00045,0.0438842,1.00045,119998,129959,359.53,374.23,391.843,36.138,37.7309,5277.63,5427.55,9.36376,4.14721,5.19872,0.94711,0.977854,173.055,120.275,4.14721,5.19872,137523
1774.0,0.753846,1.00045,0.0438847,1.00045,119992,129957,359.527,374.227,391.842,36.1344,37.7334,5277.22,5427.55,9.36376,4.14671,5.19905,0.947169,0.977838,173.026,120.272,4.14671,5.19905,137521
1776.0,0.753841,1.00046,0.043885,1.00046,119987,129955,359.524,374.223,391.84,36.1304,37.7358,5276.7,5427.55,9.36376,4.14618,5.19939,0.947228,0.977821,173.01,120.268,4.14618,5.19939,137520
1778.0,0.753836,1.00046,0.0438847,1.00046,119981,129955,359.521,374.218,391.84,36.1263,37.7385,5276.17,5427.55,9.36376,4.14564,5.19977,0.947286,0.977805,173.006,120.264,4.14564,5.19977,137519
1780.0,0.753837,1.00046,0.0438845,1.00046,119980,129955,359.519,374.213,391.839,36.1223,37.7415,5275.64,5427.55,9.36376,4.14518,5.2002,0.947345,0.977788,173.183,120.262,4.14518,5.2002,137519
1782.0,0.753847,1.00045,0.0438843,1.00045,119986,129955,359.52,374.208,391.838,36.1196,37.7424,5275.56,5427.55,9.36376,4.145,5.20034,0.947403,0.977772,173.33,120.271,4.145,5.20034,137520
1784.0,0.753859,1.00045,0.043883,1.00045,119993,129955,359.52,374.2,391.837,36.1185,37.7435,5276.07,5427.55,9.36376,4.14502,5.20049,0.947462,0.977756,173.35,120.285,4.14502,5.20049,137520
1786.0,0.753869,1.00044,0.0438838,1.00044,119999,129955,359.521,374.196,391.836,36.1178,37.7444,5276.65,5427.55,9.36376,4.14506,5.20063,0.94752,0.977739,173.346,120.299,4.14506,5.20063,137519
1788.0,0.753878,1.00043,0.0438846,1.00043,120004,129953,359.521,374.193,391.835,36.1169,37.7452,5277.18,5427.55,9.36376,4.14506,5.20072,0.947579,0.977723,173.327,120.312,4.14506,5.20072,137518
1790.0,0.753883,1.00043,0.0438853,1.00043,120006,129953,359.52,374.19,391.834,36.1158,37.7457,5277.61,5427.55,9.36376,4.14498,5.2008,0.947637,0.977707,173.249,120.322,4.14498,5.2008,137517
1792.0,0.753885,1.00042,0.0438859,1.00042,120005,129952,359.519,374.187,391.834,36.1139,37.7463,5277.76,5427.55,9.36376,4.14477,5.20088,0.947695,0.977691,173.196,120.328,4.14477,5.20088,137517
1794.0,0.753885,1.00042,0.0438863,1.00042,120002,129953,359.517,374.184,391.833,36.1114,37.7471,5277.71,5427.55,9.36376,4.14447,5.20101,0.947753,0.977675,173.151,120.33,4.14447,5.20101,137517
1796.0,0.753883,1.00042,0.0438866,1.00042,119999,129955,359.514,374.181,391.833,36.1085,37.7484,5277.5,5427.55,9.36376,4.14408,5.20122,0.947812,0.977658,173.113,120.331,4.14408,5.20122,137519
1798.0,0.75388,1.00042,0.0438866,1.00042,119995,129957,359.512,374.177,391.833,36.1052,37.7502,5277.17,5427.55,9.36376,4.14365,5.20151,0.94787,0.977642,173.095,120.33,4.14365,5.20151,137521
1800.0,0.753878,1.00043,0.0438863,1.00043,119991,129959,359.51,374.173,391.833,36.1017,37.7524,5276.78,5427.55,9.36376,4.14322,5.20185,0.947928,0.977626,173.119,120.328,4.14322,5.20185,137524
1802.0,0.753879,1.00043,0.043886,1.00043,119990,129961,359.508,374.168,391.832,36.0984,37.7548,5276.47,5427.55,9.36376,4.14284,5.20222,0.947986,0.977609,173.169,120.329,4.14284,5.20222,137526
1804.0,0.753882,1.00043,0.043886,1.00043,119991,129962,359.507,374.164,391.832,36.0956,37.7572,5276.33,5427.55,9.36376,4.14255,5.20257,0.948044,0.977593,173.229,120.333,4.14255,5.20257,137527
1806.0,0.753889,1.00043,0.043886,1.00043,119994,129962,359.507,374.159,391.831,36.0934,37.7592,5276.38,5427.55,9.36376,4.14238,5.20286,0.948103,0.977577,173.326,120.34,4.14238,5.20286,137527
1808.0,0.753897,1.00043,0.043886,1.00043,119998,129962,359.507,374.155,391.83,36.092,37.7608,5276.69,5427.55,9.36376,4.1423,5.20309,0.948161,0.97756,173.28,120.353,4.1423,5.20309,137526
1810.0,0.753897,1.00043,0.0438865,1.00043,119996,129961,359.505,374.151,391.829,36.0907,37.7631,5277.06,5427.55,9.36376,4.14214,5.20341,0.948219,0.977544,173.13,120.358,4.14214,5.20341,137525
1812.0,0.753895,1.00044,0.0438871,1.00044,119992,129959,359.502,374.147,391.828,36.0877,37.7659,5276.85,5427.55,9.36376,4.14176,5.2038,0.948277,0.977527,173.114,120.358,4.14176,5.2038,137523
1814.0,0.753893,1.00044,0.0438876,1.00044,119989,129957,359.5,374.143,391.827,36.0844,37.7683,5276.51,5427.55,9.36376,4.14135,5.20413,0.948335,0.977511,173.129,120.357,4.14135,5.20413,137522
1816.0,0.753892,1.00044,0.0438877,1.00044,119987,129956,359.498,374.139,391.826,36.0812,37.7708,5276.22,5427.55,9.36376,4.14096,5.20448,0.948393,0.977494,173.138,120.357,4.14096,5.20448,137521
1818.0,0.753894,1.00044,0.0438876,1.00044,119987,129955,359.497,374.135,391.825,36.0782,37.7732,5276.01,5427.55,9.36376,4.14063,5.20482,0.948451,0.977478,173.215,120.359,4.14063,5.20482,137520
1820.0,0.753904,1.00044,0.0438874,1.00044,119993,129955,359.497,374.131,391.824,36.0757,37.7747,5275.96,5427.55,9.36376,4.14047,5.20503,0.948509,0.977461,173.383,120.368,4.14047,5.20503,137520
1822.0,0.753915,1.00043,0.0438875,1.00043,120000,129955,359.498,374.126,391.823,36.0749,37.7754,5276.48,5427.55,9.36376,4.1405,5.20514,0.948566,0.977445,173.379,120.382,4.1405,5.20514,137520
1824.0,0.753923,1.00042,0.0438879,1.00042,120004,129955,359.498,374.123,391.822,36.0742,37.7763,5277.06,5427.55,9.36376,4.14053,5.20527,0.948624,0.977429,173.336,120.395,4.14053,5.20527,137520
1826.0,0.753929,1.00042,0.0438884,1.00042,120007,129955,359.498,374.12,391.822,36.0731,37.7769,5277.48,5427.55,9.36376,4.14047,5.20536,0.948682,0.977413,173.305,120.404,4.14047,5.20536,137519
1828.0,0.753933,1.00041,0.0438888,1.00041,120008,129955,359.497,374.117,391.821,36.0715,37.7775,5277.73,5427.55,9.36376,4.14032,5.20545,0.94874,0.977397,173.273,120.412,4.14032,5.20545,137520
1830.0,0.753936,1.00041,0.043889,1.00041,120007,129956,359.495,374.114,391.82,36.0695,37.7783,5277.81,5427.55,9.36376,4.1401,5.20557,0.948798,0.977381,173.241,120.417,4.1401,5.20557,137520
1832.0,0.753936,1.00041,0.0438892,1.00041,120005,129957,359.493,374.111,391.82,36.0672,37.7793,5277.77,5427.55,9.36376,4.13983,5.20574,0.948855,0.977364,173.208,120.42,4.13983,5.20574,137522
1834.0,0.753935,1.00041,0.0438893,1.00041,120002,129959,359.491,374.108,391.82,36.0646,37.7808,5277.63,5427.55,9.36376,4.1395,5.20597,0.948913,0.977348,173.176,120.421,4.1395,5.20597,137524
1836.0,0.753934,1.00041,0.0438892,1.00041,120000,129962,359.489,374.104,391.82,36.0616,37.7826,5277.37,5427.55,9.36376,4.13913,5.20626,0.94897,0.977332,173.184,120.422,4.13913,5.20626,137526
1838.0,0.753935,1.00041,0.0438888,1.00041,119998,129964,359.488,374.1,391.82,36.0587,37.7846,5277.13,5427.55,9.36376,4.13879,5.20658,0.949028,0.977316,173.222,120.423,4.13879,5.20658,137528
1840.0,0.753938,1.00041,0.0438884,1.00041,119999,129965,359.487,374.095,391.819,36.0561,37.7868,5277,5427.55,9.36376,4.13852,5.20691,0.949085,0.977299,173.272,120.427,4.13852,5.20691,137530
1842.0,0.753944,1.00041,0.0438882,1.00041,120001,129966,359.486,374.091,391.819,36.0539,37.7888,5277.04,5427.55,9.36376,4.13833,5.2072,0.949143,0.977283,173.322,120.434,4.13833,5.2072,137531
1844.0,0.753951,1.00041,0.0438882,1.00041,120005,129967,359.486,374.087,391.818,36.0523,37.7905,5277.24,5427.55,9.36376,4.13823,5.20745,0.949201,0.977267,173.381,120.443,4.13823,5.20745,137531
1846.0,0.753957,1.00041,0.0438886,1.00041,120007,129967,359.485,374.083,391.817,36.0511,37.7918,5277.58,5427.55,9.36376,4.13815,5.20766,0.949258,0.977251,173.299,120.453,4.13815,5.20766,137531
1848.0,0.753956,1.00042,0.043889,1.00042,120004,129966,359.483,374.08,391.817,36.0495,37.7939,5277.8,5427.55,9.36376,4.13793,5.20796,0.949315,0.977234,173.161,120.457,4.13793,5.20796,137531
1850.0,0.753952,1.00042,0.0438895,1.00042,119999,129965,359.48,374.076,391.815,36.0465,37.7967,5277.51,5427.55,9.36376,4.13753,5.20835,0.949373,0.977218,173.139,120.455,4.13753,5.20835,137530
1852.0,0.753949,1.00042,0.0438897,1.00042,119995,129964,359.478,374.072,391.815,36.0431,37.7993,5277.07,5427.55,9.36376,4.13708,5.20872,0.94943,0.977201,173.159,120.453,4.13708,5.20872,137529
1854.0,0.753948,1.00043,0.0438897,1.00043,119992,129964,359.476,374.068,391.814,36.0398,37.8018,5276.72,5427.55,9.36376,4.13668,5.20908,0.949487,0.977185,173.17,120.453,4.13668,5.20908,137529
1856.0,0.753947,1.00043,0.0438897,1.00043,119990,129964,359.474,374.063,391.813,36.0368,37.8043,5276.44,5427.55,9.36376,4.13631,5.20944,0.949545,0.977168,173.185,120.453,4.13631,5.20944,137528
1858.0,0.753952,1.00043,0.0438897,1.00043,119992,129963,359.473,374.058,391.812,36.0339,37.8069,5276.22,5427.55,9.36376,4.13604,5.2098,0.949602,0.977152,173.336,120.456,4.13604,5.2098,137528
1860.0,0.753964,1.00042,0.0438895,1.00042,119999,129963,359.474,374.054,391.811,36.0322,37.8075,5276.39,5427.55,9.36376,4.13599,5.20989,0.949659,0.977136,173.47,120.468,4.13599,5.20989,137528
1862.0,0.753976,1.00041,0.0438896,1.00041,120007,129962,359.475,374.05,391.81,36.0319,37.8081,5277.05,5427.55,9.36376,4.1361,5.20997,0.949716,0.97712,173.467,120.484,4.1361,5.20997,137527
1864.0,0.753986,1.00041,0.0438902,1.00041,120012,129962,359.475,374.047,391.809,36.0317,37.8086,5277.73,5427.55,9.36376,4.1362,5.21003,0.949773,0.977104,173.432,120.498,4.1362,5.21003,137526
1866.0,0.753992,1.0004,0.0438908,1.0004,120014,129961,359.475,374.044,391.808,36.031,37.8089,5278.24,5427.55,9.36376,4.13618,5.21008,0.94983,0.977087,173.349,120.509,4.13618,5.21008,137525
1868.0,0.753994,1.00039,0.0438913,1.00039,120014,129961,359.473,374.042,391.808,36.0296,37.8093,5278.44,5427.55,9.36376,4.13602,5.21014,0.949887,0.977071,173.3,120.515,4.13602,5.21014,137525
1870.0,0.753995,1.00039,0.0438917,1.00039,120012,129962,359.472,374.039,391.807,36.0275,37.8099,5278.45,5427.55,9.36376,4.13578,5.21024,0.949944,0.977055,173.256,120.519,4.13578,5.21024,137526
1872.0,0.753994,1.00039,0.0438919,1.00039,120009,129963,359.47,374.036,391.807,36.025,37.8109,5278.31,5427.55,9.36376,4.13545,5.21042,0.950001,0.977039,173.219,120.52,4.13545,5.21042,137528
1874.0,0.753991,1.00039,0.043892,1.00039,120005,129966,359.467,374.032,391.807,36.0221,37.8125,5278.05,5427.55,9.36376,4.13507,5.21067,0.950058,0.977023,173.191,120.519,4.13507,5.21067,137530
1876.0,0.753988,1.00039,0.0438917,1.00039,120001,129968,359.465,374.028,391.807,36.019,37.8146,5277.69,5427.55,9.36376,4.13466,5.211,0.950115,0.977007,173.201,120.517,4.13466,5.211,137533
1878.0,0.753988,1.0004,0.0438912,1.0004,119999,129970,359.463,374.024,391.807,36.0158,37.8168,5277.34,5427.55,9.36376,4.13429,5.21135,0.950172,0.97699,173.251,120.517,4.13429,5.21135,137535
1880.0,0.753991,1.0004,0.043891,1.0004,119999,129972,359.462,374.019,391.806,36.0132,37.8191,5277.16,5427.55,9.36376,4.13402,5.21169,0.950229,0.976974,173.314,120.521,4.13402,5.21169,137536
1882.0,0.753997,1.0004,0.043891,1.0004,120002,129972,359.461,374.015,391.806,36.0112,37.821,5277.2,5427.55,9.36376,4.13385,5.21197,0.950285,0.976958,173.376,120.527,4.13385,5.21197,137537
1884.0,0.754005,1.0004,0.0438909,1.0004,120006,129972,359.461,374.01,391.805,36.0097,37.8226,5277.43,5427.55,9.36376,4.13378,5.2122,0.950342,0.976942,173.392,120.538,4.13378,5.2122,137537
1886.0,0.754008,1.0004,0.0438913,1.0004,120006,129971,359.46,374.006,391.804,36.0088,37.8244,5277.81,5427.55,9.36376,4.13368,5.21246,0.950399,0.976925,173.29,120.546,4.13368,5.21246,137536
1888.0,0.754007,1.0004,0.0438919,1.0004,120004,129970,359.458,374.003,391.803,36.0067,37.8266,5277.82,5427.55,9.36376,4.13343,5.21276,0.950455,0.976909,173.245,120.548,4.13343,5.21276,137534
1890.0,0.754006,1.0004,0.0438925,1.0004,120001,129968,359.456,373.999,391.801,36.0041,37.8287,5277.62,5427.55,9.36376,4.1331,5.21305,0.950512,0.976893,173.237,120.549,4.1331,5.21305,137533
1892.0,0.754005,1.0004,0.0438928,1.0004,119998,129967,359.454,373.995,391.8,36.0013,37.8306,5277.38,5427.55,9.36376,4.13275,5.21331,0.950569,0.976876,173.222,120.549,4.13275,5.21331,137532
1894.0,0.754004,1.00041,0.0438929,1.00041,119996,129967,359.452,373.991,391.799,35.9985,37.8325,5277.13,5427.55,9.36376,4.13241,5.2136,0.950625,0.97686,173.229,120.55,4.13241,5.2136,137531
1896.0,0.754007,1.0004,0.0438927,1.0004,119996,129966,359.451,373.987,391.799,35.9957,37.8347,5276.89,5427.55,9.36376,4.13211,5.21389,0.950682,0.976844,173.325,120.551,4.13211,5.21389,137531
1898.0,0.754014,1.0004,0.0438925,1.0004,120000,129966,359.451,373.982,391.798,35.9936,37.8356,5276.9,5427.55,9.36376,4.13196,5.21403,0.950738,0.976828,173.434,120.559,4.13196,5.21403,137531
1900.0,0.754024,1.00039,0.0438926,1.00039,120005,129966,359.451,373.978,391.797,35.9926,37.8363,5277.25,5427.55,9.36376,4.13195,5.21414,0.950794,0.976812,173.456,120.571,4.13195,5.21414,137531
1902.0,0.754032,1.00039,0.043893,1.00039,120009,129966,359.451,373.975,391.796,35.9919,37.8371,5277.74,5427.55,9.36376,4.13196,5.21425,0.950851,0.976795,173.437,120.583,4.13196,5.21425,137530
1904.0,0.754038,1.00038,0.0438936,1.00038,120010,129965,359.45,373.971,391.795,35.991,37.8378,5278.06,5427.55,9.36376,4.13189,5.21435,0.950907,0.976779,173.411,120.592,4.13189,5.21435,137530
1906.0,0.754042,1.00038,0.043894,1.00038,120010,129965,359.449,373.968,391.795,35.9897,37.8384,5278.2,5427.55,9.36376,4.13177,5.21445,0.950963,0.976763,173.384,120.6,4.13177,5.21445,137530
1908.0,0.754044,1.00037,0.0438942,1.00037,120009,129966,359.447,373.965,391.794,35.9881,37.8392,5278.23,5427.55,9.36376,4.13157,5.21457,0.95102,0.976747,173.325,120.605,4.13157,5.21457,137530
1910.0,0.754044,1.00037,0.0438944,1.00037,120006,129966,359.445,373.962,391.794,35.986,37.8402,5278.1,5427.55,9.36376,4.1313,5.21472,0.951076,0.976731,173.297,120.608,4.1313,5.21472,137531
1912.0,0.754043,1.00037,0.0438943,1.00037,120002,129968,359.443,373.958,391.793,35.9836,37.8415,5277.84,5427.55,9.36376,4.13098,5.21493,0.951132,0.976715,173.29,120.609,4.13098,5.21493,137532
1914.0,0.754044,1.00037,0.0438938,1.00037,120000,129969,359.441,373.954,391.793,35.981,37.8431,5277.56,5427.55,9.36376,4.13067,5.21518,0.951188,0.976699,173.312,120.61,4.13067,5.21518,137534
1916.0,0.754047,1.00037,0.0438933,1.00037,120000,129971,359.44,373.95,391.792,35.9786,37.8449,5277.36,5427.55,9.36376,4.13042,5.21545,0.951244,0.976683,173.385,120.614,4.13042,5.21545,137535
1918.0,0.754053,1.00037,0.0438929,1.00037,120002,129971,359.439,373.946,391.792,35.9768,37.8467,5277.4,5427.55,9.36376,4.13027,5.21572,0.9513,0.976667,173.433,120.621,4.13027,5.21572,137536
1920.0,0.754061,1.00037,0.0438928,1.00037,120005,129972,359.439,373.942,391.791,35.9755,37.8483,5277.57,5427.55,9.36376,4.1302,5.21597,0.951356,0.97665,173.468,120.631,4.1302,5.21597,137536
1922.0,0.754068,1.00037,0.0438918,1.00037,120008,129971,359.439,373.934,391.791,35.9746,37.8497,5277.84,5427.55,9.36376,4.13016,5.21617,0.951412,0.976634,173.472,120.641,4.13016,5.21617,137536
1924.0,0.754082,1.00037,0.0438889,1.00037,120016,129971,359.44,373.931,391.79,35.9737,37.8509,5278.13,5427.55,9.36376,4.13021,5.21633,0.951468,0.976618,173.588,120.655,4.13021,5.21633,137535
1926.0,0.754084,1.00037,0.0438915,1.00037,120015,129970,359.438,373.928,391.789,35.974,37.8518,5278.84,5427.55,9.36376,4.13024,5.21647,0.951524,0.976602,173.323,120.667,4.13024,5.21647,137535
1928.0,0.754078,1.00038,0.0438929,1.00038,120007,129970,359.435,373.924,391.788,35.9721,37.8542,5278.76,5427.55,9.36376,4.12991,5.21681,0.951579,0.976586,173.201,120.665,4.12991,5.21681,137534
1930.0,0.75407,1.00038,0.0438937,1.00038,119999,129970,359.431,373.921,391.787,35.9685,37.8566,5278.11,5427.55,9.36376,4.12938,5.21716,0.951635,0.976569,173.177,120.658,4.12938,5.21716,137534
1932.0,0.754064,1.00038,0.0438937,1.00038,119992,129970,359.428,373.916,391.786,35.9646,37.8591,5277.37,5427.55,9.36376,4.12882,5.21752,0.951691,0.976553,173.193,120.652,4.12882,5.21752,137535
1934.0,0.754059,1.00039,0.0438935,1.00039,119987,129971,359.425,373.911,391.786,35.9609,37.8617,5276.72,5427.55,9.36376,4.12833,5.21792,0.951746,0.976536,173.228,120.647,4.12833,5.21792,137535
1936.0,0.754059,1.00039,0.0438932,1.00039,119984,129971,359.423,373.906,391.785,35.9576,37.8645,5276.23,5427.55,9.36376,4.12793,5.21832,0.951802,0.97652,173.325,120.646,4.12793,5.21832,137536
1938.0,0.754068,1.00039,0.0438929,1.00039,119989,129971,359.423,373.9,391.784,35.9551,37.8663,5276.01,5427.55,9.36376,4.12775,5.21858,0.951858,0.976504,173.516,120.652,4.12775,5.21858,137535
1940.0,0.75408,1.00038,0.043893,1.00038,119997,129970,359.424,373.895,391.783,35.9544,37.8672,5276.43,5427.55,9.36376,4.12782,5.21869,0.951913,0.976488,173.577,120.667,4.12782,5.21869,137534
1942.0,0.754093,1.00037,0.0438934,1.00037,120005,129968,359.425,373.891,391.782,35.9545,37.8676,5277.11,5427.55,9.36376,4.12799,5.21873,0.951969,0.976472,173.591,120.683,4.12799,5.21873,137532
1944.0,0.754105,1.00036,0.0438942,1.00036,120011,129966,359.426,373.888,391.781,35.9547,37.8675,5277.79,5427.55,9.36376,4.12814,5.2187,0.952024,0.976456,173.586,120.698,4.12814,5.2187,137530
1946.0,0.754114,1.00035,0.0438952,1.00035,120016,129964,359.426,373.885,391.779,35.9547,37.8671,5278.4,5427.55,9.36376,4.12824,5.21863,0.952079,0.97644,173.53,120.712,4.12824,5.21863,137528
1948.0,0.754118,1.00035,0.0438961,1.00035,120017,129963,359.425,373.883,391.778,35.9542,37.8667,5278.81,5427.55,9.36376,4.12821,5.21857,0.952135,0.976424,173.452,120.721,4.12821,5.21857,137527
1950.0,0.754117,1.00034,0.0438967,1.00034,120014,129963,359.423,373.881,391.778,35.9528,37.8667,5278.93,5427.55,9.36376,4.12802,5.21859,0.95219,0.976408,173.338,120.725,4.12802,5.21859,137527
1952.0,0.754113,1.00034,0.0438971,1.00034,120008,129964,359.42,373.878,391.777,35.9503,37.8674,5278.67,5427.55,9.36376,4.12766,5.2187,0.952245,0.976392,173.271,120.723,4.12766,5.2187,137529
1954.0,0.754107,1.00034,0.043897,1.00034,120001,129967,359.417,373.874,391.777,35.9472,37.8688,5278.18,5427.55,9.36376,4.1272,5.21894,0.9523,0.976376,173.245,120.719,4.1272,5.21894,137531
1956.0,0.754101,1.00035,0.0438965,1.00035,119995,129969,359.414,373.87,391.777,35.9437,37.8708,5277.6,5427.55,9.36376,4.12672,5.21926,0.952355,0.97636,173.234,120.714,4.12672,5.21926,137534
1958.0,0.754098,1.00035,0.043896,1.00035,119991,129972,359.412,373.865,391.777,35.9402,37.8732,5277.03,5427.55,9.36376,4.12626,5.21963,0.95241,0.976344,173.287,120.709,4.12626,5.21963,137536
1960.0,0.754098,1.00035,0.0438955,1.00035,119990,129973,359.41,373.86,391.777,35.9372,37.8756,5276.63,5427.55,9.36376,4.12592,5.22,0.952466,0.976328,173.375,120.709,4.12592,5.22,137538
1962.0,0.754104,1.00035,0.0438953,1.00035,119993,129974,359.41,373.854,391.776,35.935,37.8777,5276.54,5427.55,9.36376,4.12574,5.2203,0.952521,0.976311,173.489,120.714,4.12574,5.2203,137538
1964.0,0.754085,1.00044,0.0438951,1.00044,119976,129973,359.404,373.848,391.775,35.9339,37.8792,5276.79,5427.55,9.36376,4.12534,5.22062,0.952575,0.976293,172.353,120.725,4.12534,5.22062,137538
1966.0,0.753969,1.00056,0.043894,1.00056,119887,129964,359.377,373.838,391.772,35.9276,37.8992,5275.29,5427.55,9.36376,4.12313,5.22344,0.95263,0.976272,170.679,120.638,4.12313,5.22344,137530
1968.0,0.753876,1.00065,0.0438921,1.00065,119817,129951,359.356,373.825,391.767,35.902,37.925,5267.24,5427.55,9.36376,4.11901,5.22698,0.952685,0.976252,171.389,120.509,4.11901,5.22698,137517
1970.0,0.753827,1.00071,0.0438887,1.00071,119783,129936,359.345,373.81,391.762,35.8805,37.9444,5260.72,5427.55,9.36376,4.11598,5.2296,0.95274,0.976232,172.093,120.433,4.11598,5.2296,137504
1972.0,0.753806,1.00076,0.0438841,1.00076,119771,129920,359.34,373.791,391.756,35.8678,37.9607,5257.38,5427.55,9.36376,4.11434,5.23175,0.952795,0.976211,172.509,120.398,4.11434,5.23175,137488
1974.0,0.753806,1.00078,0.0438792,1.00078,119775,129901,359.34,373.772,391.75,35.8605,37.9734,5255.9,5427.55,9.36376,4.11359,5.23337,0.952851,0.976192,172.927,120.387,4.11359,5.23337,137469
1976.0,0.753832,1.00077,0.0438756,1.00077,119800,129878,359.346,373.758,391.743,35.8574,37.9807,5255.9,5427.55,9.36376,4.11368,5.23414,0.952906,0.976173,173.492,120.404,4.11368,5.23414,137446
1978.0,0.753876,1.00073,0.0438741,1.00073,119837,129852,359.356,373.748,391.734,35.8596,37.9815,5257.72,5427.55,9.36376,4.11459,5.23397,0.952961,0.976156,173.843,120.446,4.11459,5.23397,137420
1980.0,0.753922,1.00069,0.0438745,1.00069,119875,129826,359.365,373.744,391.726,35.8654,37.9772,5260.69,5427.55,9.36376,4.11591,5.23309,0.953017,0.976139,173.873,120.501,4.11591,5.23309,137394
1982.0,0.75395,1.00066,0.0438765,1.00066,119898,129802,359.371,373.744,391.718,35.8717,37.9715,5263.79,5427.55,9.36376,4.11705,5.23206,0.953072,0.976121,173.471,120.547,4.11705,5.23206,137369
1984.0,0.753941,1.00067,0.0438787,1.00067,119892,129783,359.368,373.745,391.712,35.8746,37.9692,5265.64,5427.55,9.36376,4.1173,5.23159,0.953126,0.976103,172.656,120.561,4.1173,5.23159,137350
1986.0,0.753889,1.00073,0.0438805,1.00073,119853,129770,359.356,373.746,391.707,35.8701,37.9742,5264.93,5427.55,9.36376,4.11614,5.23222,0.953181,0.976084,171.73,120.528,4.11614,5.23222,137338
1988.0,0.753885,1.00066,0.0438817,1.00066,119852,129765,359.354,373.746,391.705,35.8569,37.9882,5261.25,5427.55,9.36376,4.11463,5.23403,0.953236,0.976068,173.295,120.479,4.11463,5.23403,137333
1990.0,0.753983,1.00052,0.0438828,1.00052,119930,129774,359.375,373.747,391.707,35.8532,37.977,5260.92,5427.55,9.36376,4.11555,5.23245,0.953291,0.976055,175.324,120.539,4.11555,5.23245,137341
1992.0,0.754069,1.00046,0.0438837,1.00046,119996,129792,359.393,373.748,391.712,35.87,37.9521,5267.67,5427.55,9.36376,4.11863,5.22913,0.953346,0.97604,174.707,120.659,4.11863,5.22913,137358
1994.0,0.754119,1.0004,0.0438854,1.0004,120032,129811,359.402,373.751,391.717,35.8847,37.9412,5273.49,5427.55,9.36376,4.12095,5.22777,0.9534,0.976026,174.16,120.734,4.12095,5.22777,137377
1996.0,0.754151,1.00035,0.0438884,1.00035,120054,129831,359.407,373.758,391.721,35.8922,37.9318,5276.69,5427.55,9.36376,4.12221,5.22661,0.953454,0.976012,173.988,120.779,4.12221,5.22661,137396
1998.0,0.754178,1.00031,0.0438923,1.00031,120071,129850,359.411,373.767,391.726,35.8965,37.9231,5278.73,5427.55,9.36376,4.12301,5.22556,0.953509,0.975998,173.942,120.813,4.12301,5.22556,137415
2000.0,0.754202,1.00026,0.0438963,1.00026,120086,129872,359.414,373.776,391.732,35.8997,37.9151,5280.37,5427.55,9.36376,4.12365,5.22464,0.953563,0.975984,173.942,120.844,4.12365,5.22464,137436
2002.0,0.754224,1.00023,0.0438998,1.00023,120099,129898,359.417,373.782,391.739,35.9024,37.9082,5281.84,5427.55,9.36376,4.12421,5.22391,0.953617,0.97597,173.949,120.871,4.12421,5.22391,137462
2004.0,0.754246,1.0002,0.0439023,1.0002,120112,129927,359.419,373.787,391.747,35.9048,37.9024,5283.15,5427.55,9.36376,4.12472,5.22338,0.95367,0.975957,173.987,120.898,4.12472,5.22338,137491
2006.0,0.754268,1.00017,0.043904,1.00017,120124,129958,359.421,373.79,391.755,35.9073,37.8974,5284.46,5427.55,9.36376,4.12522,5.22298,0.953724,0.975943,174.014,120.924,4.12522,5.22298,137522
2008.0,0.75429,1.00015,0.0439052,1.00015,120136,129989,359.424,373.793,391.763,35.9097,37.893,5285.75,5427.55,9.36376,4.12573,5.22266,0.953778,0.975929,174.069,120.951,4.12573,5.22266,137552
2010.0,0.754313,1.00013,0.0439062,1.00013,120149,130017,359.426,373.794,391.771,35.9124,37.8889,5287.07,5427.55,9.36376,4.12627,5.22236,0.953832,0.975915,174.102,120.979,4.12627,5.22236,137580
2012.0,0.754334,1.00011,0.0439073,1.00011,120159,130042,359.428,373.795,391.777,35.9151,37.8849,5288.42,5427.55,9.36376,4.12679,5.22204,0.953885,0.975902,174.113,121.005,4.12679,5.22204,137604
2014.0,0.754358,1.00008,0.0439084,1.00008,120171,130063,359.43,373.796,391.783,35.9177,37.8811,5289.64,5427.55,9.36376,4.1273,5.2217,0.953939,0.975888,174.168,121.033,4.1273,5.2217,137626
2016.0,0.754382,1.00006,0.0439097,1.00006,120183,130082,359.432,373.797,391.787,35.9207,37.8769,5290.98,5427.55,9.36376,4.12786,5.22129,0.953992,0.975875,174.276,121.06,4.12786,5.22129,137644
2018.0,0.754404,1.00003,0.0439111,1.00003,120194,130099,359.434,373.799,391.792,35.9238,37.8724,5292.35,5427.55,9.36376,4.12843,5.22082,0.954045,0.975861,174.25,121.089,4.12843,5.22082,137661
2020.0,0.754428,1.00001,0.0439126,1.00001,120205,130114,359.436,373.8,391.795,35.9268,37.8676,5293.62,5427.55,9.36376,4.12897,5.22029,0.954099,0.975848,174.336,121.116,4.12897,5.22029,137676
2022.0,0.75445,0.999982,0.043914,0.999982,120215,130128,359.438,373.8,391.799,35.93,37.8626,5294.96,5427.55,9.36376,4.12953,5.21972,0.954152,0.975834,174.353,121.144,4.12953,5.21972,137690
2024.0,0.754473,0.999956,0.0439154,0.999956,120225,130142,359.44,373.801,391.802,35.9331,37.8575,5296.22,5427.55,9.36376,4.13008,5.21914,0.954205,0.975821,174.371,121.172,4.13008,5.21914,137703
2026.0,0.754495,0.999932,0.0439168,0.999932,120234,130155,359.441,373.802,391.805,35.9364,37.8525,5297.52,5427.55,9.36376,4.13063,5.21855,0.954258,0.975808,174.371,121.2,4.13063,5.21855,137716
2028.0,0.754515,0.999908,0.0439181,0.999908,120241,130168,359.442,373.803,391.808,35.9394,37.8474,5298.7,5427.55,9.36376,4.13111,5.21796,0.954311,0.975795,174.37,121.225,4.13111,5.21796,137729
2030.0,0.754533,0.999885,0.0439194,0.999885,120247,130180,359.442,373.803,391.811,35.9421,37.8424,5299.76,5427.55,9.36376,4.13154,5.21737,0.954364,0.975782,174.373,121.248,4.13154,5.21737,137741
2032.0,0.75455,0.999862,0.0439206,0.999862,120251,130192,359.443,373.803,391.814,35.9445,37.8374,5300.71,5427.55,9.36376,4.13193,5.21679,0.954417,0.975769,174.377,121.27,4.13193,5.21679,137752
2034.0,0.754567,0.99984,0.0439219,0.99984,120256,130203,359.443,373.803,391.817,35.9468,37.8325,5301.57,5427.55,9.36376,4.13229,5.21621,0.954469,0.975756,174.413,121.291,4.13229,5.21621,137764
2036.0,0.754599,0.999768,0.0439232,0.999768,120272,130214,359.446,373.803,391.819,35.9492,37.8276,5302.44,5427.55,9.36376,4.13284,5.21557,0.954522,0.975745,175.023,121.313,4.13284,5.21557,137774
2038.0,0.754642,0.999751,0.0439246,0.999751,120296,130227,359.452,373.804,391.822,35.9544,37.8124,5304.28,5427.55,9.36376,4.13388,5.21359,0.954575,0.975732,174.884,121.37,4.13388,5.21359,137787
2040.0,0.754669,0.999684,0.043926,0.999684,120307,130238,359.454,373.805,391.825,35.9621,37.8081,5306.96,5427.55,9.36376,4.13497,5.21304,0.954627,0.975721,174.952,121.402,4.13497,5.21304,137797
2042.0,0.754702,0.99967,0.0439276,0.99967,120322,130250,359.457,373.807,391.828,35.9667,37.7935,5308.46,5427.55,9.36376,4.13577,5.21115,0.95468,0.975709,174.779,121.447,4.13577,5.21115,137809
2044.0,0.754738,0.999609,0.0439298,0.999609,120340,130262,359.461,373.811,391.831,35.9724,37.7896,5310.35,5427.55,9.36376,4.13675,5.21067,0.954732,0.975698,175.056,121.484,4.13675,5.21067,137821
2046.0,0.754752,0.9996,0.0439319,0.9996,120339,130275,359.46,373.813,391.834,35.979,37.776,5312.5,5427.55,9.36376,4.13752,5.20891,0.954784,0.975686,174.517,121.517,4.13752,5.20891,137833
2048.0,0.754745,0.999591,0.0439341,0.999591,120323,130286,359.454,373.814,391.837,35.9811,37.7726,5313.05,5427.55,9.36376,4.1375,5.20855,0.954836,0.975673,174.178,121.52,4.1375,5.20855,137844
2050.0,0.75474,0.999583,0.0439359,0.999583,120309,130298,359.449,373.814,391.839,35.9791,37.7693,5312.19,5427.55,9.36376,4.13705,5.20821,0.954888,0.975661,174.289,121.514,4.13705,5.20821,137856
2052.0,0.754741,0.999576,0.0439373,0.999576,120300,130309,359.445,373.812,391.842,35.9775,37.7662,5311.52,5427.55,9.36376,4.13673,5.2079,0.95494,0.975649,174.402,121.513,4.13673,5.2079,137867
2054.0,0.754775,0.999522,0.0439384,0.999522,120316,130321,359.449,373.809,391.845,35.977,37.7632,5311.23,5427.55,9.36376,4.13698,5.20755,0.954992,0.975638,175.195,121.533,4.13698,5.20755,137878
2056.0,0.754808,0.999468,0.0439396,0.999468,120332,130331,359.452,373.806,391.847,35.9833,37.7507,5313.26,5427.55,9.36376,4.13797,5.20587,0.955044,0.975627,175.229,121.573,4.13797,5.20587,137888
2058.0,0.754856,0.999464,0.0439413,0.999464,120358,130341,359.458,373.805,391.85,35.9894,37.7378,5315.17,5427.55,9.36376,4.13915,5.2042,0.955096,0.975616,175.121,121.634,4.13915,5.2042,137898
2060.0,0.754812,0.999512,0.043943,0.999512,120313,130344,359.444,373.802,391.85,35.9986,37.7351,5318.16,5427.55,9.36376,4.13945,5.20391,0.955148,0.975602,173.282,121.637,4.13945,5.20391,137901
2062.0,0.754766,0.999529,0.0439446,0.999529,120268,130342,359.43,373.798,391.849,35.9894,37.7428,5314.69,5427.55,9.36376,4.13765,5.205,0.955199,0.975589,173.657,121.574,4.13765,5.205,137900
2064.0,0.754749,0.999539,0.0439453,0.999539,120247,130339,359.423,373.793,391.848,35.9798,37.7445,5311.2,5427.55,9.36376,4.13619,5.20522,0.955251,0.975575,174.133,121.542,4.13619,5.20522,137897
2066.0,0.754745,0.999547,0.0439452,0.999547,120235,130337,359.419,373.786,391.846,35.9759,37.7446,5309.78,5427.55,9.36376,4.13557,5.20524,0.955303,0.975562,174.275,121.534,4.13557,5.20524,137894
2068.0,0.754745,0.999551,0.0439445,0.999551,120228,130333,359.416,373.776,391.845,35.9743,37.7447,5309.19,5427.55,9.36376,4.13528,5.20522,0.955354,0.975549,174.395,121.533,4.13528,5.20522,137891
2070.0,0.754752,0.999541,0.0439441,0.999541,120226,130328,359.414,373.767,391.842,35.9738,37.7436,5308.97,5427.55,9.36376,4.13521,5.20503,0.955406,0.975536,174.553,121.539,4.13521,5.20503,137886
2072.0,0.754774,0.999515,0.0439441,0.999515,120235,130320,359.415,373.76,391.84,35.9747,37.74,5309.19,5427.55,9.36376,4.13549,5.20443,0.955458,0.975524,174.894,121.557,4.13549,5.20443,137878
2074.0,0.754808,0.999476,0.043945,0.999476,120254,130310,359.42,373.755,391.836,35.9785,37.7329,5310.42,5427.55,9.36376,4.13625,5.20333,0.955509,0.975512,175.11,121.593,4.13625,5.20333,137868
2076.0,0.754843,0.999435,0.0439464,0.999435,120272,130300,359.424,373.752,391.833,35.9847,37.7233,5312.47,5427.55,9.36376,4.13731,5.20186,0.955561,0.975501,175.17,121.634,4.13731,5.20186,137857
2078.0,0.754871,0.999401,0.0439484,0.999401,120285,130290,359.426,373.752,391.829,35.9913,37.7129,5314.58,5427.55,9.36376,4.13829,5.2003,0.955612,0.975489,175.029,121.673,4.13829,5.2003,137847
2080.0,0.754885,0.999382,0.0439505,0.999382,120286,130282,359.425,373.752,391.827,35.9965,37.7039,5316.18,5427.55,9.36376,4.13894,5.19897,0.955664,0.975478,174.784,121.698,4.13894,5.19897,137839
2082.0,0.754878,0.999383,0.0439525,0.999383,120272,130278,359.42,373.752,391.825,35.999,37.6978,5316.82,5427.55,9.36376,4.13901,5.1981,0.955715,0.975465,174.308,121.706,4.13901,5.1981,137834
2084.0,0.754854,0.999402,0.0439539,0.999402,120245,130276,359.411,373.751,391.824,35.9976,37.6955,5316.09,5427.55,9.36376,4.13839,5.1978,0.955766,0.975453,173.964,121.689,4.13839,5.1978,137832
2086.0,0.754818,0.999436,0.0439542,0.999436,120210,130276,359.4,373.746,391.823,35.9924,37.6971,5314.1,5427.55,9.36376,4.13721,5.19806,0.955817,0.975439,173.715,121.655,4.13721,5.19806,137833
2088.0,0.754781,0.999474,0.0439536,0.999474,120175,130276,359.389,373.739,391.822,35.9849,37.7017,5311.36,5427.55,9.36376,4.13576,5.19877,0.955868,0.975425,173.705,121.614,4.13576,5.19877,137834
2090.0,0.754755,0.999507,0.043952,0.999507,120149,130276,359.381,373.729,391.822,35.977,37.7075,5308.58,5427.55,9.36376,4.13444,5.1996,0.955919,0.975411,173.896,121.579,4.13444,5.1996,137833
2092.0,0.754747,0.999523,0.04395,0.999523,120137,130273,359.376,373.718,391.82,35.9712,37.7121,5306.56,5427.55,9.36376,4.13359,5.20024,0.95597,0.975398,174.261,121.56,4.13359,5.20024,137831
2094.0,0.75476,0.999516,0.0439482,0.999516,120143,130267,359.377,373.707,391.818,35.9689,37.7135,5305.79,5427.55,9.36376,4.13344,5.20038,0.956021,0.975385,174.694,121.565,4.13344,5.20038,137824
2096.0,0.754793,0.999488,0.0439472,0.999488,120163,130257,359.381,373.698,391.815,35.971,37.7103,5306.51,5427.55,9.36376,4.13405,5.19982,0.956073,0.975372,175.126,121.594,4.13405,5.19982,137815
2098.0,0.754838,0.999446,0.0439474,0.999446,120192,130245,359.389,373.693,391.811,35.9771,37.7029,5308.63,5427.55,9.36376,4.13527,5.19865,0.956124,0.975361,175.381,121.641,4.13527,5.19865,137802
2100.0,0.754883,0.999401,0.0439489,0.999401,120220,130232,359.395,373.691,391.806,35.9856,37.6924,5311.49,5427.55,9.36376,4.13674,5.19703,0.956175,0.975349,175.391,121.695,4.13674,5.19703,137789
2102.0,0.754916,0.999365,0.0439513,0.999365,120238,130220,359.399,373.693,391.802,35.9943,37.6811,5314.33,5427.55,9.36376,4.13805,5.19532,0.956226,0.975338,175.164,121.742,4.13805,5.19532,137777
2104.0,0.754927,0.999351,0.0439542,0.999351,120239,130212,359.399,373.695,391.799,36.0006,37.6715,5316.34,5427.55,9.36376,4.13883,5.19392,0.956276,0.975327,174.73,121.77,4.13883,5.19392,137768
2106.0,0.754913,0.999362,0.043957,0.999362,120221,130207,359.392,373.697,391.798,36.0028,37.6661,5316.89,5427.55,9.36376,4.13879,5.19315,0.956327,0.975314,174.168,121.771,4.13879,5.19315,137764
2108.0,0.754877,0.999399,0.043959,0.999399,120186,130207,359.381,373.696,391.797,35.9999,37.6659,5315.66,5427.55,9.36376,4.13787,5.19318,0.956377,0.975301,173.745,121.742,4.13787,5.19318,137764
2110.0,0.754828,0.999454,0.0439595,0.999454,120142,130210,359.368,373.692,391.797,35.9924,37.671,5312.92,5427.55,9.36376,4.13628,5.19398,0.956427,0.975287,173.446,121.694,4.13628,5.19398,137767
2112.0,0.754777,0.999513,0.0439585,0.999513,120099,130213,359.354,373.683,391.797,35.9822,37.6799,5309.32,5427.55,9.36376,4.13438,5.19532,0.956478,0.975273,173.406,121.637,4.13438,5.19532,137771
2114.0,0.75474,0.999563,0.0439561,0.999563,120067,130215,359.344,373.671,391.797,35.9716,37.69,5305.66,5427.55,9.36376,4.13263,5.19679,0.956528,0.975258,173.67,121.587,4.13263,5.19679,137773
2116.0,0.754727,0.99959,0.0439532,0.99959,120054,130213,359.339,373.658,391.796,35.9636,37.6984,5302.95,5427.55,9.36376,4.13152,5.19797,0.956579,0.975244,174.173,121.559,4.13152,5.19797,137772
2118.0,0.754742,0.999588,0.0439505,0.999588,120064,130207,359.341,373.645,391.794,35.9604,37.7024,5301.96,5427.55,9.36376,4.13133,5.19847,0.956629,0.97523,174.728,121.563,4.13133,5.19847,137765
2120.0,0.754785,0.999558,0.0439489,0.999558,120094,130196,359.348,373.635,391.79,35.9628,37.7004,5302.91,5427.55,9.36376,4.13214,5.19807,0.95668,0.975218,175.299,121.598,4.13214,5.19807,137754
2122.0,0.754842,0.999509,0.0439489,0.999509,120134,130181,359.359,373.629,391.785,35.9708,37.6927,5305.74,5427.55,9.36376,4.13377,5.19682,0.956731,0.975206,175.625,121.658,4.13377,5.19682,137739
2124.0,0.754898,0.999455,0.0439505,0.999455,120173,130166,359.369,373.629,391.78,35.9817,37.681,5309.52,5427.55,9.36376,4.1357,5.195,0.956781,0.975195,175.62,121.726,4.1357,5.195,137723
2126.0,0.754938,0.999414,0.0439532,0.999414,120198,130152,359.375,373.632,391.776,35.9927,37.6682,5313.23,5427.55,9.36376,4.13741,5.19307,0.956831,0.975184,175.293,121.784,4.13741,5.19307,137709
2128.0,0.754951,0.999401,0.0439566,0.999401,120201,130143,359.375,373.636,391.773,36.0005,37.6579,5315.74,5427.55,9.36376,4.13837,5.19155,0.956881,0.975172,174.752,121.816,4.13837,5.19155,137700
2130.0,0.754931,0.999421,0.0439596,0.999421,120180,130139,359.368,373.64,391.771,36.0029,37.6528,5316.39,5427.55,9.36376,4.13831,5.19085,0.956931,0.97516,174.047,121.815,4.13831,5.19085,137696
2132.0,0.754882,0.999474,0.0439616,0.999474,120136,130140,359.354,373.641,391.771,35.999,37.6547,5314.85,5427.55,9.36376,4.13713,5.1912,0.956981,0.975146,173.459,121.775,4.13713,5.1912,137698
2134.0,0.754816,0.999549,0.0439617,0.999549,120081,130146,359.337,373.637,391.772,35.989,37.6634,5311.25,5427.55,9.36376,4.13505,5.19254,0.95703,0.975132,173.076,121.709,4.13505,5.19254,137704
2136.0,0.754749,0.999631,0.0439599,0.999631,120027,130153,359.32,373.627,391.773,35.9753,37.6768,5306.51,5427.55,9.36376,4.13257,5.19456,0.95708,0.975116,173.048,121.632,4.13257,5.19456,137712
2138.0,0.754699,0.999699,0.0439564,0.999699,119987,130157,359.308,373.613,391.774,35.9614,37.6917,5301.78,5427.55,9.36376,4.13032,5.19675,0.95713,0.975101,173.389,121.565,4.13032,5.19675,137717
2140.0,0.754681,0.999738,0.043952,0.999738,119974,130157,359.303,373.596,391.773,35.9508,37.7042,5298.31,5427.55,9.36376,4.12889,5.19853,0.95718,0.975086,174.025,121.528,4.12889,5.19853,137717
2142.0,0.754699,0.99974,0.0439481,0.99974,119988,130151,359.306,373.581,391.77,35.9465,37.7112,5297.06,5427.55,9.36376,4.12865,5.19944,0.95723,0.975072,174.742,121.53,4.12865,5.19944,137711
2144.0,0.754751,0.999705,0.0439457,0.999705,120027,130138,359.316,373.57,391.766,35.9494,37.7106,5298.28,5427.55,9.36376,4.12967,5.19921,0.95728,0.975059,175.457,121.572,4.12967,5.19921,137698
2146.0,0.754822,0.999646,0.0439456,0.999646,120081,130121,359.33,373.564,391.761,35.959,37.7026,5301.79,5427.55,9.36376,4.1317,5.19789,0.95733,0.975047,175.876,121.645,4.1317,5.19789,137680
2148.0,0.754892,0.999581,0.0439476,0.999581,120131,130103,359.344,373.564,391.755,35.9727,37.6895,5306.63,5427.55,9.36376,4.13416,5.19584,0.95738,0.975036,175.85,121.73,4.13416,5.19584,137661
2150.0,0.754941,0.999531,0.0439512,0.999531,120165,130087,359.352,373.57,391.75,35.9864,37.6749,5311.32,5427.55,9.36376,4.13632,5.19363,0.957429,0.975025,175.462,121.801,4.13632,5.19363,137645
2152.0,0.754957,0.999514,0.0439554,0.999514,120172,130076,359.353,373.577,391.746,35.9961,37.6632,5314.55,5427.55,9.36376,4.13757,5.1919,0.957479,0.975014,174.781,121.841,4.13757,5.1919,137634
2154.0,0.754931,0.99954,0.0439592,0.99954,120146,130073,359.345,373.583,391.745,35.9992,37.658,5315.47,5427.55,9.36376,4.13752,5.19119,0.957528,0.975001,173.899,121.837,4.13752,5.19119,137631
2156.0,0.754871,0.999605,0.0439616,0.999605,120095,130077,359.329,373.586,391.745,35.9939,37.6614,5313.52,5427.55,9.36376,4.13606,5.19178,0.957577,0.974987,173.193,121.787,4.13606,5.19178,137636
2158.0,0.754788,0.999699,0.0439618,0.999699,120029,130085,359.309,373.582,391.747,35.9816,37.6731,5309.18,5427.55,9.36376,4.13353,5.19359,0.957626,0.974972,172.708,121.705,4.13353,5.19359,137645
2160.0,0.754706,0.9998,0.0439596,0.9998,119965,130096,359.29,373.571,391.749,35.9648,37.6907,5303.4,5427.55,9.36376,4.13051,5.19625,0.957675,0.974955,172.68,121.61,4.13051,5.19625,137657
2162.0,0.754644,0.999886,0.0439552,0.999886,119918,130104,359.275,373.555,391.751,35.9477,37.7102,5297.66,5427.55,9.36376,4.12777,5.19913,0.957724,0.974939,173.084,121.527,4.12777,5.19913,137665
2164.0,0.75462,0.999937,0.0439499,0.999937,119901,130106,359.27,373.536,391.751,35.9346,37.727,5293.41,5427.55,9.36376,4.12599,5.20154,0.957773,0.974923,173.818,121.478,4.12599,5.20154,137668
2166.0,0.754639,0.999942,0.0439449,0.999942,119918,130100,359.273,373.519,391.748,35.9288,37.7371,5291.76,5427.55,9.36376,4.12563,5.20289,0.957823,0.974908,174.688,121.477,4.12563,5.20289,137662
2168.0,0.754698,0.999903,0.0439417,0.999903,119966,130087,359.286,373.505,391.744,35.9316,37.7381,5293.07,5427.55,9.36376,4.12678,5.20286,0.957872,0.974895,175.57,121.523,4.12678,5.20286,137648
2170.0,0.754783,0.999835,0.0439411,0.999835,120031,130067,359.303,373.499,391.738,35.9427,37.7301,5297.21,5427.55,9.36376,4.12919,5.20151,0.957922,0.974883,176.081,121.61,4.12919,5.20151,137628
2172.0,0.754865,0.999759,0.043943,0.999759,120092,130046,359.32,373.5,391.731,35.959,37.7159,5303,5427.55,9.36376,4.13212,5.19926,0.957971,0.974872,176.041,121.709,4.13212,5.19926,137606
2174.0,0.754926,0.999697,0.0439468,0.999697,120135,130027,359.331,373.507,391.725,35.975,37.6998,5308.55,5427.55,9.36376,4.13472,5.1968,0.95802,0.974861,175.662,121.794,4.13472,5.1968,137587
2176.0,0.754949,0.999673,0.0439515,0.999673,120149,130015,359.334,373.517,391.721,35.987,37.6864,5312.63,5427.55,9.36376,4.13635,5.19483,0.958068,0.97485,174.89,121.845,4.13635,5.19483,137575
2178.0,0.754924,0.999698,0.0439557,0.999698,120125,130012,359.326,373.526,391.72,35.9915,37.6804,5314.06,5427.55,9.36376,4.13648,5.19401,0.958117,0.974837,173.875,121.846,4.13648,5.19401,137572
2180.0,0.754855,0.999771,0.0439585,0.999771,120067,130018,359.309,373.53,391.721,35.9864,37.6843,5312.17,5427.55,9.36376,4.13492,5.19469,0.958165,0.974822,172.951,121.791,4.13492,5.19469,137578
2182.0,0.754771,0.999834,0.043959,0.999834,120001,130030,359.289,373.528,391.723,35.9723,37.6981,5307.24,5427.55,9.36376,4.13219,5.19679,0.958213,0.974808,172.901,121.696,4.13219,5.19679,137591
2184.0,0.754736,0.999873,0.0439575,0.999873,119974,130048,359.28,373.521,391.728,35.9552,37.7103,5301.42,5427.55,9.36376,4.12978,5.1987,0.958262,0.974793,173.834,121.629,4.12978,5.1987,137609
2186.0,0.754727,0.999912,0.0439542,0.999912,119968,130066,359.277,373.508,391.733,35.9476,37.7175,5299,5427.55,9.36376,4.12881,5.19994,0.95831,0.974779,174.149,121.61,4.12881,5.19994,137628
2188.0,0.754715,0.999979,0.0439505,0.999979,119960,130079,359.274,373.494,391.736,35.945,37.7252,5298.35,5427.55,9.36376,4.12839,5.20121,0.958359,0.974764,173.856,121.606,4.12839,5.20121,137641
2190.0,0.754688,1.00003,0.0439473,1.00003,119939,130080,359.267,373.48,391.735,35.9421,37.7387,5297.57,5427.55,9.36376,4.12772,5.20315,0.958407,0.974748,173.741,121.578,4.12772,5.20315,137642
2192.0,0.754697,1.00002,0.0439453,1.00002,119947,130071,359.268,373.469,391.732,35.9359,37.7483,5295.65,5427.55,9.36376,4.12717,5.2044,0.958456,0.974734,174.629,121.565,4.12717,5.2044,137634
2194.0,0.754748,0.999986,0.0439445,0.999986,119988,130057,359.278,373.462,391.727,35.9369,37.7475,5296.3,5427.55,9.36376,4.128,5.20412,0.958504,0.974721,175.424,121.604,4.128,5.20412,137619
2196.0,0.754807,0.999942,0.0439448,0.999942,120032,130041,359.29,373.459,391.722,35.9465,37.7406,5299.84,5427.55,9.36376,4.12988,5.20297,0.958553,0.974709,175.521,121.672,4.12988,5.20297,137603
2198.0,0.754851,0.999906,0.0439465,0.999906,120065,130026,359.298,373.46,391.717,35.9577,37.7317,5303.83,5427.55,9.36376,4.13174,5.20157,0.958601,0.974697,175.265,121.733,4.13174,5.20157,137588
2200.0,0.754872,0.99989,0.0439491,0.99989,120078,130015,359.301,373.463,391.714,35.9662,37.7242,5306.82,5427.55,9.36376,4.13296,5.20041,0.958649,0.974684,174.79,121.772,4.13296,5.20041,137577
2202.0,0.754865,0.999899,0.0439519,0.999899,120070,130009,359.298,373.467,391.711,35.97,37.7206,5308.11,5427.55,9.36376,4.13327,5.19988,0.958697,0.974671,174.263,121.781,4.13327,5.19988,137571
2204.0,0.754829,0.999937,0.0439541,0.999937,120040,130008,359.288,373.47,391.71,35.9683,37.7222,5307.53,5427.55,9.36376,4.13259,5.20016,0.958745,0.974657,173.663,121.757,4.13259,5.20016,137570
2206.0,0.754777,0.999999,0.043955,0.999999,119999,130012,359.275,373.468,391.711,35.9608,37.7298,5304.97,5427.55,9.36376,4.13103,5.20132,0.958792,0.974642,173.298,121.706,4.13103,5.20132,137575
2208.0,0.754718,1.00007,0.0439541,1.00007,119953,130019,359.261,373.461,391.712,35.9498,37.7421,5301.3,5427.55,9.36376,4.12901,5.20318,0.95884,0.974626,173.108,121.644,4.12901,5.20318,137582
2210.0,0.754663,1.00015,0.0439515,1.00015,119913,130026,359.249,373.45,391.713,35.9375,37.7575,5297.23,5427.55,9.36376,4.12692,5.20548,0.958888,0.97461,173.172,121.579,4.12692,5.20548,137590
2212.0,0.754628,1.0002,0.0439479,1.0002,119888,130030,359.24,373.437,391.714,35.9258,37.7729,5293.48,5427.55,9.36376,4.12517,5.20771,0.958935,0.974594,173.554,121.527,4.12517,5.20771,137594
2214.0,0.754622,1.00023,0.0439442,1.00023,119886,130029,359.239,373.422,391.713,35.9179,37.7851,5291.09,5427.55,9.36376,4.12424,5.20942,0.958983,0.974579,174.138,121.504,4.12424,5.20942,137593
2216.0,0.754645,1.00023,0.0439413,1.00023,119907,130021,359.244,373.41,391.71,35.9157,37.7918,5290.72,5427.55,9.36376,4.12436,5.21028,0.959031,0.974564,174.801,121.514,4.12436,5.21028,137585
2218.0,0.754692,1.0002,0.0439398,1.0002,119945,130009,359.254,373.401,391.706,35.9195,37.7923,5292.38,5427.55,9.36376,4.12547,5.2102,0.959079,0.97455,175.227,121.559,4.12547,5.2102,137573
2220.0,0.754747,1.00016,0.0439398,1.00016,119988,129993,359.265,373.397,391.701,35.9281,37.7874,5295.66,5427.55,9.36376,4.12721,5.20934,0.959127,0.974537,175.402,121.62,4.12721,5.20934,137557
2222.0,0.754796,1.00011,0.0439412,1.00011,120026,129978,359.275,373.398,391.696,35.9384,37.7793,5299.45,5427.55,9.36376,4.12905,5.20803,0.959175,0.974525,175.3,121.683,4.12905,5.20803,137541
2224.0,0.754825,1.00009,0.0439435,1.00009,120047,129965,359.28,373.403,391.691,35.9477,37.7711,5302.8,5427.55,9.36376,4.13049,5.20676,0.959222,0.974512,174.889,121.73,4.13049,5.20676,137529
2226.0,0.754825,1.00009,0.0439461,1.00009,120044,129958,359.278,373.408,391.689,35.953,37.7664,5304.72,5427.55,9.36376,4.13108,5.20607,0.959269,0.974499,174.282,121.747,4.13108,5.20607,137522
2228.0,0.754794,1.00012,0.0439481,1.00012,120019,129958,359.27,373.412,391.688,35.9525,37.7673,5304.59,5427.55,9.36376,4.1306,5.20624,0.959316,0.974485,173.657,121.73,4.1306,5.20624,137521
2230.0,0.754739,1.00018,0.043949,1.00018,119976,129963,359.256,373.411,391.689,35.9459,37.7748,5302.4,5427.55,9.36376,4.12913,5.20741,0.959363,0.974469,173.141,121.681,4.12913,5.20741,137527
2232.0,0.754672,1.00026,0.0439481,1.00026,119926,129972,359.241,373.406,391.691,35.9343,37.7882,5298.58,5427.55,9.36376,4.12696,5.20943,0.95941,0.974453,172.893,121.611,4.12696,5.20943,137537
2234.0,0.754611,1.00034,0.0439455,1.00034,119881,129981,359.227,373.395,391.693,35.9203,37.8052,5294.01,5427.55,9.36376,4.1246,5.21197,0.959457,0.974436,172.964,121.538,4.1246,5.21197,137547
2236.0,0.754568,1.00041,0.0439415,1.00041,119850,129988,359.217,373.381,391.694,35.9072,37.8227,5289.83,5427.55,9.36376,4.12259,5.21453,0.959504,0.974419,173.279,121.478,4.12259,5.21453,137553
2238.0,0.754553,1.00045,0.0439374,1.00045,119843,129988,359.214,373.366,391.693,35.8974,37.8374,5286.89,5427.55,9.36376,4.12136,5.21662,0.959551,0.974403,173.876,121.445,4.12136,5.21662,137554
2240.0,0.754573,1.00045,0.0439341,1.00045,119862,129983,359.219,373.352,391.691,35.8934,37.8466,5285.97,5427.55,9.36376,4.12124,5.21786,0.959598,0.974388,174.6,121.449,4.12124,5.21786,137549
2242.0,0.754619,1.00042,0.0439321,1.00042,119901,129971,359.229,373.342,391.687,35.8962,37.8492,5287.41,5427.55,9.36376,4.12225,5.21808,0.959646,0.974373,175.123,121.49,4.12225,5.21808,137537
2244.0,0.754678,1.00037,0.0439319,1.00037,119948,129955,359.241,373.337,391.682,35.9046,37.8456,5290.69,5427.55,9.36376,4.12403,5.21739,0.959693,0.97436,175.377,121.553,4.12403,5.21739,137521
2246.0,0.754732,1.00033,0.0439332,1.00033,119991,129939,359.252,373.338,391.676,35.9154,37.8379,5294.76,5427.55,9.36376,4.12602,5.21613,0.95974,0.974347,175.307,121.621,4.12602,5.21613,137504
2248.0,0.754768,1.00029,0.0439358,1.00029,120018,129925,359.259,373.343,391.672,35.9255,37.8294,5298.47,5427.55,9.36376,4.12766,5.21479,0.959786,0.974334,174.948,121.675,4.12766,5.21479,137490
2250.0,0.754776,1.00028,0.0439387,1.00028,120023,129917,359.26,373.349,391.669,35.9321,37.8234,5300.91,5427.55,9.36376,4.12852,5.21389,0.959833,0.974321,174.379,121.702,4.12852,5.21389,137482
2252.0,0.75475,1.0003,0.0439412,1.0003,120002,129916,359.253,373.354,391.668,35.9332,37.8229,5301.41,5427.55,9.36376,4.1283,5.21384,0.959879,0.974306,173.64,121.693,4.1283,5.21384,137481
2254.0,0.754697,1.00036,0.0439426,1.00036,119961,129921,359.24,373.355,391.669,35.9273,37.8291,5299.52,5427.55,9.36376,4.12695,5.21482,0.959925,0.974291,173.123,121.647,4.12695,5.21482,137487
2256.0,0.75463,1.00044,0.0439424,1.00044,119911,129931,359.225,373.351,391.671,35.9162,37.8417,5295.88,5427.55,9.36376,4.12482,5.21676,0.959971,0.974274,172.796,121.578,4.12482,5.21676,137497
2258.0,0.754569,1.00051,0.0439403,1.00051,119866,129943,359.211,373.342,391.673,35.902,37.8588,5291.28,5427.55,9.36376,4.12244,5.21933,0.960018,0.974257,172.89,121.504,4.12244,5.21933,137509
2260.0,0.754521,1.00058,0.0439366,1.00058,119833,129952,359.2,373.329,391.675,35.8886,37.8764,5287.08,5427.55,9.36376,4.12036,5.22193,0.960064,0.974239,173.091,121.442,4.12036,5.22193,137519
2262.0,0.754496,1.00063,0.0439324,1.00063,119818,129955,359.195,373.313,391.675,35.8779,37.8927,5283.85,5427.55,9.36376,4.11889,5.22429,0.96011,0.974222,173.588,121.4,4.11889,5.22429,137523
2264.0,0.754506,1.00064,0.0439287,1.00064,119831,129952,359.198,373.299,391.674,35.8717,37.904,5282.27,5427.55,9.36376,4.11842,5.22584,0.960157,0.974206,174.274,121.394,4.11842,5.22584,137520
2266.0,0.754546,1.00061,0.0439262,1.00061,119866,129942,359.207,373.288,391.67,35.8725,37.9086,5283.08,5427.55,9.36376,4.11912,5.22637,0.960204,0.974191,174.897,121.424,4.11912,5.22637,137510
2268.0,0.754602,1.00057,0.0439253,1.00057,119912,129928,359.219,373.282,391.665,35.8793,37.9068,5285.93,5427.55,9.36376,4.1207,5.22593,0.96025,0.974177,175.216,121.482,4.1207,5.22593,137495
2270.0,0.754657,1.00052,0.0439261,1.00052,119956,129911,359.231,373.281,391.66,35.8894,37.9003,5289.81,5427.55,9.36376,4.12263,5.22483,0.960296,0.974164,175.226,121.548,4.12263,5.22483,137478
2272.0,0.754699,1.00047,0.0439284,1.00047,119988,129897,359.239,373.285,391.655,35.8996,37.8921,5293.66,5427.55,9.36376,4.12437,5.22352,0.960342,0.97415,174.966,121.606,4.12437,5.22352,137463
2274.0,0.754715,1.00045,0.0439315,1.00045,120000,129887,359.241,373.291,391.652,35.907,37.8856,5296.47,5427.55,9.36376,4.12545,5.22251,0.960388,0.974137,174.454,121.641,4.12545,5.22251,137454
2276.0,0.754699,1.00047,0.0439346,1.00047,119988,129885,359.237,373.296,391.65,35.9095,37.8836,5297.53,5427.55,9.36376,4.12554,5.22224,0.960434,0.974122,173.822,121.642,4.12554,5.22224,137451
2278.0,0.754655,1.00051,0.0439364,1.00051,119954,129889,359.226,373.299,391.651,35.9057,37.8879,5296.44,5427.55,9.36376,4.12454,5.22293,0.960479,0.974107,173.191,121.608,4.12454,5.22293,137456
2280.0,0.754593,1.00057,0.0439366,1.00057,119907,129898,359.212,373.297,391.653,35.896,37.8986,5293.33,5427.55,9.36376,4.12264,5.22459,0.960525,0.97409,172.82,121.547,4.12264,5.22459,137466
2282.0,0.754553,1.0006,0.0439353,1.0006,119879,129911,359.203,373.291,391.656,35.8827,37.9142,5289.06,5427.55,9.36376,4.12065,5.22691,0.96057,0.974074,173.462,121.483,4.12065,5.22691,137479
2284.0,0.754546,1.00062,0.0439328,1.00062,119877,129925,359.201,373.281,391.659,35.8737,37.9214,5286.38,5427.55,9.36376,4.11959,5.22808,0.960616,0.974058,173.944,121.461,4.11959,5.22808,137493
2286.0,0.754542,1.00067,0.0439297,1.00067,119877,129935,359.2,373.27,391.661,35.871,37.9292,5285.93,5427.55,9.36376,4.1193,5.22932,0.960662,0.974042,173.814,121.461,4.1193,5.22932,137503
2288.0,0.754523,1.0007,0.0439268,1.0007,119865,129938,359.196,373.259,391.661,35.8691,37.9406,5285.72,5427.55,9.36376,4.1189,5.23097,0.960707,0.974025,173.596,121.446,4.1189,5.23097,137506
2290.0,0.754525,1.0007,0.0439249,1.0007,119870,129933,359.196,373.251,391.659,35.8642,37.9503,5284.46,5427.55,9.36376,4.11843,5.23227,0.960753,0.974009,174.135,121.434,4.11843,5.23227,137502
2292.0,0.754553,1.00068,0.043924,1.00068,119895,129924,359.202,373.245,391.656,35.8634,37.9535,5284.69,5427.55,9.36376,4.11879,5.23262,0.960798,0.973994,174.636,121.455,4.11879,5.23262,137492
2294.0,0.754587,1.00066,0.0439241,1.00066,119924,129913,359.209,373.241,391.652,35.8679,37.9525,5286.69,5427.55,9.36376,4.11981,5.23236,0.960844,0.97398,174.739,121.493,4.11981,5.23236,137482
2296.0,0.754615,1.00063,0.0439251,1.00063,119947,129904,359.215,373.24,391.649,35.8736,37.9498,5289.08,5427.55,9.36376,4.12088,5.23188,0.960889,0.973965,174.615,121.531,4.12088,5.23188,137471
2298.0,0.754629,1.00062,0.0439267,1.00062,119959,129896,359.217,373.241,391.646,35.8782,37.9477,5291.02,5427.55,9.36376,4.12162,5.23151,0.960935,0.973951,174.341,121.556,4.12162,5.23151,137464
2300.0,0.754628,1.00062,0.0439285,1.00062,119958,129892,359.216,373.243,391.644,35.8801,37.9476,5291.98,5427.55,9.36376,4.12184,5.23147,0.96098,0.973936,174.061,121.563,4.12184,5.23147,137460
2302.0,0.754605,1.00064,0.0439298,1.00064,119941,129892,359.211,373.243,391.643,35.8788,37.9505,5291.85,5427.55,9.36376,4.12143,5.2319,0.961024,0.97392,173.543,121.553,4.12143,5.2319,137460
2304.0,0.754572,1.00067,0.0439304,1.00067,119918,129896,359.203,373.241,391.644,35.8733,37.9568,5290.29,5427.55,9.36376,4.12041,5.23286,0.961069,0.973904,173.375,121.52,4.12041,5.23286,137464
2306.0,0.754535,1.00071,0.0439298,1.00071,119891,129901,359.194,373.237,391.644,35.8657,37.9661,5288.05,5427.55,9.36376,4.11909,5.23426,0.961114,0.973888,173.252,121.48,4.11909,5.23426,137470
2308.0,0.7545,1.00075,0.0439282,1.00075,119866,129907,359.186,373.229,391.645,35.8571,37.9774,5285.49,5427.55,9.36376,4.1177,5.23594,0.961159,0.973871,173.289,121.438,4.1177,5.23594,137476
2310.0,0.754476,1.00079,0.043926,1.00079,119851,129912,359.181,373.22,391.646,35.8489,37.9889,5283.12,5427.55,9.36376,4.11652,5.23762,0.961204,0.973854,173.5,121.405,4.11652,5.23762,137481
2312.0,0.754468,1.00081,0.0439235,1.00081,119850,129913,359.179,373.21,391.645,35.8428,37.999,5281.54,5427.55,9.36376,4.1158,5.23906,0.961249,0.973837,173.823,121.388,4.1158,5.23906,137482
2314.0,0.754476,1.00081,0.0439213,1.00081,119860,129910,359.181,373.2,391.644,35.84,38.0063,5281.1,5427.55,9.36376,4.11567,5.24005,0.961294,0.973821,174.16,121.389,4.11567,5.24005,137479
2316.0,0.754499,1.0008,0.0439198,1.0008,119880,129904,359.186,373.193,391.641,35.8403,38.0101,5281.73,5427.55,9.36376,4.11607,5.24052,0.961339,0.973805,174.424,121.409,4.11607,5.24052,137473
2318.0,0.754527,1.00077,0.0439193,1.00077,119905,129895,359.192,373.189,391.638,35.8435,38.0108,5283.34,5427.55,9.36376,4.11687,5.24051,0.961383,0.97379,174.542,121.44,4.11687,5.24051,137464
2320.0,0.754554,1.00075,0.0439198,1.00075,119927,129886,359.198,373.187,391.635,35.8479,38.0093,5285.32,5427.55,9.36376,4.11777,5.2402,0.961428,0.973775,174.52,121.474,4.11777,5.2402,137455
2322.0,0.754571,1.00073,0.0439209,1.00073,119942,129878,359.201,373.188,391.632,35.852,38.0073,5287.17,5427.55,9.36376,4.11852,5.23984,0.961472,0.97376,174.343,121.501,4.11852,5.23984,137447
2324.0,0.754573,1.00072,0.0439223,1.00072,119944,129873,359.201,373.189,391.63,35.8545,38.0067,5288.4,5427.55,9.36376,4.11886,5.23972,0.961517,0.973745,174.004,121.514,4.11886,5.23972,137442
2326.0,0.754558,1.00073,0.0439234,1.00073,119934,129873,359.197,373.19,391.629,35.8538,38.0087,5288.5,5427.55,9.36376,4.11861,5.24002,0.961561,0.973729,173.63,121.508,4.11861,5.24002,137442
2328.0,0.75453,1.00076,0.0439238,1.00076,119914,129876,359.19,373.189,391.629,35.8497,38.0139,5287.46,5427.55,9.36376,4.11782,5.24081,0.961605,0.973713,173.404,121.482,4.11782,5.24081,137445
2330.0,0.754497,1.00079,0.0439235,1.00079,119890,129881,359.182,373.185,391.63,35.843,38.0217,5285.55,5427.55,9.36376,4.11666,5.24199,0.961649,0.973696,173.262,121.448,4.11666,5.24199,137451
2332.0,0.754464,1.00083,0.0439222,1.00083,119867,129888,359.175,373.179,391.631,35.8351,38.0319,5283.26,5427.55,9.36376,4.11537,5.24352,0.961693,0.973679,173.245,121.41,4.11537,5.24352,137457
2334.0,0.754437,1.00086,0.0439202,1.00086,119850,129893,359.169,373.17,391.632,35.8271,38.0428,5281.01,5427.55,9.36376,4.11419,5.24512,0.961738,0.973662,173.373,121.376,4.11419,5.24512,137463
2336.0,0.754426,1.00088,0.0439179,1.00088,119846,129896,359.167,373.161,391.632,35.8205,38.0528,5279.27,5427.55,9.36376,4.11336,5.24656,0.961782,0.973645,173.671,121.355,4.11336,5.24656,137465
2338.0,0.75443,1.00089,0.0439157,1.00089,119853,129894,359.168,373.152,391.631,35.8167,38.0606,5278.57,5427.55,9.36376,4.11307,5.24764,0.961826,0.973628,173.969,121.353,4.11307,5.24764,137465
2340.0,0.754448,1.00088,0.0439141,1.00088,119870,129890,359.172,373.145,391.629,35.8161,38.0653,5278.94,5427.55,9.36376,4.11331,5.24825,0.96187,0.973612,174.218,121.368,4.11331,5.24825,137460
2342.0,0.754471,1.00086,0.0439132,1.00086,119891,129883,359.177,373.14,391.626,35.8183,38.067,5280.24,5427.55,9.36376,4.11393,5.2484,0.961914,0.973596,174.367,121.392,4.11393,5.2484,137453
2344.0,0.754496,1.00083,0.0439134,1.00083,119912,129875,359.182,373.137,391.623,35.8215,38.0663,5281.87,5427.55,9.36376,4.11468,5.24821,0.961958,0.97358,174.409,121.421,4.11468,5.24821,137444
2346.0,0.754514,1.00081,0.0439144,1.00081,119928,129868,359.186,373.137,391.62,35.8252,38.0645,5283.6,5427.55,9.36376,4.11539,5.24788,0.962002,0.973565,174.278,121.448,4.11539,5.24788,137437
2348.0,0.754521,1.0008,0.0439163,1.0008,119935,129863,359.186,373.138,391.618,35.8276,38.0637,5284.88,5427.55,9.36376,4.11579,5.24773,0.962046,0.97355,174.046,121.464,4.11579,5.24773,137432
2350.0,0.754514,1.0008,0.0439174,1.0008,119930,129861,359.184,373.139,391.617,35.8278,38.0647,5285.35,5427.55,9.36376,4.11575,5.24787,0.962089,0.973534,173.77,121.464,4.11575,5.24787,137431
2352.0,0.754493,1.00081,0.0439179,1.00081,119916,129864,359.179,373.138,391.617,35.8251,38.0683,5284.84,5427.55,9.36376,4.11521,5.24842,0.962133,0.973517,173.495,121.448,4.11521,5.24842,137433
2354.0,0.754466,1.00084,0.0439173,1.00084,119897,129868,359.173,373.135,391.617,35.8197,38.0748,5283.41,5427.55,9.36376,4.11429,5.24939,0.962176,0.973501,173.335,121.422,4.11429,5.24939,137438
2356.0,0.754438,1.00087,0.0439159,1.00087,119878,129875,359.166,373.13,391.618,35.813,38.0833,5281.56,5427.55,9.36376,4.11321,5.25069,0.962219,0.973483,173.304,121.391,4.11321,5.25069,137445
2358.0,0.754415,1.0009,0.0439138,1.0009,119863,129880,359.161,373.123,391.619,35.806,38.0929,5279.66,5427.55,9.36376,4.11216,5.25211,0.962263,0.973466,173.375,121.362,4.11216,5.25211,137451
2360.0,0.754401,1.00092,0.0439113,1.00092,119855,129884,359.158,373.115,391.619,35.7999,38.1022,5278.09,5427.55,9.36376,4.11135,5.25347,0.962306,0.973449,173.56,121.342,4.11135,5.25347,137454
2362.0,0.754399,1.00093,0.043909,1.00093,119857,129885,359.158,373.107,391.619,35.7956,38.11,5277.18,5427.55,9.36376,4.11089,5.25457,0.96235,0.973432,173.763,121.334,4.11089,5.25457,137455
2364.0,0.75441,1.00092,0.0439072,1.00092,119869,129883,359.16,373.1,391.617,35.7936,38.1154,5277.07,5427.55,9.36376,4.11088,5.2553,0.962393,0.973415,174.087,121.339,4.11088,5.2553,137453
2366.0,0.754426,1.00091,0.0439062,1.00091,119884,129878,359.164,373.094,391.615,35.7943,38.1182,5277.89,5427.55,9.36376,4.11124,5.25564,0.962436,0.973399,174.164,121.357,4.11124,5.25564,137448
2368.0,0.754445,1.00088,0.0439062,1.00088,119901,129872,359.168,373.091,391.613,35.7961,38.1189,5279.06,5427.55,9.36376,4.11176,5.25566,0.96248,0.973383,174.216,121.379,4.11176,5.25566,137442
2370.0,0.754461,1.00086,0.0439069,1.00086,119916,129866,359.171,373.09,391.61,35.7984,38.1184,5280.38,5427.55,9.36376,4.11228,5.25552,0.962523,0.973367,174.171,121.4,4.11228,5.25552,137436
2372.0,0.75447,1.00085,0.0439082,1.00085,119925,129861,359.172,373.089,391.608,35.8003,38.1178,5281.51,5427.55,9.36376,4.11266,5.25539,0.962566,0.973351,174.026,121.416,4.11266,5.25539,137431
2374.0,0.754471,1.00084,0.0439096,1.00084,119927,129859,359.172,373.089,391.607,35.8007,38.1182,5282.14,5427.55,9.36376,4.11276,5.25544,0.962609,0.973335,173.899,121.422,4.11276,5.25544,137429
2376.0,0.75446,1.00085,0.0439106,1.00085,119920,129860,359.169,373.089,391.606,35.7995,38.1204,5282.19,5427.55,9.36376,4.11253,5.25577,0.962651,0.973318,173.592,121.419,4.11253,5.25577,137430
2378.0,0.754439,1.00086,0.0439109,1.00086,119905,129863,359.164,373.086,391.607,35.796,38.1247,5281.46,5427.55,9.36376,4.11189,5.25643,0.962694,0.973301,173.436,121.399,4.11189,5.25643,137433
2380.0,0.754417,1.00088,0.0439105,1.00088,119890,129868,359.159,373.083,391.607,35.7904,38.1309,5280,5427.55,9.36376,4.111,5.25736,0.962737,0.973284,173.369,121.376,4.111,5.25736,137438
2382.0,0.754396,1.0009,0.0439092,1.0009,119877,129873,359.154,373.077,391.608,35.7845,38.1382,5278.49,5427.55,9.36376,4.11011,5.25846,0.96278,0.973267,173.372,121.352,4.11011,5.25846,137444
2384.0,0.75438,1.00091,0.0439075,1.00091,119867,129878,359.15,373.07,391.608,35.7788,38.1458,5277.07,5427.55,9.36376,4.10931,5.25957,0.962822,0.97325,173.466,121.332,4.10931,5.25957,137448
2386.0,0.754373,1.00092,0.0439057,1.00092,119865,129880,359.149,373.063,391.608,35.774,38.1526,5276,5427.55,9.36376,4.10874,5.26055,0.962865,0.973232,173.66,121.319,4.10874,5.26055,137450
2388.0,0.754376,1.00092,0.0439041,1.00092,119871,129879,359.149,373.056,391.607,35.7711,38.1578,5275.6,5427.55,9.36376,4.10852,5.26129,0.962907,0.973215,173.859,121.318,4.10852,5.26129,137450
2390.0,0.754389,1.0009,0.043903,1.0009,119883,129877,359.152,373.05,391.606,35.7701,38.1611,5275.83,5427.55,9.36376,4.10863,5.26171,0.96295,0.973199,174.007,121.33,4.10863,5.26171,137447
2392.0,0.754404,1.00089,0.0439025,1.00089,119897,129872,359.155,373.046,391.604,35.7711,38.1625,5276.77,5427.55,9.36376,4.109,5.26186,0.962993,0.973182,174.081,121.347,4.109,5.26186,137443
2394.0,0.754419,1.00087,0.0439029,1.00087,119911,129867,359.158,373.044,391.602,35.7726,38.1626,5277.81,5427.55,9.36376,4.10941,5.26181,0.963035,0.973166,174.083,121.365,4.10941,5.26181,137438
2396.0,0.75443,1.00085,0.0439037,1.00085,119921,129863,359.16,373.043,391.6,35.774,38.1622,5278.82,5427.55,9.36376,4.10976,5.26171,0.963077,0.97315,174.013,121.381,4.10976,5.26171,137433
2398.0,0.754433,1.00084,0.0439048,1.00084,119925,129861,359.16,373.042,391.598,35.7747,38.1622,5279.58,5427.55,9.36376,4.10993,5.26169,0.96312,0.973134,173.856,121.391,4.10993,5.26169,137431
2400.0,0.754431,1.00083,0.0439057,1.00083,119925,129861,359.159,373.041,391.597,35.774,38.1634,5279.81,5427.55,9.36376,4.10985,5.26186,0.963162,0.973117,173.734,121.393,4.10985,5.26186,137431
2402.0,0.754423,1.00084,0.0439067,1.00084,119920,129863,359.157,373.042,391.597,35.7721,38.1661,5279.66,5427.55,8.51251,4.10958,5.26228,0.963204,0.9731,173.643,121.387,4.10958,5.26228,137433
2404.0,0.75441,1.00085,0.0439073,1.00085,119912,129866,359.154,373.043,391.598,35.7691,38.1705,5279.11,5427.55,8.51251,4.1091,5.26295,0.963246,0.973083,173.512,121.376,4.1091,5.26295,137436
2406.0,0.754399,1.00086,0.0439075,1.00086,119905,129870,359.151,373.043,391.598,35.765,38.176,5278.21,5427.55,8.51251,4.10853,5.26376,0.963288,0.973066,173.566,121.363,4.10853,5.26376,137440
2408.0,0.754391,1.00086,0.0439071,1.00086,119900,129873,359.149,373.044,391.598,35.7613,38.1814,5277.47,5427.55,8.51251,4.10805,5.26456,0.96333,0.973049,173.605,121.353,4.10805,5.26456,137443
2410.0,0.754383,1.00085,0.0439068,1.00085,119897,129874,359.147,373.045,391.597,35.758,38.1859,5276.87,5427.55,8.51251,4.10761,5.26519,0.963372,0.973032,173.628,121.344,4.10761,5.26519,137444
2412.0,0.754384,1.00081,0.0439065,1.00081,119900,129872,359.147,373.046,391.596,35.7549,38.1875,5276.35,5427.55,8.51251,4.10733,5.26537,0.963413,0.973017,173.828,121.341,4.10733,5.26537,137442
2414.0,0.754396,1.00073,0.0439065,1.00073,119911,129870,359.149,373.048,391.595,35.7536,38.1832,5276.46,5427.55,8.51251,4.10739,5.26466,0.963455,0.973003,174.021,121.35,4.10739,5.26466,137439
2416.0,0.754411,1.00059,0.0439069,1.00059,119925,129866,359.152,373.051,391.593,35.7545,38.1696,5277.32,5427.55,8.51251,4.10773,5.2626,0.963497,0.972992,174.093,121.367,4.10773,5.2626,137434
2418.0,0.754424,1.00039,0.043908,1.00039,119936,129861,359.155,373.055,391.592,35.7559,38.1442,5278.38,5427.55,8.51251,4.10811,5.25883,0.963539,0.972984,174.054,121.385,4.10811,5.25883,137428
2420.0,0.754433,1.00014,0.0439096,1.00014,119944,129858,359.156,373.061,391.59,35.7571,38.1062,5279.29,5427.55,8.51251,4.10839,5.25328,0.96358,0.972979,173.964,121.399,4.10839,5.25328,137423
2422.0,0.754436,0.999847,0.0439114,0.999847,119947,129856,359.156,373.067,391.59,35.7573,38.0566,5279.84,5427.55,8.51251,4.10848,5.24609,0.963622,0.972977,173.905,121.405,4.10848,5.24609,137418
2424.0,0.754433,0.999524,0.043913,0.999524,119945,129855,359.154,373.073,391.59,35.7565,37.9973,5280.03,5427.55,8.51251,4.10837,5.23755,0.963663,0.972977,173.706,121.408,4.10837,5.23755,137416
2426.0,0.754417,0.99918,0.0439142,0.99918,119934,129857,359.15,373.079,391.59,35.7544,37.9307,5279.75,5427.55,8.51251,4.10795,5.228,0.963704,0.97298,173.447,121.398,4.10795,5.228,137415
2428.0,0.754401,0.998826,0.0439147,0.998826,119922,129860,359.146,373.083,391.591,35.7499,37.859,5278.66,5427.55,8.51251,4.10725,5.21773,0.963746,0.972984,173.44,121.38,4.10725,5.21773,137415
2430.0,0.754383,0.998463,0.0439144,0.998463,119910,129863,359.142,373.086,391.592,35.7451,37.7834,5277.51,5427.55,8.51251,4.1065,5.20694,0.963787,0.97299,173.394,121.361,4.1065,5.20694,137415
2432.0,0.754367,0.998096,0.0439136,0.998096,119900,129866,359.138,373.088,391.594,35.7399,37.705,5276.25,5427.55,8.51251,4.10575,5.19574,0.963828,0.972998,173.443,121.342,4.10575,5.19574,137416
2434.0,0.754359,0.997724,0.0439125,0.997724,119895,129868,359.136,373.09,391.595,35.7353,37.624,5275.2,5427.55,8.51251,4.10515,5.18417,0.963869,0.973007,173.567,121.329,4.10515,5.18417,137415
2436.0,0.754352,0.997348,0.0439114,0.997348,119893,129868,359.134,373.092,391.595,35.7319,37.5406,5274.59,5427.55,8.51251,4.10473,5.17225,0.963911,0.973017,173.613,121.322,4.10473,5.17225,137412
2438.0,0.754358,0.996968,0.0439107,0.996968,119899,129866,359.135,373.094,391.595,35.729,37.4548,5274.17,5427.55,8.51251,4.10453,5.15998,0.963952,0.973029,173.88,121.321,4.10453,5.15998,137407
2440.0,0.754372,0.996589,0.0439104,0.996589,119912,129862,359.138,373.098,391.594,35.7284,37.367,5274.56,5427.55,8.51251,4.1047,5.14741,0.963993,0.973042,173.976,121.337,4.1047,5.14741,137400
2442.0,0.754384,0.996211,0.0439107,0.996211,119923,129858,359.14,373.103,391.594,35.7297,37.2775,5275.56,5427.55,8.51251,4.10504,5.13461,0.964034,0.973056,173.985,121.352,4.10504,5.13461,137393
2444.0,0.754396,0.995839,0.0439118,0.995839,119933,129853,359.142,373.109,391.593,35.7305,37.187,5276.38,5427.55,8.51251,4.10533,5.12168,0.964075,0.973072,173.984,121.367,4.10533,5.12168,137385
2446.0,0.754402,0.995475,0.0439132,0.995475,119939,129850,359.143,373.117,391.593,35.7313,37.096,5277.17,5427.55,8.51251,4.10553,5.1087,0.964115,0.973088,173.844,121.379,4.10553,5.1087,137379
2448.0,0.7544,0.995124,0.0439148,0.995124,119938,129848,359.142,373.124,391.593,35.731,37.0054,5277.54,5427.55,8.51251,4.10549,5.09579,0.964156,0.973104,173.724,121.381,4.10549,5.09579,137375
2450.0,0.75439,0.994785,0.0439161,0.994785,119931,129848,359.139,373.131,391.594,35.7291,36.9156,5277.39,5427.55,8.51251,4.10517,5.08305,0.964197,0.973122,173.482,121.376,4.10517,5.08305,137373
2452.0,0.754374,0.994459,0.0439169,0.994459,119921,129850,359.135,373.137,391.595,35.7254,36.8271,5276.63,5427.55,8.51251,4.10458,5.07051,0.964237,0.973139,173.414,121.362,4.10458,5.07051,137372
2454.0,0.754357,0.994144,0.0439171,0.994144,119909,129853,359.131,373.142,391.597,35.7208,36.7399,5275.57,5427.55,8.51251,4.10387,5.05818,0.964278,0.973157,173.361,121.344,4.10387,5.05818,137373
2456.0,0.754341,0.993837,0.0439166,0.993837,119898,129856,359.127,373.146,391.599,35.7158,36.6537,5274.41,5427.55,8.51251,4.10313,5.04598,0.964318,0.973176,173.366,121.326,4.10313,5.04598,137373
2458.0,0.75433,0.993534,0.043916,0.993534,119892,129859,359.124,373.149,391.6,35.7109,36.5677,5273.28,5427.55,8.51251,4.10247,5.03382,0.964359,0.973195,173.456,121.311,4.10247,5.03382,137373
2460.0,0.754324,0.993231,0.0439152,0.993231,119889,129859,359.123,373.152,391.602,35.7069,36.4813,5272.5,5427.55,8.51251,4.10198,5.02159,0.964399,0.973215,173.519,121.303,4.10198,5.02159,137372
2462.0,0.754325,0.992929,0.0439145,0.992929,119892,129858,359.123,373.155,391.602,35.704,36.3939,5272.09,5427.55,8.51251,4.10172,5.0092,0.964439,0.973236,173.719,121.299,4.10172,5.0092,137368
2464.0,0.754335,0.992625,0.0439143,0.992625,119902,129856,359.125,373.159,391.602,35.7025,36.3052,5272.18,5427.55,8.51251,4.10173,4.99662,0.96448,0.973258,173.858,121.308,4.10173,4.99662,137363
2466.0,0.754347,0.992324,0.0439146,0.992324,119913,129852,359.127,373.164,391.602,35.7028,36.2151,5272.88,5427.55,8.51251,4.10197,4.98385,0.96452,0.97328,173.92,121.322,4.10197,4.98385,137357
2468.0,0.754359,0.992027,0.0439154,0.992027,119924,129848,359.129,373.171,391.602,35.7036,36.1243,5273.71,5427.55,8.51251,4.10225,4.97097,0.96456,0.973303,173.919,121.337,4.10225,4.97097,137351
2470.0,0.754367,0.991739,0.0439168,0.991739,119931,129844,359.13,373.179,391.602,35.7043,36.0332,5274.5,5427.55,8.51251,4.10247,4.95807,0.9646,0.973326,173.838,121.35,4.10247,4.95807,137345
2472.0,0.754369,0.991462,0.0439182,0.991462,119934,129842,359.13,373.186,391.603,35.7043,35.9426,5275.04,5427.55,8.51251,4.10252,4.94527,0.96464,0.97335,173.742,121.356,4.10252,4.94527,137341
2474.0,0.754362,0.991198,0.0439195,0.991198,119929,129842,359.128,373.194,391.604,35.703,35.8532,5275.13,5427.55,8.51251,4.10231,4.93266,0.964679,0.973373,173.474,121.355,4.10231,4.93266,137339
2476.0,0.754343,0.990948,0.0439204,0.990948,119916,129843,359.123,373.201,391.605,35.6999,35.7653,5274.57,5427.55,8.51251,4.10174,4.9203,0.964719,0.973398,173.311,121.339,4.10174,4.9203,137338
2478.0,0.754324,0.990711,0.0439206,0.990711,119902,129845,359.119,373.206,391.607,35.6945,35.6793,5273.25,5427.55,8.51251,4.10091,4.90821,0.964758,0.973422,173.257,121.319,4.10091,4.90821,137339
2480.0,0.754305,0.990482,0.0439201,0.990482,119890,129848,359.114,373.21,391.609,35.689,35.5947,5271.92,5427.55,8.51251,4.10008,4.89634,0.964798,0.973446,173.25,121.298,4.10008,4.89634,137340
2482.0,0.754291,0.990258,0.0439192,0.990258,119881,129850,359.111,373.213,391.611,35.6835,35.511,5270.65,5427.55,8.51251,4.09932,4.88459,0.964837,0.973471,173.33,121.28,4.09932,4.88459,137340
2484.0,0.754284,0.990035,0.0439181,0.990035,119879,129851,359.109,373.216,391.612,35.6789,35.4274,5269.67,5427.55,8.51251,4.09876,4.87284,0.964877,0.973496,173.468,121.269,4.09876,4.87284,137339
2486.0,0.754283,0.989812,0.0439172,0.989812,119880,129850,359.109,373.219,391.613,35.6757,35.3431,5269.22,5427.55,8.51251,4.09843,4.86098,0.964916,0.973522,173.597,121.265,4.09843,4.86098,137336
2488.0,0.754294,0.989587,0.0439166,0.989587,119891,129847,359.111,373.223,391.613,35.6736,35.2578,5269.14,5427.55,8.51251,4.09839,4.84896,0.964955,0.973548,173.814,121.272,4.09839,4.84896,137332
2490.0,0.75431,0.989362,0.0439166,0.989362,119906,129842,359.114,373.228,391.613,35.6739,35.1713,5269.89,5427.55,8.51251,4.09869,4.83677,0.964994,0.973574,173.936,121.289,4.09869,4.83677,137326
2492.0,0.754327,0.989142,0.0439172,0.989142,119921,129838,359.118,373.234,391.613,35.6754,35.0839,5271.04,5427.55,8.51251,4.09912,4.82446,0.965033,0.973601,173.954,121.31,4.09912,4.82446,137319
2494.0,0.75434,0.988927,0.0439181,0.988927,119932,129834,359.12,373.242,391.613,35.6771,34.9965,5272.21,5427.55,8.51251,4.09952,4.81215,0.965072,0.973629,173.871,121.328,4.09952,4.81215,137313
2496.0,0.754343,0.988725,0.0439191,0.988725,119935,129831,359.12,373.251,391.614,35.6779,34.9094,5273.08,5427.55,8.51251,4.09969,4.79992,0.965111,0.973657,173.659,121.339,4.09969,4.79992,137309
2498.0,0.754339,0.988537,0.04392,0.988537,119933,129830,359.119,373.26,391.615,35.6769,34.824,5273.27,5427.55,8.51251,4.09954,4.78796,0.96515,0.973684,173.492,121.339,4.09954,4.78796,137307
2500.0,0.754322,0.988364,0.0439205,0.988364,119921,129832,359.114,373.267,391.616,35.6743,34.7407,5272.91,5427.55,8.51251,4.09905,4.77632,0.965188,0.973712,173.274,121.327,4.09905,4.77632,137307
2502.0,0.754299,0.988206,0.0439203,0.988206,119905,129835,359.109,373.273,391.619,35.6692,34.6597,5271.71,5427.55,8.51251,4.09821,4.76503,0.965226,0.973739,173.117,121.305,4.09821,4.76503,137309
2504.0,0.754275,0.988057,0.0439195,0.988057,119887,129839,359.103,373.278,391.621,35.663,34.581,5270.13,5427.55,8.51251,4.09721,4.75406,0.965265,0.973767,173.062,121.279,4.09721,4.75406,137312
2506.0,0.754256,0.987912,0.0439184,0.987912,119875,129843,359.099,373.281,391.623,35.6563,34.5036,5268.42,5427.55,8.51251,4.09625,4.74329,0.965303,0.973795,173.184,121.254,4.09625,4.74329,137314
2508.0,0.754248,0.987766,0.0439173,0.987766,119871,129845,359.097,373.283,391.625,35.6506,34.4263,5267.14,5427.55,8.51251,4.09555,4.73251,0.965341,0.973822,173.388,121.24,4.09555,4.73251,137315
2510.0,0.754247,0.987617,0.0439163,0.987617,119873,129845,359.097,373.285,391.626,35.647,34.3483,5266.57,5427.55,8.51251,4.09518,4.72162,0.965379,0.973851,173.53,121.235,4.09518,4.72162,137314
2512.0,0.754259,0.987462,0.0439157,0.987462,119885,129842,359.099,373.288,391.627,35.6449,34.2691,5266.49,5427.55,8.51251,4.09515,4.71051,0.965417,0.97388,173.786,121.243,4.09515,4.71051,137311
2514.0,0.754277,0.987305,0.0439156,0.987305,119901,129838,359.103,373.292,391.627,35.6454,34.1882,5267.36,5427.55,8.51251,4.09549,4.69918,0.965455,0.973909,173.896,121.262,4.09549,4.69918,137305
2516.0,0.754296,0.98715,0.0439162,0.98715,119917,129833,359.107,373.299,391.627,35.6471,34.1061,5268.57,5427.55,8.51251,4.09597,4.68767,0.965492,0.973939,173.937,121.284,4.09597,4.68767,137299
2518.0,0.754312,0.987001,0.0439172,0.987001,119931,129828,359.11,373.307,391.627,35.6491,34.0237,5269.86,5427.55,8.51251,4.09645,4.67612,0.96553,0.973969,173.895,121.306,4.09645,4.67612,137293
2520.0,0.754321,0.986863,0.0439186,0.986863,119939,129825,359.111,373.316,391.628,35.6506,33.942,5270.97,5427.55,8.51251,4.09676,4.66471,0.965567,0.973999,173.718,121.322,4.09676,4.66471,137289
2522.0,0.75432,0.986742,0.04392,0.986742,119938,129824,359.111,373.325,391.629,35.6505,33.8621,5271.51,5427.55,8.51251,4.09676,4.65358,0.965604,0.974029,173.562,121.326,4.09676,4.65358,137287
2524.0,0.754305,0.986636,0.0439211,0.986636,119928,129826,359.107,373.333,391.63,35.6486,33.7849,5271.37,5427.55,8.51251,4.09637,4.64284,0.965641,0.974059,173.195,121.32,4.09637,4.64284,137288
2526.0,0.754284,0.986546,0.0439214,0.986546,119913,129829,359.102,373.34,391.633,35.6438,33.7105,5270.3,5427.55,8.51251,4.09558,4.63254,0.965678,0.974088,173.107,121.298,4.09558,4.63254,137291
2528.0,0.75426,0.986466,0.043921,0.986466,119896,129834,359.096,373.344,391.636,35.6378,33.6388,5268.82,5427.55,8.51251,4.09463,4.62262,0.965715,0.974117,173.045,121.273,4.09463,4.62262,137295
2530.0,0.754239,0.986391,0.04392,0.986391,119881,129839,359.091,373.347,391.638,35.6313,33.5687,5267.2,5427.55,8.51251,4.09364,4.61294,0.965752,0.974147,173.055,121.248,4.09364,4.61294,137299
2532.0,0.754224,0.986315,0.0439185,0.986315,119873,129842,359.088,373.349,391.641,35.625,33.4994,5265.69,5427.55,8.51251,4.09278,4.60334,0.965788,0.974176,173.202,121.228,4.09278,4.60334,137302
2534.0,0.754221,0.986235,0.0439169,0.986235,119873,129843,359.087,373.351,391.642,35.6201,33.4296,5264.69,5427.55,8.51251,4.09224,4.59366,0.965825,0.974206,173.43,121.218,4.09224,4.59366,137302
2536.0,0.754231,0.986147,0.0439157,0.986147,119883,129842,359.089,373.353,391.643,35.6175,33.3586,5264.49,5427.55,8.51251,4.09212,4.58378,0.965861,0.974236,173.722,121.222,4.09212,4.58378,137300
2538.0,0.754248,0.986055,0.0439151,0.986055,119898,129838,359.093,373.357,391.644,35.6174,33.2859,5265.14,5427.55,8.51251,4.09238,4.57364,0.965897,0.974267,173.831,121.24,4.09238,4.57364,137296
2540.0,0.754268,0.985961,0.0439154,0.985961,119915,129834,359.097,373.363,391.644,35.6189,33.2117,5266.31,5427.55,8.51251,4.09285,4.5633,0.965933,0.974298,173.907,121.263,4.09285,4.5633,137291
2542.0,0.754288,0.985872,0.0439164,0.985872,119932,129829,359.101,373.37,391.644,35.6211,33.1369,5267.69,5427.55,8.51251,4.09339,4.55287,0.965969,0.97433,173.905,121.287,4.09339,4.55287,137285
2544.0,0.754301,0.985793,0.043918,0.985793,119943,129825,359.103,373.379,391.644,35.6231,33.0627,5269,5427.55,8.51251,4.09383,4.54254,0.966005,0.974361,173.767,121.307,4.09383,4.54254,137281
2546.0,0.754302,0.985729,0.0439198,0.985729,119944,129824,359.103,373.388,391.645,35.624,32.9902,5269.86,5427.55,8.51251,4.09396,4.53248,0.96604,0.974392,173.524,121.317,4.09396,4.53248,137279
2548.0,0.754293,0.985683,0.0439212,0.985683,119937,129825,359.1,373.397,391.647,35.6224,32.9205,5269.9,5427.55,8.51251,4.09369,4.52284,0.966076,0.974423,173.267,121.314,4.09369,4.52284,137280
2550.0,0.754273,0.985652,0.0439222,0.985652,119923,129828,359.095,373.404,391.649,35.6188,32.854,5269.21,5427.55,8.51251,4.09303,4.51368,0.966111,0.974454,173.076,121.296,4.09303,4.51368,137283
2552.0,0.754248,0.985633,0.0439224,0.985633,119905,129833,359.089,373.409,391.652,35.6129,32.7906,5267.76,5427.55,8.51251,4.09206,4.50497,0.966146,0.974484,172.968,121.271,4.09206,4.50497,137287
2554.0,0.754225,0.98562,0.0439217,0.98562,119889,129838,359.084,373.412,391.655,35.6061,32.7295,5266.02,5427.55,8.51251,4.09101,4.49658,0.966181,0.974514,172.986,121.244,4.09101,4.49658,137292
2556.0,0.754207,0.985607,0.0439206,0.985607,119877,129842,359.08,373.413,391.657,35.5995,32.6695,5264.4,5427.55,8.51251,4.09008,4.48834,0.966215,0.974544,173.094,121.221,4.09008,4.48834,137296
2558.0,0.754201,0.985588,0.0439191,0.985588,119875,129844,359.078,373.415,391.659,35.594,32.6094,5263.2,5427.55,8.51251,4.08941,4.48007,0.96625,0.974575,173.305,121.208,4.08941,4.48007,137298
2560.0,0.754204,0.98556,0.0439179,0.98556,119879,129844,359.079,373.416,391.661,35.5906,32.5482,5262.73,5427.55,8.51251,4.08912,4.4716,0.966285,0.974606,173.534,121.206,4.08912,4.4716,137297
2562.0,0.754223,0.985525,0.0439171,0.985525,119896,129841,359.083,373.419,391.661,35.5892,32.485,5262.95,5427.55,8.51251,4.08926,4.46283,0.966319,0.974637,173.786,121.222,4.08926,4.46283,137294
2564.0,0.754245,0.985487,0.0439171,0.985487,119915,129836,359.088,373.424,391.662,35.5909,32.4202,5264.26,5427.55,8.51251,4.08979,4.45383,0.966353,0.974669,173.886,121.246,4.08979,4.45383,137290
2566.0,0.754268,0.98545,0.0439179,0.98545,119934,129831,359.092,373.431,391.662,35.5934,32.3545,5265.76,5427.55,8.51251,4.0904,4.44472,0.966388,0.9747,173.932,121.273,4.0904,4.44472,137284
2568.0,0.754286,0.985422,0.0439193,0.985422,119949,129827,359.096,373.439,391.662,35.5961,32.2891,5267.31,5427.55,8.51251,4.09097,4.43565,0.966421,0.974732,173.825,121.299,4.09097,4.43565,137280
2570.0,0.754291,0.985409,0.0439209,0.985409,119953,129825,359.096,373.449,391.663,35.5979,32.2254,5268.53,5427.55,8.51251,4.09126,4.42684,0.966455,0.974764,173.535,121.314,4.09126,4.42684,137278
2572.0,0.754282,0.985412,0.0439223,0.985412,119946,129825,359.094,373.457,391.664,35.5971,32.1645,5268.83,5427.55,8.51251,4.09107,4.41845,0.966488,0.974796,173.262,121.311,4.09107,4.41845,137278
2574.0,0.754258,0.985434,0.0439231,0.985434,119928,129828,359.088,373.465,391.666,35.5934,32.1069,5268.14,5427.55,8.51251,4.09035,4.41056,0.966522,0.974826,173.003,121.291,4.09035,4.41056,137281
2576.0,0.754232,0.985469,0.0439232,0.985469,119909,129833,359.082,373.47,391.669,35.5868,32.0531,5266.43,5427.55,8.51251,4.08927,4.40322,0.966555,0.974857,172.886,121.264,4.08927,4.40322,137286
2578.0,0.754205,0.985512,0.0439225,0.985512,119890,129839,359.076,373.473,391.672,35.5795,32.0022,5264.56,5427.55,8.51251,4.08814,4.3963,0.966588,0.974887,172.859,121.234,4.08814,4.3963,137292
2580.0,0.754183,0.985555,0.0439212,0.985555,119875,129843,359.071,373.474,391.675,35.5722,31.953,5262.7,5427.55,8.51251,4.08706,4.38959,0.966621,0.974917,172.947,121.207,4.08706,4.38959,137297
2582.0,0.754173,0.985591,0.0439196,0.985591,119870,129846,359.068,373.474,391.677,35.5658,31.9039,5261.18,5427.55,8.51251,4.08624,4.38288,0.966653,0.974948,173.18,121.189,4.08624,4.38288,137299
2584.0,0.754178,0.985614,0.0439183,0.985614,119876,129845,359.069,373.474,391.678,35.5616,31.8534,5260.47,5427.55,8.51251,4.08587,4.37595,0.966686,0.974979,173.479,121.187,4.08587,4.37595,137299
2586.0,0.7542,0.985627,0.0439176,0.985627,119895,129842,359.074,373.476,391.679,35.5604,31.8008,5260.79,5427.55,8.51251,4.08607,4.36868,0.966719,0.97501,173.794,121.205,4.08607,4.36868,137296
2588.0,0.754229,0.985632,0.0439177,0.985632,119919,129837,359.08,373.481,391.679,35.5628,31.7459,5262.31,5427.55,8.51251,4.08676,4.36108,0.966751,0.975042,174.008,121.234,4.08676,4.36108,137291
2590.0,0.754261,0.985637,0.0439188,0.985637,119945,129832,359.087,373.488,391.679,35.5666,31.6896,5264.28,5427.55,8.51251,4.08764,4.35328,0.966783,0.975074,174.073,121.271,4.08764,4.35328,137286
2592.0,0.754285,0.985649,0.0439205,0.985649,119964,129827,359.092,373.497,391.679,35.571,31.6332,5266.45,5427.55,8.51251,4.08849,4.34548,0.966815,0.975106,173.893,121.305,4.08849,4.34548,137281
2594.0,0.754292,0.985678,0.0439223,0.985678,119969,129825,359.092,373.507,391.68,35.574,31.5784,5268.04,5427.55,8.51251,4.08892,4.33794,0.966847,0.975137,173.543,121.324,4.08892,4.33794,137279
2596.0,0.754279,0.985728,0.0439238,0.985728,119959,129825,359.089,373.516,391.681,35.5736,31.5269,5268.43,5427.55,8.51251,4.08871,4.3309,0.966878,0.975169,173.131,121.321,4.08871,4.3309,137280
2598.0,0.754252,0.985801,0.0439245,0.985801,119937,129829,359.082,373.524,391.684,35.5692,31.4801,5267.45,5427.55,8.51251,4.08785,4.32454,0.966909,0.975199,172.836,121.298,4.08785,4.32454,137284
2600.0,0.754216,0.98589,0.0439243,0.98589,119911,129834,359.074,373.529,391.687,35.5618,31.4379,5265.47,5427.55,8.51251,4.08656,4.31885,0.96694,0.975229,172.642,121.262,4.08656,4.31885,137290
2602.0,0.754179,0.985987,0.0439231,0.985987,119884,129841,359.065,373.531,391.69,35.5526,31.3994,5262.95,5427.55,8.51251,4.08507,4.31369,0.966971,0.975259,172.598,121.221,4.08507,4.31369,137298
2604.0,0.75415,0.986081,0.0439212,0.986081,119863,129846,359.059,373.53,391.693,35.5432,31.3629,5260.38,5427.55,8.51251,4.08366,4.30878,0.967002,0.975289,172.735,121.183,4.08366,4.30878,137304
2606.0,0.754137,0.986162,0.043919,0.986162,119857,129849,359.056,373.528,391.695,35.5352,31.3261,5258.35,5427.55,8.51251,4.08263,4.30381,0.967033,0.975318,173.077,121.159,4.08263,4.30381,137307
2608.0,0.754147,0.986225,0.0439171,0.986225,119867,129848,359.059,373.527,391.696,35.5305,31.2872,5257.49,5427.55,8.51251,4.08228,4.29849,0.967064,0.975349,173.54,121.158,4.08228,4.29849,137307
2610.0,0.754177,0.986269,0.0439161,0.986269,119893,129844,359.065,373.528,391.696,35.5303,31.2447,5258.22,5427.55,8.51251,4.08269,4.29264,0.967094,0.97538,173.949,121.182,4.08269,4.29264,137303
2612.0,0.754219,0.986301,0.0439163,0.986301,119927,129838,359.074,373.532,391.696,35.534,31.1988,5260.25,5427.55,8.51251,4.08372,4.28628,0.967124,0.975411,174.237,121.225,4.08372,4.28628,137297
2614.0,0.754263,0.986331,0.0439178,0.986331,119961,129830,359.084,373.54,391.695,35.5404,31.1505,5263.14,5427.55,8.51251,4.08504,4.27961,0.967154,0.975443,174.253,121.276,4.08504,4.27961,137290
2616.0,0.754294,0.98637,0.0439201,0.98637,119985,129824,359.09,373.551,391.695,35.5471,31.102,5266.07,5427.55,8.51251,4.08623,4.2729,0.967184,0.975475,174.017,121.321,4.08623,4.2729,137284
2618.0,0.754304,0.986432,0.0439227,0.986432,119992,129822,359.091,373.563,391.696,35.5517,31.0554,5268.18,5427.55,8.51251,4.08687,4.26651,0.967214,0.975507,173.577,121.346,4.08687,4.26651,137282
2620.0,0.754288,0.986523,0.043925,0.986523,119978,129823,359.087,373.574,391.697,35.5518,31.0136,5268.75,5427.55,8.51251,4.08667,4.26084,0.967243,0.975538,173.005,121.344,4.08667,4.26084,137283
2622.0,0.754249,0.986643,0.0439263,0.986643,119948,129828,359.077,373.582,391.7,35.5467,30.9781,5267.5,5427.55,8.51251,4.08558,4.25609,0.967272,0.975567,172.559,121.312,4.08558,4.25609,137289
2624.0,0.754197,0.986785,0.0439263,0.986785,119908,129835,359.065,373.587,391.704,35.5371,30.9488,5264.74,5427.55,8.51251,4.08382,4.25223,0.967301,0.975596,172.251,121.26,4.08382,4.25223,137298
2626.0,0.754146,0.986933,0.0439249,0.986933,119870,129844,359.054,373.587,391.708,35.5247,30.9244,5261.08,5427.55,8.51251,4.08176,4.24907,0.96733,0.975625,172.254,121.2,4.08176,4.24907,137308
2628.0,0.754108,0.987073,0.0439223,0.987073,119843,129851,359.046,373.583,391.711,35.5123,30.9019,5257.52,5427.55,8.51251,4.0799,4.24615,0.967359,0.975653,172.5,121.148,4.0799,4.24615,137316
2630.0,0.754094,0.987191,0.0439192,0.987191,119836,129854,359.043,373.579,391.713,35.5025,30.8783,5254.88,5427.55,8.51251,4.07865,4.24301,0.967388,0.975682,173.005,121.118,4.07865,4.24301,137320
2632.0,0.754112,0.987279,0.0439164,0.987279,119854,129853,359.047,373.575,391.714,35.4974,30.8507,5253.96,5427.55,8.51251,4.07837,4.23928,0.967416,0.975712,173.674,121.121,4.07837,4.23928,137319
2634.0,0.754159,0.987338,0.0439148,0.987338,119892,129847,359.058,373.575,391.714,35.4987,30.8176,5255.22,5427.55,8.51251,4.07918,4.23471,0.967445,0.975742,174.288,121.159,4.07918,4.23471,137314
2636.0,0.754225,0.987378,0.0439149,0.987378,119945,129838,359.072,373.58,391.713,35.5058,30.7789,5258.44,5427.55,8.51251,4.08089,4.22934,0.967473,0.975774,174.674,121.227,4.08089,4.22934,137305
2638.0,0.75429,0.987416,0.0439165,0.987416,119995,129828,359.086,373.59,391.711,35.5169,30.7366,5262.95,5427.55,8.51251,4.08303,4.22346,0.967501,0.975806,174.673,121.305,4.08303,4.22346,137296
2640.0,0.754334,0.98747,0.0439191,0.98747,120027,129821,359.094,373.604,391.711,35.528,30.6939,5267.36,5427.55,8.51251,4.08487,4.21756,0.967529,0.975837,174.235,121.37,4.08487,4.21756,137288
2642.0,0.754342,0.987557,0.0439225,0.987557,120031,129818,359.095,373.619,391.711,35.5351,30.6546,5270.29,5427.55,8.51251,4.08575,4.2122,0.967556,0.975869,173.48,121.402,4.08575,4.2122,137286
2644.0,0.754311,0.987688,0.0439259,0.987688,120005,129820,359.087,373.633,391.713,35.5349,30.6225,5270.66,5427.55,8.51251,4.08531,4.2079,0.967583,0.975898,172.704,121.389,4.08531,4.2079,137290
2646.0,0.754331,0.987712,0.0439288,0.987712,120020,129831,359.091,373.647,391.718,35.5271,30.5995,5268.42,5427.55,8.51251,4.08467,4.20483,0.96761,0.975931,174.241,121.369,4.08467,4.20483,137301
2648.0,0.754362,0.987799,0.0439308,0.987799,120042,129852,359.096,373.657,391.725,35.5294,30.5553,5269.72,5427.55,8.51251,4.08531,4.19898,0.967637,0.975963,174.055,121.412,4.08531,4.19898,137322
2650.0,0.754376,0.987894,0.043932,0.987894,120050,129876,359.098,373.666,391.734,35.5339,30.524,5271.74,5427.55,8.51251,4.08597,4.19494,0.967664,0.975995,173.824,121.436,4.08597,4.19494,137347
2652.0,0.754388,0.987993,0.0439332,0.987993,120057,129900,359.099,373.674,391.742,35.5351,30.4948,5272.54,5427.55,8.51251,4.08623,4.19118,0.96769,0.976026,173.859,121.45,4.08623,4.19118,137371
2654.0,0.754403,0.988094,0.0439344,0.988094,120066,129922,359.101,373.682,391.75,35.536,30.4667,5273.24,5427.55,8.51251,4.08649,4.18756,0.967717,0.976058,173.944,121.466,4.08649,4.18756,137394
2656.0,0.754421,0.988193,0.0439358,0.988193,120076,129940,359.104,373.69,391.756,35.5374,30.4392,5274.13,5427.55,8.51251,4.08685,4.184,0.967743,0.976089,174.026,121.486,4.08685,4.184,137413
2658.0,0.754433,0.988311,0.043937,0.988311,120082,129955,359.105,373.698,391.762,35.5395,30.4121,5275.22,5427.55,8.51251,4.08719,4.18047,0.967769,0.97612,173.836,121.506,4.08719,4.18047,137428
2660.0,0.754438,0.988427,0.0439381,0.988427,120082,129967,359.104,373.705,391.767,35.5403,30.3889,5275.83,5427.55,8.51251,4.08731,4.17746,0.967794,0.976151,173.81,121.514,4.08731,4.17746,137441
2662.0,0.754492,0.988479,0.0439397,0.988479,120120,129980,359.115,373.715,391.772,35.54,30.3661,5276.04,5427.55,8.51251,4.08792,4.17445,0.96782,0.976184,174.922,121.546,4.08792,4.17445,137454
2664.0,0.754518,0.988598,0.0439411,0.988598,120136,129992,359.119,373.724,391.777,35.5493,30.3306,5279.6,5427.55,8.51251,4.08926,4.16975,0.967845,0.976215,174.097,121.602,4.08926,4.16975,137467
2666.0,0.754562,0.988656,0.043943,0.988656,120165,130004,359.126,373.735,391.782,35.5533,30.3089,5281.19,5427.55,8.51251,4.09022,4.16689,0.96787,0.976248,174.817,121.635,4.09022,4.16689,137480
2668.0,0.754577,0.98878,0.0439449,0.98878,120171,130017,359.127,373.746,391.787,35.5611,30.2752,5284.06,5427.55,8.51251,4.09122,4.16245,0.967895,0.976279,173.985,121.677,4.09122,4.16245,137494
2670.0,0.754567,0.988904,0.0439467,0.988904,120157,130029,359.123,373.756,391.792,35.563,30.2551,5284.85,5427.55,8.51251,4.09121,4.15987,0.96792,0.97631,173.639,121.676,4.09121,4.15987,137506
2672.0,0.75456,0.989029,0.0439482,0.989029,120146,130040,359.119,373.765,391.797,35.5599,30.2357,5283.91,5427.55,8.51251,4.09068,4.15738,0.967944,0.976341,173.764,121.665,4.09068,4.15738,137519
2674.0,0.754558,0.989156,0.043949,0.989156,120139,130053,359.117,373.772,391.802,35.5573,30.217,5283.19,5427.55,8.51251,4.09028,4.15501,0.967968,0.976372,173.865,121.66,4.09028,4.15501,137533
2676.0,0.754561,0.989285,0.0439493,0.989285,120137,130066,359.116,373.777,391.807,35.5558,30.1992,5282.88,5427.55,8.51251,4.09008,4.15275,0.967992,0.976403,173.954,121.662,4.09008,4.15275,137546
2678.0,0.754586,0.989345,0.0439496,0.989345,120151,130078,359.119,373.783,391.812,35.5553,30.1822,5282.89,5427.55,8.51251,4.09028,4.15054,0.968016,0.976436,174.884,121.667,4.09028,4.15054,137558
2680.0,0.75464,0.989478,0.0439502,0.989478,120187,130091,359.129,373.789,391.817,35.5593,30.1516,5284.44,5427.55,8.51251,4.09134,4.14654,0.96804,0.976467,174.812,121.733,4.09134,4.14654,137573
2682.0,0.7547,0.989538,0.0439519,0.989538,120226,130101,359.14,373.798,391.822,35.569,30.1363,5287.89,5427.55,8.51251,4.09313,4.14454,0.968064,0.9765,175.272,121.793,4.09313,4.14454,137584
2684.0,0.75477,0.989598,0.0439546,0.989598,120271,130112,359.152,373.81,391.826,35.5804,30.1066,5291.76,5427.55,8.51251,4.09521,4.14056,0.968087,0.976533,175.441,121.872,4.09521,4.14056,137594
2686.0,0.754829,0.989663,0.0439582,0.989663,120307,130122,359.162,373.825,391.831,35.5937,30.0771,5296.19,5427.55,8.51251,4.09735,4.13662,0.96811,0.976567,175.281,121.947,4.09735,4.13662,137605
2688.0,0.754876,0.989732,0.0439624,0.989732,120332,130134,359.168,373.843,391.836,35.605,30.0489,5299.86,5427.55,8.51251,4.09908,4.13289,0.968133,0.9766,175.131,122.008,4.09908,4.13289,137618
2690.0,0.754864,0.989874,0.0439664,0.989874,120313,130148,359.162,373.857,391.841,35.614,30.0217,5302.67,5427.55,8.51251,4.09981,4.12936,0.968155,0.976632,173.889,122.031,4.09981,4.12936,137633
2692.0,0.754829,0.99002,0.0439699,0.99002,120277,130164,359.152,373.87,391.847,35.6114,30.0098,5301.53,5427.55,8.51251,4.0989,4.12796,0.968178,0.976663,173.631,121.998,4.0989,4.12796,137650
2694.0,0.754777,0.990257,0.043972,0.990257,120228,130183,359.137,373.876,391.854,35.6041,29.9991,5298.83,5427.55,8.51251,4.09725,4.12682,0.9682,0.976692,172.741,121.962,4.09725,4.12682,137670
2696.0,0.754648,0.990507,0.0439714,0.990507,120122,130195,359.106,373.874,391.859,35.5932,30.0077,5294.96,5427.55,8.51251,4.0942,4.1283,0.968222,0.976719,171.569,121.844,4.0942,4.1283,137684
2698.0,0.7546,0.99068,0.043969,0.99068,120081,130206,359.094,373.868,391.863,35.5667,30.02,5285.8,5427.55,8.51251,4.09047,4.13021,0.968244,0.976748,173.473,121.734,4.09047,4.13021,137696
2700.0,0.754607,0.990845,0.0439653,0.990845,120084,130212,359.095,373.859,391.866,35.5562,30.0174,5282.4,5427.55,8.51251,4.08932,4.13004,0.968266,0.976777,174.185,121.722,4.08932,4.13004,137704
2702.0,0.754632,0.990991,0.0439618,0.990991,120099,130211,359.099,373.85,391.867,35.5566,30.0138,5282.79,5427.55,8.51251,4.08964,4.12964,0.968288,0.976806,174.561,121.742,4.08964,4.12964,137704
2704.0,0.754597,0.991245,0.0439589,0.991245,120069,130198,359.089,373.84,391.865,35.5607,30.0072,5284.31,5427.55,8.51251,4.08959,4.12884,0.96831,0.976832,172.817,121.751,4.08959,4.12884,137693
2706.0,0.75457,0.991383,0.0439573,0.991383,120045,130172,359.082,373.835,391.859,35.5527,30.023,5281.72,5427.55,8.51251,4.08828,4.13092,0.968332,0.976861,173.654,121.695,4.08828,4.13092,137668
2708.0,0.754603,0.991487,0.043957,0.991487,120068,130143,359.088,373.835,391.851,35.5462,30.0163,5279.69,5427.55,8.51251,4.08793,4.12983,0.968353,0.97689,174.74,121.705,4.08793,4.12983,137639
2710.0,0.754648,0.991598,0.0439574,0.991598,120098,130114,359.097,373.837,391.845,35.5518,30.0032,5281.83,5427.55,8.51251,4.0891,4.12789,0.968375,0.976919,174.798,121.757,4.0891,4.12789,137612
2712.0,0.75467,0.991728,0.0439585,0.991728,120111,130088,359.1,373.841,391.838,35.5599,29.9919,5284.72,5427.55,8.51251,4.09025,4.12623,0.968396,0.976948,174.263,121.799,4.09025,4.12623,137587
2714.0,0.754656,0.991894,0.0439601,0.991894,120096,130066,359.095,373.845,391.833,35.5634,29.985,5286,5427.55,8.51251,4.0904,4.12525,0.968416,0.976976,173.524,121.804,4.0904,4.12525,137566
2716.0,0.754603,0.992092,0.0439614,0.992092,120052,130048,359.082,373.849,391.829,35.5597,29.9858,5284.84,5427.55,8.51251,4.08924,4.12536,0.968437,0.977003,172.698,121.766,4.08924,4.12536,137549
2718.0,0.754526,0.992319,0.0439614,0.992319,119990,130032,359.064,373.85,391.826,35.5483,29.9939,5281.06,5427.55,8.51251,4.0869,4.12655,0.968458,0.977029,172.163,121.69,4.0869,4.12655,137536
2720.0,0.754432,0.992566,0.0439595,0.992566,119918,130019,359.043,373.845,391.823,35.5318,30.0087,5275.64,5427.55,8.51251,4.08378,4.12869,0.968478,0.977053,171.609,121.595,4.08378,4.12869,137524
2722.0,0.754354,0.992814,0.0439556,0.992814,119859,130006,359.025,373.835,391.821,35.5117,30.0285,5269.1,5427.55,8.51251,4.08048,4.13151,0.968499,0.977077,172.03,121.491,4.08048,4.13151,137513
2724.0,0.754286,0.993041,0.0439501,0.993041,119811,129991,359.011,373.822,391.818,35.4944,30.0495,5263.69,5427.55,8.51251,4.0777,4.13448,0.968519,0.977101,172.257,121.405,4.0777,4.13448,137500
2726.0,0.754262,0.993228,0.0439446,0.993228,119797,129972,359.007,373.807,391.813,35.4792,30.0673,5259.12,5427.55,8.51251,4.07572,4.13692,0.96854,0.977126,173.031,121.354,4.07572,4.13692,137482
2728.0,0.754282,0.993366,0.0439401,0.993366,119817,129948,359.012,373.796,391.807,35.4725,30.0777,5257.5,5427.55,8.51251,4.07528,4.13827,0.96856,0.977152,173.915,121.354,4.07528,4.13827,137459
2730.0,0.754343,0.993462,0.0439375,0.993462,119866,129920,359.026,373.79,391.801,35.4746,30.0789,5258.92,5427.55,8.51251,4.07637,4.13829,0.968581,0.977179,174.787,121.401,4.07637,4.13829,137432
2732.0,0.754422,0.993538,0.0439373,0.993538,119929,129889,359.043,373.791,391.793,35.485,30.0721,5263.06,5427.55,8.51251,4.07863,4.13716,0.968601,0.977207,175.128,121.486,4.07863,4.13716,137402
2734.0,0.754485,0.993624,0.0439393,0.993624,119977,129860,359.057,373.799,391.786,35.4993,30.0615,5268.45,5427.55,8.51251,4.0811,4.13554,0.96862,0.977235,174.728,121.573,4.0811,4.13554,137374
2736.0,0.754505,0.993747,0.0439424,0.993747,119991,129835,359.06,373.812,391.78,35.5106,30.0533,5272.67,5427.55,8.51251,4.08264,4.1343,0.96864,0.977262,173.808,121.622,4.08264,4.1343,137349
2738.0,0.754467,0.993934,0.0439458,0.993934,119962,129816,359.051,373.824,391.776,35.5131,30.053,5273.87,5427.55,8.51251,4.08244,4.13427,0.968659,0.977287,172.576,121.613,4.08244,4.13427,137332
2740.0,0.754389,0.994106,0.0439483,0.994106,119902,129805,359.034,373.833,391.774,35.5044,30.0663,5271.22,5427.55,8.51251,4.08043,4.13614,0.968678,0.977313,172.144,121.534,4.08043,4.13614,137322
2742.0,0.754379,0.994233,0.0439496,0.994233,119897,129807,359.032,373.84,391.776,35.4874,30.0773,5265.8,5427.55,8.51251,4.07839,4.13777,0.968697,0.97734,173.553,121.481,4.07839,4.13777,137325
2744.0,0.754387,0.994382,0.0439493,0.994382,119905,129818,359.034,373.843,391.78,35.4836,30.0798,5265.12,5427.55,8.51251,4.07811,4.13831,0.968716,0.977366,173.591,121.49,4.07811,4.13831,137338
2746.0,0.754334,0.994618,0.0439472,0.994618,119866,129831,359.022,373.839,391.785,35.4836,30.0872,5265.7,5427.55,8.51251,4.07746,4.13963,0.968735,0.97739,172.179,121.468,4.07746,4.13963,137351
2748.0,0.754315,0.994763,0.0439452,0.994763,119855,129840,359.019,373.837,391.789,35.4715,30.1129,5262.04,5427.55,8.51251,4.07588,4.14335,0.968753,0.977415,173.302,121.414,4.07588,4.14335,137362
2750.0,0.754338,0.994901,0.0439436,0.994901,119874,129845,359.024,373.836,391.791,35.466,30.1212,5260.78,5427.55,8.51251,4.07558,4.14465,0.968772,0.977441,173.97,121.423,4.07558,4.14465,137368
2752.0,0.75437,0.995027,0.0439427,0.995027,119901,129846,359.031,373.837,391.793,35.4688,30.1284,5262.29,5427.55,8.51251,4.07636,4.14573,0.96879,0.977467,174.111,121.458,4.07636,4.14573,137370
2754.0,0.754404,0.995145,0.0439428,0.995145,119927,129842,359.038,373.84,391.793,35.4736,30.134,5264.46,5427.55,8.51251,4.07737,4.14656,0.968808,0.977494,174.156,121.496,4.07737,4.14656,137367
2756.0,0.754434,0.99526,0.0439441,0.99526,119951,129836,359.045,373.846,391.792,35.4788,30.1383,5266.67,5427.55,8.51251,4.07836,4.14719,0.968826,0.97752,174.123,121.533,4.07836,4.14719,137362
2758.0,0.754454,0.995383,0.0439462,0.995383,119966,129831,359.048,373.855,391.792,35.4833,30.1424,5268.63,5427.55,8.51251,4.07914,4.14781,0.968844,0.977546,173.912,121.564,4.07914,4.14781,137358
2760.0,0.75446,0.995511,0.0439483,0.995511,119970,129829,359.049,373.864,391.793,35.4859,30.1487,5269.89,5427.55,8.51251,4.07952,4.14875,0.968861,0.977573,173.669,121.579,4.07952,4.14875,137356
2762.0,0.754459,0.995643,0.04395,0.995643,119968,129830,359.048,373.873,391.794,35.4858,30.1565,5270.2,5427.55,8.51251,4.07949,4.14994,0.968879,0.977599,173.57,121.581,4.07949,4.14994,137359
2764.0,0.754454,0.995782,0.0439512,0.995782,119965,129836,359.047,373.881,391.797,35.4842,30.1656,5269.98,5427.55,8.51251,4.07924,4.15135,0.968896,0.977624,173.445,121.578,4.07924,4.15135,137366
2766.0,0.754445,0.995928,0.0439516,0.995928,119958,129846,359.045,373.887,391.801,35.4818,30.1766,5269.61,5427.55,8.51251,4.07886,4.15305,0.968913,0.97765,173.404,121.569,4.07886,4.15305,137376
2768.0,0.754436,0.996077,0.0439515,0.996077,119953,129857,359.043,373.891,391.805,35.4785,30.1897,5268.96,5427.55,8.51251,4.0784,4.15505,0.96893,0.977675,173.387,121.56,4.0784,4.15505,137389
2770.0,0.75443,0.996225,0.0439509,0.996225,119948,129868,359.041,373.894,391.81,35.4755,30.2039,5268.4,5427.55,8.51251,4.07798,4.15721,0.968947,0.9777,173.437,121.552,4.07798,4.15721,137401
2772.0,0.754426,0.996369,0.0439503,0.996369,119945,129878,359.04,373.897,391.814,35.4728,30.2186,5267.92,5427.55,8.51251,4.07763,4.15942,0.968963,0.977726,173.514,121.545,4.07763,4.15942,137411
2774.0,0.754427,0.996506,0.0439499,0.996506,119946,129884,359.04,373.899,391.817,35.4704,30.2328,5267.54,5427.55,8.51251,4.07738,4.16154,0.96898,0.977751,173.615,121.544,4.07738,4.16154,137419
2776.0,0.754442,0.996637,0.0439498,0.996637,119957,129888,359.043,373.902,391.819,35.4693,30.2465,5267.56,5427.55,8.51251,4.07745,4.16355,0.968996,0.977776,173.92,121.553,4.07745,4.16355,137424
2778.0,0.754458,0.996763,0.0439501,0.996763,119969,129890,359.046,373.906,391.821,35.4708,30.2594,5268.47,5427.55,8.51251,4.07783,4.16544,0.969012,0.977801,173.899,121.573,4.07783,4.16544,137427
2780.0,0.754474,0.996884,0.043951,0.996884,119981,129891,359.049,373.91,391.822,35.4726,30.2717,5269.46,5427.55,8.51251,4.07824,4.16723,0.969028,0.977826,173.917,121.593,4.07824,4.16723,137429
2782.0,0.754483,0.997015,0.0439522,0.997015,119986,129891,359.05,373.916,391.823,35.4745,30.2836,5270.46,5427.55,8.51251,4.07855,4.16897,0.969044,0.977851,173.717,121.608,4.07855,4.16897,137430
2784.0,0.754484,0.997144,0.0439535,0.997144,119986,129891,359.05,373.921,391.824,35.4748,30.2979,5270.9,5427.55,8.51251,4.0786,4.17104,0.96906,0.977876,173.661,121.612,4.0786,4.17104,137431
2786.0,0.754484,0.997269,0.0439546,0.997269,119985,129892,359.049,373.927,391.826,35.4739,30.3125,5270.89,5427.55,8.51251,4.07847,4.17315,0.969075,0.977901,173.616,121.614,4.07847,4.17315,137433
2788.0,0.754487,0.997392,0.0439554,0.997392,119987,129895,359.049,373.933,391.828,35.4725,30.3267,5270.76,5427.55,8.51251,4.07835,4.17522,0.969091,0.977926,173.706,121.616,4.07835,4.17522,137437
2790.0,0.754493,0.997517,0.0439563,0.997517,119990,129900,359.05,373.941,391.83,35.4719,30.3409,5270.88,5427.55,8.51251,4.07834,4.17731,0.969106,0.977951,173.745,121.622,4.07834,4.17731,137442
2792.0,0.754499,0.997643,0.0439561,0.997643,119994,129905,359.05,373.945,391.833,35.4718,30.3562,5271.18,5427.55,8.51251,4.07839,4.17955,0.969121,0.977975,173.739,121.629,4.07839,4.17955,137448
2794.0,0.754504,0.997769,0.0439562,0.997769,119996,129910,359.051,373.949,391.836,35.4716,30.3721,5271.45,5427.55,8.51251,4.07842,4.18188,0.969136,0.978,173.733,121.636,4.07842,4.18188,137454
2796.0,0.754505,0.997895,0.0439562,0.997895,119996,129915,359.051,373.953,391.838,35.4713,30.3884,5271.68,5427.55,8.51251,4.07839,4.18426,0.969151,0.978024,173.604,121.642,4.07839,4.18426,137460
2798.0,0.754503,0.998019,0.0439563,0.998019,119993,129918,359.049,373.957,391.84,35.4704,30.4054,5271.67,5427.55,8.51251,4.07824,4.18673,0.969166,0.978048,173.579,121.64,4.07824,4.18673,137464
2800.0,0.754504,0.998136,0.0439566,0.998136,119993,129922,359.049,373.961,391.842,35.4686,30.4223,5271.39,5427.55,8.51251,4.07804,4.18917,0.96918,0.978073,173.693,121.638,4.07804,4.18917,137469
2802.0,0.754514,0.99825,0.0439568,0.99825,120000,129925,359.051,373.965,391.844,35.4676,30.4385,5271.37,5427.55,8.51251,4.07804,4.19151,0.969194,0.978097,173.883,121.645,4.07804,4.19151,137472
2804.0,0.754522,0.998364,0.0439569,0.998364,120005,129927,359.052,373.969,391.846,35.4683,30.4544,5271.95,5427.55,8.51251,4.07821,4.1938,0.969209,0.978121,173.815,121.657,4.07821,4.1938,137476
2806.0,0.75453,0.998484,0.043957,0.998484,120010,129930,359.053,373.973,391.848,35.4688,30.4708,5272.42,5427.55,8.51251,4.07836,4.19617,0.969223,0.978145,173.846,121.667,4.07836,4.19617,137480
2808.0,0.754528,0.998608,0.043957,0.998608,120007,129932,359.052,373.977,391.85,35.4692,30.4888,5272.88,5427.55,8.51251,4.07836,4.19876,0.969237,0.978169,173.596,121.671,4.07836,4.19876,137482
2810.0,0.754519,0.998729,0.0439571,0.998729,119999,129933,359.049,373.98,391.851,35.4676,30.5081,5272.6,5427.55,8.51251,4.07804,4.20153,0.96925,0.978193,173.454,121.666,4.07804,4.20153,137484
2812.0,0.754519,0.998838,0.0439576,0.998838,119998,129934,359.049,373.984,391.853,35.4647,30.5275,5271.92,5427.55,8.51251,4.07769,4.20429,0.969264,0.978217,173.647,121.66,4.07769,4.20429,137486
2814.0,0.754526,0.998946,0.0439577,0.998946,120003,129936,359.05,373.988,391.854,35.4634,30.5447,5271.82,5427.55,8.51251,4.07763,4.20675,0.969278,0.97824,173.842,121.664,4.07763,4.20675,137489
2816.0,0.754537,0.999053,0.0439578,0.999053,120010,129938,359.051,373.991,391.856,35.4636,30.5622,5272.25,5427.55,8.51251,4.07779,4.20927,0.969291,0.978264,173.841,121.677,4.07779,4.20927,137492
2818.0,0.754545,0.999159,0.0439582,0.999159,120014,129940,359.052,373.995,391.858,35.4647,30.58,5272.91,5427.55,8.51251,4.07798,4.21182,0.969304,0.978288,173.827,121.687,4.07798,4.21182,137495
2820.0,0.754555,0.999263,0.0439589,0.999263,120020,129942,359.054,373.999,391.859,35.465,30.5979,5273.31,5427.55,8.51251,4.07813,4.21437,0.969317,0.978311,173.84,121.699,4.07813,4.21437,137497
2822.0,0.754564,0.999364,0.0439599,0.999364,120026,129944,359.055,374.004,391.861,35.4659,30.6158,5273.89,5427.55,8.51251,4.07832,4.21692,0.96933,0.978335,173.931,121.707,4.07832,4.21692,137500
2824.0,0.754571,0.999464,0.0439611,0.999464,120030,129945,359.056,374.009,391.862,35.4665,30.6337,5274.38,5427.55,8.51251,4.07847,4.21947,0.969343,0.978359,173.913,121.717,4.07847,4.21947,137502
2826.0,0.754578,0.999564,0.0439622,0.999564,120033,129947,359.057,374.014,391.864,35.467,30.6517,5274.8,5427.55,8.51251,4.07859,4.22205,0.969356,0.978382,173.808,121.729,4.07859,4.22205,137505
2828.0,0.754584,0.999664,0.0439631,0.999664,120036,129950,359.057,374.018,391.866,35.4673,30.67,5275.17,5427.55,8.51251,4.07868,4.22467,0.969368,0.978405,173.851,121.735,4.07868,4.22467,137508
2830.0,0.754589,0.999763,0.0439638,0.999763,120037,129953,359.057,374.023,391.868,35.4675,30.6887,5275.47,5427.55,8.51251,4.07872,4.22735,0.969381,0.978429,173.82,121.741,4.07872,4.22735,137512
2832.0,0.754591,0.999863,0.0439643,0.999863,120037,129957,359.057,374.027,391.87,35.4673,30.7079,5275.64,5427.55,8.51251,4.0787,4.23009,0.969393,0.978452,173.785,121.746,4.0787,4.23009,137517
2834.0,0.754583,0.999977,0.0439645,0.999977,120028,129961,359.054,374.031,391.872,35.4668,30.7273,5275.68,5427.55,8.51251,4.0785,4.23288,0.969405,0.978474,173.479,121.745,4.0785,4.23288,137522
2836.0,0.75457,1.00009,0.0439643,1.00009,120017,129964,359.051,374.034,391.874,35.4641,30.7502,5274.99,5427.55,8.51251,4.078,4.23615,0.969417,0.978497,173.457,121.731,4.078,4.23615,137525
2838.0,0.754563,1.00019,0.0439637,1.00019,120010,129966,359.048,374.036,391.876,35.4604,30.7729,5273.98,5427.55,8.51251,4.07746,4.23937,0.969429,0.97852,173.622,121.718,4.07746,4.23937,137528
2840.0,0.754568,1.00028,0.043963,1.00028,120012,129968,359.049,374.039,391.877,35.4579,30.794,5273.4,5427.55,8.51251,4.07722,4.24236,0.96944,0.978542,173.82,121.719,4.07722,4.24236,137531
2842.0,0.754583,1.00037,0.0439624,1.00037,120023,129970,359.052,374.041,391.879,35.4578,30.8136,5273.65,5427.55,8.51251,4.07739,4.24514,0.969452,0.978565,174.072,121.73,4.07739,4.24514,137533
2844.0,0.754595,1.00045,0.0439622,1.00045,120031,129970,359.054,374.044,391.88,35.4598,30.833,5274.59,5427.55,8.51251,4.07775,4.24787,0.969464,0.978588,173.984,121.747,4.07775,4.24787,137534
2846.0,0.754608,1.00054,0.0439628,1.00054,120039,129970,359.056,374.048,391.881,35.4613,30.8519,5275.35,5427.55,8.51251,4.07806,4.25053,0.969475,0.97861,174.012,121.762,4.07806,4.25053,137534
2848.0,0.75462,1.00061,0.0439639,1.00061,120045,129969,359.057,374.052,391.882,35.4628,30.8703,5276.11,5427.55,8.51251,4.07836,4.25312,0.969486,0.978633,173.989,121.777,4.07836,4.25312,137534
2850.0,0.754628,1.00069,0.0439654,1.00069,120049,129968,359.058,374.058,391.882,35.4641,30.8886,5276.79,5427.55,8.51251,4.07858,4.25569,0.969497,0.978656,173.931,121.788,4.07858,4.25569,137534
2852.0,0.754635,1.00077,0.0439671,1.00077,120052,129969,359.059,374.063,391.884,35.4648,30.9069,5277.23,5427.55,8.51251,4.07871,4.25827,0.969508,0.978678,173.873,121.799,4.07871,4.25827,137535
2854.0,0.754639,1.00085,0.0439684,1.00085,120053,129970,359.059,374.068,391.885,35.4653,30.9257,5277.6,5427.55,8.51251,4.07879,4.26093,0.969519,0.978701,173.861,121.804,4.07879,4.26093,137537
2856.0,0.754637,1.00093,0.0439694,1.00093,120050,129974,359.058,374.073,391.887,35.4652,30.9452,5277.74,5427.55,8.51251,4.07872,4.2637,0.969529,0.978723,173.753,121.806,4.07872,4.2637,137541
2858.0,0.754631,1.00101,0.0439701,1.00101,120043,129978,359.055,374.077,391.889,35.4641,30.9653,5277.54,5427.55,8.51251,4.07847,4.26656,0.96954,0.978745,173.635,121.802,4.07847,4.26656,137546
2860.0,0.75463,1.00109,0.0439704,1.00109,120039,129982,359.054,374.08,391.892,35.4619,30.9859,5276.98,5427.55,8.51251,4.07817,4.26949,0.96955,0.978767,173.773,121.797,4.07817,4.26949,137551
2862.0,0.75462,1.00119,0.0439701,1.00119,120030,129986,359.051,374.083,391.894,35.4607,31.0067,5276.78,5427.55,8.51251,4.07787,4.27247,0.969561,0.978789,173.56,121.792,4.07787,4.27247,137555
2864.0,0.754609,1.00128,0.0439699,1.00128,120020,129988,359.048,374.084,391.895,35.4578,31.0312,5275.98,5427.55,8.51251,4.07738,4.27593,0.969571,0.97881,173.553,121.78,4.07738,4.27593,137558
2866.0,0.754607,1.00136,0.0439696,1.00136,120017,129988,359.047,374.085,391.896,35.4546,31.055,5275.14,5427.55,8.51251,4.07697,4.27927,0.969581,0.978832,173.784,121.771,4.07697,4.27927,137559
2868.0,0.754619,1.00143,0.0439694,1.00143,120025,129988,359.049,374.087,391.897,35.4533,31.0765,5274.92,5427.55,8.51251,4.07695,4.28228,0.969591,0.978854,174.09,121.777,4.07695,4.28228,137559
2870.0,0.754638,1.00149,0.0439696,1.00149,120038,129987,359.053,374.09,391.898,35.4547,31.0957,5275.65,5427.55,8.51251,4.07733,4.28497,0.969601,0.978876,174.152,121.797,4.07733,4.28497,137559
2872.0,0.754655,1.00155,0.0439703,1.00155,120049,129985,359.056,374.093,391.899,35.4575,31.1144,5276.84,5427.55,8.51251,4.07785,4.28756,0.96961,0.978898,174.148,121.819,4.07785,4.28756,137558
2874.0,0.75467,1.00161,0.0439717,1.00161,120058,129983,359.058,374.098,391.899,35.4601,31.1324,5277.94,5427.55,8.51251,4.07832,4.29007,0.96962,0.978919,174.115,121.838,4.07832,4.29007,137556
2876.0,0.754681,1.00166,0.0439734,1.00166,120064,129982,359.06,374.104,391.9,35.4623,31.1502,5278.87,5427.55,8.51251,4.07867,4.29254,0.969629,0.978941,174.04,121.853,4.07867,4.29254,137555
2878.0,0.754688,1.00172,0.0439752,1.00172,120067,129982,359.06,374.109,391.9,35.4636,31.1681,5279.48,5427.55,8.51251,4.07887,4.29504,0.969638,0.978963,174.021,121.862,4.07887,4.29504,137555
2880.0,0.754691,1.00178,0.0439768,1.00178,120066,129983,359.06,374.115,391.902,35.4643,31.1865,5279.85,5427.55,8.51251,4.07894,4.29763,0.969648,0.978985,173.877,121.87,4.07894,4.29763,137557
2882.0,0.754684,1.00184,0.0439779,1.00184,120059,129986,359.058,374.12,391.904,35.4641,31.2057,5279.91,5427.55,8.51251,4.07879,4.30035,0.969657,0.979006,173.681,121.868,4.07879,4.30035,137561
2884.0,0.754679,1.00191,0.0439785,1.00191,120052,129991,359.055,374.123,391.906,35.462,31.226,5279.34,5427.55,8.51251,4.07844,4.30322,0.969666,0.979027,173.741,121.86,4.07844,4.30322,137565
2886.0,0.754674,1.00198,0.0439786,1.00198,120047,129995,359.054,374.126,391.908,35.4601,31.2469,5278.85,5427.55,8.51251,4.07814,4.30619,0.969674,0.979049,173.76,121.855,4.07814,4.30619,137571
2888.0,0.754672,1.00204,0.0439781,1.00204,120043,130000,359.052,374.129,391.911,35.4585,31.2682,5278.45,5427.55,8.51251,4.07788,4.3092,0.969683,0.97907,173.796,121.852,4.07788,4.3092,137576
2890.0,0.754669,1.0021,0.0439776,1.0021,120038,130003,359.051,374.13,391.913,35.4572,31.2893,5278.19,5427.55,8.51251,4.07766,4.31218,0.969692,0.979091,173.769,121.849,4.07766,4.31218,137579
2892.0,0.754663,1.00218,0.043977,1.00218,120032,130005,359.049,374.132,391.914,35.4557,31.31,5277.84,5427.55,8.51251,4.07739,4.31511,0.9697,0.979111,173.701,121.844,4.07739,4.31511,137582
2894.0,0.754657,1.00225,0.0439765,1.00225,120025,130004,359.047,374.133,391.915,35.4538,31.334,5277.36,5427.55,8.51251,4.07706,4.31846,0.969709,0.979132,173.679,121.837,4.07706,4.31846,137581
2896.0,0.754661,1.00229,0.0439762,1.00229,120027,130002,359.047,374.135,391.915,35.4516,31.3568,5276.81,5427.55,8.51251,4.07685,4.32161,0.969717,0.979152,173.944,121.836,4.07685,4.32161,137579
2898.0,0.754678,1.00234,0.0439763,1.00234,120039,129999,359.05,374.137,391.915,35.4517,31.3754,5277.04,5427.55,8.51251,4.07705,4.32418,0.969725,0.979173,174.173,121.85,4.07705,4.32418,137577
2900.0,0.754694,1.00238,0.0439768,1.00238,120050,129996,359.053,374.14,391.915,35.4543,31.3936,5278.14,5427.55,8.51251,4.07754,4.32668,0.969733,0.979194,174.159,121.87,4.07754,4.32668,137575
2902.0,0.754708,1.00242,0.0439779,1.00242,120058,129994,359.055,374.144,391.916,35.4568,31.4115,5279.16,5427.55,8.51251,4.07796,4.32915,0.969741,0.979215,174.114,121.887,4.07796,4.32915,137572
2904.0,0.754716,1.00246,0.0439795,1.00246,120062,129992,359.056,374.149,391.916,35.4587,31.4293,5279.96,5427.55,8.51251,4.07825,4.33161,0.969749,0.979236,174.034,121.9,4.07825,4.33161,137570
2906.0,0.754722,1.0025,0.0439811,1.0025,120064,129991,359.057,374.154,391.917,35.4597,31.4472,5280.45,5427.55,8.51251,4.07841,4.3341,0.969756,0.979256,174.021,121.907,4.07841,4.3341,137570
2908.0,0.754725,1.00254,0.0439826,1.00254,120063,129991,359.057,374.159,391.918,35.4602,31.4656,5280.73,5427.55,8.51251,4.07846,4.33665,0.969764,0.979277,173.921,121.914,4.07846,4.33665,137570
2910.0,0.754721,1.00259,0.0439836,1.00259,120058,129993,359.055,374.163,391.919,35.4601,31.4845,5280.8,5427.55,8.51251,4.07835,4.33931,0.969771,0.979297,173.775,121.913,4.07835,4.33931,137573
2912.0,0.754714,1.00263,0.0439843,1.00263,120050,129996,359.053,374.167,391.921,35.4586,31.5041,5280.41,5427.55,8.51251,4.07806,4.34206,0.969779,0.979317,173.808,121.905,4.07806,4.34206,137576
2914.0,0.754712,1.00268,0.0439844,1.00268,120046,129999,359.051,374.17,391.923,35.4566,31.5242,5279.86,5427.55,8.51251,4.07776,4.34489,0.969786,0.979338,173.818,121.902,4.07776,4.34489,137580
2916.0,0.754707,1.00273,0.0439839,1.00273,120041,130003,359.05,374.172,391.925,35.4554,31.5445,5279.57,5427.55,8.51251,4.07753,4.34775,0.969793,0.979358,173.844,121.896,4.07753,4.34775,137584
2918.0,0.754705,1.00277,0.0439834,1.00277,120037,130005,359.048,374.174,391.926,35.4538,31.5647,5279.18,5427.55,8.51251,4.07729,4.35058,0.9698,0.979378,173.818,121.894,4.07729,4.35058,137587
2920.0,0.754708,1.00281,0.043983,1.00281,120038,130007,359.048,374.176,391.928,35.4525,31.5845,5278.89,5427.55,8.51251,4.07716,4.35333,0.969807,0.979398,173.957,121.894,4.07716,4.35333,137588
2922.0,0.754716,1.00285,0.0439829,1.00285,120042,130007,359.05,374.178,391.929,35.4524,31.6036,5279.02,5427.55,8.51251,4.07723,4.356,0.969814,0.979417,174.021,121.902,4.07723,4.356,137589
2924.0,0.754715,1.0029,0.0439828,1.0029,120039,130005,359.049,374.18,391.929,35.4534,31.6243,5279.52,5427.55,8.51251,4.0773,4.35886,0.96982,0.979437,173.775,121.908,4.0773,4.35886,137587
2926.0,0.75471,1.00294,0.0439829,1.00294,120034,130002,359.047,374.182,391.929,35.4525,31.6459,5279.32,5427.55,8.51251,4.0771,4.36184,0.969827,0.979456,173.855,121.901,4.0771,4.36184,137584
2928.0,0.754719,1.00296,0.0439835,1.00296,120039,129999,359.048,374.185,391.929,35.4508,31.6648,5278.91,5427.55,8.51251,4.07699,4.36443,0.969834,0.979476,174.116,121.903,4.07699,4.36443,137581
2930.0,0.754734,1.00299,0.0439843,1.00299,120049,129997,359.051,374.188,391.929,35.4518,31.6816,5279.41,5427.55,8.51251,4.07729,4.36674,0.96984,0.979496,174.142,121.921,4.07729,4.36674,137580
2932.0,0.754743,1.00301,0.0439853,1.00301,120054,129995,359.052,374.192,391.93,35.4543,31.6985,5280.41,5427.55,8.51251,4.07765,4.36906,0.969846,0.979515,174.048,121.934,4.07765,4.36906,137578
2934.0,0.754749,1.00304,0.0439863,1.00304,120056,129995,359.053,374.195,391.931,35.4554,31.7155,5280.89,5427.55,8.51251,4.07782,4.37141,0.969852,0.979535,174.062,121.942,4.07782,4.37141,137578
2936.0,0.754754,1.00306,0.0439872,1.00306,120058,129995,359.053,374.2,391.931,35.456,31.7327,5281.23,5427.55,8.51251,4.07792,4.3738,0.969858,0.979554,174.004,121.95,4.07792,4.3738,137578
2938.0,0.754755,1.00309,0.043988,1.00309,120056,129995,359.052,374.204,391.932,35.4565,31.7501,5281.48,5427.55,8.51251,4.07794,4.37621,0.969864,0.979574,173.907,121.954,4.07794,4.37621,137579
2940.0,0.75475,1.00311,0.0439893,1.00311,120051,129997,359.051,374.211,391.934,35.456,31.7678,5281.42,5427.55,8.51251,4.07779,4.37866,0.96987,0.979593,173.803,121.952,4.07779,4.37866,137580
2942.0,0.754745,1.00314,0.0439892,1.00314,120045,129999,359.049,374.214,391.935,35.4545,31.7857,5281.01,5427.55,8.51251,4.07753,4.38116,0.969876,0.979612,173.865,121.944,4.07753,4.38116,137582
2944.0,0.754743,1.00317,0.0439886,1.00317,120041,130001,359.048,374.217,391.937,35.4529,31.8038,5280.57,5427.55,8.51251,4.07728,4.38368,0.969881,0.979631,173.804,121.943,4.07728,4.38368,137585
2946.0,0.754738,1.00319,0.043988,1.00319,120036,130003,359.046,374.219,391.938,35.4517,31.8219,5280.3,5427.55,8.51251,4.07706,4.38621,0.969887,0.97965,173.812,121.938,4.07706,4.38621,137587
2948.0,0.754738,1.00322,0.0439874,1.00322,120034,130004,359.045,374.221,391.939,35.4502,31.8399,5279.92,5427.55,8.51251,4.07686,4.38871,0.969892,0.979669,173.901,121.935,4.07686,4.38871,137589
2950.0,0.754744,1.00324,0.043987,1.00324,120037,130005,359.046,374.223,391.94,35.4495,31.8575,5279.81,5427.55,8.51251,4.07683,4.39115,0.969898,0.979688,174.043,121.938,4.07683,4.39115,137589
2952.0,0.754756,1.00325,0.0439869,1.00325,120045,130004,359.048,374.226,391.941,35.45,31.8746,5280.15,5427.55,8.51251,4.07703,4.3935,0.969903,0.979707,174.196,121.949,4.07703,4.3935,137589
2954.0,0.754762,1.00328,0.0439872,1.00328,120048,130003,359.049,374.228,391.942,35.452,31.8911,5280.96,5427.55,8.51251,4.07731,4.39578,0.969908,0.979726,173.962,121.963,4.07731,4.39578,137588
2956.0,0.754756,1.00331,0.0439881,1.00331,120041,130001,359.047,374.231,391.942,35.4526,31.9094,5281.27,5427.55,8.51251,4.07726,4.39829,0.969913,0.979744,173.694,121.963,4.07726,4.39829,137586
2958.0,0.754744,1.00334,0.0439892,1.00334,120031,129998,359.044,374.233,391.942,35.4507,31.929,5280.74,5427.55,8.51251,4.07687,4.40098,0.969918,0.979762,173.676,121.95,4.07687,4.40098,137583
2960.0,0.754745,1.00334,0.0439899,1.00334,120030,129995,359.044,374.236,391.942,35.4479,31.9481,5279.89,5427.55,8.51251,4.07653,4.40359,0.969923,0.979781,173.982,121.942,4.07653,4.40359,137580
2962.0,0.754753,1.00335,0.0439902,1.00335,120035,129994,359.045,374.239,391.942,35.4473,31.9629,5279.86,5427.55,8.51251,4.07656,4.40562,0.969928,0.979799,174.102,121.949,4.07656,4.40562,137579
2964.0,0.754763,1.00336,0.0439904,1.00336,120041,129994,359.046,374.241,391.943,35.4484,31.9781,5280.37,5427.55,8.51251,4.07678,4.40771,0.969933,0.979818,174.045,121.962,4.07678,4.40771,137579
2966.0,0.75477,1.00337,0.0439905,1.00337,120045,129994,359.047,374.244,391.944,35.4498,31.9935,5280.95,5427.55,8.51251,4.077,4.40982,0.969937,0.979836,174.005,121.972,4.077,4.40982,137579
2968.0,0.754777,1.00338,0.043991,1.00338,120048,129993,359.048,374.247,391.945,35.4507,32.0088,5281.37,5427.55,8.51251,4.07717,4.41192,0.969941,0.979854,174.062,121.979,4.07717,4.41192,137579
2970.0,0.754782,1.00338,0.0439916,1.00338,120050,129993,359.049,374.251,391.946,35.4515,32.0239,5281.74,5427.55,8.51251,4.07729,4.41399,0.969946,0.979873,174.031,121.986,4.07729,4.41399,137578
2972.0,0.754784,1.00339,0.043992,1.00339,120050,129993,359.049,374.254,391.946,35.452,32.0388,5282,5427.55,8.51251,4.07735,4.41604,0.96995,0.979891,173.968,121.991,4.07735,4.41604,137578
2974.0,0.754783,1.0034,0.0439922,1.0034,120046,129993,359.048,374.258,391.947,35.4519,32.0537,5282.06,5427.55,8.51251,4.07728,4.41808,0.969954,0.979909,173.883,121.991,4.07728,4.41808,137579
2976.0,0.754776,1.0034,0.0439924,1.0034,120039,129994,359.046,374.261,391.948,35.451,32.0686,5281.85,5427.55,8.51251,4.07707,4.42015,0.969958,0.979927,173.784,121.987,4.07707,4.42015,137580
2978.0,0.754772,1.00341,0.0439921,1.00341,120035,129996,359.044,374.264,391.95,35.4492,32.0837,5281.33,5427.55,8.51251,4.07679,4.42224,0.969962,0.979945,173.804,121.982,4.07679,4.42224,137582
2980.0,0.754771,1.00342,0.0439914,1.00342,120032,129998,359.043,374.266,391.951,35.4479,32.0989,5280.99,5427.55,8.51251,4.0766,4.42434,0.969966,0.979963,173.863,121.978,4.0766,4.42434,137583
2982.0,0.75477,1.00342,0.0439909,1.00342,120030,129999,359.043,374.269,391.952,35.4471,32.1141,5280.83,5427.55,8.51251,4.07647,4.42643,0.96997,0.97998,173.906,121.976,4.07647,4.42643,137585
2984.0,0.754773,1.00342,0.0439905,1.00342,120031,129999,359.043,374.271,391.953,35.4464,32.129,5280.69,5427.55,8.51251,4.0764,4.42847,0.969974,0.979998,174.002,121.977,4.0764,4.42847,137585
2986.0,0.754782,1.00343,0.0439905,1.00343,120037,129999,359.044,374.273,391.954,35.4464,32.1434,5280.85,5427.55,8.51251,4.0765,4.43045,0.969977,0.980016,174.122,121.984,4.0765,4.43045,137585
2988.0,0.754792,1.00342,0.0439908,1.00342,120043,129998,359.046,374.276,391.955,35.4476,32.1574,5281.37,5427.55,8.51251,4.07674,4.43235,0.969981,0.980033,174.089,121.997,4.07674,4.43235,137584
2990.0,0.754787,1.00344,0.0439917,1.00344,120038,129997,359.045,374.278,391.955,35.4491,32.1708,5282,5427.55,8.51251,4.07683,4.43419,0.969984,0.980051,173.777,122.001,4.07683,4.43419,137583
2992.0,0.754771,1.00346,0.0439927,1.00346,120023,129994,359.04,374.28,391.955,35.4478,32.1885,5281.63,5427.55,8.51251,4.07644,4.43662,0.969988,0.980067,173.602,121.986,4.07644,4.43662,137580
2994.0,0.754761,1.00346,0.0439935,1.00346,120015,129991,359.038,374.283,391.955,35.4439,32.2055,5280.4,5427.55,8.51251,4.07585,4.43892,0.969991,0.980085,173.787,121.97,4.07585,4.43892,137577
2996.0,0.754766,1.00345,0.0439939,1.00345,120019,129989,359.039,374.285,391.955,35.4414,32.2196,5279.7,5427.55,8.51251,4.07563,4.44083,0.969994,0.980102,174.019,121.97,4.07563,4.44083,137575
2998.0,0.754779,1.00344,0.043994,1.00344,120028,129989,359.041,374.286,391.956,35.4419,32.2317,5280.02,5427.55,8.51251,4.07583,4.44247,0.969997,0.980119,174.199,121.98,4.07583,4.44247,137575
3000.0,0.754787,1.00343,0.0439941,1.00343,120032,129988,359.043,374.288,391.956,35.444,32.2438,5280.87,5427.55,8.51251,4.07615,4.44411,0.97,0.980136,174.056,121.993,4.07615,4.44411,137574
3002.0,0.754795,1.00342,0.0439944,1.00342,120037,129987,359.044,374.291,391.957,35.4449,32.2558,5281.32,5427.55,8.51251,4.07634,4.44573,0.970003,0.980154,174.14,122,4.07634,4.44573,137573
3004.0,0.754802,1.00341,0.043995,1.00341,120041,129986,359.045,374.295,391.957,35.4461,32.2674,5281.82,5427.55,8.51251,4.07653,4.4473,0.970006,0.980171,174.113,122.009,4.07653,4.4473,137572
3006.0,0.754809,1.00339,0.0439957,1.00339,120045,129985,359.046,374.298,391.958,35.4469,32.2787,5282.22,5427.55,8.51251,4.07671,4.44882,0.970009,0.980188,174.095,122.019,4.07671,4.44882,137570
3008.0,0.754813,1.00338,0.0439964,1.00338,120046,129984,359.046,374.302,391.958,35.448,32.2898,5282.67,5427.55,8.51251,4.07685,4.45032,0.970011,0.980205,174.009,122.026,4.07685,4.45032,137570
3010.0,0.75481,1.00337,0.0439969,1.00337,120043,129985,359.045,374.306,391.959,35.4483,32.301,5282.85,5427.55,8.51251,4.07682,4.45185,0.970014,0.980222,173.884,122.027,4.07682,4.45185,137570
3012.0,0.754802,1.00336,0.0439972,1.00336,120035,129987,359.043,374.31,391.961,35.4474,32.3125,5282.62,5427.55,8.51251,4.07659,4.45343,0.970016,0.980239,173.766,122.021,4.07659,4.45343,137572
3014.0,0.7548,1.00336,0.0439972,1.00336,120032,129989,359.042,374.312,391.962,35.4453,32.3243,5281.99,5427.55,8.51251,4.0763,4.45506,0.970018,0.980256,173.908,122.014,4.0763,4.45506,137574
3016.0,0.754795,1.00335,0.0439965,1.00335,120027,129991,359.041,374.315,391.963,35.4444,32.3363,5281.78,5427.55,8.51251,4.07611,4.45671,0.970021,0.980272,173.83,122.01,4.07611,4.45671,137576
3018.0,0.75479,1.00334,0.0439958,1.00334,120022,129993,359.039,374.317,391.965,35.4429,32.3482,5281.38,5427.55,8.51251,4.07586,4.45835,0.970023,0.980289,173.814,122.005,4.07586,4.45835,137578
3020.0,0.754784,1.00333,0.0439952,1.00333,120016,129994,359.037,374.318,391.966,35.4414,32.3598,5280.98,5427.55,8.51251,4.07558,4.45993,0.970025,0.980305,173.812,121.997,4.07558,4.45993,137579
3022.0,0.754776,1.00332,0.0439945,1.00332,120008,129994,359.035,374.319,391.967,35.4396,32.371,5280.46,5427.55,8.51251,4.07525,4.46144,0.970027,0.980322,173.716,121.991,4.07525,4.46144,137579
3024.0,0.754764,1.00331,0.0439941,1.00331,119999,129993,359.032,374.319,391.967,35.4375,32.3822,5279.84,5427.55,8.51251,4.07485,4.46295,0.970029,0.980338,173.645,121.98,4.07485,4.46295,137578
3026.0,0.754751,1.00331,0.0439938,1.00331,119988,129990,359.029,374.319,391.967,35.4347,32.3937,5279.01,5427.55,8.51251,4.07436,4.46451,0.970031,0.980354,173.586,121.966,4.07436,4.46451,137575
3028.0,0.754737,1.00333,0.0439935,1.00333,119977,129985,359.026,374.318,391.966,35.4316,32.4083,5278.06,5427.55,8.51251,4.0738,4.46648,0.970033,0.980369,173.523,121.95,4.0738,4.46648,137569
3030.0,0.754721,1.00334,0.0439933,1.00334,119965,129978,359.023,374.317,391.965,35.428,32.4249,5276.99,5427.55,8.51251,4.07319,4.46871,0.970035,0.980384,173.5,121.933,4.07319,4.46871,137563
3032.0,0.754708,1.00332,0.043993,1.00332,119955,129971,359.02,374.316,391.963,35.4243,32.4401,5275.91,5427.55,8.51251,4.0726,4.47071,0.970037,0.9804,173.521,121.917,4.0726,4.47071,137555
3034.0,0.754697,1.0033,0.0439925,1.0033,119947,129963,359.017,374.314,391.962,35.4209,32.4491,5274.96,5427.55,8.51251,4.07208,4.47187,0.970039,0.980416,173.538,121.903,4.07208,4.47187,137548
3036.0,0.754686,1.00329,0.0439918,1.00329,119940,129955,359.015,374.313,391.96,35.4179,32.459,5274.17,5427.55,8.51251,4.07162,4.47315,0.97004,0.980431,173.529,121.891,4.07162,4.47315,137540
3038.0,0.754676,1.00328,0.043991,1.00328,119933,129946,359.013,374.311,391.959,35.4151,32.4701,5273.43,5427.55,8.51251,4.07118,4.47458,0.970042,0.980447,173.512,121.879,4.07118,4.47458,137531
3040.0,0.754666,1.00327,0.0439902,1.00327,119927,129936,359.011,374.31,391.956,35.4123,32.482,5272.73,5427.55,8.51251,4.07074,4.47611,0.970044,0.980462,173.485,121.868,4.07074,4.47611,137521
3042.0,0.754655,1.00327,0.0439893,1.00327,119920,129926,359.009,374.309,391.954,35.4094,32.4941,5272.01,5427.55,8.51251,4.0703,4.47769,0.970045,0.980477,173.452,121.856,4.0703,4.47769,137511
3044.0,0.754659,1.00327,0.0439886,1.00327,119924,129916,359.011,374.309,391.952,35.4064,32.5065,5271.25,5427.55,8.51251,4.07002,4.47929,0.970047,0.980492,174.049,121.843,4.07002,4.47929,137501
3046.0,0.75471,1.00326,0.0439885,1.00326,119966,129907,359.022,374.312,391.95,35.4062,32.519,5271.51,5427.55,8.51251,4.07071,4.48093,0.970048,0.980506,174.784,121.883,4.07071,4.48093,137491
3048.0,0.754747,1.00323,0.043989,1.00323,119994,129900,359.031,374.316,391.949,35.4158,32.5307,5275.1,5427.55,8.51251,4.07229,4.48244,0.970049,0.980522,174.425,121.937,4.07229,4.48244,137484
3050.0,0.754763,1.00319,0.0439905,1.00319,120006,129896,359.034,374.322,391.948,35.4226,32.538,5277.61,5427.55,8.51251,4.07326,4.48336,0.97005,0.980537,174.081,121.966,4.07326,4.48336,137480
3052.0,0.754767,1.00316,0.0439925,1.00316,120008,129894,359.035,374.33,391.948,35.4251,32.5434,5278.65,5427.55,8.51251,4.0736,4.48404,0.970051,0.980553,173.892,121.976,4.0736,4.48404,137477
3054.0,0.754768,1.00313,0.0439945,1.00313,120008,129895,359.035,374.338,391.949,35.4254,32.5488,5278.86,5427.55,8.51251,4.07362,4.48476,0.970052,0.980568,173.838,121.979,4.07362,4.48476,137478
3056.0,0.754759,1.0031,0.0439959,1.0031,120000,129900,359.032,374.344,391.952,35.425,32.5552,5278.88,5427.55,8.51251,4.07345,4.48564,0.970052,0.980583,173.596,121.974,4.07345,4.48564,137483
3058.0,0.754749,1.00308,0.0439963,1.00308,119992,129907,359.03,374.349,391.954,35.4226,32.5629,5278.17,5427.55,8.51251,4.07303,4.48674,0.970053,0.980598,173.645,121.962,4.07303,4.48674,137491
3060.0,0.75474,1.00307,0.043996,1.00307,119985,129917,359.028,374.352,391.958,35.4201,32.5718,5277.47,5427.55,8.51251,4.07262,4.48803,0.970054,0.980613,173.616,121.951,4.07262,4.48803,137500
3062.0,0.75473,1.00306,0.0439949,1.00306,119977,129927,359.026,374.353,391.961,35.4175,32.582,5276.77,5427.55,8.51251,4.0722,4.48949,0.970054,0.980628,173.613,121.94,4.0722,4.48949,137509
3064.0,0.754726,1.00304,0.0439938,1.00304,119975,129934,359.025,374.354,391.964,35.415,32.5922,5276.09,5427.55,8.51251,4.07187,4.49092,0.970055,0.980642,173.748,121.932,4.07187,4.49092,137517
3066.0,0.754728,1.00302,0.0439927,1.00302,119976,129940,359.025,374.355,391.966,35.4136,32.6008,5275.8,5427.55,8.51251,4.07172,4.49212,0.970055,0.980657,173.862,121.93,4.07172,4.49212,137522
3068.0,0.754741,1.00299,0.0439921,1.00299,119986,129943,359.028,374.356,391.968,35.4132,32.6084,5275.87,5427.55,8.51251,4.07186,4.49315,0.970056,0.980672,174.126,121.938,4.07186,4.49315,137525
3070.0,0.754739,1.00299,0.0439917,1.00299,119985,129942,359.028,374.357,391.969,35.4152,32.6148,5276.76,5427.55,8.51251,4.07205,4.49402,0.970056,0.980686,173.648,121.95,4.07205,4.49402,137525
3072.0,0.754726,1.00298,0.0439916,1.00298,119975,129940,359.025,374.359,391.968,35.4141,32.6264,5276.57,5427.55,8.51251,4.07177,4.49559,0.970056,0.9807,173.535,121.938,4.07177,4.49559,137522
3074.0,0.754729,1.00293,0.0439921,1.00293,119977,129936,359.026,374.361,391.968,35.411,32.6363,5275.66,5427.55,8.51251,4.07145,4.49685,0.970056,0.980715,173.918,121.93,4.07145,4.49685,137518
3076.0,0.754747,1.00289,0.0439927,1.00289,119992,129934,359.03,374.364,391.968,35.4109,32.6393,5275.84,5427.55,8.51251,4.07167,4.49721,0.970057,0.980729,174.167,121.945,4.07167,4.49721,137516
3078.0,0.75476,1.00285,0.0439934,1.00285,120001,129933,359.033,374.368,391.969,35.4139,32.6426,5277.09,5427.55,8.51251,4.07219,4.49761,0.970056,0.980744,174.051,121.964,4.07219,4.49761,137514
3080.0,0.754767,1.00282,0.0439941,1.00282,120006,129933,359.034,374.371,391.969,35.4159,32.6463,5277.95,5427.55,8.51251,4.0725,4.49806,0.970056,0.980759,173.945,121.975,4.0725,4.49806,137514
3082.0,0.754772,1.00278,0.043995,1.00278,120009,129934,359.035,374.375,391.97,35.4167,32.6502,5278.36,5427.55,8.51251,4.07264,4.49856,0.970056,0.980773,173.96,121.98,4.07264,4.49856,137515
3084.0,0.754776,1.00275,0.0439959,1.00275,120011,129936,359.035,374.38,391.971,35.4171,32.6543,5278.62,5427.55,8.51251,4.07272,4.4991,0.970056,0.980788,173.922,121.986,4.07272,4.4991,137516
3086.0,0.754776,1.00271,0.0439967,1.00271,120011,129938,359.035,374.384,391.973,35.4174,32.6587,5278.86,5427.55,8.51251,4.07275,4.49968,0.970056,0.980802,173.844,121.989,4.07275,4.49968,137518
3088.0,0.754773,1.00268,0.0439972,1.00268,120008,129941,359.034,374.387,391.974,35.4169,32.6633,5278.85,5427.55,8.51251,4.07265,4.50031,0.970055,0.980817,173.772,121.987,4.07265,4.50031,137521
3090.0,0.754768,1.00266,0.0439976,1.00266,120003,129945,359.033,374.39,391.976,35.4158,32.6682,5278.59,5427.55,8.51251,4.07243,4.50097,0.970055,0.980831,173.713,121.982,4.07243,4.50097,137525
3092.0,0.754763,1.00263,0.0439976,1.00263,119999,129949,359.032,374.393,391.978,35.4141,32.6732,5278.15,5427.55,8.51251,4.07217,4.50166,0.970054,0.980845,173.795,121.974,4.07217,4.50166,137528
3094.0,0.75476,1.0026,0.0439971,1.0026,119996,129952,359.031,374.395,391.979,35.4127,32.6781,5277.81,5427.55,8.51251,4.07196,4.50233,0.970054,0.980859,173.773,121.971,4.07196,4.50233,137532
3096.0,0.754762,1.00257,0.0439966,1.00257,119997,129955,359.031,374.396,391.981,35.4115,32.6827,5277.55,5427.55,8.51251,4.07183,4.50294,0.970053,0.980873,173.884,121.97,4.07183,4.50294,137534
3098.0,0.75477,1.00253,0.0439964,1.00253,120003,129957,359.033,374.398,391.982,35.4112,32.6868,5277.62,5427.55,8.51251,4.07191,4.50347,0.970052,0.980887,174.042,121.975,4.07191,4.50347,137536
3100.0,0.754779,1.0025,0.0439963,1.0025,120010,129958,359.035,374.401,391.983,35.4123,32.6902,5278.17,5427.55,8.51251,4.07215,4.5039,0.970051,0.980901,174.036,121.987,4.07215,4.5039,137536
3102.0,0.754789,1.00246,0.0439969,1.00246,120016,129958,359.037,374.404,391.984,35.4137,32.6929,5278.78,5427.55,8.51251,4.07241,4.50424,0.970051,0.980915,174.04,121.997,4.07241,4.50424,137536
3104.0,0.754797,1.00242,0.0439978,1.00242,120021,129958,359.038,374.407,391.984,35.415,32.6951,5279.36,5427.55,8.51251,4.07265,4.50449,0.97005,0.98093,174.022,122.007,4.07265,4.50449,137536
3106.0,0.754804,1.00238,0.043999,1.00238,120026,129958,359.04,374.411,391.985,35.4161,32.697,5279.85,5427.55,8.51251,4.07286,4.50469,0.970048,0.980944,174.076,122.015,4.07286,4.50469,137536
3108.0,0.75481,1.00234,0.0440003,1.00234,120029,129959,359.041,374.415,391.986,35.4172,32.6986,5280.34,5427.55,8.51251,4.07303,4.50487,0.970047,0.980958,174.017,122.023,4.07303,4.50487,137536
3110.0,0.754814,1.0023,0.0440013,1.0023,120031,129961,359.041,374.419,391.987,35.4178,32.7002,5280.63,5427.55,8.51251,4.07314,4.50507,0.970046,0.980972,173.984,122.03,4.07314,4.50507,137538
3112.0,0.754816,1.00226,0.044002,1.00226,120031,129963,359.041,374.423,391.988,35.4183,32.702,5280.89,5427.55,8.51251,4.07319,4.50529,0.970045,0.980986,173.924,122.033,4.07319,4.50529,137540
3114.0,0.754797,1.00227,0.0440022,1.00227,120015,129966,359.037,374.425,391.99,35.4182,32.7039,5280.96,5427.55,8.51251,4.07291,4.50557,0.970044,0.980998,173.35,122.027,4.07291,4.50557,137543
3116.0,0.754768,1.00225,0.0440018,1.00225,119992,129967,359.03,374.426,391.991,35.4139,32.7138,5279.56,5427.55,8.51251,4.07203,4.50691,0.970042,0.981012,173.347,121.993,4.07203,4.50691,137544
3118.0,0.754765,1.00222,0.044001,1.00222,119990,129969,359.029,374.427,391.992,35.4076,32.7195,5277.5,5427.55,8.51251,4.07126,4.50767,0.970041,0.981025,173.871,121.974,4.07126,4.50767,137545
3120.0,0.754774,1.00218,0.0439997,1.00218,119997,129971,359.032,374.427,391.993,35.4064,32.7218,5277.28,5427.55,8.51251,4.07125,4.50797,0.970039,0.981038,174.047,121.98,4.07125,4.50797,137547
3122.0,0.754788,1.00214,0.0439985,1.00214,120007,129972,359.035,374.428,391.994,35.4078,32.7239,5277.92,5427.55,8.51251,4.07158,4.50821,0.970038,0.981052,174.076,121.996,4.07158,4.50821,137547
3124.0,0.7548,1.0021,0.0439979,1.0021,120016,129971,359.037,374.429,391.994,35.41,32.7251,5278.84,5427.55,8.51251,4.07198,4.50833,0.970036,0.981065,174.103,122.009,4.07198,4.50833,137546
3126.0,0.754812,1.00206,0.0439981,1.00206,120024,129969,359.04,374.432,391.994,35.4119,32.7254,5279.6,5427.55,8.51251,4.07234,4.50829,0.970035,0.981079,174.133,122.023,4.07234,4.50829,137544
3128.0,0.754824,1.00201,0.0439989,1.00201,120032,129966,359.042,374.437,391.994,35.4139,32.7247,5280.4,5427.55,8.51251,4.0727,4.50811,0.970033,0.981092,174.122,122.037,4.0727,4.50811,137541
3130.0,0.754831,1.00197,0.0440001,1.00197,120036,129965,359.043,374.441,391.994,35.4158,32.7235,5281.14,5427.55,8.51251,4.07299,4.50788,0.970031,0.981106,174.045,122.048,4.07299,4.50788,137539
3132.0,0.754839,1.00192,0.0440014,1.00192,120041,129964,359.044,374.446,391.995,35.4169,32.7223,5281.6,5427.55,8.51251,4.07319,4.50767,0.970029,0.981119,174.057,122.057,4.07319,4.50767,137538
3134.0,0.75484,1.00189,0.0440024,1.00189,120040,129966,359.044,374.45,391.996,35.4181,32.7218,5282.05,5427.55,8.51251,4.07331,4.50756,0.970027,0.981133,173.906,122.062,4.07331,4.50756,137540
3136.0,0.754833,1.00185,0.0440032,1.00185,120034,129969,359.042,374.454,391.997,35.4178,32.722,5282.05,5427.55,8.51251,4.07318,4.50757,0.970025,0.981146,173.754,122.058,4.07318,4.50757,137542
3138.0,0.754827,1.00182,0.0440036,1.00182,120028,129973,359.041,374.457,391.999,35.4162,32.7229,5281.56,5427.55,8.51251,4.07288,4.50769,0.970023,0.981159,173.794,122.05,4.07288,4.50769,137546
3140.0,0.754822,1.00179,0.0440036,1.00179,120023,129978,359.039,374.459,392.001,35.4145,32.7242,5281.07,5427.55,8.51251,4.07261,4.50786,0.970021,0.981172,173.814,122.044,4.07261,4.50786,137550
3142.0,0.754817,1.00176,0.0440032,1.00176,120018,129982,359.038,374.461,392.003,35.4132,32.7255,5280.69,5427.55,8.51251,4.07237,4.50804,0.970019,0.981185,173.841,122.037,4.07237,4.50804,137554
3144.0,0.754814,1.00173,0.0440027,1.00173,120014,129985,359.037,374.462,392.004,35.4117,32.7265,5280.26,5427.55,8.51251,4.07214,4.50816,0.970016,0.981198,173.842,122.033,4.07214,4.50816,137557
3146.0,0.754817,1.00169,0.0440022,1.00169,120016,129987,359.038,374.464,392.005,35.4106,32.7269,5279.99,5427.55,8.51251,4.07204,4.50819,0.970014,0.981211,173.983,122.032,4.07204,4.50819,137559
3148.0,0.754827,1.00165,0.044002,1.00165,120023,129987,359.04,374.465,392.006,35.4108,32.7266,5280.15,5427.55,8.51251,4.07218,4.50811,0.970012,0.981224,174.148,122.04,4.07218,4.50811,137559
3150.0,0.754837,1.00161,0.0440021,1.00161,120030,129986,359.042,374.467,392.007,35.4125,32.7256,5280.84,5427.55,8.51251,4.0725,4.50791,0.970009,0.981237,174.113,122.053,4.0725,4.50791,137558
3152.0,0.754847,1.00157,0.044003,1.00157,120036,129985,359.044,374.47,392.007,35.4141,32.7239,5281.51,5427.55,8.51251,4.07279,4.50762,0.970007,0.98125,174.108,122.064,4.07279,4.50762,137556
3154.0,0.754854,1.00153,0.0440042,1.00153,120041,129984,359.045,374.474,392.007,35.4157,32.7217,5282.12,5427.55,8.51251,4.07304,4.50725,0.970004,0.981263,174.069,122.074,4.07304,4.50725,137554
3156.0,0.754863,1.00148,0.0440056,1.00148,120046,129983,359.047,374.478,392.007,35.4168,32.7192,5282.57,5427.55,8.51251,4.07326,4.50685,0.970001,0.981276,174.126,122.083,4.07326,4.50685,137553
3158.0,0.754869,1.00144,0.044007,1.00144,120049,129983,359.047,374.482,392.008,35.4182,32.7167,5283.14,5427.55,8.51251,4.07348,4.50646,0.969999,0.981289,174.059,122.092,4.07348,4.50646,137553
3160.0,0.754864,1.00142,0.0440081,1.00142,120044,129984,359.046,374.485,392.009,35.4191,32.7144,5283.49,5427.55,8.51251,4.07349,4.50613,0.969996,0.981302,173.717,122.096,4.07349,4.50613,137554
3162.0,0.754828,1.00143,0.0440085,1.00143,120014,129985,359.038,374.487,392.01,35.4179,32.7167,5283.09,5427.55,8.51251,4.07284,4.50643,0.969993,0.981313,173.131,122.07,4.07284,4.50643,137555
3164.0,0.754808,1.00139,0.0440082,1.00139,119999,129986,359.033,374.488,392.01,35.4103,32.7227,5280.53,5427.55,8.51251,4.07171,4.50723,0.96999,0.981326,173.642,122.032,4.07171,4.50723,137555
3166.0,0.754811,1.00136,0.0440073,1.00136,120001,129987,359.034,374.488,392.011,35.406,32.7214,5279.16,5427.55,8.51251,4.07125,4.50702,0.969988,0.981338,173.971,122.026,4.07125,4.50702,137557
3168.0,0.754819,1.00132,0.044006,1.00132,120007,129989,359.036,374.488,392.012,35.4061,32.7204,5279.35,5427.55,8.51251,4.07136,4.50685,0.969985,0.98135,174.069,122.032,4.07136,4.50685,137558
3170.0,0.754831,1.00129,0.044005,1.00129,120016,129989,359.038,374.488,392.013,35.4072,32.7191,5279.89,5427.55,8.51251,4.07165,4.50662,0.969982,0.981363,174.101,122.046,4.07165,4.50662,137558
3172.0,0.754843,1.00124,0.0440046,1.00124,120024,129987,359.041,374.489,392.013,35.4093,32.7169,5280.72,5427.55,8.51251,4.07202,4.50625,0.969979,0.981375,174.139,122.058,4.07202,4.50625,137555
3174.0,0.754855,1.0012,0.044005,1.0012,120032,129984,359.043,374.492,392.013,35.4112,32.7135,5281.45,5427.55,8.51251,4.07237,4.50571,0.969975,0.981388,174.167,122.072,4.07237,4.50571,137552
3176.0,0.754866,1.00115,0.0440058,1.00115,120040,129980,359.045,374.496,392.012,35.4132,32.7092,5282.23,5427.55,8.51251,4.07273,4.50503,0.969972,0.9814,174.163,122.085,4.07273,4.50503,137548
3178.0,0.754873,1.00111,0.044007,1.00111,120044,129978,359.046,374.5,392.012,35.4152,32.7046,5282.95,5427.55,8.51251,4.07302,4.50433,0.969969,0.981413,174.077,122.096,4.07302,4.50433,137545
3180.0,0.754879,1.00107,0.0440081,1.00107,120046,129977,359.047,374.505,392.013,35.4164,32.7004,5283.38,5427.55,8.51251,4.0732,4.50369,0.969966,0.981426,174.05,122.103,4.0732,4.50369,137544
3182.0,0.754876,1.00103,0.0440091,1.00103,120043,129978,359.046,374.509,392.013,35.4172,32.6969,5283.7,5427.55,8.51251,4.07323,4.50318,0.969962,0.981438,173.877,122.106,4.07323,4.50318,137545
3184.0,0.754869,1.001,0.0440096,1.001,120035,129981,359.044,374.512,392.015,35.4165,32.6943,5283.46,5427.55,8.51251,4.07302,4.50281,0.969959,0.98145,173.82,122.098,4.07302,4.50281,137547
3186.0,0.754862,1.00098,0.0440098,1.00098,120029,129984,359.042,374.515,392.016,35.4147,32.6925,5282.85,5427.55,8.51251,4.0727,4.50256,0.969955,0.981462,173.814,122.09,4.0727,4.50256,137551
3188.0,0.754856,1.00095,0.0440095,1.00095,120023,129988,359.041,374.517,392.018,35.4131,32.6912,5282.34,5427.55,8.51251,4.07242,4.50237,0.969952,0.981474,173.82,122.083,4.07242,4.50237,137554
3190.0,0.754851,1.00092,0.044009,1.00092,120018,129991,359.04,374.518,392.019,35.4116,32.6899,5281.88,5427.55,8.51251,4.07217,4.50219,0.969948,0.981486,173.793,122.078,4.07217,4.50219,137557
3192.0,0.754848,1.0009,0.0440086,1.0009,120015,129993,359.039,374.519,392.021,35.4102,32.6884,5281.48,5427.55,8.51251,4.07195,4.50195,0.969945,0.981498,173.876,122.071,4.07195,4.50195,137559
3194.0,0.754851,1.00086,0.0440083,1.00086,120017,129994,359.039,374.52,392.021,35.4092,32.6862,5281.2,5427.55,8.51251,4.07187,4.50162,0.969941,0.98151,174.029,122.071,4.07187,4.50162,137560
3196.0,0.754863,1.00083,0.0440082,1.00083,120025,129994,359.042,374.521,392.022,35.4096,32.6833,5281.41,5427.55,8.51251,4.07205,4.50117,0.969937,0.981522,174.201,122.08,4.07205,4.50117,137559
3198.0,0.754873,1.00079,0.0440083,1.00079,120031,129992,359.044,374.523,392.022,35.4116,32.6797,5282.18,5427.55,8.51251,4.07239,4.50062,0.969933,0.981534,174.137,122.094,4.07239,4.50062,137557
3200.0,0.754882,1.00075,0.0440091,1.00075,120037,129990,359.045,374.526,392.022,35.4133,32.6755,5282.79,5427.55,8.51251,4.07268,4.49997,0.96993,0.981546,174.132,122.104,4.07268,4.49997,137555
3202.0,0.754891,1.00071,0.0440103,1.00071,120042,129988,359.047,374.529,392.022,35.4148,32.6708,5283.36,5427.55,8.51251,4.07294,4.49926,0.969926,0.981558,174.184,122.113,4.07294,4.49926,137552
3204.0,0.754896,1.00067,0.0440115,1.00067,120045,129987,359.048,374.533,392.022,35.4164,32.666,5283.92,5427.55,8.51251,4.07316,4.49855,0.969922,0.98157,174.097,122.122,4.07316,4.49855,137551
3206.0,0.754899,1.00064,0.0440126,1.00064,120045,129987,359.048,374.537,392.023,35.4171,32.6613,5284.2,5427.55,8.51251,4.07326,4.49786,0.969918,0.981582,174.023,122.127,4.07326,4.49786,137551
3208.0,0.754896,1.00061,0.0440141,1.00061,120041,129988,359.047,374.54,392.023,35.4175,32.6569,5284.33,5427.55,8.51251,4.07323,4.49722,0.969914,0.981593,173.901,122.127,4.07323,4.49722,137551
3210.0,0.754889,1.00058,0.0440149,1.00058,120034,129990,359.045,374.543,392.025,35.4167,32.6529,5284.06,5427.55,8.51251,4.07302,4.49665,0.969909,0.981605,173.82,122.121,4.07302,4.49665,137553
3212.0,0.754864,1.00059,0.0440146,1.00059,120014,129992,359.039,374.544,392.026,35.4151,32.6492,5283.51,5427.55,8.51251,4.07248,4.49617,0.969905,0.981616,173.265,122.107,4.07248,4.49617,137556
3214.0,0.754829,1.00058,0.0440136,1.00058,119987,129992,359.032,374.543,392.026,35.4098,32.6551,5281.72,5427.55,8.51251,4.07142,4.49697,0.969901,0.981627,173.339,122.065,4.07142,4.49697,137555
3216.0,0.754828,1.00055,0.0440125,1.00055,119986,129992,359.032,374.543,392.027,35.4026,32.6559,5279.33,5427.55,8.51251,4.07059,4.49703,0.969897,0.981638,173.985,122.045,4.07059,4.49703,137555
3218.0,0.75484,1.00052,0.0440113,1.00052,119995,129992,359.034,374.542,392.027,35.402,32.6523,5279.26,5427.55,8.51251,4.07067,4.4965,0.969893,0.981649,174.184,122.053,4.07067,4.4965,137555
3220.0,0.754855,1.00049,0.0440104,1.00049,120007,129990,359.038,374.541,392.027,35.404,32.6483,5280.04,5427.55,8.51251,4.07108,4.49588,0.969889,0.981661,174.199,122.07,4.07108,4.49588,137553
3222.0,0.754871,1.00045,0.0440103,1.00045,120018,129986,359.041,374.542,392.027,35.4067,32.6432,5281.06,5427.55,8.51251,4.07158,4.49511,0.969884,0.981672,174.236,122.087,4.07158,4.49511,137549
3224.0,0.754886,1.0004,0.0440111,1.0004,120029,129982,359.044,374.545,392.026,35.4094,32.6371,5282.08,5427.55,8.51251,4.07208,4.49417,0.96988,0.981684,174.247,122.105,4.07208,4.49417,137544
3226.0,0.754899,1.00036,0.0440125,1.00036,120037,129977,359.047,374.549,392.025,35.4122,32.6301,5283.08,5427.55,8.51251,4.07254,4.49312,0.969875,0.981696,174.212,122.121,4.07254,4.49312,137539
3228.0,0.754906,1.00032,0.0440141,1.00032,120042,129973,359.048,374.554,392.025,35.4145,32.623,5283.9,5427.55,8.51251,4.07288,4.49206,0.969871,0.981707,174.105,122.133,4.07288,4.49206,137535
3230.0,0.754911,1.00029,0.0440155,1.00029,120044,129972,359.049,374.559,392.025,35.4158,32.6165,5284.36,5427.55,8.51251,4.07307,4.49112,0.969866,0.981719,174.072,122.14,4.07307,4.49112,137533
3232.0,0.754908,1.00026,0.0440166,1.00026,120040,129973,359.048,374.563,392.026,35.4167,32.6112,5284.65,5427.55,8.51251,4.0731,4.49037,0.969861,0.98173,173.876,122.142,4.0731,4.49037,137534
3234.0,0.754898,1.00024,0.0440172,1.00024,120031,129976,359.045,374.567,392.027,35.4159,32.6072,5284.36,5427.55,8.51251,4.07284,4.48982,0.969857,0.981741,173.787,122.132,4.07284,4.48982,137537
3236.0,0.754888,1.00023,0.0440173,1.00023,120022,129981,359.043,374.569,392.029,35.4136,32.6044,5283.58,5427.55,8.51251,4.07244,4.48944,0.969852,0.981752,173.769,122.121,4.07244,4.48944,137541
3238.0,0.754879,1.00021,0.0440167,1.00021,120014,129985,359.041,374.57,392.03,35.4115,32.6022,5282.86,5427.55,8.51251,4.07206,4.48915,0.969847,0.981763,173.779,122.11,4.07206,4.48915,137546
3240.0,0.754874,1.00019,0.0440158,1.00019,120010,129989,359.04,374.571,392.032,35.4095,32.6001,5282.22,5427.55,8.51251,4.07175,4.48887,0.969843,0.981774,173.857,122.102,4.07175,4.48887,137549
3242.0,0.75487,1.00017,0.0440149,1.00017,120006,129991,359.039,374.571,392.033,35.4082,32.5976,5281.83,5427.55,8.51251,4.07154,4.48852,0.969838,0.981785,173.876,122.097,4.07154,4.48852,137551
3244.0,0.754874,1.00015,0.0440142,1.00015,120009,129992,359.039,374.571,392.034,35.4071,32.5944,5281.53,5427.55,8.51251,4.07146,4.48805,0.969833,0.981795,174.046,122.096,4.07146,4.48805,137552
3246.0,0.754887,1.00012,0.0440138,1.00012,120018,129990,359.042,374.572,392.034,35.4076,32.5903,5281.76,5427.55,8.51251,4.07166,4.48745,0.969828,0.981806,174.231,122.105,4.07166,4.48745,137550
3248.0,0.754897,1.00009,0.0440138,1.00009,120025,129988,359.044,374.574,392.034,35.4098,32.5854,5282.58,5427.55,8.51251,4.07204,4.48671,0.969823,0.981817,174.17,122.12,4.07204,4.48671,137548
3250.0,0.754907,1.00006,0.0440145,1.00006,120032,129985,359.046,374.577,392.034,35.4118,32.5798,5283.27,5427.55,8.51251,4.07237,4.48587,0.969818,0.981828,174.164,122.131,4.07237,4.48587,137545
3252.0,0.754914,1.00003,0.0440154,1.00003,120036,129983,359.048,374.581,392.033,35.4135,32.5737,5283.9,5427.55,8.51251,4.07264,4.48498,0.969813,0.981839,174.111,122.141,4.07264,4.48498,137542
3254.0,0.754922,0.999999,0.0440165,0.999999,120040,129981,359.049,374.584,392.033,35.4148,32.5677,5284.33,5427.55,8.51251,4.07286,4.4841,0.969808,0.98185,174.134,122.149,4.07286,4.4841,137540
3256.0,0.754924,0.999972,0.0440173,0.999972,120041,129981,359.049,374.588,392.034,35.4161,32.5619,5284.79,5427.55,8.51251,4.07302,4.48326,0.969802,0.981861,174.037,122.155,4.07302,4.48326,137540
3258.0,0.754922,0.999948,0.044018,0.999948,120038,129982,359.048,374.592,392.035,35.4165,32.5565,5284.93,5427.55,8.51251,4.07301,4.48251,0.969797,0.981872,173.928,122.156,4.07301,4.48251,137541
3260.0,0.754915,0.999928,0.0440184,0.999928,120031,129985,359.047,374.595,392.036,35.4159,32.5517,5284.71,5427.55,8.51251,4.07282,4.48184,0.969792,0.981883,173.826,122.15,4.07282,4.48184,137543
3262.0,0.754908,0.999909,0.0440186,0.999909,120025,129988,359.045,374.597,392.037,35.4143,32.5474,5284.15,5427.55,8.51251,4.07253,4.48125,0.969786,0.981893,173.812,122.143,4.07253,4.48125,137546
3264.0,0.754904,0.999891,0.044018,0.999891,120020,129991,359.044,374.599,392.039,35.4128,32.5434,5283.67,5427.55,8.51251,4.07229,4.4807,0.969781,0.981904,173.848,122.136,4.07229,4.4807,137549
3266.0,0.7549,0.999872,0.0440175,0.999872,120016,129993,359.043,374.6,392.04,35.4117,32.5395,5283.3,5427.55,8.51251,4.07209,4.48015,0.969776,0.981914,173.906,122.129,4.07209,4.48015,137551
3268.0,0.754894,0.999878,0.0440168,0.999878,120011,129995,359.042,374.6,392.041,35.4107,32.5355,5282.99,5427.55,8.51251,4.07189,4.47961,0.96977,0.981924,173.724,122.128,4.07189,4.47961,137553
3270.0,0.754871,0.999877,0.044016,0.999877,119993,129993,359.036,374.6,392.041,35.4094,32.5363,5282.57,5427.55,8.51251,4.07142,4.4797,0.969765,0.981934,173.517,122.106,4.07142,4.4797,137551
3272.0,0.754874,0.999851,0.0440155,0.999851,119996,129991,359.037,374.6,392.041,35.4045,32.5357,5280.92,5427.55,8.51251,4.07091,4.47957,0.969759,0.981945,174.117,122.093,4.07091,4.47957,137549
3274.0,0.754891,0.999823,0.0440153,0.999823,120008,129989,359.041,374.601,392.04,35.4049,32.5299,5281.16,5427.55,8.51251,4.07117,4.47872,0.969754,0.981955,174.281,122.108,4.07117,4.47872,137546
3276.0,0.754907,0.999793,0.0440156,0.999793,120020,129986,359.044,374.602,392.04,35.408,32.5237,5282.31,5427.55,8.51251,4.07172,4.4778,0.969748,0.981965,174.262,122.127,4.07172,4.4778,137543
3278.0,0.75492,0.999762,0.0440166,0.999762,120029,129982,359.047,374.604,392.04,35.411,32.5171,5283.36,5427.55,8.51251,4.07221,4.47682,0.969743,0.981976,174.224,122.143,4.07221,4.47682,137540
3280.0,0.754929,0.999732,0.0440179,0.999732,120035,129979,359.049,374.608,392.039,35.4134,32.5102,5284.21,5427.55,8.51251,4.07259,4.47581,0.969737,0.981987,174.17,122.156,4.07259,4.47581,137536
3282.0,0.754936,0.999705,0.0440194,0.999705,120039,129977,359.05,374.612,392.039,35.4152,32.5032,5284.82,5427.55,8.51251,4.07286,4.4748,0.969731,0.981997,174.165,122.164,4.07286,4.4748,137534
3284.0,0.75494,0.999683,0.0440207,0.999683,120040,129976,359.051,374.616,392.039,35.4164,32.4968,5285.24,5427.55,8.51251,4.07302,4.47387,0.969725,0.982007,174.049,122.172,4.07302,4.47387,137533
3286.0,0.754934,0.999667,0.0440215,0.999667,120035,129977,359.049,374.62,392.04,35.417,32.4912,5285.42,5427.55,8.51251,4.07299,4.47309,0.969719,0.982018,173.856,122.171,4.07299,4.47309,137534
3288.0,0.754924,0.999655,0.0440218,0.999655,120026,129980,359.047,374.623,392.041,35.4158,32.4867,5284.99,5427.55,8.51251,4.0727,4.47247,0.969714,0.982028,173.817,122.159,4.0727,4.47247,137536
3290.0,0.754915,0.999647,0.0440216,0.999647,120018,129983,359.045,374.625,392.043,35.4136,32.4831,5284.22,5427.55,8.51251,4.07231,4.47199,0.969708,0.982038,173.803,122.149,4.07231,4.47199,137539
3292.0,0.754907,0.999639,0.0440208,0.999639,120011,129986,359.043,374.626,392.044,35.4116,32.4801,5283.57,5427.55,8.51251,4.07197,4.47159,0.969702,0.982048,173.823,122.139,4.07197,4.47159,137543
3294.0,0.754901,0.99963,0.0440198,0.99963,120006,129989,359.042,374.626,392.045,35.4099,32.4773,5283,5427.55,8.51251,4.07169,4.47121,0.969696,0.982058,173.81,122.132,4.07169,4.47121,137545
3296.0,0.754898,0.999618,0.0440189,0.999618,120003,129990,359.041,374.626,392.046,35.4085,32.4742,5282.56,5427.55,8.51251,4.07148,4.47077,0.96969,0.982067,173.913,122.125,4.07148,4.47077,137546
3298.0,0.754902,0.999603,0.0440181,0.999603,120006,129990,359.042,374.627,392.046,35.4077,32.4704,5282.32,5427.55,8.51251,4.07143,4.47023,0.969684,0.982077,174.077,122.126,4.07143,4.47023,137546
3300.0,0.754915,0.999584,0.0440177,0.999584,120015,129989,359.045,374.628,392.046,35.4083,32.4659,5282.6,5427.55,8.51251,4.07166,4.46957,0.969678,0.982087,174.247,122.135,4.07166,4.46957,137545
3302.0,0.754924,0.999563,0.0440177,0.999563,120022,129986,359.047,374.629,392.046,35.4106,32.4606,5283.43,5427.55,8.51251,4.07203,4.46879,0.969672,0.982097,174.173,122.149,4.07203,4.46879,137542
3304.0,0.754934,0.999541,0.0440185,0.999541,120028,129984,359.049,374.632,392.046,35.4125,32.4547,5284.07,5427.55,8.51251,4.07234,4.46793,0.969666,0.982107,174.169,122.16,4.07234,4.46793,137539
3306.0,0.754942,0.99952,0.0440195,0.99952,120034,129981,359.05,374.636,392.046,35.4141,32.4486,5284.66,5427.55,8.51251,4.07263,4.46704,0.969659,0.982117,174.209,122.169,4.07263,4.46704,137536
3308.0,0.754946,0.999501,0.0440206,0.999501,120036,129980,359.051,374.639,392.046,35.4158,32.4425,5285.21,5427.55,8.51251,4.07284,4.46617,0.969653,0.982127,174.102,122.176,4.07284,4.46617,137535
3310.0,0.754946,0.999485,0.0440216,0.999485,120035,129979,359.051,374.643,392.046,35.4164,32.4369,5285.42,5427.55,8.51251,4.0729,4.46536,0.969647,0.982137,173.999,122.179,4.0729,4.46536,137534
3312.0,0.754941,0.999472,0.0440222,0.999472,120030,129981,359.05,374.646,392.047,35.4164,32.4318,5285.4,5427.55,8.51251,4.07281,4.46465,0.96964,0.982147,173.881,122.176,4.07281,4.46465,137535
3314.0,0.754934,0.999462,0.0440226,0.999462,120023,129983,359.048,374.648,392.048,35.4153,32.4273,5285,5427.55,8.51251,4.07257,4.46403,0.969634,0.982156,173.894,122.167,4.07257,4.46403,137538
3316.0,0.754927,0.999454,0.0440224,0.999454,120017,129986,359.046,374.65,392.049,35.4138,32.4233,5284.47,5427.55,8.51251,4.07228,4.46349,0.969628,0.982166,173.893,122.159,4.07228,4.46349,137540
3318.0,0.754922,0.999447,0.0440219,0.999447,120013,129988,359.045,374.651,392.05,35.4122,32.4196,5283.93,5427.55,8.51251,4.07203,4.463,0.969621,0.982176,173.865,122.154,4.07203,4.463,137543
3320.0,0.754919,0.999438,0.0440213,0.999438,120010,129990,359.044,374.652,392.051,35.4112,32.416,5283.6,5427.55,8.51251,4.07186,4.4625,0.969615,0.982185,173.928,122.148,4.07186,4.4625,137545
3322.0,0.754922,0.999428,0.0440207,0.999428,120011,129991,359.045,374.653,392.052,35.4104,32.4122,5283.35,5427.55,8.51251,4.07179,4.46196,0.969608,0.982195,174.055,122.148,4.07179,4.46196,137546
3324.0,0.75493,0.999416,0.0440205,0.999416,120017,129991,359.047,374.654,392.052,35.4107,32.408,5283.51,5427.55,8.51251,4.07194,4.46136,0.969602,0.982204,174.178,122.154,4.07194,4.46136,137545
3326.0,0.75494,0.999402,0.0440205,0.999402,120024,129990,359.049,374.655,392.053,35.4123,32.4033,5284.07,5427.55,8.51251,4.07223,4.4607,0.969595,0.982214,174.154,122.166,4.07223,4.4607,137544
3328.0,0.754949,0.999387,0.0440212,0.999387,120030,129988,359.051,374.658,392.052,35.4142,32.3983,5284.73,5427.55,8.51251,4.07255,4.45997,0.969588,0.982223,174.235,122.175,4.07255,4.45997,137542
3330.0,0.754949,0.999397,0.044022,0.999397,120029,129986,359.051,374.66,392.052,35.4159,32.393,5285.32,5427.55,8.51251,4.07273,4.45923,0.969582,0.982232,173.891,122.184,4.07273,4.45923,137540
3332.0,0.754923,0.999401,0.0440226,0.999401,120008,129982,359.045,374.662,392.052,35.4158,32.3927,5285.26,5427.55,8.51251,4.07235,4.45914,0.969575,0.982241,173.498,122.164,4.07235,4.45914,137537
3334.0,0.75492,0.999385,0.044023,0.999385,120005,129980,359.044,374.664,392.052,35.4104,32.3913,5283.38,5427.55,8.51251,4.07168,4.45891,0.969568,0.982251,174.021,122.145,4.07168,4.45891,137535
3336.0,0.754923,0.999374,0.0440226,0.999374,120007,129980,359.045,374.665,392.052,35.4097,32.3857,5283.17,5427.55,8.51251,4.07163,4.45813,0.969562,0.98226,174.05,122.148,4.07163,4.45813,137534
3338.0,0.754928,0.999366,0.044022,0.999366,120011,129981,359.046,374.666,392.052,35.4102,32.3812,5283.38,5427.55,8.51251,4.07174,4.45749,0.969555,0.982269,174.067,122.153,4.07174,4.45749,137535
3340.0,0.754932,0.999358,0.0440213,0.999358,120014,129981,359.047,374.667,392.053,35.411,32.3771,5283.68,5427.55,8.51251,4.07188,4.45693,0.969548,0.982278,174.079,122.158,4.07188,4.45693,137535
3342.0,0.754939,0.999349,0.0440208,0.999349,120018,129980,359.048,374.668,392.053,35.4118,32.3731,5283.98,5427.55,8.51251,4.07205,4.45635,0.969541,0.982287,174.125,122.164,4.07205,4.45635,137534
3344.0,0.754946,0.999338,0.0440209,0.999338,120023,129979,359.05,374.671,392.053,35.4129,32.3687,5284.39,5427.55,8.51251,4.07227,4.45572,0.969534,0.982297,174.163,122.172,4.07227,4.45572,137533
3346.0,0.754954,0.999326,0.0440213,0.999326,120028,129978,359.052,374.673,392.054,35.4144,32.364,5284.91,5427.55,8.51251,4.07252,4.45504,0.969527,0.982306,174.156,122.181,4.07252,4.45504,137532
3348.0,0.754958,0.999316,0.0440217,0.999316,120031,129977,359.052,374.676,392.054,35.4159,32.3591,5285.39,5427.55,8.51251,4.07272,4.45435,0.96952,0.982315,174.084,122.188,4.07272,4.45435,137531
3350.0,0.754957,0.999308,0.0440221,0.999308,120029,129977,359.052,374.679,392.054,35.4167,32.3545,5285.65,5427.55,8.51251,4.07278,4.4537,0.969513,0.982324,173.966,122.19,4.07278,4.4537,137531
3352.0,0.75495,0.999303,0.0440223,0.999303,120022,129978,359.05,374.682,392.055,35.4164,32.3503,5285.53,5427.55,8.51251,4.07263,4.45312,0.969506,0.982333,173.842,122.185,4.07263,4.45312,137532
3354.0,0.754941,0.999301,0.0440223,0.999301,120015,129980,359.048,374.684,392.056,35.4149,32.3467,5285,5427.55,8.51251,4.07233,4.45262,0.969499,0.982342,173.866,122.174,4.07233,4.45262,137533
3356.0,0.754933,0.999301,0.0440218,0.999301,120008,129981,359.047,374.685,392.057,35.4131,32.3435,5284.37,5427.55,8.51251,4.07201,4.4522,0.969492,0.982351,173.778,122.167,4.07201,4.4522,137535
3358.0,0.754928,0.9993,0.044021,0.9993,120003,129983,359.045,374.686,392.057,35.4113,32.3408,5283.79,5427.55,8.51251,4.07173,4.45182,0.969485,0.98236,173.832,122.158,4.07173,4.45182,137537
3360.0,0.754923,0.999299,0.0440202,0.999299,120000,129984,359.045,374.687,392.058,35.4101,32.338,5283.38,5427.55,8.51251,4.07153,4.45145,0.969478,0.982368,173.903,122.151,4.07153,4.45145,137538
3362.0,0.754925,0.999295,0.0440197,0.999295,120001,129985,359.045,374.687,392.059,35.4091,32.335,5283.08,5427.55,8.51251,4.07143,4.45103,0.969471,0.982377,174.023,122.149,4.07143,4.45103,137538
3364.0,0.754933,0.999288,0.0440195,0.999288,120007,129984,359.047,374.688,392.059,35.4093,32.3315,5283.17,5427.55,8.51251,4.07154,4.45052,0.969463,0.982386,174.158,122.154,4.07154,4.45052,137537
3366.0,0.754943,0.999278,0.0440197,0.999278,120014,129982,359.049,374.69,392.059,35.4107,32.3274,5283.71,5427.55,8.51251,4.07183,4.44993,0.969456,0.982395,174.143,122.166,4.07183,4.44993,137535
3368.0,0.75495,0.999267,0.0440205,0.999267,120019,129979,359.051,374.692,392.058,35.4126,32.3228,5284.37,5427.55,8.51251,4.07213,4.44925,0.969449,0.982404,174.149,122.175,4.07213,4.44925,137533
3370.0,0.754959,0.999256,0.0440218,0.999256,120025,129977,359.053,374.695,392.058,35.4141,32.3177,5284.87,5427.55,8.51251,4.0724,4.44852,0.969441,0.982413,174.121,122.186,4.0724,4.44852,137530
3372.0,0.754965,0.999246,0.0440232,0.999246,120029,129975,359.054,374.698,392.058,35.4157,32.3126,5285.42,5427.55,8.51251,4.07265,4.44779,0.969434,0.982422,174.138,122.193,4.07265,4.44779,137529
3374.0,0.754967,0.999238,0.0440245,0.999238,120029,129975,359.054,374.701,392.058,35.417,32.3077,5285.84,5427.55,8.51251,4.0728,4.4471,0.969426,0.98243,174.028,122.198,4.0728,4.4471,137528
3376.0,0.754962,0.999234,0.0440255,0.999234,120025,129975,359.053,374.704,392.059,35.4172,32.3033,5285.91,5427.55,8.51251,4.07275,4.44648,0.969419,0.982439,173.902,122.196,4.07275,4.44648,137528
3378.0,0.754953,0.999232,0.044026,0.999232,120017,129977,359.051,374.707,392.06,35.4163,32.2995,5285.56,5427.55,8.51251,4.0725,4.44596,0.969411,0.982448,173.799,122.187,4.0725,4.44596,137530
3380.0,0.754947,0.999232,0.044026,0.999232,120012,129979,359.05,374.708,392.061,35.4143,32.2962,5284.87,5427.55,8.51251,4.07219,4.44552,0.969404,0.982456,173.892,122.178,4.07219,4.44552,137532
3382.0,0.754941,0.999234,0.0440254,0.999234,120007,129982,359.048,374.71,392.062,35.4132,32.2933,5284.47,5427.55,8.51251,4.07197,4.44514,0.969396,0.982465,173.911,122.17,4.07197,4.44514,137535
3384.0,0.754936,0.999234,0.0440246,0.999234,120003,129984,359.047,374.71,392.063,35.4118,32.2906,5284.01,5427.55,8.51251,4.07174,4.44477,0.969389,0.982473,173.894,122.164,4.07174,4.44477,137537
3386.0,0.754936,0.999234,0.0440238,0.999234,120002,129985,359.047,374.711,392.064,35.4107,32.2878,5283.66,5427.55,8.51251,4.07161,4.4444,0.969381,0.982482,173.995,122.161,4.07161,4.4444,137538
3388.0,0.754941,0.999231,0.0440233,0.999231,120006,129985,359.049,374.711,392.064,35.4106,32.2848,5283.63,5427.55,8.51251,4.07165,4.44397,0.969374,0.98249,174.11,122.164,4.07165,4.44397,137538
3390.0,0.754951,0.999227,0.0440232,0.999227,120014,129984,359.051,374.713,392.064,35.4115,32.2813,5284,5427.55,8.51251,4.07189,4.44347,0.969366,0.982499,174.216,122.173,4.07189,4.44347,137537
3392.0,0.75496,0.999221,0.0440235,0.999221,120021,129982,359.053,374.715,392.064,35.4135,32.2775,5284.72,5427.55,8.51251,4.07223,4.44292,0.969358,0.982507,174.223,122.183,4.07223,4.44292,137535
3394.0,0.754967,0.999215,0.0440244,0.999215,120025,129980,359.055,374.717,392.064,35.4152,32.2734,5285.31,5427.55,8.51251,4.0725,4.44232,0.969351,0.982516,174.187,122.192,4.0725,4.44232,137532
3396.0,0.754974,0.999209,0.0440254,0.999209,120030,129978,359.056,374.72,392.063,35.4166,32.2691,5285.78,5427.55,8.51251,4.07272,4.44171,0.969343,0.982525,174.14,122.201,4.07272,4.44171,137530
3398.0,0.754975,0.999205,0.0440265,0.999205,120030,129977,359.056,374.723,392.064,35.4179,32.2649,5286.2,5427.55,8.51251,4.07288,4.44112,0.969335,0.982533,174.043,122.205,4.07288,4.44112,137530
3400.0,0.754972,0.999203,0.0440274,0.999203,120026,129977,359.055,374.726,392.064,35.4182,32.261,5286.29,5427.55,8.51251,4.07285,4.44057,0.969327,0.982541,173.94,122.204,4.07285,4.44057,137530
3402.0,0.754964,0.999206,0.0440278,0.999206,120019,129979,359.054,374.729,392.065,35.4175,32.2575,5286.02,5427.55,8.51251,4.07265,4.44009,0.969319,0.98255,173.822,122.198,4.07265,4.44009,137531
3404.0,0.754954,0.999216,0.0440277,0.999216,120011,129980,359.051,374.73,392.066,35.4159,32.2551,5285.43,5427.55,8.51251,4.07232,4.43979,0.969311,0.982558,173.792,122.187,4.07232,4.43979,137533
3406.0,0.754945,0.999226,0.0440269,0.999226,120003,129982,359.049,374.731,392.067,35.4139,32.254,5284.73,5427.55,8.51251,4.07196,4.43965,0.969304,0.982566,173.804,122.175,4.07196,4.43965,137535
3408.0,0.754939,0.999234,0.0440259,0.999234,119999,129984,359.048,374.731,392.068,35.4119,32.253,5284.04,5427.55,8.51251,4.07165,4.43953,0.969296,0.982574,173.885,122.166,4.07165,4.43953,137537
3410.0,0.754934,0.99924,0.0440248,0.99924,119995,129985,359.047,374.731,392.068,35.4107,32.2518,5283.65,5427.55,8.51251,4.07145,4.43937,0.969288,0.982582,173.895,122.16,4.07145,4.43937,137537
3412.0,0.754936,0.999242,0.0440239,0.999242,119997,129984,359.048,374.732,392.068,35.4096,32.2501,5283.32,5427.55,8.51251,4.07136,4.43912,0.96928,0.98259,174.04,122.158,4.07136,4.43912,137537
3414.0,0.754946,0.99924,0.0440235,0.99924,120004,129982,359.05,374.732,392.068,35.4099,32.2475,5283.47,5427.55,8.51251,4.07151,4.43875,0.969272,0.982598,174.196,122.164,4.07151,4.43875,137535
3416.0,0.754955,0.999234,0.0440235,0.999234,120011,129980,359.052,374.734,392.068,35.4117,32.2442,5284.12,5427.55,8.51251,4.07182,4.43825,0.969264,0.982606,174.169,122.175,4.07182,4.43825,137533
3418.0,0.754964,0.999228,0.0440242,0.999228,120017,129977,359.054,374.736,392.067,35.4134,32.2402,5284.72,5427.55,8.51251,4.07212,4.43767,0.969256,0.982614,174.177,122.186,4.07212,4.43767,137530
3420.0,0.754972,0.999222,0.0440252,0.999222,120023,129974,359.056,374.739,392.067,35.4152,32.2359,5285.31,5427.55,8.51251,4.07242,4.43704,0.969248,0.982623,174.216,122.194,4.07242,4.43704,137527
3422.0,0.754975,0.999219,0.0440264,0.999219,120025,129973,359.057,374.742,392.067,35.4169,32.2317,5285.87,5427.55,8.51251,4.07264,4.43645,0.969239,0.982631,174.095,122.202,4.07264,4.43645,137525
3424.0,0.754974,0.999219,0.0440274,0.999219,120023,129972,359.057,374.745,392.067,35.4175,32.2281,5286.07,5427.55,8.51251,4.07268,4.43594,0.969231,0.982639,173.966,122.204,4.07268,4.43594,137525
3426.0,0.754966,0.999224,0.0440282,0.999224,120016,129973,359.055,374.748,392.068,35.4173,32.2252,5285.95,5427.55,8.51251,4.07253,4.43554,0.969223,0.982647,173.814,122.198,4.07253,4.43554,137525
3428.0,0.754958,0.999232,0.0440287,0.999232,120009,129974,359.053,374.75,392.068,35.4156,32.2231,5285.34,5427.55,8.51251,4.07222,4.43527,0.969215,0.982655,173.841,122.188,4.07222,4.43527,137527
3430.0,0.75495,0.999241,0.0440284,0.999241,120003,129976,359.051,374.751,392.069,35.414,32.2218,5284.78,5427.55,8.51251,4.07193,4.43511,0.969207,0.982662,173.834,122.178,4.07193,4.43511,137529
3432.0,0.754943,0.999251,0.0440279,0.999251,119997,129978,359.05,374.752,392.07,35.4123,32.2208,5284.22,5427.55,8.51251,4.07163,4.435,0.969198,0.98267,173.788,122.17,4.07163,4.435,137531
3434.0,0.754939,0.99926,0.0440272,0.99926,119994,129980,359.049,374.752,392.071,35.4107,32.2199,5283.68,5427.55,8.51251,4.0714,4.43489,0.96919,0.982678,173.887,122.163,4.0714,4.43489,137533
3436.0,0.754939,0.999265,0.0440266,0.999265,119994,129980,359.049,374.752,392.071,35.41,32.2187,5283.44,5427.55,8.51251,4.07131,4.43472,0.969182,0.982686,173.991,122.16,4.07131,4.43472,137533
3438.0,0.754945,0.999267,0.0440262,0.999267,119999,129979,359.051,374.753,392.072,35.4099,32.217,5283.44,5427.55,8.51251,4.07137,4.43447,0.969174,0.982693,174.116,122.163,4.07137,4.43447,137532
3440.0,0.754956,0.999266,0.044026,0.999266,120007,129977,359.053,374.754,392.071,35.411,32.2146,5283.84,5427.55,8.51251,4.07164,4.43412,0.969165,0.982701,174.224,122.173,4.07164,4.43412,137530
3442.0,0.754963,0.999264,0.0440263,0.999264,120012,129974,359.055,374.756,392.071,35.4131,32.2116,5284.59,5427.55,8.51251,4.07197,4.43368,0.969157,0.982709,174.131,122.184,4.07197,4.43368,137527
3444.0,0.754971,0.999262,0.0440271,0.999262,120018,129972,359.057,374.758,392.071,35.4145,32.2084,5285.05,5427.55,8.51251,4.07221,4.4332,0.969148,0.982717,174.107,122.194,4.07221,4.4332,137525
3446.0,0.754977,0.999261,0.0440279,0.999261,120022,129970,359.058,374.761,392.07,35.416,32.2051,5285.57,5427.55,8.51251,4.07245,4.43273,0.96914,0.982725,174.118,122.2,4.07245,4.43273,137523
3448.0,0.754978,0.999262,0.0440287,0.999262,120021,129969,359.058,374.765,392.071,35.4171,32.202,5285.95,5427.55,8.51251,4.07258,4.4323,0.969131,0.982732,174.007,122.204,4.07258,4.4323,137522
3450.0,0.754972,0.999267,0.0440292,0.999267,120017,129969,359.057,374.767,392.071,35.4173,32.1995,5285.97,5427.55,8.51251,4.07251,4.43195,0.969123,0.98274,173.881,122.201,4.07251,4.43195,137523
3452.0,0.754962,0.999274,0.0440294,0.999274,120008,129971,359.055,374.77,392.072,35.4162,32.1976,5285.58,5427.55,8.51251,4.07225,4.43171,0.969114,0.982748,173.779,122.192,4.07225,4.43171,137524
3454.0,0.754956,0.999284,0.0440291,0.999284,120003,129973,359.054,374.771,392.073,35.4142,32.1964,5284.87,5427.55,8.51251,4.07193,4.43156,0.969106,0.982755,173.873,122.182,4.07193,4.43156,137526
3456.0,0.75495,0.999294,0.0440284,0.999294,119998,129975,359.052,374.772,392.074,35.4129,32.1956,5284.44,5427.55,8.51251,4.07169,4.43147,0.969097,0.982763,173.896,122.173,4.07169,4.43147,137528
3458.0,0.754945,0.999304,0.0440275,0.999304,119994,129977,359.051,374.773,392.075,35.4115,32.195,5283.96,5427.55,8.51251,4.07146,4.4314,0.969089,0.98277,173.882,122.167,4.07146,4.4314,137530
3460.0,0.754944,0.999313,0.0440268,0.999313,119994,129978,359.051,374.773,392.075,35.4105,32.1943,5283.61,5427.55,8.51251,4.07133,4.43132,0.96908,0.982777,173.976,122.164,4.07133,4.43132,137531
3462.0,0.754949,0.999318,0.0440263,0.999318,119997,129977,359.053,374.773,392.075,35.4103,32.1933,5283.57,5427.55,8.51251,4.07136,4.43118,0.969072,0.982785,174.085,122.166,4.07136,4.43118,137531
3464.0,0.754958,0.999322,0.0440262,0.999322,120004,129976,359.055,374.774,392.075,35.4111,32.1919,5283.88,5427.55,8.51251,4.07157,4.43097,0.969063,0.982792,174.176,122.173,4.07157,4.43097,137529
3466.0,0.754966,0.999324,0.0440265,0.999324,120010,129974,359.057,374.776,392.075,35.4128,32.19,5284.49,5427.55,8.51251,4.07187,4.4307,0.969054,0.9828,174.19,122.182,4.07187,4.4307,137527
3468.0,0.754972,0.999325,0.0440275,0.999325,120015,129971,359.058,374.778,392.075,35.4144,32.1878,5285.03,5427.55,8.51251,4.07212,4.43037,0.969046,0.982807,174.154,122.191,4.07212,4.43037,137525
3470.0,0.754978,0.999327,0.0440285,0.999327,120019,129970,359.059,374.781,392.075,35.4156,32.1855,5285.44,5427.55,8.51251,4.07232,4.43003,0.969037,0.982815,174.11,122.199,4.07232,4.43003,137523
3472.0,0.754979,0.999329,0.0440295,0.999329,120019,129968,359.06,374.784,392.075,35.4168,32.1832,5285.82,5427.55,8.51251,4.07246,4.4297,0.969028,0.982822,174.019,122.203,4.07246,4.4297,137522
3474.0,0.754976,0.999333,0.0440302,0.999333,120016,129968,359.059,374.787,392.075,35.4171,32.1812,5285.89,5427.55,8.51251,4.07244,4.42942,0.969019,0.982829,173.924,122.201,4.07244,4.42942,137522
3476.0,0.754969,0.99934,0.0440306,0.99934,120010,129970,359.057,374.789,392.076,35.4164,32.1795,5285.64,5427.55,8.51251,4.07226,4.4292,0.96901,0.982837,173.845,122.195,4.07226,4.4292,137523
3478.0,0.754962,0.999348,0.0440306,0.999348,120005,129971,359.056,374.791,392.076,35.415,32.1782,5285.13,5427.55,8.51251,4.072,4.42904,0.969002,0.982844,173.908,122.185,4.072,4.42904,137525
3480.0,0.754956,0.999356,0.0440299,0.999356,119999,129974,359.055,374.792,392.077,35.4137,32.1773,5284.67,5427.55,8.51251,4.07175,4.42894,0.968993,0.982851,173.85,122.179,4.07175,4.42894,137527
3482.0,0.754983,0.999305,0.0440295,0.999305,120021,129977,359.061,374.795,392.079,35.4123,32.1766,5284.21,5427.55,8.51251,4.07195,4.42882,0.968984,0.98286,174.87,122.182,4.07195,4.42882,137530
3484.0,0.755002,0.999331,0.0440291,0.999331,120035,129981,359.065,374.797,392.08,35.4178,32.1637,5286.13,5427.55,8.51251,4.07282,4.42709,0.968975,0.982867,174.175,122.225,4.07282,4.42709,137534
3486.0,0.754991,0.999348,0.0440291,0.999348,120024,129982,359.063,374.799,392.081,35.4217,32.1664,5287.42,5427.55,8.51251,4.07309,4.42747,0.968966,0.982874,173.773,122.222,4.07309,4.42747,137535
3488.0,0.754978,0.99936,0.0440295,0.99936,120014,129981,359.06,374.801,392.081,35.4194,32.1673,5286.57,5427.55,8.51251,4.07265,4.4276,0.968957,0.982881,173.835,122.205,4.07265,4.4276,137535
3490.0,0.754973,0.999371,0.04403,0.999371,120009,129981,359.059,374.804,392.081,35.4169,32.1672,5285.66,5427.55,8.51251,4.07228,4.4276,0.968948,0.982888,173.911,122.196,4.07228,4.4276,137535
3492.0,0.754964,0.999383,0.0440303,0.999383,120002,129981,359.057,374.805,392.082,35.4158,32.167,5285.28,5427.55,8.51251,4.07204,4.42758,0.968939,0.982895,173.813,122.189,4.07204,4.42758,137535
3494.0,0.754959,0.999396,0.0440304,0.999396,119998,129982,359.056,374.806,392.082,35.4141,32.1671,5284.67,5427.55,8.51251,4.07176,4.4276,0.96893,0.982902,173.842,122.181,4.07176,4.4276,137536
3496.0,0.754953,0.999409,0.0440304,0.999409,119994,129982,359.055,374.806,392.083,35.413,32.1675,5284.3,5427.55,8.51251,4.07156,4.42766,0.968921,0.982909,173.875,122.174,4.07156,4.42766,137536
3498.0,0.754952,0.999419,0.0440303,0.999419,119993,129982,359.055,374.806,392.083,35.4118,32.1678,5283.92,5427.55,8.51251,4.07141,4.42771,0.968912,0.982916,173.964,122.169,4.07141,4.42771,137536
3500.0,0.754956,0.999426,0.0440303,0.999426,119997,129981,359.056,374.806,392.083,35.4115,32.1676,5283.83,5427.55,8.51251,4.07143,4.42768,0.968903,0.982923,174.087,122.171,4.07143,4.42768,137535
3502.0,0.754966,0.999429,0.0440305,0.999429,120004,129979,359.058,374.807,392.082,35.4123,32.1668,5284.14,5427.55,8.51251,4.07165,4.42754,0.968894,0.98293,174.206,122.179,4.07165,4.42754,137533
3504.0,0.754974,0.99943,0.0440308,0.99943,120010,129976,359.06,374.809,392.082,35.4143,32.1652,5284.82,5427.55,8.51251,4.07197,4.4273,0.968885,0.982937,174.148,122.189,4.07197,4.4273,137530
3506.0,0.754982,0.99943,0.0440317,0.99943,120016,129973,359.062,374.811,392.082,35.4158,32.1633,5285.33,5427.55,8.51251,4.07223,4.427,0.968876,0.982944,174.106,122.2,4.07223,4.427,137528
3508.0,0.754988,0.999432,0.0440325,0.999432,120020,129971,359.063,374.814,392.081,35.4173,32.1612,5285.86,5427.55,8.51251,4.07248,4.4267,0.968866,0.982951,174.112,122.206,4.07248,4.4267,137525
3510.0,0.754989,0.999437,0.0440304,0.999437,120020,129970,359.064,374.817,392.081,35.4185,32.1594,5286.24,5427.55,8.51251,4.07262,4.42644,0.968857,0.982958,174.051,122.209,4.07262,4.42644,137524
3512.0,0.754984,0.999445,0.0440326,0.999445,120015,129970,359.063,374.82,392.082,35.4189,32.1582,5286.32,5427.55,8.51251,4.07257,4.42628,0.968848,0.982965,173.86,122.208,4.07257,4.42628,137524
3514.0,0.754973,0.999457,0.0440337,0.999457,120007,129971,359.06,374.822,392.082,35.4178,32.1578,5285.92,5427.55,8.51251,4.0723,4.42623,0.968839,0.982972,173.819,122.197,4.0723,4.42623,137525
3516.0,0.754964,0.999472,0.0440339,0.999472,120000,129972,359.058,374.823,392.083,35.4157,32.1581,5285.19,5427.55,8.51251,4.07194,4.4263,0.968829,0.982979,173.804,122.186,4.07194,4.4263,137527
3518.0,0.754957,0.999487,0.0440333,0.999487,119994,129974,359.057,374.823,392.084,35.4139,32.1591,5284.56,5427.55,8.51251,4.07163,4.42646,0.96882,0.982986,173.833,122.176,4.07163,4.42646,137529
3520.0,0.75495,0.999502,0.0440325,0.999502,119989,129976,359.056,374.823,392.084,35.4123,32.1603,5284.04,5427.55,8.51251,4.07137,4.42665,0.968811,0.982992,173.891,122.167,4.07137,4.42665,137530
3522.0,0.754947,0.999515,0.0440316,0.999515,119987,129976,359.055,374.823,392.085,35.411,32.1614,5283.59,5427.55,8.51251,4.07117,4.42681,0.968802,0.982999,173.907,122.162,4.07117,4.42681,137531
3524.0,0.754949,0.999524,0.0440308,0.999524,119989,129975,359.056,374.823,392.085,35.4103,32.1621,5283.37,5427.55,8.51251,4.07112,4.4269,0.968793,0.983005,174.019,122.161,4.07112,4.4269,137530
3526.0,0.754957,0.99953,0.0440303,0.99953,119995,129973,359.058,374.824,392.085,35.4106,32.1621,5283.51,5427.55,8.51251,4.07125,4.42689,0.968783,0.983012,174.133,122.166,4.07125,4.42689,137528
3528.0,0.754965,0.999533,0.0440301,0.999533,120001,129971,359.06,374.825,392.084,35.412,32.1615,5284.03,5427.55,8.51251,4.07152,4.42679,0.968774,0.983019,174.104,122.177,4.07152,4.42679,137526
3530.0,0.754973,0.999535,0.0440306,0.999535,120007,129968,359.062,374.827,392.084,35.4137,32.1605,5284.62,5427.55,8.51251,4.07182,4.42661,0.968765,0.983026,174.099,122.187,4.07182,4.42661,137523
3532.0,0.754981,0.999538,0.0440314,0.999538,120013,129965,359.064,374.83,392.083,35.4153,32.1592,5285.18,5427.55,8.51251,4.07209,4.42641,0.968755,0.983032,174.137,122.194,4.07209,4.42641,137520
3534.0,0.754984,0.999543,0.0440324,0.999543,120015,129963,359.065,374.832,392.083,35.4168,32.158,5285.69,5427.55,8.51251,4.0723,4.42624,0.968746,0.983039,174.031,122.201,4.0723,4.42624,137519
3536.0,0.75498,0.99955,0.0440332,0.99955,120012,129963,359.064,374.835,392.083,35.4174,32.1572,5285.88,5427.55,8.51251,4.07231,4.42613,0.968736,0.983046,173.901,122.2,4.07231,4.42613,137518
3538.0,0.754972,0.99956,0.0440337,0.99956,120007,129963,359.063,374.838,392.084,35.4167,32.157,5285.65,5427.55,8.51251,4.07214,4.42611,0.968727,0.983052,173.791,122.193,4.07214,4.42611,137519
3540.0,0.75496,0.999573,0.0440338,0.999573,119999,129965,359.061,374.839,392.085,35.4151,32.1575,5285.19,5427.55,8.51251,4.07181,4.42619,0.968717,0.983059,173.714,122.181,4.07181,4.42619,137520
3542.0,0.754951,0.999588,0.0440333,0.999588,119993,129967,359.059,374.84,392.085,35.4127,32.1585,5284.49,5427.55,8.51251,4.07144,4.42636,0.968708,0.983065,173.738,122.169,4.07144,4.42636,137522
3544.0,0.754943,0.999602,0.0440325,0.999602,119988,129969,359.058,374.841,392.086,35.4109,32.1598,5284,5427.55,8.51251,4.07114,4.42657,0.968698,0.983071,173.774,122.157,4.07114,4.42657,137525
3546.0,0.754939,0.999616,0.0440316,0.999616,119986,129970,359.057,374.841,392.087,35.409,32.1613,5283.5,5427.55,8.51251,4.07089,4.42679,0.968689,0.983078,173.874,122.15,4.07089,4.42679,137526
3548.0,0.754939,0.999627,0.0440309,0.999627,119986,129970,359.058,374.841,392.087,35.4081,32.1626,5283.27,5427.55,8.51251,4.07079,4.42697,0.96868,0.983084,173.971,122.147,4.07079,4.42697,137526
3550.0,0.754945,0.999635,0.0440305,0.999635,119991,129970,359.059,374.841,392.087,35.4082,32.1634,5283.32,5427.55,8.51251,4.07087,4.42708,0.96867,0.98309,174.066,122.151,4.07087,4.42708,137525
3552.0,0.754953,0.999641,0.0440305,0.999641,119997,129968,359.061,374.842,392.087,35.4092,32.1638,5283.69,5427.55,8.51251,4.07109,4.42712,0.968661,0.983097,174.129,122.159,4.07109,4.42712,137523
3554.0,0.75496,0.999646,0.0440312,0.999646,120002,129965,359.063,374.844,392.087,35.4108,32.1637,5284.25,5427.55,8.51251,4.07136,4.42709,0.968651,0.983103,174.056,122.169,4.07136,4.42709,137521
3556.0,0.754967,0.99965,0.0440323,0.99965,120007,129963,359.065,374.846,392.086,35.4122,32.1633,5284.72,5427.55,8.51251,4.07159,4.42702,0.968641,0.98311,174.097,122.176,4.07159,4.42702,137518
3558.0,0.75497,0.999655,0.0440334,0.999655,120009,129961,359.065,374.849,392.086,35.4135,32.1629,5285.14,5427.55,8.51251,4.07177,4.42694,0.968632,0.983116,174.017,122.182,4.07177,4.42694,137516
3560.0,0.754969,0.999661,0.0440344,0.999661,120009,129960,359.066,374.851,392.086,35.4141,32.1626,5285.33,5427.55,8.51251,4.07184,4.42689,0.968622,0.983122,173.928,122.182,4.07184,4.42689,137516
3562.0,0.754965,0.999669,0.044035,0.999669,120006,129960,359.065,374.854,392.086,35.4139,32.1626,5285.34,5427.55,8.51251,4.07176,4.4269,0.968612,0.983129,173.855,122.179,4.07176,4.4269,137516
3564.0,0.754957,0.999679,0.0440351,0.999679,120001,129961,359.064,374.856,392.087,35.4129,32.163,5285.1,5427.55,8.51251,4.07156,4.42696,0.968603,0.983135,173.791,122.171,4.07156,4.42696,137517
3566.0,0.754948,0.99969,0.0440347,0.99969,119995,129963,359.062,374.857,392.088,35.4114,32.1638,5284.66,5427.55,8.51251,4.07128,4.4271,0.968593,0.983141,173.768,122.161,4.07128,4.4271,137519
3568.0,0.754942,0.999702,0.0440337,0.999702,119991,129965,359.061,374.858,392.089,35.4096,32.1649,5284.13,5427.55,8.51251,4.071,4.42727,0.968584,0.983147,173.804,122.152,4.071,4.42727,137521
3570.0,0.754938,0.999713,0.0440328,0.999713,119989,129967,359.061,374.859,392.089,35.4081,32.1662,5283.73,5427.55,8.51251,4.0708,4.42747,0.968574,0.983153,173.877,122.146,4.0708,4.42747,137523
3572.0,0.754949,0.99969,0.0440321,0.99969,119998,129968,359.064,374.86,392.09,35.4074,32.1675,5283.57,5427.55,8.51251,4.07086,4.42763,0.968564,0.98316,174.365,122.144,4.07086,4.42763,137524
3574.0,0.755004,0.999634,0.0440321,0.999634,120040,129970,359.076,374.863,392.091,35.4094,32.1617,5284.31,5427.55,8.51251,4.0718,4.4268,0.968554,0.983168,175.265,122.184,4.0718,4.4268,137526
3576.0,0.755053,0.999624,0.0440331,0.999624,120075,129975,359.086,374.869,392.093,35.4205,32.1493,5288.09,5427.55,8.51251,4.07366,4.42511,0.968544,0.983175,174.759,122.256,4.07366,4.42511,137530
3578.0,0.755041,0.999648,0.0440347,0.999648,120064,129977,359.083,374.874,392.093,35.4303,32.1459,5291.35,5427.55,8.51251,4.0746,4.42467,0.968534,0.983181,173.642,122.273,4.0746,4.42467,137532
3580.0,0.75501,0.999668,0.0440366,0.999668,120039,129977,359.076,374.879,392.094,35.428,32.1493,5290.47,5427.55,8.51251,4.07392,4.42517,0.968524,0.983187,173.474,122.241,4.07392,4.42517,137533
3582.0,0.754985,0.999693,0.044038,0.999693,120020,129979,359.071,374.883,392.095,35.4221,32.1522,5288.37,5427.55,8.51251,4.0729,4.4256,0.968515,0.983193,173.531,122.21,4.0729,4.4256,137536
3584.0,0.754962,0.999724,0.0440385,0.999724,120002,129983,359.066,374.885,392.096,35.4171,32.156,5286.68,5427.55,8.51251,4.07204,4.42618,0.968505,0.983199,173.51,122.183,4.07204,4.42618,137540
3586.0,0.75494,0.999759,0.0440378,0.999759,119986,129988,359.062,374.883,392.098,35.4125,32.1613,5285.14,5427.55,8.51251,4.07123,4.42698,0.968495,0.983205,173.5,122.157,4.07123,4.42698,137545
3588.0,0.754924,0.999791,0.0440366,0.999791,119975,129993,359.059,374.88,392.099,35.4081,32.1675,5283.67,5427.55,8.51251,4.07052,4.4279,0.968485,0.98321,173.626,122.134,4.07052,4.4279,137550
3590.0,0.754919,0.999812,0.0440353,0.999812,119972,129995,359.058,374.877,392.1,35.4048,32.1731,5282.65,5427.55,8.51251,4.0701,4.4287,0.968476,0.983216,173.843,122.122,4.0701,4.4287,137552
3592.0,0.754925,0.99982,0.0440342,0.99982,119978,129993,359.06,374.874,392.1,35.4036,32.1767,5282.36,5427.55,8.51251,4.07005,4.42919,0.968466,0.983221,174.078,122.121,4.07005,4.42919,137550
3594.0,0.754943,0.999816,0.0440336,0.999816,119991,129989,359.064,374.873,392.099,35.4046,32.1777,5282.8,5427.55,8.51251,4.07039,4.42928,0.968456,0.983228,174.297,122.136,4.07039,4.42928,137545
3596.0,0.754964,0.999804,0.0440336,0.999804,120007,129982,359.069,374.874,392.097,35.4081,32.1763,5283.99,5427.55,8.51251,4.07106,4.42901,0.968446,0.983234,174.389,122.159,4.07106,4.42901,137539
3598.0,0.754984,0.999791,0.0440343,0.999791,120021,129975,359.073,374.877,392.096,35.4123,32.1733,5285.39,5427.55,8.51251,4.07177,4.42852,0.968436,0.98324,174.37,122.183,4.07177,4.42852,137531
3600.0,0.754999,0.99978,0.0440354,0.99978,120032,129968,359.076,374.881,392.094,35.4163,32.1698,5286.69,5427.55,8.51251,4.07241,4.42798,0.968426,0.983246,174.263,122.202,4.07241,4.42798,137525
