time_s,condenser_level,sump_level,feed_tray_level,reboiler_tray_level,top_pressure,bottom_pressure,condenser_temperature,feed_tray_temperature,reboiler_temperature,distillate_valve_opening,bottoms_valve_opening,condenser_duty,reboiler_duty,feed_mass_flow,distillate_mass_flow,bottoms_mass_flow,distillate_benzene_fraction,bottoms_toluene_fraction,vapor_to_condenser,reflux,distillate_draw,bottoms_draw,bottoms_pressure
0.0,1.35998E-05,3.03556E-05,0.001,3.03556E-05,101325,101342,298.15,298.15,315.596,0,0,5285.1,5427.55,8.51251,0,0,0.5,0.5,0,0,0,0,101342
2.0,1.35998E-05,6.62858E-05,0.001,6.62858E-05,101325,101361,298.15,298.15,306.156,0,0,3607.22,0,8.51251,0,0,0.5,0.5,0,0,0,0,101362
4.0,1.35998E-05,0.000102218,0.001,0.000102218,101325,101386,298.15,298.15,303.345,0,0,3574.32,0,8.51251,0,0,0.5,0.5,0,0,0,0,101387
6.0,1.35998E-05,0.000138151,0.001,0.000138151,101325,101418,298.15,298.15,301.995,0,0,3541.42,0,8.51251,0,0,0.5,0.5,0,0,0,0,101419
8.0,1.35998E-05,0.000174084,0.001,0.000174084,101325,101456,298.15,298.15,301.202,0,0,3508.52,0,8.51251,0,0,0.5,0.5,0,0,0,0,101457
10.0,1.35998E-05,0.000210017,0.001,0.000210017,101325,101496,298.15,298.15,300.68,0,0,3475.62,0,8.51251,0,0,0.5,0.5,0,0,0,0,101498
12.0,1.35998E-05,0.00024595,0.001,0.00024595,101325,101538,298.15,298.15,300.311,0,0,3442.72,0,8.51251,0,0,0.5,0.5,0,0,0,0,101540
14.0,1.35998E-05,0.000281883,0.001,0.000281883,101325,101579,298.15,298.15,300.036,0,0,3409.82,0,8.51251,0,0,0.5,0.5,0,0,0,0,101581
16.0,1.35998E-05,0.000317816,0.001,0.000317816,101325,101619,298.15,298.15,299.822,0,0,3376.92,0,8.51251,0,0,0.5,0.5,0,0,0,0,101621
18.0,1.35998E-05,0.00035375,0.001,0.00035375,101325,101657,298.15,298.15,299.653,0,0,3344.02,0,8.51251,0,0,0.5,0.5,0,0,0,0,101660
20.0,1.35998E-05,0.000389684,0.001,0.000389684,101325,101696,298.15,298.15,299.514,0,0,3311.12,0,8.51251,0,0,0.5,0.5,0,0,0,0,101699
22.0,1.35998E-05,0.000425618,0.001,0.000425618,101325,101734,298.15,298.15,299.399,0,0,3278.22,0,8.51251,0,0,0.5,0.5,0,0,0,0,101737
24.0,1.35998E-05,0.000461553,0.000999999,0.000461553,101325,101772,298.15,298.15,299.302,0,0,3245.32,0,8.51251,0,0,0.5,0.5,0,0,0,0,101776
26.0,1.35998E-05,0.00049749,0.000999999,0.00049749,101325,101809,298.15,298.15,299.22,0,0,3212.42,0,8.51251,0,0,0.5,0.5,0,0,0,0,101814
28.0,1.35998E-05,0.00053343,0.000999998,0.00053343,101325,101847,298.15,298.15,299.149,0,0,3179.52,0,8.51251,0,0,0.5,0.5,0,0,0,0,101851
30.0,1.35998E-05,0.000569373,0.000999997,0.000569373,101325,101883,298.15,298.15,299.087,0,0,3146.62,0,8.51251,0,0,0.5,0.5,0,0,0,0,101888
32.0,1.35998E-05,0.000605323,0.000999996,0.000605323,101325,101920,298.15,298.15,299.033,0,0,3113.72,0,8.51251,0,0,0.5,0.5,0,0,0,0,101925
34.0,1.35998E-05,0.000641281,0.000999994,0.000641281,101325,101956,298.15,298.15,298.986,0,0,3080.82,0,8.51251,0,0,0.5,0.5,0,0,0,0,101962
36.0,1.35998E-05,0.000677252,0.000999991,0.000677252,101325,101993,298.15,298.15,298.946,0,0,3047.92,0,8.51251,0,0,0.5,0.5,0,0,0,0,101999
38.0,1.35998E-05,0.000713241,0.000999987,0.000713241,101325,102030,298.15,298.15,298.911,0,0,3015.02,0,8.51251,0,0,0.5,0.5,0,0,0,0,102036
40.0,1.35998E-05,0.000749254,0.000999981,0.000749254,101325,102067,298.15,298.15,298.882,0,0,2982.12,0,8.51251,0,0,0.5,0.5,0,0,0,0,102074
42.0,1.35998E-05,0.000785301,0.000999974,0.000785301,101325,102105,298.15,298.15,298.859,0,0,2949.22,0,8.51251,0,0,0.5,0.5,0,0,0,0,102112
44.0,1.35998E-05,0.000821394,0.000999965,0.000821394,101325,102142,298.15,298.15,298.841,0,0,2916.32,0,8.51251,0,0,0.5,0.5,0,0,0,0,102149
46.0,1.35998E-05,0.000857547,0.000999954,0.000857547,101325,102179,298.15,298.15,298.83,0,0,2883.42,0,8.51251,0,0,0.5,0.5,0,0,0,0,102187
48.0,1.35998E-05,0.000893781,0.00099994,0.000893781,101325,102216,298.15,298.15,298.826,0,0,2850.52,0,8.51251,0,0,0.5,0.500001,0,0,0,0,102223
50.0,1.35998E-05,0.000930121,0.000999922,0.000930121,101325,102252,298.15,298.15,298.83,0,0,2817.62,0,8.51251,0,0,0.5,0.500001,0,0,0,0,102260
52.0,1.35998E-05,0.000966601,0.000999901,0.000966601,101325,102288,298.15,298.15,298.844,0,0,2784.72,0,8.51251,0,0,0.5,0.500001,0,0,0,0,102297
54.0,1.35998E-05,0.00100326,0.000999874,0.00100326,101325,102326,298.15,298.15,298.868,0,0,2751.82,0,8.51251,0,0,0.5,0.500002,0,0,0,0,102334
56.0,1.35998E-05,0.00104015,0.000999842,0.00104015,101325,102363,298.15,298.15,298.907,0,0,2718.92,0,8.51251,0,0,0.5,0.500003,0,0,0,0,102372
58.0,1.35998E-05,0.00107733,0.000999805,0.00107733,101325,102401,298.15,298.15,298.961,0,0,2686.02,0,8.51251,0,0,0.5,0.500004,0,0,0,0,102410
60.0,1.35998E-05,0.0011149,0.00099976,0.0011149,101325,102438,298.15,298.15,299.035,0,0,2653.12,0,8.51251,0,0,0.5,0.500005,0,0,0,0,102448
62.0,1.35998E-05,0.00115296,0.000999707,0.00115296,101325,102475,298.15,298.15,299.132,0,0,2620.22,0,8.51251,0,0,0.5,0.500007,0,0,0,0,102485
64.0,1.35998E-05,0.00119163,0.000999645,0.00119163,101325,102512,298.15,298.15,299.259,0,0,2587.32,0,8.51251,0,0,0.5,0.500009,0,0,0,0,102522
66.0,1.35998E-05,0.00123111,0.000999573,0.00123111,101325,102548,298.15,298.15,299.42,0,0,2554.42,0,8.51251,0,0,0.5,0.500012,0,0,0,0,102558
68.0,1.35998E-05,0.00127157,0.00099949,0.00127157,101325,102584,298.15,298.15,299.624,0,0,2521.52,0,8.51251,0,0,0.5,0.500016,0,0,0,0,102595
70.0,1.35998E-05,0.00131327,0.000999395,0.00131327,101325,102621,298.15,298.15,299.877,0,0,2488.62,0,8.51251,0,0,0.5,0.500021,0,0,0,0,102632
72.0,1.35998E-05,0.00135654,0.000999286,0.00135654,101325,102659,298.15,298.15,300.191,0,0,2455.72,0,8.51251,0,0,0.5,0.500027,0,0,0,0,102670
74.0,1.35998E-05,0.00140179,0.000999162,0.00140179,101325,102696,298.15,298.15,300.578,0,0,2422.82,0,8.51251,0,0,0.5,0.500035,0,0,0,0,102708
76.0,1.35998E-05,0.00144959,0.00101006,0.00144959,101325,102734,298.15,300.717,301.053,0,0,2389.92,0,8.51251,0,0,0.5,0.500045,0,0,0,0,102746
78.0,1.35998E-05,0.00150062,0.0010404,0.00150062,101325,102771,298.15,307.501,301.636,0,0,2357.02,0,8.51251,0,0,0.5,0.500057,0,0,0,0,102783
80.0,1.35998E-05,0.00155572,0.00108338,0.00155572,101325,102807,298.15,316.402,302.346,0,0,2324.12,0,8.51251,0,0,0.5,0.500073,0,0,0,0,102820
82.0,1.35998E-05,0.00161584,0.00113465,0.00161584,101325,102843,298.15,326.074,303.199,0,0,2291.22,0,8.51251,0,0,0.5,0.500092,0,0,0,0,102857
84.0,1.35998E-05,0.00168204,0.00119137,0.00168204,101325,102879,298.15,335.751,304.212,0,0,2258.32,0,8.51251,0,0,0.5,0.500115,0,0,0,0,102893
86.0,1.35998E-05,0.00175568,0.00125174,0.00175568,101325,102916,298.15,345.041,305.401,0,0,2225.42,0,8.51251,0,0,0.5,0.500143,0,0,0,0,102931
88.0,1.35998E-05,0.001839,0.00131457,0.001839,101325,102953,298.15,353.768,306.8,0,0,2192.53,0,8.51251,0,0,0.5,0.500176,0,0,0,0,102969
90.0,1.35998E-05,0.00193521,0.00137913,0.00193521,101325,102991,298.15,361.883,308.452,0,0,2159.63,0,8.51251,0,0,0.5,0.500216,0,0,0,0,103007
92.0,1.35998E-05,0.00204806,0.00139488,0.00204806,101325,103028,298.15,363.803,310.388,0,0,2126.73,0,8.51251,0,0,0.5,0.500264,0,0,0,0,103045
94.0,1.35998E-05,0.00218162,0.00139457,0.00218162,101325,103065,298.15,363.845,312.614,0,0,2093.83,0,8.51251,0,0,0.5,0.500321,0,0,0,0,103083
96.0,1.35998E-05,0.00233993,0.00139418,0.00233993,101325,103101,298.15,363.882,315.105,0,0,2060.93,0,8.51251,0,0,0.5,0.500385,0,0,0,0,103121
98.0,1.35998E-05,0.00252691,0.00139374,0.00252691,101325,103136,298.15,363.916,317.809,0,0,2028.03,0,8.51251,0,0,0.5,0.500457,0,0,0,0,103157
100.0,1.35998E-05,0.00274625,0.00139322,0.00274625,101325,103171,298.15,363.946,320.656,0,0,1995.13,0,8.51251,0,0,0.5,0.500534,0,0,0,0,103194
102.0,1.35998E-05,0.00300823,0.00139264,0.00300823,101325,103206,298.15,363.975,323.655,0,0,1962.23,0,8.51251,0,0,0.5,0.500616,0,0,0,0,103231
104.0,1.35998E-05,0.00333882,0.00139199,0.00333882,101325,103241,298.15,364.001,326.934,0,0,1929.33,0,8.51251,0,0,0.5,0.500708,0,0,0,0,103269
106.0,1.35998E-05,0.00376317,0.00139127,0.00376317,101325,103276,298.15,364.025,330.454,0,0,1896.43,0,8.51251,0,0,0.5,0.50081,0,0,0,0,103307
108.0,1.35998E-05,0.00429829,0.00139048,0.00429829,101325,103310,298.15,364.047,334.03,0,0,1863.53,0,8.51251,0,0,0.5,0.500915,0,0,0,0,103345
110.0,1.35998E-05,0.0049534,0.00138961,0.0049534,101325,103342,298.15,364.067,337.454,0,0,1830.63,0,8.51251,0,0,0.5,0.501018,0,0,0,0,103383
112.0,1.35998E-05,0.00573205,0.00138867,0.00573205,101325,103373,298.15,364.086,340.58,0,0,1797.73,0,8.51251,0,0,0.5,0.501115,0,0,0,0,103419
114.0,1.35998E-05,0.00663427,0.00138765,0.00663427,101325,103402,298.15,364.103,343.341,0,0,1764.83,0,8.51251,0,0,0.5,0.501202,0,0,0,0,103456
116.0,1.35998E-05,0.00765799,0.00138655,0.00765799,101325,103430,298.15,364.12,345.732,0,0,1731.93,0,8.51251,0,0,0.5,0.501278,0,0,0,0,103491
118.0,1.35998E-05,0.00902683,0.00138537,0.00902683,101325,103456,298.15,364.135,348.124,0,0,1699.03,0,8.51251,0,0,0.5,0.501357,0,0,0,0,103529
120.0,1.35998E-05,0.0111428,0.0013841,0.0111428,101325,103478,298.15,364.149,350.71,0,0,1666.13,0,8.51251,0,0,0.5,0.501444,0,0,0,0,103568
122.0,1.35998E-05,0.0139426,0.00138275,0.0139426,101325,103495,298.15,364.162,352.967,0,0,1633.23,0,8.51251,0,0,0.5,0.501522,0,0,0,0,103606
124.0,1.35998E-05,0.0172347,0.00138131,0.0172347,101325,103506,298.15,364.175,354.719,0,0,1600.33,0,8.51251,0,0,0.5,0.501585,0,0,0,0,103643
126.0,1.35998E-05,0.0208436,0.00137977,0.0208436,101325,103513,298.15,364.186,356.035,0,0,1567.43,0,8.51251,0,0,0.5,0.501634,0,0,0,0,103678
128.0,1.35998E-05,0.0246447,0.00137814,0.0246447,101325,103516,298.15,364.197,357.031,0,0,1534.53,0,8.51251,0,0,0.5,0.501672,0,0,0,0,103712
130.0,1.35998E-05,0.0285583,0.00137642,0.0285583,101325,103518,298.15,364.208,357.8,0,0,1501.63,0,8.51251,0,0,0.5,0.501703,0,0,0,0,103745
132.0,1.35998E-05,0.0325367,0.00137459,0.0325367,101325,103519,298.15,364.217,358.411,0,0,1468.73,0,8.51251,0,0,0.5,0.501729,0,0,0,0,103777
134.0,1.35998E-05,0.036552,0.00137267,0.036552,101325,103520,298.15,364.227,358.909,0,0,1435.83,0,8.51251,0,0,0.5,0.501752,0,0,0,0,103809
136.0,1.35998E-05,0.0405881,0.00137064,0.0405881,101325,103520,298.15,364.235,359.323,0,0,1402.93,0,8.51251,0,0,0.5,0.501771,0,0,0,0,103841
138.0,1.35998E-05,0.044636,0.00136851,0.044636,101325,103520,298.15,364.244,359.675,0,0,1370.03,0,8.51251,0,0,0.5,0.501789,0,0,0,0,103872
140.0,1.35998E-05,0.0486905,0.00136628,0.0486905,101325,103519,298.15,364.252,359.979,0,0,1337.13,0,8.51251,0,0,0.5,0.501805,0,0,0,0,103904
142.0,1.35998E-05,0.0527487,0.00136393,0.0527487,101325,103519,298.15,364.259,360.245,0,0,1304.23,0,8.51251,0,0,0.5,0.50182,0,0,0,0,103936
144.0,1.35998E-05,0.0568089,0.00136147,0.0568089,101325,103518,298.15,364.266,360.481,0,0,1271.33,0,8.51251,0,0,0.5,0.501833,0,0,0,0,103967
146.0,1.35998E-05,0.0608703,0.0013589,0.0608703,101325,103518,298.15,364.273,360.693,0,0,1238.43,0,8.51251,0,0,0.5,0.501847,0,0,0,0,103999
148.0,1.35998E-05,0.0649323,0.00135622,0.0649323,101325,103518,298.15,364.279,360.884,0,0,1205.53,0,8.51251,0,0,0.5,0.501859,0,0,0,0,104030
150.0,1.35998E-05,0.0689946,0.00135343,0.0689946,101325,103517,298.15,364.286,361.058,0,0,1172.63,0,8.51251,0,0,0.5,0.501871,0,0,0,0,104062
152.0,1.35998E-05,0.073057,0.00135056,0.073057,101325,103517,298.15,364.295,361.218,0,0,1139.73,0,8.51251,0,0,0.5,0.501883,0,0,0,0,104093
154.0,1.35998E-05,0.0771195,0.00134753,0.0771195,101325,103516,298.15,364.301,361.365,0,0,1106.83,0,8.51251,0,0,0.5,0.501894,0,0,0,0,104125
156.0,1.35998E-05,0.081182,0.00134438,0.081182,101325,103516,298.15,364.307,361.502,0,0,1073.93,0,8.51251,0,0,0.5,0.501905,0,0,0,0,104156
158.0,1.35998E-05,0.0852445,0.0013411,0.0852445,101325,103516,298.15,364.312,361.629,0,0,1057.02,0,8.51251,0,0,0.5,0.501915,0,0,0,0,104188
160.0,1.35998E-05,0.0893069,0.00133771,0.0893069,101325,103515,298.15,364.317,361.747,0,0,1057.02,0,8.51251,0,0,0.5,0.501926,0,0,0,0,104219
162.0,1.35998E-05,0.0933693,0.00133419,0.0933693,101325,103515,298.15,364.322,361.858,0,0,1057.02,0,8.51251,0,0,0.5,0.501936,0,0,0,0,104251
164.0,1.35998E-05,0.0974316,0.00133049,0.0974316,101325,103514,298.15,364.324,361.962,0,0,1057.02,0,8.51251,0,0,0.5,0.501945,0,0,0,0,104283
166.0,1.35998E-05,0.101494,0.00132678,0.101494,101325,103514,298.15,364.332,362.061,0,0,1057.02,0,8.51251,0,0,0.5,0.501955,0,0,0,0,104314
168.0,1.35998E-05,0.105556,0.00132289,0.105556,101325,103514,298.15,364.337,362.154,0,0,1057.02,0,8.51251,0,0,0.5,0.501965,0,0,0,0,104346
170.0,1.35998E-05,0.109618,0.00131888,0.109618,101325,103513,298.15,364.341,362.241,0,0,1057.02,0,8.51251,0,0,0.5,0.501974,0,0,0,0,104377
172.0,1.35998E-05,0.11368,0.00131474,0.11368,101325,103513,298.15,364.346,362.325,0,0,1057.02,0,8.51251,0,0,0.5,0.501983,0,0,0,0,104409
174.0,1.35998E-05,0.117742,0.00131047,0.117742,101325,103513,298.15,364.35,362.404,0,0,1057.02,0,8.51251,0,0,0.5,0.501992,0,0,0,0,104441
176.0,1.35998E-05,0.121803,0.00130608,0.121803,101325,103513,298.15,364.355,362.479,0,0,1057.02,0,8.51251,0,0,0.5,0.502001,0,0,0,0,104472
178.0,1.35998E-05,0.125865,0.00130156,0.125865,101325,103513,298.15,364.36,362.55,0,0,1057.02,0,8.51251,0,0,0.5,0.502009,0,0,0,0,104504
180.0,1.35998E-05,0.129927,0.00129692,0.129927,101325,103513,298.15,364.365,362.619,0,0,1057.02,0,8.51251,0,0,0.5,0.502018,0,0,0,0,104536
182.0,1.35998E-05,0.133988,0.00129215,0.133988,101325,103513,298.15,364.371,362.684,0,0,1057.02,0,8.51251,0,0,0.5,0.502026,0,0,0,0,104568
184.0,1.35998E-05,0.138049,0.00128726,0.138049,101325,103512,298.15,364.376,362.746,0,0,1057.02,0,8.51251,0,0,0.5,0.502035,0,0,0,0,104600
186.0,1.35998E-05,0.14211,0.00128224,0.14211,101325,103512,298.15,364.382,362.806,0,0,1057.02,0,8.51251,0,0,0.5,0.502043,0,0,0,0,104631
188.0,1.35998E-05,0.146172,0.0012771,0.146172,101325,103512,298.15,364.388,362.863,0,0,1057.02,0,8.51251,0,0,0.5,0.502051,0,0,0,0,104663
190.0,1.35998E-05,0.150232,0.00127183,0.150232,101325,103512,298.15,364.395,362.918,0,0,1057.02,0,8.51251,0,0,0.5,0.502059,0,0,0,0,104694
192.0,1.35998E-05,0.154293,0.00126644,0.154293,101325,103511,298.15,364.401,362.97,0,0,1057.02,0,8.51251,0,0,0.5,0.502067,0,0,0,0,104726
194.0,1.35998E-05,0.158354,0.00126093,0.158354,101325,103511,298.15,364.407,363.02,0,0,1057.02,0,8.51251,0,0,0.5,0.502074,0,0,0,0,104757
196.0,1.35998E-05,0.162414,0.0012553,0.162414,101325,103510,298.15,364.414,363.069,0,0,1057.02,0,8.51251,0,0,0.5,0.502082,0,0,0,0,104789
198.0,1.35998E-05,0.166475,0.00124954,0.166475,101325,103510,298.15,364.421,363.115,0,0,1057.02,0,8.51251,0,0,0.5,0.50209,0,0,0,0,104820
200.0,1.35998E-05,0.170535,0.00124367,0.170535,101325,103510,298.15,364.427,363.16,0,0,1057.02,0,8.51251,0,0,0.5,0.502097,0,0,0,0,104852
202.0,1.35998E-05,0.174595,0.00123767,0.174595,101325,103509,298.15,364.434,363.203,0,0,1057.02,0,8.51251,0,0,0.5,0.502104,0,0,0,0,104884
204.0,1.35998E-05,0.178655,0.00123156,0.178655,101325,103509,298.15,364.441,363.245,0,0,1057.02,0,8.51251,0,0,0.5,0.502111,0,0,0,0,104915
206.0,1.35998E-05,0.182715,0.00122534,0.182715,101325,103509,298.15,364.447,363.285,0,0,1057.02,0,8.51251,0,0,0.5,0.502119,0,0,0,0,104947
208.0,1.35998E-05,0.186774,0.00121899,0.186774,101325,103508,298.15,364.454,363.323,0,0,1057.02,0,8.51251,0,0,0.5,0.502126,0,0,0,0,104978
210.0,1.35998E-05,0.190834,0.00121254,0.190834,101325,103508,298.15,364.461,363.36,0,0,1057.02,0,8.51251,0,0,0.5,0.502133,0,0,0,0,105010
212.0,1.35998E-05,0.194893,0.00120597,0.194893,101325,103507,298.15,364.468,363.396,0,0,1057.02,0,8.51251,0,0,0.5,0.502139,0,0,0,0,105041
214.0,1.35998E-05,0.198952,0.0011993,0.198952,101325,103507,298.15,364.475,363.431,0,0,1057.02,0,8.51251,0,0,0.5,0.502146,0,0,0,0,105073
216.0,1.35998E-05,0.203011,0.00119252,0.203011,101325,103507,298.15,364.481,363.464,0,0,1057.02,0,8.51251,0,0,0.5,0.502153,0,0,0,0,105104
218.0,1.35998E-05,0.207069,0.00118563,0.207069,101325,103506,298.15,364.488,363.497,0,0,1057.02,0,8.51251,0,0,0.5,0.502159,0,0,0,0,105136
220.0,1.35998E-05,0.211128,0.00117863,0.211128,101325,103506,298.15,364.495,363.528,0,0,1057.02,0,8.51251,0,0,0.5,0.502166,0,0,0,0,105167
222.0,1.35998E-05,0.215186,0.00117154,0.215186,101325,103506,298.15,364.502,363.558,0,0,1057.02,0,8.51251,0,0,0.5,0.502172,0,0,0,0,105199
224.0,1.35998E-05,0.219244,0.00116434,0.219244,101325,103505,298.15,364.509,363.588,0,0,1057.02,0,8.51251,0,0,0.5,0.502179,0,0,0,0,105230
226.0,1.35998E-05,0.223302,0.00115705,0.223302,101325,103505,298.15,364.515,363.616,0,0,1057.02,0,8.51251,0,0,0.5,0.502185,0,0,0,0,105262
228.0,1.35998E-05,0.227359,0.00114966,0.227359,101325,103505,298.15,364.522,363.643,0,0,1057.02,0,8.51251,0,0,0.5,0.502191,0,0,0,0,105293
230.0,1.35998E-05,0.231417,0.00114218,0.231417,101325,103504,298.15,364.529,363.67,0,0,1057.02,0,8.51251,0,0,0.5,0.502197,0,0,0,0,105325
232.0,1.35998E-05,0.235474,0.0011346,0.235474,101325,103504,298.15,364.536,363.696,0,0,1057.02,0,8.51251,0,0,0.5,0.502203,0,0,0,0,105356
234.0,1.35998E-05,0.239531,0.00112694,0.239531,101325,103504,298.15,364.542,363.721,0,0,1057.02,0,8.51251,0,0,0.5,0.502209,0,0,0,0,105388
236.0,1.35998E-05,0.243588,0.00111919,0.243588,101325,103503,298.15,364.549,363.745,0,0,1057.02,0,8.51251,0,0,0.5,0.502215,0,0,0,0,105419
238.0,1.35998E-05,0.247644,0.00111136,0.247644,101325,103503,298.15,364.555,363.769,0,0,1057.02,0,8.51251,0,0,0.5,0.502221,0,0,0,0,105450
240.0,1.35998E-05,0.2517,0.00110345,0.2517,101325,103503,298.15,364.562,363.791,0,0,1057.02,0,8.51251,0,0,0.5,0.502226,0,0,0,0,105482
242.0,1.35998E-05,0.255756,0.00109595,0.255756,101325,103502,298.15,364.568,363.814,0,0,1057.02,0,8.51251,0,0,0.5,0.502232,0,0,0,0,105513
244.0,1.35998E-05,0.259812,0.00108786,0.259812,101325,103502,298.15,364.574,363.835,0,0,1057.02,0,8.51251,0,0,0.5,0.502238,0,0,0,0,105545
246.0,1.35998E-05,0.263867,0.00107971,0.263867,101325,103502,298.15,364.581,363.856,0,0,1057.02,0,8.51251,0,0,0.5,0.502243,0,0,0,0,105577
248.0,1.35998E-05,0.267923,0.00107148,0.267923,101325,103501,298.15,364.588,363.876,0,0,1057.02,0,8.51251,0,0,0.5,0.502248,0,0,0,0,105608
250.0,1.35998E-05,0.271978,0.00106318,0.271978,101325,103501,298.15,364.594,363.896,0,0,1057.02,0,8.51251,0,0,0.5,0.502254,0,0,0,0,105640
252.0,1.35998E-05,0.276032,0.00105482,0.276032,101325,103501,298.15,364.601,363.916,0,0,1057.02,0,8.51251,0,0,0.5,0.502259,0,0,0,0,105671
254.0,1.35998E-05,0.280087,0.00104639,0.280087,101325,103501,298.15,364.607,363.934,0,0,1057.02,0,8.51251,0,0,0.5,0.502264,0,0,0,0,105703
256.0,1.35998E-05,0.284141,0.00103791,0.284141,101325,103501,298.15,364.614,363.952,0,0,1057.02,0,8.51251,0,0,0.5,0.50227,0,0,0,0,105735
258.0,1.35998E-05,0.288195,0.00102937,0.288195,101325,103500,298.15,364.62,363.97,0,0,1057.02,0,8.51251,0,0,0.5,0.502275,0,0,0,0,105766
260.0,1.35998E-05,0.292248,0.00102077,0.292248,101325,103500,298.15,364.627,363.987,0,0,1057.02,0,8.51251,0,0,0.5,0.50228,0,0,0,0,105798
262.0,1.35998E-05,0.296302,0.00101213,0.296302,101325,103500,298.15,364.633,364.004,0,0,1057.02,0,8.51251,0,0,0.5,0.502285,0,0,0,0,105829
264.0,1.35998E-05,0.300355,0.00100344,0.300355,101325,103500,298.15,364.639,364.021,0,0,1057.02,0,8.51251,0,0,0.5,0.50229,0,0,0,0,105861
266.0,1.35998E-05,0.304408,0.000994699,0.304408,101325,103499,298.15,364.646,364.037,0,0,1057.02,0,8.51251,0,0,0.5,0.502295,0,0,0,0,105892
268.0,1.35998E-05,0.30846,0.000985919,0.30846,101325,103499,298.15,364.652,364.052,0,0,1057.02,0,8.51251,0,0,0.5,0.502299,0,0,0,0,105924
270.0,1.35998E-05,0.312512,0.000977099,0.312512,101325,103499,298.15,364.659,364.067,0,0,1057.02,0,8.51251,0,0,0.5,0.502304,0,0,0,0,105955
272.0,1.35998E-05,0.316564,0.000968242,0.316564,101325,103498,298.15,364.665,364.082,0,0,1057.02,0,8.51251,0,0,0.5,0.502309,0,0,0,0,105987
274.0,1.35998E-05,0.320616,0.000959351,0.320616,101325,103498,298.15,364.672,364.097,0,0,1057.02,0,8.51251,0,0,0.5,0.502314,0,0,0,0,106018
276.0,1.35998E-05,0.324667,0.000950429,0.324667,101325,103498,298.15,364.678,364.111,0,0,1057.02,0,8.51251,0,0,0.5,0.502318,0,0,0,0,106050
278.0,1.35998E-05,0.328718,0.000941478,0.328718,101325,103497,298.15,364.685,364.124,0,0,1057.02,0,8.51251,0,0,0.5,0.502323,0,0,0,0,106081
280.0,1.35998E-05,0.332769,0.0009325,0.332769,101325,103497,298.15,364.691,364.138,0,0,1057.02,0,8.51251,0,0,0.5,0.502327,0,0,0,0,106113
282.0,1.35998E-05,0.336819,0.0009235,0.336819,101325,103497,298.15,364.698,364.151,0,0,1057.02,0,8.51251,0,0,0.5,0.502332,0,0,0,0,106144
284.0,1.35998E-05,0.34087,0.000914478,0.34087,101325,103496,298.15,364.704,364.164,0,0,1057.02,0,8.51251,0,0,0.5,0.502336,0,0,0,0,106176
286.0,1.35998E-05,0.344919,0.000905439,0.344919,101325,103496,298.15,364.71,364.176,0,0,1057.02,0,8.51251,0,0,0.5,0.502341,0,0,0,0,106207
288.0,1.35998E-05,0.348969,0.000896384,0.348969,101325,103496,298.15,364.717,364.189,0,0,1057.02,0,8.51251,0,0,0.5,0.502345,0,0,0,0,106239
290.0,1.35998E-05,0.353018,0.000887316,0.353018,101325,103495,298.15,364.723,364.201,0,0,1057.02,0,8.51251,0,0,0.5,0.502349,0,0,0,0,106270
292.0,1.35998E-05,0.357067,0.000878238,0.357067,101325,103495,298.15,364.73,364.212,0,0,1057.02,0,8.51251,0,0,0.5,0.502354,0,0,0,0,106301
294.0,1.35998E-05,0.361115,0.000869152,0.361115,101325,103495,298.15,364.736,364.224,0,0,1057.02,0,8.51251,0,0,0.5,0.502358,0,0,0,0,106333
296.0,1.35998E-05,0.365164,0.000860061,0.365164,101325,103494,298.15,364.742,364.235,0,0,1057.02,0,8.51251,0,0,0.5,0.502362,0,0,0,0,106364
298.0,1.35998E-05,0.369211,0.000850967,0.369211,101325,103494,298.15,364.749,364.246,0,0,1057.02,0,8.51251,0,0,0.5,0.502366,0,0,0,0,106396
300.0,1.35998E-05,0.373259,0.000841874,0.373259,101325,103494,298.15,364.755,364.257,0,0,1057.02,-5.42655E-27,8.51251,0,0,0.5,0.50237,0,0,0,0,106427
302.0,1.35998E-05,0.377306,0.000832782,0.377306,101325,103493,298.15,364.761,364.267,0,0,1057.02,0,8.51251,0,0,0.5,0.502374,0,0,0,0,106459
304.0,1.35998E-05,0.38136,0.000823695,0.38136,101325,103493,298.15,364.768,364.29,0,0,1057.02,18.0918,8.51251,0,0,0.5,0.502378,0,0,0,0,106490
306.0,1.35998E-05,0.385416,0.000814615,0.385416,101325,103493,298.15,364.774,364.318,0,0,1057.02,27.1377,8.51251,0,0,0.5,0.502382,0,0,0,0,106522
308.0,1.35998E-05,0.389474,0.000805545,0.389474,101325,103493,298.15,364.78,364.351,0,0,1057.02,36.1837,8.51251,0,0,0.5,0.502386,0,0,0,0,106553
310.0,1.35998E-05,0.393536,0.000796487,0.393536,101325,103492,298.15,364.787,364.39,0,0,1057.02,45.2296,8.51251,0,0,0.5,0.50239,0,0,0,0,106585
312.0,1.35998E-05,0.397601,0.000787442,0.397601,101325,103492,298.15,364.793,364.434,0,0,1057.02,54.2755,8.51251,0,0,0.5,0.502394,0,0,0,0,106616
314.0,1.35998E-05,0.401668,0.000778414,0.401668,101325,103492,298.15,364.799,364.483,0,0,1057.02,63.3214,8.51251,0,0,0.5,0.502398,0,0,0,0,106648
316.0,1.35998E-05,0.405738,0.000769403,0.405738,101325,103491,298.15,364.805,364.537,0,0,1057.02,72.3673,8.51251,0,0,0.5,0.502402,0,0,0,0,106679
318.0,1.35998E-05,0.409811,0.000760414,0.409811,101325,103491,298.15,364.811,364.595,0,0,1057.02,81.4132,8.51251,0,0,0.5,0.502405,0,0,0,0,106711
320.0,1.35998E-05,0.413887,0.000751446,0.413887,101325,103491,298.15,364.817,364.658,0,0,1057.02,90.4592,8.51251,0,0,0.5,0.502409,0,0,0,0,106742
322.0,1.35998E-05,0.417966,0.000742504,0.417966,101325,103491,298.15,364.824,364.726,0,0,1057.02,99.5051,8.51251,0,0,0.5,0.502413,0,0,0,0,106774
324.0,1.35998E-05,0.422047,0.000733588,0.422047,101325,103491,298.15,364.83,364.797,0,0,1057.02,108.551,8.51251,0,0,0.5,0.502416,0,0,0,0,106805
326.0,1.35998E-05,0.426131,0.000724701,0.426131,101325,103490,298.15,364.836,364.873,0,0,1057.02,117.597,8.51251,0,0,0.5,0.50242,0,0,0,0,106837
328.0,1.35998E-05,0.430218,0.000715844,0.430218,101325,103490,298.15,364.842,364.952,0,0,1057.02,126.643,8.51251,0,0,0.5,0.502424,0,0,0,0,106868
330.0,1.35998E-05,0.434308,0.00070702,0.434308,101325,103490,298.15,364.848,365.036,0,0,1057.02,135.689,8.51251,0,0,0.5,0.502427,0,0,0,0,106900
332.0,1.35998E-05,0.438401,0.00069823,0.438401,101325,103489,298.15,364.854,365.123,0,0,1057.02,144.735,8.51251,0,0,0.5,0.502431,0,0,0,0,106931
334.0,1.35998E-05,0.442497,0.000689476,0.442497,101325,103489,298.15,364.859,365.215,0,0,1057.02,153.781,8.51251,0,0,0.5,0.502434,0,0,0,0,106962
336.0,1.35998E-05,0.446595,0.00068076,0.446595,101325,103489,298.15,364.865,365.309,0,0,1057.02,162.826,8.51251,0,0,0.5,0.502438,0,0,0,0,106994
338.0,1.35998E-05,0.450697,0.000672083,0.450697,101325,103489,298.15,364.871,365.407,0,0,1057.02,171.872,8.51251,0,0,0.5,0.502442,0,0,0,0,107025
340.0,1.35998E-05,0.454801,0.000663448,0.454801,101325,103488,298.15,364.877,365.509,0,0,1057.02,180.918,8.51251,0,0,0.5,0.502445,0,0,0,0,107057
342.0,1.35998E-05,0.458908,0.000654856,0.458908,101325,103488,298.15,364.883,365.614,0,0,1057.02,189.964,8.51251,0,0,0.5,0.502448,0,0,0,0,107088
344.0,1.35998E-05,0.463018,0.000646308,0.463018,101325,103488,298.15,364.888,365.722,0,0,1057.02,199.01,8.51251,0,0,0.5,0.502452,0,0,0,0,107120
346.0,1.35998E-05,0.46713,0.000637806,0.46713,101325,103488,298.15,364.894,365.833,0,0,1057.02,208.056,8.51251,0,0,0.5,0.502455,0,0,0,0,107151
348.0,1.35998E-05,0.471246,0.000629351,0.471246,101325,103487,298.15,364.9,365.947,0,0,1057.02,217.102,8.51251,0,0,0.5,0.502459,0,0,0,0,107183
350.0,1.35998E-05,0.475048,0.000620945,0.475048,101325,103487,298.15,364.905,365.957,0,0,1057.02,226.148,8.51251,0,0,0.5,0.502574,0,0,0,0,107212
352.0,1.35998E-05,0.478816,0.000612589,0.478816,101325,103487,298.15,364.911,365.961,0,0,1057.02,235.194,8.51251,0,0,0.5,0.502701,0,0,0,0,107241
354.0,1.35998E-05,0.482574,0.000604285,0.482574,101325,103487,298.15,364.916,365.965,0,0,1057.02,244.24,8.51251,0,0,0.5,0.502831,0,0,0,0,107271
356.0,1.35998E-05,0.486322,0.000596033,0.486322,101325,103486,298.15,364.922,365.968,0,0,1057.02,253.286,8.51251,0,0,0.5,0.502963,0,0,0,0,107300
358.0,1.35998E-05,0.490057,0.000587836,0.490057,101325,103486,298.15,364.927,365.972,0,0,1057.02,262.332,8.51251,0,0,0.5,0.503098,0,0,0,0,107329
360.0,1.35998E-05,0.49378,0.000579693,0.49378,101325,103486,298.15,364.933,365.976,0,0,1057.02,271.377,8.51251,0,0,0.5,0.503236,0,0,0,0,107358
362.0,1.35998E-05,0.497492,0.000571607,0.497492,101325,103486,298.15,364.938,365.98,0,0,1057.02,280.423,8.51251,0,0,0.5,0.503377,0,0,0,0,107387
364.0,1.35998E-05,0.501194,0.000563579,0.501194,101325,103485,298.15,364.943,365.985,0,0,1057.02,289.469,8.51251,0,0,0.5,0.503519,0,0,0,0,107415
366.0,1.35998E-05,0.504884,0.000555609,0.504884,101325,103485,298.15,364.949,365.989,0,0,1057.02,298.515,8.51251,0,0,0.5,0.503665,0,0,0,0,107444
368.0,1.35998E-05,0.508561,0.000547699,0.508561,101325,103485,298.15,364.954,365.993,0,0,1057.02,307.561,8.51251,0,0,0.5,0.503813,0,0,0,0,107473
370.0,1.35998E-05,0.512228,0.000539849,0.512228,101325,103485,298.15,364.959,365.998,0,0,1057.02,316.607,8.51251,0,0,0.5,0.503964,0,0,0,0,107501
372.0,1.35998E-05,0.515885,0.00053206,0.515885,101325,103485,298.15,364.964,366.002,0,0,1057.02,325.653,8.51251,0,0,0.5,0.504116,0,0,0,0,107530
374.0,1.35998E-05,0.519527,0.000524334,0.519527,101325,103484,298.15,364.969,366.007,0,0,1057.02,334.699,8.51251,0,0,0.5,0.504272,0,0,0,0,107558
376.0,1.35998E-05,0.523168,0.000516671,0.523168,101325,103484,298.15,364.974,366.011,0,0,1057.02,343.745,8.51251,0,0,0.5,0.50443,0,0,0,0,107586
378.0,1.35998E-05,0.526831,0.000509071,0.526831,101325,103485,298.15,364.979,366.016,0,0,1057.02,352.791,8.51251,0,0,0.5,0.504589,0,0,0,0,107615
380.0,1.35998E-05,0.530467,0.000501537,0.530467,101325,103484,298.15,364.984,366.021,0,0,1057.02,361.837,8.51251,0,0,0.5,0.50475,0,0,0,0,107644
382.0,1.35998E-05,0.534081,0.000494069,0.534081,101325,103484,298.15,364.989,366.026,0,0,1057.02,370.883,8.51251,0,0,0.5,0.504913,0,0,0,0,107672
384.0,1.35998E-05,0.537683,0.000486666,0.537683,101325,103484,298.15,364.994,366.031,0,0,1057.02,379.928,8.51251,0,0,0.5,0.505078,0,0,0,0,107700
386.0,1.35998E-05,0.541283,0.00047933,0.541283,101325,103485,298.15,364.998,366.036,0,0,1057.02,388.974,8.51251,0,0,0.5,0.505245,0,0,0,0,107729
388.0,1.35998E-05,0.544872,0.000472062,0.544872,101325,103485,298.15,365.003,366.041,0,0,1057.02,398.02,8.51251,0,0,0.5,0.505414,0,0,0,0,107757
390.0,1.35998E-05,0.548446,0.000464861,0.548446,101325,103485,298.15,365.008,366.046,0,0,1057.02,407.066,8.51251,0,0,0.5,0.505586,0,0,0,0,107785
392.0,1.35998E-05,0.552007,0.000457729,0.552007,101325,103485,298.15,365.012,366.052,0,0,1057.02,416.112,8.51251,0,0,0.5,0.50576,0,0,0,0,107813
394.0,1.35998E-05,0.555558,0.000450666,0.555558,101325,103486,298.15,365.017,366.057,0,0,1057.02,425.158,8.51251,0,0,0.5,0.505936,0,0,0,0,107842
396.0,1.35998E-05,0.559097,0.000443673,0.559097,101325,103486,298.15,365.021,366.062,0,0,1057.02,434.204,8.51251,0,0,0.5,0.506115,0,0,0,0,107870
398.0,1.35998E-05,0.562624,0.000436749,0.562624,101325,103487,298.15,365.026,366.068,0,0,1057.02,443.25,8.51251,0,0,0.5,0.506295,0,0,0,0,107898
400.0,1.35998E-05,0.566139,0.000429896,0.566139,101325,103487,298.15,365.03,366.074,0,0,1057.02,452.296,8.51251,0,0,0.5,0.506478,0,0,0,0,107926
402.0,1.35998E-05,0.569642,0.000423114,0.569642,101325,103488,298.15,365.034,366.079,0,0,1057.02,461.342,8.51251,0,0,0.5,0.506662,0,0,0,0,107954
404.0,1.35998E-05,0.573132,0.000416402,0.573132,101325,103489,298.15,365.039,366.085,0,0,1057.02,470.388,8.51251,0,0,0.5,0.506849,0,0,0,0,107982
406.0,1.35998E-05,0.576611,0.000409762,0.576611,101325,103489,298.15,365.043,366.091,0,0,1057.02,479.434,8.51251,0,0,0.5,0.507038,0,0,0,0,108010
408.0,1.35998E-05,0.580077,0.000403211,0.580077,101325,103490,298.15,365.061,366.097,0,0,1057.02,488.479,8.51251,0,0,0.5,0.507228,0,0,0,0,108038
410.0,1.35998E-05,0.583532,0.000395194,0.583532,101325,103491,298.15,365.096,366.103,0,0,1057.02,497.525,8.51251,0,0,0.5,0.507421,0,0,0,0,108066
412.0,2.77456E-05,0.586974,0.000395246,0.586974,101325,103492,363.859,365.132,366.109,0,0,1057.02,506.571,8.51251,0,0,0.544359,0.507616,6.38301,0,0,0,108094
414.0,8.92797E-05,0.590403,0.000395298,0.590403,101325,103494,363.515,365.164,366.116,0,0,1057.02,515.617,8.51251,0,0,0.55646,0.507812,12.1229,0,0,0,108122
416.0,0.000245222,0.593822,0.000395342,0.593822,101325,103496,363.057,365.19,366.122,0,0,1057.02,524.663,8.51251,0,0,0.572735,0.508011,14.4718,0,0,0,108151
418.0,0.000517424,0.597229,0.000395379,0.597229,101325,103499,362.568,365.209,366.129,0,0,1057.02,533.709,8.51251,0,0,0.59034,0.508211,15.8857,0,0,0,108181
420.0,0.000921257,0.600625,0.000395407,0.600625,101325,103503,362.076,365.224,366.137,0,0,1057.02,542.755,8.51251,0,0,0.608311,0.508412,17.0389,0,0,0,108212
422.0,0.00147084,0.60401,0.000395428,0.60401,101325,103508,361.594,365.235,366.145,0,0,1057.02,551.801,8.51251,0,0,0.626162,0.508615,18.1158,0,0,0,108243
424.0,0.00217994,0.607384,0.000395443,0.607384,101325,103514,361.116,365.243,366.153,0,0,1057.02,560.847,8.51251,0,0,0.644108,0.50882,18.4784,0,0,0,108276
426.0,0.00305934,0.610745,0.000395453,0.610745,101325,103520,360.651,365.248,366.161,0,0,1057.02,569.893,8.51251,0,0,0.661774,0.509027,19.1765,0,0,0,108308
428.0,0.00412161,0.614093,0.000395459,0.614093,101325,103527,360.208,365.252,366.169,0,0,1057.02,578.939,8.51251,0,0,0.678891,0.509235,19.6098,0,0,0,108340
430.0,0.00536756,0.617428,0.000395463,0.617428,101325,103532,359.791,365.255,366.177,0,0,1057.02,587.984,8.51251,0,0,0.695171,0.509445,19.9844,0,0,0,108372
432.0,0.00665459,0.620749,0.000395465,0.620749,101325,103538,359.49,365.257,366.186,0,0,1057.02,597.03,8.51251,0,0,0.707024,0.509658,20.7941,0,0,0,108404
434.0,0.00794136,0.624057,0.000395465,0.624057,101325,103542,359.275,365.259,366.194,0,0,1057.02,606.076,8.51251,0,0,0.715479,0.509872,21.0383,0,0,0,108434
436.0,0.00922828,0.627351,0.000395465,0.627351,101325,103547,359.12,365.26,366.202,0,0,1057.02,615.122,8.51251,0,0,0.721677,0.510088,21.4224,0,0,0,108464
438.0,0.0100327,0.630632,0.000395463,0.630632,101325,103551,351.066,365.261,366.209,0,0,1057.02,624.168,8.51251,0,0,0.720891,0.510306,21.7339,0,0,0,108494
440.0,0.0108366,0.6339,0.00039546,0.6339,101325,103554,344.181,365.262,366.217,0,0,1057.02,633.214,8.51251,0,0,0.719967,0.510525,22.0011,0,0,0,108523
442.0,0.0116606,0.637156,0.000395457,0.637156,101325,103558,338.554,365.263,366.225,0,0,1057.02,642.26,8.51251,0,0,0.719101,0.510747,22.3506,0,0,0,108552
444.0,0.012485,0.640399,0.000395453,0.640399,101325,103561,333.662,365.264,366.233,0,0,1057.02,651.306,8.51251,0,0,0.718306,0.51097,22.2698,0,0,0,108581
446.0,0.0133321,0.64363,0.000395448,0.64363,101325,103564,329.704,365.264,366.24,0,0,1057.02,660.352,8.51251,0,0,0.717566,0.511194,22.6715,0,0,0,108609
448.0,0.0141936,0.646849,0.000395442,0.646849,101325,103567,326.418,365.265,366.248,0,0,1057.02,669.398,8.51251,0,0,0.716883,0.511421,23.122,0,0,0,108637
450.0,0.0150731,0.650056,0.000395435,0.650056,101325,103570,323.748,365.265,366.256,0,0,1057.02,678.444,8.51251,0,0,0.716254,0.511649,23.4553,0,0,0,108665
452.0,0.0158416,0.653257,0.000395429,0.653257,101325,103573,319.909,365.266,366.264,0,0,1057.02,687.49,8.51251,0,0,0.715732,0.511876,18.6486,0,0,0,108693
454.0,0.0166638,0.656453,0.000395421,0.656453,101325,103575,317.106,365.266,366.272,0,0,1057.02,696.535,8.51251,0,0,0.715232,0.512104,23.0335,0,0,0,108721
456.0,0.017584,0.659637,0.000395411,0.659637,101325,103578,315.765,365.267,366.279,0,0,1057.02,705.581,8.51251,0,0,0.714738,0.512332,24.455,0,0,0,108748
458.0,0.0185321,0.66281,0.000395401,0.66281,101325,103580,314.882,365.267,366.287,0,0,1057.02,714.627,8.51251,0,0,0.71428,0.512563,24.8251,0,0,0,108775
460.0,0.0194864,0.665971,0.000395393,0.665971,101325,103582,314.152,365.267,366.294,0,0,1057.02,723.673,8.51251,0,0,0.713862,0.512795,24.9014,0,0,0,108801
462.0,0.0204424,0.66912,0.000395385,0.66912,101325,103584,313.509,365.268,366.302,0,0,1057.02,732.719,8.51251,0,0,0.71348,0.513028,24.9362,0,0,0,108828
464.0,0.0214025,0.672258,0.000395378,0.672258,101325,103586,312.965,365.268,366.31,0,0,1057.02,741.765,8.51251,0,0,0.71313,0.513263,25.0368,0,0,0,108855
466.0,0.0223707,0.675385,0.000395371,0.675385,101325,103588,312.546,365.269,366.318,0,0,1057.02,750.811,8.51251,0,0,0.712808,0.5135,25.2316,0,0,0,108881
468.0,0.0233519,0.678501,0.000395362,0.678501,101325,103591,312.285,365.27,366.326,0,0,1057.02,759.857,8.51251,0,0,0.712509,0.513738,25.5123,0,0,0,108908
470.0,0.0243489,0.681607,0.000395353,0.681607,101325,103593,312.186,365.27,366.334,0,0,1057.02,768.903,8.51251,0,0,0.71223,0.513977,25.8401,0,0,0,108935
472.0,0.0253633,0.684701,0.000395344,0.684701,101325,103596,312.245,365.271,366.342,0,0,1057.02,777.949,8.51251,0,0,0.71197,0.514218,26.1916,0,0,0,108962
474.0,0.0263936,0.687785,0.000395334,0.687785,101325,103599,312.43,365.271,366.35,0,0,1057.02,786.995,8.51251,0,0,0.711728,0.51446,26.5031,0,0,0,108989
476.0,0.0274371,0.690857,0.000395323,0.690857,101325,103602,312.707,365.272,366.359,0,0,1057.02,796.041,8.51251,0,0,0.711501,0.514704,26.7433,0,0,0,109016
478.0,0.0284939,0.693918,0.000395312,0.693918,101325,103605,313.065,365.272,366.367,0,0,1057.02,805.086,8.51251,0,0,0.711288,0.514949,27.0386,0,0,0,109043
480.0,0.0295649,0.696968,0.000395301,0.696968,101325,103608,313.503,365.273,366.375,0,0,1057.02,814.132,8.51251,0,0,0.711088,0.515196,27.3168,0,0,0,109070
482.0,0.0306778,0.700006,0.000395289,0.700006,101325,103611,314.205,365.273,366.384,0,0,1057.02,823.178,8.51251,0,0,0.710897,0.515445,28.7196,0,0,0,109096
484.0,0.031799,0.70303,0.000395277,0.70303,101325,103614,314.914,365.274,366.392,0,0,1057.02,832.224,8.51251,0,0,0.710718,0.515696,28.2518,0,0,0,109123
486.0,0.0329141,0.706044,0.000395266,0.706044,101325,103617,315.535,365.275,366.401,0,0,1057.02,841.27,8.51251,0,0,0.710551,0.515948,28.1552,0,0,0,109150
488.0,0.0340376,0.709047,0.000395253,0.709047,101325,103620,316.168,365.275,366.41,0,0,1057.02,850.316,8.51251,0,0,0.710395,0.516201,28.382,0,0,0,109176
490.0,0.0351756,0.712038,0.00039524,0.712038,101325,103623,316.847,365.276,366.418,0,0,1057.02,859.362,8.51251,0,0,0.710246,0.516456,28.6808,0,0,0,109203
492.0,0.0363308,0.715019,0.000395226,0.715019,101325,103626,317.585,365.276,366.427,0,0,1057.02,868.408,8.51251,0,0,0.710105,0.516712,29.0459,0,0,0,109229
494.0,0.0375038,0.717988,0.000395211,0.717988,101325,103630,318.377,365.277,366.436,0,0,1057.02,877.454,8.51251,0,0,0.709972,0.51697,29.396,0,0,0,109256
496.0,0.0386939,0.720946,0.000395196,0.720946,101325,103633,319.215,365.277,366.445,0,0,1057.02,886.5,8.51251,0,0,0.709844,0.517229,29.693,0,0,0,109282
498.0,0.0398973,0.723893,0.00039518,0.723893,101325,103636,320.071,365.278,366.454,0,0,1057.02,895.546,8.51251,0,0,0.709723,0.51749,29.9947,0,0,0,109309
500.0,0.041114,0.726829,0.000395164,0.726829,101325,103639,320.944,365.278,366.463,0,0,1057.02,904.592,8.51251,0,0,0.709608,0.517752,30.2619,0,0,0,109335
502.0,0.0423464,0.729754,0.000395148,0.729754,101325,103643,321.844,365.279,366.472,0,0,1057.02,913.637,8.51251,0,0,0.709499,0.518016,30.6283,0,0,0,109361
504.0,0.0435926,0.732667,0.000395131,0.732667,101325,103646,322.758,365.28,366.481,0,0,1057.02,922.683,8.51251,0,0,0.709394,0.518281,30.6591,0,0,0,109387
506.0,0.0448571,0.735569,0.000395114,0.735569,101325,103649,323.705,365.28,366.49,0,0,1057.02,931.729,8.51251,0,0,0.709294,0.518547,31.1823,0,0,0,109413
508.0,0.0461302,0.73846,0.000395097,0.73846,101325,103653,324.637,365.281,366.499,0,0,1057.02,940.775,8.51251,0,0,0.709199,0.518815,31.3831,0,0,0,109439
510.0,0.0474208,0.74134,0.000395078,0.74134,101325,103656,325.593,365.282,366.509,0,0,1057.02,949.821,8.51251,0,0,0.709108,0.519084,31.8395,0,0,0,109465
512.0,0.0487212,0.744208,0.000395059,0.744208,101325,103659,326.54,365.282,366.518,0,0,1057.02,958.867,8.51251,0,0,0.709021,0.519354,31.9469,0,0,0,109490
514.0,0.0500364,0.747065,0.00039504,0.747065,101325,103663,327.496,365.283,366.527,0,0,1057.02,967.913,8.51251,0,0,0.708937,0.519626,32.2448,0,0,0,109516
516.0,0.0513665,0.749911,0.00039502,0.749911,101325,103666,328.46,365.283,366.537,0,0,1057.02,976.959,8.51251,0,0,0.708857,0.519899,32.5432,0,0,0,109542
518.0,0.0527113,0.752746,0.000394999,0.752746,101325,103670,329.431,365.284,366.546,0,0,1057.02,986.005,8.51251,0,0,0.708781,0.520174,32.8366,0,0,0,109568
520.0,0.0540706,0.755569,0.000394978,0.755569,101325,103674,330.406,365.285,366.556,0,0,1057.02,995.051,8.51251,0,0,0.708707,0.52045,33.1243,0,0,0,109593
522.0,0.0554441,0.758382,0.000394956,0.758382,101325,103677,331.383,365.285,366.566,0,0,1057.02,1004.1,8.51251,0,0,0.708636,0.520727,33.4079,0,0,0,109619
524.0,0.056832,0.761183,0.000394933,0.761183,101325,103681,332.362,365.286,366.575,0,0,1057.02,1013.14,8.51251,0,0,0.708568,0.521006,33.7013,0,0,0,109644
526.0,0.0582363,0.763973,0.00039491,0.763973,101325,103684,333.349,365.287,366.585,0,0,1057.02,1022.19,8.51251,0,0,0.708502,0.521286,33.9245,0,0,0,109670
528.0,0.0596515,0.766752,0.000394887,0.766752,101325,103688,334.324,365.288,366.595,0,0,1057.02,1031.23,8.51251,0,0,0.708439,0.521568,34.2556,0,0,0,109695
530.0,0.0610823,0.76952,0.000394862,0.76952,101325,103692,335.303,365.288,366.604,0,0,1057.02,1040.28,8.51251,0,0,0.708379,0.521851,34.5623,0,0,0,109720
532.0,0.0625274,0.772276,0.000394837,0.772276,101325,103696,336.28,365.289,366.614,0,0,1057.02,1049.33,8.51251,0,0,0.70832,0.522135,34.8353,0,0,0,109746
534.0,0.0639875,0.775022,0.000394811,0.775022,101325,103699,337.257,365.29,366.624,0,0,1057.02,1058.37,8.51251,0,0,0.708264,0.52242,35.1292,0,0,0,109771
536.0,0.0654615,0.777756,0.000394785,0.777756,101325,103703,338.23,365.29,366.634,0,0,1057.02,1067.42,8.51251,0,0,0.708209,0.522707,35.41,0,0,0,109796
538.0,0.0669495,0.780479,0.000394758,0.780479,101325,103707,339.199,365.291,366.644,0,0,1057.02,1076.46,8.51251,0,0,0.708157,0.522996,35.6891,0,0,0,109821
540.0,0.0684528,0.783192,0.00039473,0.783192,101325,103711,340.167,365.292,366.654,0,0,1057.02,1085.51,8.51251,0,0,0.708106,0.523285,35.9866,0,0,0,109846
542.0,0.0699695,0.785892,0.000394702,0.785892,101325,103715,341.129,365.293,366.664,0,0,1057.02,1094.56,8.51251,0,0,0.708057,0.523576,36.2591,0,0,0,109871
544.0,0.0715004,0.788582,0.000394673,0.788582,101325,103719,342.087,365.293,366.675,0,0,1057.02,1103.6,8.51251,0,0,0.708009,0.523868,36.5414,0,0,0,109896
546.0,0.0730496,0.79126,0.000394643,0.79126,101325,103723,343.05,365.294,366.685,0,0,1057.02,1112.65,8.51251,0,0,0.707963,0.524162,36.9881,0,0,0,109921
548.0,0.0746123,0.793928,0.000394612,0.793928,101325,103727,344.006,365.295,366.695,0,0,1057.02,1121.69,8.51251,0,0,0.707918,0.524457,37.1516,0,0,0,109946
550.0,0.0761901,0.796583,0.000394581,0.796583,101325,103731,344.958,365.296,366.705,0,0,1057.02,1130.74,8.51251,0,0,0.707875,0.524753,37.5348,0,0,0,109970
552.0,0.0777812,0.799228,0.000394549,0.799228,101325,103735,345.901,365.296,366.716,0,0,1057.02,1139.79,8.51251,0,0,0.707834,0.525051,37.7191,0,0,0,109995
554.0,0.0793875,0.801861,0.000394516,0.801861,101325,103739,346.841,365.297,366.726,0,0,1057.02,1148.83,8.51251,0,0,0.707793,0.52535,38.0895,0,0,0,110020
556.0,0.0810066,0.804483,0.000394482,0.804483,101325,103743,347.772,365.298,366.737,0,0,1057.02,1157.88,8.51251,0,0,0.707754,0.52565,38.3566,0,0,0,110044
558.0,0.0826419,0.807094,0.000394448,0.807094,101325,103747,348.701,365.299,366.747,0,0.269152,1057.02,1166.92,8.51251,0,0.0353238,0.707716,0.525952,38.5999,0,0,0.0353238,110069
560.0,0.0842901,0.809677,0.000394413,0.809677,101325,103752,349.62,365.3,366.758,0,0.0198159,1057.02,1175.97,8.51251,0,0.00260234,0.707679,0.526255,38.8675,0,0,0.00260234,110093
562.0,0.0859556,0.812264,0.000394376,0.812264,101325,103756,350.539,365.3,366.769,0,0,1057.02,1185.01,8.51251,0,0,0.707643,0.526559,39.262,0,0,0,110118
564.0,0.087634,0.814841,0.000394339,0.814841,101325,103760,351.449,365.301,366.779,0,0.30296,1057.02,1194.06,8.51251,0,0.0398376,0.707608,0.526865,39.518,0,0,0.0398376,110142
566.0,0.0893287,0.817388,0.000394301,0.817388,101325,103765,352.355,365.302,366.79,0,0.0778628,1057.02,1203.11,8.51251,0,0.010245,0.707574,0.527172,39.7686,0,0,0.010245,110167
568.0,0.0910379,0.819938,0.000394263,0.819938,101325,103769,353.256,365.303,366.801,0,0,1057.02,1212.15,8.51251,0,0,0.707541,0.52748,40.1031,0,0,0,110191
570.0,0.0927599,0.822481,0.000394223,0.822481,101325,103773,354.146,365.304,366.812,0,0.377036,1057.02,1221.2,8.51251,0,0.0496721,0.707509,0.52779,40.3522,0,0,0.0496721,110215
572.0,0.0944977,0.824989,0.000394182,0.824989,101325,103778,355.032,365.305,366.823,0,0.175745,1057.02,1230.24,8.51251,0,0.0231676,0.707478,0.528101,40.7159,0,0,0.0231676,110239
574.0,0.0962508,0.827499,0.00039414,0.827499,101325,103782,355.913,365.305,366.834,0,0,1057.02,1239.29,8.51251,0,0,0.707448,0.528413,40.954,0,0,0,110263
576.0,0.0980174,0.830008,0.000394098,0.830008,101325,103787,356.785,365.306,366.845,0,0.489458,1057.02,1248.34,8.51251,0,0.0646028,0.707418,0.528726,41.2263,0,0,0.0646028,110287
578.0,0.0997993,0.832476,0.000394054,0.832476,101325,103791,357.652,365.307,366.856,0,0.311508,1057.02,1257.38,8.51251,0,0.0411404,0.707389,0.529041,41.5567,0,0,0.0411404,110311
580.0,0.101595,0.834943,0.00039401,0.834943,101325,103796,358.511,365.308,366.867,0,0.13498,1057.02,1266.43,8.51251,0,0.0178374,0.707362,0.529358,41.8349,0,0,0.0178374,110335
582.0,0.103405,0.83741,0.000393964,0.83741,101325,103801,359.364,365.309,366.878,0,0,1057.02,1275.47,8.51251,0,0,0.707334,0.529675,42.1226,0,0,0,110358
584.0,0.10491,0.839874,0.000393923,0.839874,101978,103805,359.708,365.311,366.89,0,0.471629,1057.02,1284.52,8.51251,0,0.0624003,0.706949,0.529994,42.2564,0,0,0.0624003,110382
586.0,0.106408,0.842298,0.000393979,0.842298,102690,103810,359.952,365.325,366.901,0,0.324136,1099.74,1293.57,8.51251,0,0.0429113,0.706618,0.530314,41.2815,0,0,0.0429113,110406
588.0,0.107947,0.84474,0.000394317,0.84474,103403,103819,360.182,365.374,366.914,0,0.178217,1131.9,1302.61,8.51251,0,0.0236079,0.706849,0.530631,25.7325,0,0,0.0236079,110434
590.0,0.109312,0.84722,0.000395063,0.84722,103444,103843,360.085,365.472,366.931,0,0.0457085,1165.52,1311.66,8.51251,0,0.00605882,0.707256,0.53094,25.4027,0,0,0.00605882,110477
592.0,0.110039,0.84975,0.000396117,0.84975,101325,103902,359.079,365.603,366.96,0,0,1139.95,1320.7,8.51251,0,0,0.707247,0.531241,20.08,0,0,0,110556
594.0,0.110213,0.852376,0.000396867,0.852376,101325,104020,357.394,365.693,367.008,0,0.44679,1057.02,1329.75,8.51251,0,0.0593226,0.707241,0.531523,7.62881,0,0,0.0593226,110694
596.0,0.110628,0.855076,0.000396804,0.855076,101325,104199,356.085,365.68,367.076,0,0.381632,1057.02,1338.8,8.51251,0,0.0507263,0.707233,0.531783,17.76,0,0,0.0507263,110893
598.0,0.112281,0.857818,0.000396034,0.857818,101325,104400,356.673,365.59,367.151,0,0.342055,1057.02,1347.84,8.51251,0,0.045518,0.707211,0.532037,47.1722,0,0,0.045518,111115
600.0,0.115547,0.860488,0.000394987,0.860488,101643,104560,359.594,365.484,367.212,0,0.321944,1057.02,1356.89,8.51251,0,0.0428857,0.70701,0.532305,82.683,0,0,0.0428857,111295
602.0,0.11709,0.862999,0.000394117,0.862999,102624,104627,359.996,365.409,367.244,0,0.297964,1057.02,1365.93,8.51251,0,0.0397215,0.704023,0.532604,97.3915,0,0,0.0397215,111382
604.0,0.118755,0.865308,0.000393821,0.865308,104081,104593,360.549,365.4,367.243,0,0.252175,1057.02,1374.98,8.51251,0,0.0336328,0.701187,0.532943,90.4846,0,0,0.0336328,111366
606.0,0.120614,0.867488,0.000394453,0.867488,105803,104499,361.137,365.497,367.223,0,0.17548,1168.04,1384.03,8.51251,0,0.0234104,0.700105,0.533307,58.0559,0,0,0.0234104,111289
608.0,0.12258,0.869683,0.000395981,0.869683,107410,104417,361.614,365.71,367.206,0,0.0815504,1294.65,1393.07,8.51251,0,0.0108829,0.70166,0.533668,0.875564,0,0,0.0108829,111225
610.0,0.124596,0.872044,0.000398156,0.872044,108645,104430,361.945,366.023,367.221,0,0,1414.01,1402.12,8.51251,0,0,0.704069,0.533996,0,0,0,0,111256
612.0,0.126633,0.874701,0.000405511,0.874701,109494,104609,362.151,366.39,367.289,0,0.481047,1502.86,1411.16,8.51251,0,0.0643015,0.70649,0.534265,0,0,0,0.0643015,111455
614.0,0.126689,0.8777,0.000401514,0.8777,102329,104997,359.723,366.768,367.424,0,0.511393,1559.09,1420.21,8.51251,0,0.0684708,0.707056,0.534462,0,0,0,0.0684708,111866
616.0,0.126317,0.88109,0.000396639,0.88109,101325,105599,357.536,367.006,367.627,0,0.621999,1057.02,1429.25,8.51251,0,0.0834682,0.707056,0.534584,0,0,0,0.0834682,112492
618.0,0.125947,0.884776,0.00038968,0.884776,101325,106355,355.336,366.922,367.878,0,0.824668,1057.02,1438.3,8.51251,0,0.110963,0.707056,0.534648,0,0,0,0.110963,113274
620.0,0.125579,0.888468,0.000381024,0.888468,101325,107112,353.123,366.566,368.128,0,1.10102,1057.02,1447.35,8.51251,0,0.148546,0.707056,0.534711,0,0,0,0.148546,114057
622.0,0.127685,0.891777,0.000373923,0.891777,101325,107654,354.291,366.142,368.309,0,1.39343,1057.02,1456.39,8.51251,0,0.188386,0.707032,0.534846,98.7112,0,0,0.188386,114624
624.0,0.133127,0.894361,0.000369118,0.894361,101847,107812,359.735,365.785,368.369,0,1.62242,1057.02,1465.44,8.51251,0,0.219557,0.704146,0.535117,173.248,0,0,0.219557,114802
626.0,0.134901,0.896177,0.000365727,0.896177,103449,107560,360.382,365.59,368.3,0,1.7169,1057.02,1474.48,8.51251,0,0.232297,0.699566,0.535531,141.623,0,0,0.232297,114565
628.0,0.136827,0.897448,0.000364536,0.897448,105613,107027,361.167,365.582,368.141,0,1.66492,1057.02,1483.53,8.51251,0,0.22504,0.696523,0.536045,116.707,0,0,0.22504,114043
630.0,0.139029,0.898534,0.000365184,0.898534,108165,106422,362.033,365.754,367.96,0,1.50907,1191.94,1492.58,8.51251,0,0.203727,0.694754,0.536593,96.7745,0,0,0.203727,113448
632.0,0.141446,0.899804,0.000366988,0.899804,110699,105944,362.793,366.088,367.818,0,1.32052,1395.85,1501.62,8.51251,0,0.178118,0.696181,0.537104,0,0,0,0.178118,112981
634.0,0.143999,0.901508,0.000369163,0.901508,112845,105729,363.392,366.539,367.76,0,1.1738,1602.65,1510.67,8.51251,0,0.158307,0.698756,0.537527,0,0,0,0.158307,112781
636.0,0.146654,0.903764,0.000365554,0.903764,114571,105850,363.852,367.069,367.81,0,1.12083,1779.06,1519.71,8.51251,0,0.151283,0.701413,0.537835,0,0,0,0.151283,112919
638.0,0.149361,0.906613,0.000362206,0.906613,115854,106331,364.17,367.646,367.974,0,1.18715,1921.6,1528.76,8.51251,0,0.160524,0.704102,0.538021,0,0,0,0.160524,113420
640.0,0.152075,0.910072,0.000358888,0.910072,116678,107166,364.349,368.221,368.249,0,1.38343,2027.23,1537.81,8.51251,0,0.187585,0.706781,0.538084,0,0,0,0.187585,114279
642.0,0.151398,0.914134,0.000355319,0.914134,105671,108322,360.824,368.736,368.624,0,1.71566,2094.02,1546.85,8.51251,0,0.233487,0.706829,0.538033,0,0,0,0.233487,115464
644.0,0.151011,0.918686,0.000350501,0.918686,101325,109725,358.925,368.979,369.072,0,2.18478,1099.23,1555.9,8.51251,0,0.298624,0.706829,0.537896,0,0,0,0.298624,116898
646.0,0.15064,0.923466,0.000343254,0.923466,101325,111216,357.088,368.694,369.543,0,2.77003,1057.02,1564.94,8.51251,0,0.380349,0.706829,0.537727,0,0,0,0.380349,118421
648.0,0.150271,0.927967,0.000334008,0.927967,101325,112512,355.243,367.958,369.949,0,3.42014,1057.02,1573.99,8.51251,0,0.471506,0.706829,0.537618,0,0,0,0.471506,119749
650.0,0.149902,0.931524,0.000324312,0.931524,101325,113265,353.389,367.09,370.187,0,4.03226,1057.02,1583.04,8.51251,0,0.557299,0.706829,0.537687,0,0,0,0.557299,120527
652.0,0.155469,0.933651,0.000312793,0.933651,101325,113223,358.187,366.369,370.184,0,4.47002,1057.02,1592.08,8.51251,0,0.618024,0.706775,0.538017,179.675,0,0,0.618024,120502
654.0,0.158338,0.934301,0.000304815,0.934301,102308,112389,359.91,365.884,369.941,0,4.63015,1057.02,1601.13,8.51251,0,0.639011,0.703301,0.538613,150.566,0,0,0.639011,119675
656.0,0.160181,0.933857,0.000300196,0.933857,103885,111027,360.521,365.668,369.534,0,4.49746,1057.02,1610.17,8.51251,0,0.618666,0.699723,0.539402,141.289,0,0,0.618666,118314
658.0,0.162194,0.931192,0.000298557,0.931192,105971,109519,361.274,365.683,369.08,0,4.14425,1057.02,1619.22,8.51251,0,0.567716,0.696855,0.540312,129.501,0,0,0.567716,116789
660.0,0.164402,0.928969,0.000299194,0.928969,108482,108196,362.134,365.89,368.68,0,3.33598,1100.95,1628.26,8.51251,0,0.455331,0.694743,0.541171,115.457,0,0,0.455331,115453
662.0,0.166957,0.928665,0.000301383,0.928665,111286,107251,363.044,366.258,368.394,0,2.6075,1301.76,1637.31,8.51251,0,0.355077,0.693615,0.541882,96.0612,0,0,0.355077,114509
664.0,0.169691,0.929207,0.000303532,0.929207,113898,106769,363.79,366.744,368.254,0,2.26131,1533.44,1646.36,8.51251,0,0.307616,0.695914,0.54244,0,0,0,0.307616,114032
666.0,0.172563,0.930638,0.000306342,0.930638,116136,106755,364.404,367.297,368.261,0,2.0867,1752.76,1655.4,8.51251,0,0.28394,0.698314,0.542839,0,0,0,0.28394,114029
668.0,0.175547,0.932966,0.000303219,0.932966,117976,107175,364.89,367.907,368.406,0,2.09558,1943.07,1664.45,8.51251,0,0.285576,0.700788,0.543084,0,0,0,0.285576,114466
670.0,0.178589,0.93616,0.000300233,0.93616,119395,107992,365.245,368.542,368.676,0,2.29319,2101.65,1673.49,8.51251,0,0.313326,0.703292,0.543186,0,0,0,0.313326,115305
672.0,0.181646,0.940191,0.000297218,0.940191,120377,109169,365.468,369.159,369.056,0,2.67677,2225.54,1682.54,8.51251,0,0.367069,0.705797,0.543158,0,0,0,0.367069,116509
674.0,0.182104,0.944977,0.000294006,0.944977,113535,110650,363.301,369.717,369.526,0,3.24385,2312.69,1691.59,8.51251,0,0.446839,0.70662,0.543018,0,0,0,0.446839,118024
676.0,0.181505,0.950343,0.000290097,0.950343,105793,112347,360.868,370.088,370.057,0,3.9811,1698.63,1700.63,8.51251,0,0.551193,0.70662,0.542798,0,0,0,0.551193,119757
678.0,0.181134,0.955985,0.000284485,0.955985,101325,114114,359.346,370.012,370.603,0,4.85587,1057.02,1709.68,8.51251,0,0.675859,0.70662,0.542548,0,0,0,0.675859,121563
680.0,0.180762,0.961403,0.000276764,0.961403,101325,115715,357.816,369.369,371.092,0,5.80836,1057.02,1718.72,8.51251,0,0.812323,0.70662,0.542347,0,0,0,0.812323,123200
682.0,0.180392,0.965897,0.000267758,0.965897,101325,116808,356.28,368.351,371.426,0,6.73767,1057.02,1727.77,8.51251,0,0.945524,0.70662,0.542305,0,0,0,0.945524,124325
684.0,0.180236,0.968786,0.000256833,0.968786,101325,117060,354.942,367.312,371.509,0,7.50019,1057.02,1736.82,8.51251,0,1.05377,0.706619,0.542529,8.51921,0,0,1.05377,124599
686.0,0.186626,0.96971,0.000244832,0.96971,101718,116325,359.66,366.479,371.302,0,7.95327,1057.02,1745.86,8.51251,0,1.11578,0.705412,0.543078,158.149,0,0,1.11578,123873
688.0,0.188414,0.968193,0.000235668,0.968193,102913,114764,360.145,365.959,370.848,0,8.01708,1057.02,1754.91,8.51251,0,1.12039,0.701931,0.54394,153.536,0,0,1.12039,122305
690.0,0.190414,0.964779,0.00023039,0.964779,104637,112779,360.793,365.757,370.261,0,7.58667,1057.02,1763.95,8.51251,0,1.05465,0.69872,0.544997,155.119,0,0,1.05465,120300
692.0,0.192613,0.961196,0.000228694,0.961196,106863,110816,361.586,365.823,369.674,0,6.76312,1057.02,1773,8.51251,0,0.935184,0.695887,0.546073,150.273,0,0,0.935184,118314
694.0,0.195031,0.958139,0.000229747,0.958139,109536,109204,362.494,366.1,369.188,0,5.89135,1087.82,1782.05,8.51251,0,0.811041,0.693729,0.547055,133.519,0,0,0.811041,116684
696.0,0.197823,0.95672,0.000232372,0.95672,112509,108119,363.449,366.536,368.862,0,5.11266,1304.78,1791.09,8.51251,0,0.701834,0.692595,0.547857,107.507,0,0,0.701834,115591
698.0,0.200848,0.956883,0.000234802,0.956883,115403,107603,364.291,367.081,368.713,0,4.65573,1553.49,1800.14,8.51251,0,0.63835,0.694227,0.54846,0,0,0,0.63835,115077
700.0,0.204041,0.95813,0.000234518,0.95813,117973,107627,365.003,367.676,368.734,0,4.5161,1800.31,1809.18,8.51251,0,0.619397,0.696453,0.548875,0,0,0,0.619397,115111
702.0,0.207365,0.960362,0.00023216,0.960362,120168,108125,365.589,368.321,368.903,0,4.59804,2023.07,1818.23,8.51251,0,0.631662,0.698754,0.549123,0,0,0,0.631662,115625
704.0,0.210777,0.963523,0.000229949,0.963523,121973,109038,366.053,368.997,369.202,0,4.88615,2216.79,1827.27,8.51251,0,0.673113,0.701101,0.549222,0,0,0,0.673113,116559
706.0,0.214244,0.967571,0.000227766,0.967571,123365,110323,366.393,369.669,369.613,0,5.37251,2379.23,1836.32,8.51251,0,0.742949,0.703471,0.549184,0,0,0,0.742949,117872
708.0,0.217709,0.972427,0.000225492,0.972427,124333,111928,366.608,370.3,370.119,0,6.05258,2507.78,1845.37,8.51251,0,0.840943,0.705828,0.549027,0,0,0,0.840943,119510
710.0,0.217921,0.977929,0.000223014,0.977929,116996,113775,364.351,370.856,370.691,0,6.91366,2600.64,1854.41,8.51251,0,0.965742,0.706438,0.548782,0,0,0,0.965742,121393
712.0,0.217232,0.983842,0.000219911,0.983842,109395,115757,362.021,371.209,371.296,0,7.92585,1949.05,1863.46,8.51251,0,1.11347,0.706438,0.548483,0,0,0,1.11347,123415
714.0,0.216788,0.989829,0.000215377,0.989829,104666,117727,360.506,371.11,371.889,0,9.04399,1260.85,1872.5,8.51251,0,1.27775,0.706438,0.548179,0,0,0,1.27775,125426
716.0,0.216417,0.995358,0.000209108,0.995358,101325,119451,359.232,370.45,372.402,0,10.2008,1057.02,1881.55,8.51251,0,1.44836,0.706438,0.54795,0,0,0,1.44836,127187
718.0,0.216045,0.999728,0.000201606,0.999728,101325,120596,357.952,369.366,372.743,0,11.2882,1057.02,1890.6,8.51251,0,1.60823,0.706438,0.547901,0,0,0,1.60823,128362
720.0,0.215675,1.00223,0.000193685,1.00223,101325,120823,356.667,368.149,372.818,0,12.1614,1057.02,1899.64,8.51251,0,1.73436,0.706438,0.548141,0,0,0,1.73436,128608
722.0,0.220829,1.00248,0.000177427,1.00248,101711,119963,359.659,367.094,372.58,0,12.6706,1057.02,1908.69,8.51251,0,1.80364,0.705337,0.548734,149.531,0,0,1.80364,127752
724.0,0.222682,0.999751,0.000164663,0.999751,102845,118144,360.115,366.345,372.063,0,12.7318,1057.02,1917.73,8.51251,0,1.80403,0.70223,0.549691,163.175,0,0,1.80403,125918
726.0,0.224772,0.994917,0.000155853,0.994917,104483,115769,360.734,365.969,371.375,0,12.1841,1057.02,1926.78,8.51251,0,1.71553,0.699079,0.550888,175.559,0,0,1.71553,123513
728.0,0.227108,0.989839,0.00015164,0.989839,106639,113329,361.509,365.946,370.657,0,11.1971,1057.02,1935.83,8.51251,0,1.56622,0.696082,0.552139,177.94,0,0,1.56622,121041
730.0,0.229665,0.985309,0.000151499,0.985309,109276,111233,362.414,366.191,370.032,0,10.141,1057.02,1944.87,8.51251,0,1.41037,0.693623,0.553305,162.375,0,0,1.41037,118916
732.0,0.232603,0.98182,0.000153807,0.98182,112281,109721,363.392,366.622,369.58,0,9.17637,1231.46,1953.92,8.51251,0,1.27081,0.692102,0.5543,133.943,0,0,1.27081,117381
734.0,0.235919,0.980299,0.000157001,0.980299,115476,108869,364.375,367.179,369.329,0,8.40588,1482.61,1962.96,8.51251,0,1.16142,0.691818,0.555063,81.7938,0,0,1.16142,116520
736.0,0.239441,0.980723,0.000158825,0.980723,118471,108649,365.218,367.797,369.275,0,8.02291,1756.08,1972.01,8.51251,0,1.10802,0.693879,0.555596,0,0,0,1.10802,116304
738.0,0.243126,0.982257,0.000157167,0.982257,121148,108977,365.944,368.446,369.391,0,8.03092,2017.19,1981.06,8.51251,0,1.11029,0.696023,0.555941,0,0,0,1.11029,116642
740.0,0.246943,0.98479,0.000155675,0.98479,123462,109766,366.555,369.136,369.651,0,8.26678,2255.01,1990.1,8.51251,0,1.14555,0.698225,0.55612,0,0,0,1.14555,117448
742.0,0.250856,0.988255,0.000154292,0.988255,125397,110956,367.049,369.848,370.033,0,8.7126,2464.93,1999.15,8.51251,0,1.21147,0.700467,0.556152,0,0,0,1.21147,118662
744.0,0.254808,0.992589,0.000152931,0.992589,126931,112503,367.423,370.549,370.52,0,9.35877,2644.85,2008.19,8.51251,0,1.30705,0.702719,0.556054,0,0,0,1.30705,120237
746.0,0.258764,0.997692,0.000151505,0.997692,128054,114347,367.678,371.206,371.09,0,10.1961,2792.25,2017.24,8.51251,0,1.4314,0.704964,0.555845,0,0,0,1.4314,122115
748.0,0.260638,1.00337,0.000149942,1.00337,124610,116405,366.572,371.794,371.717,0,11.2077,2905.32,2026.29,8.51251,0,1.58249,0.706269,0.555558,0,0,0,1.58249,124210
750.0,0.259711,1.0094,0.000148059,1.0094,115709,118576,363.969,372.244,372.367,0,12.3572,2610.04,2035.33,8.51251,0,1.75534,0.706269,0.555222,0,0,0,1.75534,126421
752.0,0.259068,1.01544,0.000145261,1.01544,109778,120737,362.146,372.333,373.005,0,13.6,1818.46,2044.38,8.51251,0,1.94341,0.706269,0.554882,0,0,0,1.94341,128622
754.0,0.258618,1.02107,0.000141073,1.02107,105739,122699,360.859,371.877,373.577,0,14.8713,1278.04,2053.42,8.51251,0,2.13655,0.706269,0.554601,0,0,0,2.13655,130622
756.0,0.258247,1.02563,0.000135663,1.02563,102478,124168,359.791,370.923,374.003,0,16.0804,1057.02,2062.47,8.51251,0,2.31961,0.706269,0.554471,0,0,0,2.31961,132122
758.0,0.257875,1.02841,0.000129624,1.02841,101325,124795,358.72,369.683,374.189,0,17.0965,1057.02,2071.51,8.51251,0,2.47081,0.706269,0.554602,0,0,0,2.47081,132768
760.0,0.257504,1.02886,0.000123608,1.02886,101325,124320,357.645,368.4,374.066,0,17.7658,1057.02,2080.56,8.51251,0,2.5651,0.706269,0.555083,0,0,0,2.5651,132298
762.0,0.261862,1.02621,0.000106205,1.02621,101659,122726,359.629,367.29,373.628,0,17.9702,1057.02,2089.61,8.51251,0,2.58427,0.705865,0.555961,220.243,0,0,2.58427,130688
764.0,0.263888,1.02086,8.5771E-05,1.02086,102881,120282,360.155,366.504,372.941,0,17.5454,1057.02,2098.65,8.51251,0,2.50711,0.70113,0.557174,254.908,0,0,2.50711,128210
766.0,0.266256,1.01453,7.45582E-05,1.01453,104738,117453,360.858,366.153,372.131,0,16.5599,1057.02,2107.7,8.51251,0,2.34854,0.697477,0.558548,217.67,0,0,2.34854,125341
768.0,0.268904,1.0082,6.93499E-05,1.0082,107119,114731,361.701,366.173,371.338,0,15.3519,1057.02,2116.74,8.51251,0,2.16121,0.694605,0.55993,199.681,0,0,2.16121,122579
770.0,0.271807,1.0027,6.87361E-05,1.0027,109958,112490,362.66,366.471,370.677,0,14.1196,1057.02,2125.79,8.51251,0,1.97543,0.69242,0.561188,175.632,0,0,1.97543,120301
772.0,0.27513,0.998468,7.07809E-05,0.998468,113123,110917,363.675,366.948,370.212,0,13.0288,1276.22,2134.84,8.51251,0,1.81466,0.691162,0.562242,141.814,0,0,1.81466,118700
774.0,0.278875,0.996346,7.378E-05,0.996346,116469,110051,364.699,367.527,369.961,0,12.1771,1542.87,2143.88,8.51251,0,1.69187,0.690854,0.563055,105.271,0,0,1.69187,117821
776.0,0.282821,0.996166,7.53927E-05,0.996166,119647,109837,365.593,368.163,369.91,0,11.7382,1831.39,2152.93,8.51251,0,1.62997,0.692792,0.563635,0,0,0,1.62997,117606
778.0,0.286942,0.99718,7.44954E-05,0.99718,122522,110181,366.374,368.811,370.033,0,11.687,2110.67,2161.97,8.51251,0,1.6244,0.694805,0.564021,0,0,0,1.6244,117956
780.0,0.291205,0.999238,7.37465E-05,0.999238,125065,110984,367.048,369.501,370.296,0,11.8787,2368.41,2171.02,8.51251,0,1.65471,0.696869,0.564243,0,0,0,1.65471,118773
782.0,0.295577,1.00225,7.31153E-05,1.00225,127261,112182,367.613,370.217,370.679,0,12.2873,2601.27,2180.07,8.51251,0,1.71727,0.698971,0.564321,0,0,0,1.71727,119989
784.0,0.300007,1.00617,7.25588E-05,1.00617,129091,113731,368.067,370.939,371.164,0,12.8992,2807.53,2189.11,8.51251,0,1.81046,0.701089,0.564266,0,0,0,1.81046,121564
786.0,0.304463,1.01091,7.2006E-05,1.01091,130533,115586,368.408,371.631,371.734,0,13.7082,2984.76,2198.16,8.51251,0,1.93381,0.70321,0.564097,0,0,0,1.93381,123450
788.0,0.308893,1.0163,7.14028E-05,1.0163,131576,117677,368.639,372.267,372.367,0,14.6994,3130.29,2207.2,8.51251,0,2.08547,0.705312,0.563835,0,0,0,2.08547,125576
790.0,0.309805,1.02209,7.07047E-05,1.02209,126086,119917,366.994,372.824,373.033,0,15.843,3242.61,2216.25,8.51251,0,2.26136,0.706089,0.563517,0,0,0,2.26136,127853
792.0,0.30882,1.02802,6.97371E-05,1.02802,118049,122204,364.673,373.215,373.702,0,17.0886,2769.71,2225.3,8.51251,0,2.45408,0.706089,0.563174,0,0,0,2.45408,130179
794.0,0.308092,1.03376,6.80597E-05,1.03376,112312,124413,362.938,373.213,374.34,0,18.3868,2058.32,2234.34,8.51251,0,2.65606,0.706089,0.562849,0,0,0,2.65606,132426
796.0,0.307549,1.03885,6.53991E-05,1.03885,108151,126349,361.636,372.673,374.892,0,19.67,1539.5,2243.39,8.51251,0,2.856,0.706089,0.562607,0,0,0,2.856,134395
798.0,0.307143,1.04266,6.19252E-05,1.04266,105109,127710,360.659,371.673,375.28,0,20.8443,1152.09,2252.43,8.51251,0,3.03745,0.706089,0.56254,0,0,0,3.03745,135781
800.0,0.306772,1.04452,5.80669E-05,1.04452,102370,128160,359.76,370.424,375.415,0,21.7775,1057.02,2261.48,8.51251,0,3.17754,0.706089,0.562749,0,0,0,3.17754,136245
802.0,0.3064,1.04396,5.42295E-05,1.04396,101325,127479,358.858,369.137,375.239,0,22.3266,1057.02,2270.52,8.51251,0,3.25252,0.706089,0.563317,0,0,0,3.25252,135561
804.0,0.309504,1.0401,2.90347E-05,1.0401,102220,125691,359.88,367.972,374.757,0,22.3913,1057.02,2279.57,8.51251,0,3.24697,0.70332,0.564291,229.703,0,0,3.24697,133749
806.0,0.311786,1.03358,8.8946E-06,1.03358,103665,123087,360.445,367.083,374.04,0,21.78,1057.02,2288.62,8.51251,0,3.13657,0.699875,0.565601,232.587,0,0,3.13657,131102
808.0,0.314386,1.0263,0,1.0263,105614,120109,361.157,366.864,373.203,0,20.6106,1057.02,2297.66,8.51251,0,2.94475,0.696926,0.567056,222.478,0,0,2.94475,128076
810.0,0.317287,1.01909,0,1.01909,108031,117214,361.999,366.751,372.374,0,19.2601,1057.02,2306.71,8.51251,0,2.73028,0.694371,0.568524,213.775,0,0,2.73028,125134
812.0,0.32053,1.01269,0,1.01269,110870,114766,362.946,366.876,371.664,0,17.8946,1120.44,2315.75,8.51251,0,2.51956,0.692393,0.569883,191.182,0,0,2.51956,122644
814.0,0.324251,1.00754,1.56717E-06,1.00754,114017,112979,363.948,367.326,371.143,0,16.664,1354.44,2324.8,8.51251,0,2.33433,0.691222,0.57105,157.571,0,0,2.33433,120822
816.0,0.32839,1.00386,4.5002E-06,1.00386,117346,111921,364.961,367.921,370.839,0,15.6655,1621.1,2333.85,8.51251,0,2.18743,0.690868,0.571987,120.186,0,0,2.18743,119739
818.0,0.332818,1.00302,6.75541E-06,1.00302,120641,111560,365.9,368.572,370.746,0,14.9448,1909.62,2342.89,8.51251,0,2.08464,0.692045,0.572664,0,0,0,2.08464,119373
820.0,0.337399,1.00347,7.99132E-06,1.00347,123646,111804,366.72,369.218,370.838,0,14.7897,2200.98,2351.94,8.51251,0,2.06422,0.69393,0.573134,0,0,0,2.06422,119619
822.0,0.342125,1.00502,9.34579E-06,1.00502,126359,112539,367.44,369.89,371.08,0,14.8938,2472.14,2360.98,8.51251,0,2.08274,0.69586,0.573429,0,0,0,2.08274,120364
824.0,0.346955,1.00752,1.07724E-05,1.00752,128749,113680,368.056,370.592,371.443,0,15.2228,2722.3,2370.03,8.51251,0,2.1352,0.697821,0.573577,0,0,0,2.1352,121520
826.0,0.351879,1.01091,1.22321E-05,1.01091,130801,115170,368.571,371.308,371.908,0,15.754,2948.25,2379.08,8.51251,0,2.21849,0.699807,0.573596,0,0,0,2.21849,123032
828.0,0.35682,1.01512,1.36734E-05,1.01512,132494,116968,368.98,372.008,372.458,0,16.4757,3147.97,2388.12,8.51251,0,2.33127,0.701792,0.573498,0,0,0,2.33127,124856
830.0,0.361759,1.02001,1.50364E-05,1.02001,133813,119016,369.284,372.664,373.074,0,17.3773,3319.12,2397.17,8.51251,0,2.4722,0.703768,0.573301,0,0,0,2.4722,126935
832.0,0.366637,1.02536,1.62931E-05,1.02536,134754,121239,369.486,373.26,373.731,0,18.4352,3459.7,2406.21,8.51251,0,2.63818,0.705714,0.573035,0,0,0,2.63818,129193
834.0,0.365904,1.03095,1.73813E-05,1.03095,126813,123549,367.204,373.769,374.403,0,19.608,3568.56,2415.26,8.51251,0,2.82308,0.705886,0.572726,0,0,0,2.82308,131539
836.0,0.364878,1.03648,1.80651E-05,1.03648,119685,125849,365.16,374.067,375.062,0,20.8499,2881.07,2424.31,8.51251,0,3.01992,0.705886,0.572415,0,0,0,3.01992,133874
838.0,0.36408,1.04162,1.79028E-05,1.04162,114310,128010,363.555,373.933,375.673,0,22.1013,2252.64,2433.35,8.51251,0,3.21902,0.705886,0.572143,0,0,0,3.21902,136068
840.0,0.363455,1.04592,1.67321E-05,1.04592,110208,129817,362.29,373.282,376.179,0,23.2956,1769.15,2442.4,8.51251,0,3.40865,0.705886,0.571974,0,0,0,3.40865,137903
842.0,0.362965,1.04874,1.47827E-05,1.04874,107057,130960,361.292,372.229,376.501,0,24.3395,1390.59,2451.44,8.51251,0,3.57176,0.705886,0.572003,0,0,0,3.57176,139065
844.0,0.362581,1.04945,1.24649E-05,1.04945,104631,131128,360.508,370.981,376.559,0,25.1,1090.24,2460.49,8.51251,0,3.68503,0.705886,0.572339,0,0,0,3.68503,139237
846.0,0.36221,1.04778,8.65182E-06,1.04778,102316,130161,359.747,369.734,376.31,0,25.4392,1057.02,2469.53,8.51251,0,3.72595,0.705886,0.573032,0,0,0,3.72595,138260
848.0,0.364508,1.0421,0,1.0421,103335,128151,360.275,369.162,375.778,0,25.2966,1057.02,2478.58,8.51251,0,3.68514,0.70231,0.574154,287.99,0,0,3.68514,136212
850.0,0.366961,1.03496,0,1.03496,104925,125418,360.881,368.251,375.037,0,24.3281,1057.02,2487.63,8.51251,0,3.51842,0.698947,0.575531,259.563,0,0,3.51842,133432
852.0,0.369808,1.02715,0,1.02715,106983,122388,361.613,367.646,374.2,0,23.0409,1057.02,2496.67,8.51251,0,3.30531,0.696364,0.577043,232.21,0,0,3.30531,130351
854.0,0.373021,1.0195,0,1.0195,109459,119491,362.457,367.42,373.385,0,21.5878,1060.76,2505.72,8.51251,0,3.07258,0.694201,0.578558,220.003,0,0,3.07258,127403
856.0,0.376724,1.01269,0,1.01269,112290,117050,363.382,367.527,372.689,0,20.1359,1260.27,2514.76,8.51251,0,2.84648,0.692597,0.579959,196.273,0,0,2.84648,124917
858.0,0.380915,1.00712,9.91159E-07,1.00712,115380,115252,364.35,367.931,372.176,0,18.8242,1496.07,2523.81,8.51251,0,2.64726,0.691674,0.581178,163.32,0,0,2.64726,123082
860.0,0.385498,1.00297,3.66026E-06,1.00297,118623,114163,365.327,368.501,371.869,0,17.7383,1760.13,2532.86,8.51251,0,2.48618,0.691416,0.58218,127.432,0,0,2.48618,121963
862.0,0.390386,1.00119,6.2901E-06,1.00119,121843,113751,366.24,369.125,371.765,0,16.9206,2043.39,2541.9,8.51251,0,2.36835,0.692391,0.582941,0,0,0,2.36835,121538
864.0,0.3954,1.0011,7.79471E-06,1.0011,124803,113935,367.045,369.748,371.84,0,16.5697,2330.2,2550.95,8.51251,0,2.32,0.694143,0.583487,0,0,0,2.32,121721
866.0,0.400549,1.00214,9.29042E-06,1.00214,127493,114606,367.756,370.379,372.061,0,16.5564,2599.46,2559.99,8.51251,0,2.32197,0.69593,0.583866,0,0,0,2.32197,122398
868.0,0.405791,1.00417,1.08423E-05,1.00417,129887,115666,368.373,371.038,372.397,0,16.7737,2849.55,2569.04,8.51251,0,2.35885,0.697739,0.5841,0,0,0,2.35885,123470
870.0,0.411076,1.00704,1.24247E-05,1.00704,131966,117055,368.895,371.715,372.828,0,17.1957,3077.89,2578.09,8.51251,0,2.42693,0.699553,0.584217,0,0,0,2.42693,124876
872.0,0.416405,1.01072,1.39806E-05,1.01072,133720,118730,369.322,372.384,373.338,0,17.7987,3282.11,2587.13,8.51251,0,2.52303,0.701374,0.584218,0,0,0,2.52303,126575
874.0,0.421703,1.01507,1.54633E-05,1.01507,135131,120648,369.653,373.025,373.912,0,18.5777,3460.72,2596.18,8.51251,0,2.64673,0.703179,0.584124,0,0,0,2.64673,128520
876.0,0.426952,1.0199,1.68142E-05,1.0199,136194,122749,369.889,373.614,374.529,0,19.5068,3611.66,2605.22,8.51251,0,2.79439,0.704965,0.583953,0,0,0,2.79439,130652
878.0,0.428471,1.025,1.79951E-05,1.025,132201,124957,368.692,374.133,375.168,0,20.5525,3733.86,2614.27,8.51251,0,2.96111,0.705738,0.583729,0,0,0,2.96111,132892
880.0,0.427256,1.03011,1.88639E-05,1.03011,124783,127186,366.635,374.52,375.804,0,21.6738,3403.6,2623.32,8.51251,0,3.14059,0.705738,0.583488,0,0,0,3.14059,135154
882.0,0.426275,1.03494,1.89692E-05,1.03494,118987,129334,364.959,374.582,376.408,0,22.8155,2758.63,2632.36,8.51251,0,3.32411,0.705738,0.583265,0,0,0,3.32411,137332
884.0,0.425479,1.03917,1.79706E-05,1.03917,114408,131236,363.589,374.167,376.938,0,23.9228,2246.35,2641.41,8.51251,0,3.50213,0.705738,0.583107,0,0,0,3.50213,139261
886.0,0.424831,1.04225,1.59722E-05,1.04225,110764,132632,362.467,373.31,377.326,0,24.9251,1833.15,2650.45,8.51251,0,3.66155,0.705738,0.583103,0,0,0,3.66155,140677
888.0,0.424304,1.04357,1.33798E-05,1.04357,107851,133213,361.549,372.174,377.495,0,25.7091,1495.88,2659.5,8.51251,0,3.7821,0.705738,0.58335,0,0,0,3.7821,141266
890.0,0.426822,1.04269,0,1.04269,108733,132756,361.98,371.331,377.387,0,26.1476,1217.88,2668.55,8.51251,0,3.84214,0.703797,0.583926,197.509,0,0,3.84214,140804
892.0,0.429361,1.03813,0,1.03813,109936,131253,362.407,370.476,377.001,0,26.1443,1275.72,2677.59,8.51251,0,3.826,0.701944,0.584913,192.579,0,0,3.826,139270
894.0,0.432298,1.0317,0,1.0317,111442,128939,362.921,369.595,376.391,0,25.3834,1363.97,2686.64,8.51251,0,3.69175,0.700224,0.586189,201.204,0,0,3.69175,136913
896.0,0.43568,1.02431,0,1.02431,113261,126215,363.526,369.09,375.659,0,24.224,1481.56,2695.68,8.51251,0,3.49747,0.698503,0.587635,214.816,0,0,3.49747,134140
898.0,0.439518,1.01692,0,1.01692,115385,123542,364.213,368.97,374.929,0,22.8442,1629.88,2704.73,8.51251,0,3.27431,0.696952,0.589103,211.624,0,0,3.27431,131418
900.0,0.443813,1.01028,6.32184E-08,1.01028,117774,121302,364.961,369.156,374.312,0,21.4337,1808.86,2713.77,8.51251,0,3.05293,0.695812,0.59047,190.151,0,0,3.05293,129132
902.0,0.448484,1.00489,1.98914E-06,1.00489,120350,119715,365.736,369.613,373.876,0,20.148,2015.38,2722.82,8.51251,0,2.8565,0.695196,0.591653,157.821,0,0,2.8565,127509
904.0,0.453498,1.0009,4.73358E-06,1.0009,123001,118842,366.503,370.137,373.644,0,19.0878,2242.86,2731.87,8.51251,0,2.69858,0.695132,0.592619,122.448,0,0,2.69858,126607
906.0,0.458719,0.999643,6.78731E-06,0.999643,125578,118627,367.212,370.677,373.602,0,18.2936,2481.7,2740.91,8.51251,0,2.58422,0.696136,0.593345,0,0,0,2.58422,126382
908.0,0.464003,0.999527,8.21196E-06,0.999527,127902,118952,367.823,371.194,373.718,0,18.0418,2718.52,2749.96,8.51251,0,2.55023,0.697722,0.593894,0,0,0,2.55023,126705
910.0,0.46932,1.00035,9.64052E-06,1.00035,129963,119684,368.354,371.7,373.952,0,18.0169,2937.14,2759,8.51251,0,2.55105,0.69931,0.594301,0,0,0,2.55105,127441
912.0,0.47467,1.00195,1.10821E-05,1.00195,131747,120713,368.8,372.215,374.271,0,18.1832,3136.28,2768.05,8.51251,0,2.58109,0.700904,0.594599,0,0,0,2.58109,128479
914.0,0.479997,1.00423,1.25399E-05,1.00423,133237,121970,369.163,372.739,374.651,0,18.5118,3314.05,2777.1,8.51251,0,2.63603,0.702487,0.594809,0,0,0,2.63603,129750
916.0,0.485281,1.00709,1.39553E-05,1.00709,134430,123411,369.442,373.25,375.081,0,18.9843,3468.69,2786.14,8.51251,0,2.71319,0.704055,0.594944,0,0,0,2.71319,131208
918.0,0.49048,1.01043,1.52751E-05,1.01043,135322,125000,369.638,373.728,375.548,0,19.5837,3599.19,2795.19,8.51251,0,2.8102,0.705598,0.595011,0,0,0,2.8102,132818
920.0,0.489181,1.0141,1.64296E-05,1.0141,128542,126691,367.693,374.15,376.037,0,20.2945,3704.73,2804.23,8.51251,0,2.92477,0.705605,0.595027,0,0,0,2.92477,134532
922.0,0.488068,1.0179,1.71104E-05,1.0179,122683,128422,366.038,374.4,376.532,0,21.0852,3122.59,2813.28,8.51251,0,3.05211,0.705605,0.595012,0,0,0,3.05211,136288
924.0,0.48714,1.02154,1.68171E-05,1.02154,117928,130093,364.649,374.291,377.005,0,21.9167,2611.19,2822.33,8.51251,0,3.18585,0.705605,0.595007,0,0,0,3.18585,137981
926.0,0.486365,1.02463,1.44546E-05,1.02463,114042,131520,363.481,373.776,377.407,0,22.7312,2188.66,2831.37,8.51251,0,3.31604,0.705605,0.595067,0,0,0,3.31604,139427
928.0,0.489673,1.02661,5.44824E-06,1.02661,114830,132437,363.845,372.907,377.67,0,23.4469,1835.91,2840.42,8.51251,0,3.42819,0.704719,0.595281,166.898,0,0,3.42819,140358
930.0,0.492917,1.02699,0,1.02699,115819,132585,364.173,372.367,377.726,0,23.9507,1896.24,2849.46,8.51251,0,3.50302,0.70358,0.595733,174.239,0,0,3.50302,140507
932.0,0.496474,1.02515,0,1.02515,117016,131853,364.562,371.568,377.547,0,24.134,1975.91,2858.51,8.51251,0,3.52296,0.702429,0.596484,182.982,0,0,3.52296,139764
934.0,0.500363,1.02033,0,1.02033,118409,130383,365.002,370.983,377.17,0,23.8665,2076.17,2867.56,8.51251,0,3.46964,0.701439,0.59755,177.156,0,0,3.46964,138260
936.0,0.504557,1.01458,0,1.01458,119977,128511,365.487,370.718,376.681,0,22.9842,2195.99,2876.6,8.51251,0,3.32413,0.700552,0.598771,179.125,0,0,3.32413,136350
938.0,0.509101,1.00874,0,1.00874,121709,126643,366.011,370.738,376.187,0,21.8937,2334.14,2885.65,8.51251,0,3.1499,0.699793,0.600021,175.797,0,0,3.1499,134441
940.0,0.513963,1.00348,7.5917E-07,1.00348,123570,125117,366.56,371.002,375.784,0,20.7601,2489.7,2894.69,8.51251,0,2.97363,0.699286,0.60119,159.442,0,0,2.97363,132879
942.0,0.519065,0.999187,2.72282E-06,0.999187,125504,124125,367.115,371.39,375.528,0,19.7214,2659.88,2903.74,8.51251,0,2.81612,0.699112,0.602213,134.272,0,0,2.81612,131856
944.0,0.524401,0.996693,4.91359E-06,0.996693,127444,123702,367.654,371.807,375.432,0,18.8601,2839.99,2912.78,8.51251,0,2.68908,0.699337,0.603048,100.285,0,0,2.68908,131415
946.0,0.529761,0.995895,6.42031E-06,0.995895,129188,123784,368.102,372.218,375.477,0,18.3483,3023.95,2921.83,8.51251,0,2.61595,0.700763,0.603707,0,0,0,2.61595,131490
948.0,0.535073,0.995927,7.75692E-06,0.995927,130678,124258,368.475,372.593,375.634,0,18.1724,3193.72,2930.88,8.51251,0,2.59336,0.702174,0.604241,0,0,0,2.59336,131963
950.0,0.540358,0.996644,9.80231E-06,0.996644,131908,125004,368.774,372.957,375.866,0,18.1626,3343.79,2939.92,8.51251,0,2.59634,0.703576,0.604677,0,0,0,2.59634,132713
952.0,0.545567,0.997906,1.23522E-05,0.997906,132876,125930,369.001,373.317,376.147,0,18.2927,3473.18,2948.97,8.51251,0,2.62066,0.704958,0.605044,0,0,0,2.62066,133645
954.0,0.546698,0.999626,1.48568E-05,0.999626,129671,126975,368.008,373.665,376.458,0,18.5369,3581.09,2958.01,8.51251,0,2.66236,0.705471,0.605356,0,0,0,2.66236,134700
956.0,0.545515,1.0017,1.71381E-05,1.0017,124062,128100,366.436,373.941,376.789,0,18.8794,3315.77,2967.06,8.51251,0,2.71906,0.705471,0.605626,0,0,0,2.71906,135837
958.0,0.544509,1.004,1.76823E-05,1.004,119412,129255,365.09,373.98,377.126,0,19.3019,2828.87,2976.11,8.51251,0,2.78788,0.705471,0.60587,0,0,0,2.78788,137007
960.0,0.54784,1.00624,1.48134E-05,1.00624,119397,130334,365.191,373.655,377.439,0,19.7774,2418.25,2985.15,8.51251,0,2.86422,0.705401,0.606123,114.78,0,0,2.86422,138100
962.0,0.551704,1.00799,7.67002E-06,1.00799,120252,131141,365.466,373.043,377.677,0,20.251,2415.89,2994.2,8.51251,0,2.93867,0.704458,0.60645,183.07,0,0,2.93867,138917
964.0,0.555843,1.00875,0,1.00875,121284,131452,365.791,372.528,377.78,0,20.6328,2491.64,3003.24,8.51251,0,2.99631,0.703512,0.606926,185.672,0,0,2.99631,139234
966.0,0.560235,1.00827,0,1.00827,122458,131154,366.148,372.249,377.718,0,20.8206,2584.85,3012.29,8.51251,0,3.02122,0.702851,0.607594,162.806,0,0,3.02122,138932
968.0,0.564877,1.00545,0,1.00545,123726,130337,366.522,371.984,377.518,0,20.7573,2692.58,3021.34,8.51251,0,3.00494,0.702447,0.608487,147.784,0,0,3.00494,138096
970.0,0.569731,1.00141,0,1.00141,125061,129270,366.91,371.94,377.251,0,20.215,2810.81,3030.38,8.51251,0,2.91723,0.702165,0.609506,144.162,0,0,2.91723,137000
972.0,0.574803,0.997348,3.48404E-07,0.997348,126448,128254,367.306,372.093,376.996,0,19.4118,2937.33,3039.43,8.51251,0,2.79274,0.701979,0.610532,139.521,0,0,2.79274,135955
974.0,0.580061,0.993744,1.7301E-06,0.993744,127861,127519,367.703,372.374,376.817,0,18.5896,3070.82,3048.47,8.51251,0,2.66808,0.70195,0.61149,126.807,0,0,2.66808,135195
976.0,0.585496,0.991557,3.29036E-06,0.991557,129262,127174,368.087,372.692,376.746,0,17.8439,3209.15,3057.52,8.51251,0,2.55783,0.702135,0.612316,108.775,0,0,2.55783,134833
978.0,0.590969,0.990709,4.7494E-06,0.990709,130533,127218,368.41,373.014,376.781,0,17.3729,3348.88,3066.57,8.51251,0,2.48992,0.703145,0.613007,0,0,0,2.48992,134871
980.0,0.596332,0.99051,5.91184E-06,0.99051,131560,127588,368.657,373.31,376.907,0,17.1662,3479.39,3075.61,8.51251,0,2.46197,0.704442,0.613596,0,0,0,2.46197,135237
982.0,0.599634,0.990824,7.3177E-06,0.990824,130809,128187,368.323,373.577,377.096,0,17.0887,3590.26,3084.66,8.51251,0,2.45397,0.705335,0.614111,0,0,0,2.45397,135837
984.0,0.598369,0.991549,8.88859E-06,0.991549,125305,128928,366.793,373.807,377.322,0,17.1149,3543.11,3093.7,8.51251,0,2.46182,0.705335,0.614571,0,0,0,2.46182,136581
986.0,0.598302,0.992583,9.6688E-06,0.992583,121634,129735,365.742,373.885,377.565,0,17.2262,3067.62,3102.75,8.51251,0,2.48244,0.705332,0.614998,35.3945,0,0,2.48244,137394
988.0,0.602393,0.993768,8.12267E-06,0.993768,121919,130523,365.927,373.681,377.801,0,17.4035,2747.18,3111.79,8.51251,0,2.51261,0.70531,0.615418,118.33,0,0,2.51261,138188
990.0,0.606741,0.994816,3.57909E-06,0.994816,122742,131149,366.183,373.24,377.992,0,17.6156,2775.63,3120.84,8.51251,0,2.54698,0.704666,0.615874,172.607,0.815147,0,2.54698,138820
992.0,0.611265,0.995345,0,0.995345,123690,131439,366.471,372.962,378.092,0,17.8046,2852.98,3129.89,8.51251,0,2.576,0.70403,0.616424,173.473,2.14785,0,2.576,139114
994.0,0.615942,0.995093,0,0.995093,124721,131293,366.773,372.682,378.074,0,17.892,2942.94,3138.93,8.51251,0,2.58754,0.703724,0.617107,144.324,3.68486,0,2.58754,138965
996.0,0.620708,0.993231,0,0.993231,125790,130758,367.078,372.513,377.952,0,17.8221,3042.07,3147.98,8.51251,0,2.57336,0.703644,0.617948,131.735,5.52373,0,2.57336,138417
998.0,0.625564,0.989927,0,0.989927,126880,130031,367.384,372.516,377.779,0,17.4228,3146.48,3157.02,8.51251,0,2.50994,0.703658,0.618906,130.692,7.63886,0,2.50994,137667
1000.0,0.630454,0.986656,4.7819E-07,0.986656,127983,129348,367.69,372.677,377.618,0,16.7217,3254.64,3166.07,8.51251,0,2.40365,0.70374,0.619865,127.632,10.0006,0,2.40365,136961
1002.0,0.63539,0.983768,1.63729E-06,0.983768,129081,128887,367.989,372.922,377.517,0,16.0143,3365.84,3175.12,8.51251,0,2.29814,0.703954,0.620771,117.857,12.5847,0,2.29814,136478
1004.0,0.640323,0.982588,3.00974E-06,0.982588,130143,128730,368.271,373.19,377.499,0,15.3718,3478.52,3184.16,8.51251,0,2.20449,0.70436,0.621556,96.3485,15.3801,0,2.20449,136312
1006.0,0.645102,0.982062,4.25833E-06,0.982062,131067,128876,368.498,373.45,377.564,0,15.0663,3589.92,3193.21,8.51251,0,2.16096,0.705369,0.622247,0,18.3173,0,2.16096,136454
1008.0,0.645255,0.982029,5.34379E-06,0.982029,128108,129270,367.567,373.684,377.696,0,14.8894,3690.88,3202.25,8.51251,0,2.13721,0.705769,0.622859,0,18.7268,0,2.13721,136846
1010.0,0.643324,0.982377,6.31133E-06,0.982377,123205,129828,366.183,373.842,377.873,0,14.811,3444.45,3211.3,8.51251,0,2.12848,0.705769,0.623417,0,17.57,0,2.12848,137404
1012.0,0.64436,0.98299,6.14211E-06,0.98299,121433,130459,365.666,373.796,378.069,0,14.8104,3018.25,3220.35,8.51251,0,2.13136,0.705999,0.623944,78.3023,17.0356,0,2.13136,138038
1014.0,0.648466,0.983686,3.51172E-06,0.983686,122182,131046,365.982,373.481,378.252,0,14.8651,2864.71,3229.39,8.51251,0,2.14204,0.706166,0.624475,167.775,18.984,0,2.14204,138629
1016.0,0.652267,0.98417,0,0.98417,123047,131427,366.239,373.145,378.378,0,14.9391,2934.48,3238.44,8.51251,0,2.1545,0.705888,0.625057,178.861,22.9545,0,2.1545,139012
1018.0,0.656137,0.984139,0,0.984139,123991,131453,366.511,372.866,378.408,0,14.9727,3016.08,3247.48,8.51251,0,2.1593,0.705812,0.625739,143.373,25.5576,0,2.1593,139037
1020.0,0.660053,0.983336,0,0.983336,124964,131082,366.784,372.6,378.332,0,14.9032,3106.29,3256.53,8.51251,0,2.14708,0.705949,0.626544,127.868,28.2963,0,2.14708,138661
1022.0,0.663994,0.980317,0,0.980317,125950,130418,367.058,372.507,378.177,0,14.676,3200.67,3265.58,8.51251,0,2.10988,0.706135,0.627515,130.839,31.1603,0,2.10988,137975
1024.0,0.667934,0.977097,3.46484E-08,0.977097,126950,129679,367.334,372.569,378.003,0,13.9935,3298.01,3274.62,8.51251,0,2.00711,0.706337,0.628524,132.949,34.117,0,2.00711,137214
1026.0,0.671892,0.974071,7.99191E-07,0.974071,127957,129073,367.608,372.771,377.864,0,13.2581,3398.38,3283.67,8.51251,0,1.89782,0.706608,0.629509,127.391,37.1632,0,1.89782,136585
1028.0,0.675851,0.971582,1.98042E-06,0.971582,128952,128732,367.874,373.017,377.798,0,12.5493,3501.12,3292.71,8.51251,0,1.79397,0.706992,0.630422,115.904,40.3126,0,1.79397,136226
1030.0,0.679758,0.970921,3.2882E-06,0.970921,129902,128696,368.122,373.274,377.814,0,11.9379,3604.48,3301.76,8.51251,0,1.70605,0.707543,0.631208,88.7556,43.5288,0,1.70605,136185
1032.0,0.682495,0.970735,4.35312E-06,0.970735,130232,128935,368.085,373.515,377.906,0,11.6895,3705.61,3310.8,8.51251,0,1.67122,0.708384,0.631912,3.08782,46.2179,0,1.67122,136422
1034.0,0.679407,0.970986,5.35781E-06,0.970986,125115,129384,366.66,373.72,378.055,0,11.5353,3752.71,3319.85,8.51251,0,1.65071,0.708384,0.632547,0,43.7777,0,1.65071,136870
1036.0,0.678151,0.971561,5.90196E-06,0.971561,122026,129956,365.773,373.794,378.237,0,11.4696,3310.99,3328.9,8.51251,0,1.64337,0.708502,0.633138,47.2546,41.8354,0,1.64337,137445
1038.0,0.68045,0.972331,4.78894E-06,0.972331,122155,130554,365.81,373.627,378.425,0,11.471,3042.51,3337.94,8.51251,0,1.6458,0.708878,0.633711,115.556,42.347,0,1.6458,138047
1040.0,0.683839,0.973052,1.24355E-06,0.973052,122949,131041,366.129,373.257,378.582,0,11.5144,3057.66,3346.99,8.51251,0,1.65386,0.709047,0.634311,175.742,45.9722,0,1.65386,138538
1042.0,0.68686,0.973459,0,0.973459,123819,131263,366.374,373.073,378.667,0,11.5511,3132.79,3356.03,8.51251,0,1.65991,0.709218,0.634978,147.652,49.6864,0,1.65991,138762
1044.0,0.689889,0.97333,0,0.97333,124709,131125,366.618,372.791,378.655,0,11.5265,3216.11,3365.08,8.51251,0,1.65573,0.709566,0.635748,123.597,52.3215,0,1.65573,138624
1046.0,0.692927,0.971556,0,0.971556,125602,130658,366.861,372.645,378.554,0,11.394,3302.84,3374.13,8.51251,0,1.63434,0.709949,0.63666,125.678,55.0134,0,1.63434,138144
1048.0,0.695982,0.968874,0,0.968874,126499,130023,367.104,372.652,378.409,0,10.9255,3391.32,3383.17,8.51251,0,1.56402,0.710323,0.63766,131.105,57.7636,0,1.56402,137490
1050.0,0.699048,0.966131,4.21172E-07,0.966131,127399,129429,367.346,372.798,378.275,0,10.2647,3481.79,3392.22,8.51251,0,1.46659,0.71072,0.638666,129.579,60.5704,0,1.46659,136875
1052.0,0.702107,0.963641,1.44316E-06,0.963641,128291,129033,367.582,373.02,378.195,0,9.58077,3574.15,3401.26,8.51251,0,1.36688,0.711183,0.639627,121.235,63.4236,0,1.36688,136462
1054.0,0.705132,0.962356,2.63393E-06,0.962356,129153,128910,367.807,373.258,378.189,0,8.93745,3667.28,3410.31,8.51251,0,1.2743,0.711735,0.640492,109.275,66.2941,0,1.2743,136328
1056.0,0.707816,0.962077,3.83145E-06,0.962077,129946,129055,367.943,373.491,378.257,0,8.53007,3759.38,3419.36,8.51251,0,1.21642,0.712399,0.641262,73.6063,67.6329,0,1.21642,136470
1058.0,0.704935,0.962229,4.85795E-06,0.962229,125956,129420,366.792,373.703,378.385,0,8.32266,3846.73,3428.4,8.51251,0,1.18771,0.712476,0.641965,6.38991,66.5537,0,1.18771,136835
1060.0,0.702655,0.962729,5.53853E-06,0.962729,122644,129932,365.846,373.821,378.552,0,8.20204,3505.78,3437.45,8.51251,0,1.1718,0.712592,0.642618,31.6272,63.8808,0,1.1718,137349
1062.0,0.70332,0.96347,4.99126E-06,0.96347,121978,130500,365.645,373.729,378.734,0,8.1531,3218.66,3446.49,8.51251,0,1.1663,0.712938,0.643245,96.0804,63.0457,0,1.1663,137922
1064.0,0.706094,0.96426,2.37242E-06,0.96426,122735,131004,365.956,373.425,378.898,0,8.15536,3163.46,3455.54,8.51251,0,1.16797,0.713368,0.643881,159.965,65.2526,0,1.16797,138430
1066.0,0.708436,0.964841,0,0.964841,123547,131294,366.18,373.202,379.003,0,8.1704,3234.99,3464.59,8.51251,0,1.1709,0.713746,0.644569,141.526,69.2719,0,1.1709,138724
1068.0,0.710763,0.964977,0,0.964977,124367,131262,366.4,372.956,379.02,0,8.14614,3312.81,3473.63,8.51251,0,1.16728,0.714271,0.645345,118.742,71.8542,0,1.16728,138693
1070.0,0.713103,0.963717,0,0.963717,125180,130900,366.617,372.777,378.95,0,8.03347,3392.72,3482.68,8.51251,0,1.14984,0.714818,0.646255,123.601,73.6794,0,1.14984,138321
1072.0,0.715466,0.96139,0,0.96139,125993,130329,366.832,372.746,378.823,0,7.63648,3473.46,3491.72,8.51251,0,1.09106,0.715353,0.647264,131.195,75.7408,0,1.09106,137734
1074.0,0.717847,0.958933,1.53433E-07,0.958933,126809,129741,367.048,372.844,378.692,0,7.01662,3555.65,3500.77,8.51251,0,1.00064,0.715897,0.648294,132.025,78.0074,0,1.00064,137128
1076.0,0.720237,0.956633,1.01325E-06,0.956633,127620,129306,367.259,373.045,378.603,0,6.36103,3639.52,3509.82,8.51251,0,0.905776,0.71648,0.649294,125.72,80.1273,0,0.905776,136676
1078.0,0.722634,0.954772,2.05433E-06,0.954772,128409,129115,367.462,373.269,378.581,0,5.72778,3724.36,3518.86,8.51251,0,0.814875,0.717121,0.650229,114.922,81.7824,0,0.814875,136471
1080.0,0.723551,0.954456,3.16181E-06,0.954456,128340,129184,367.325,373.491,378.629,0,5.17468,3808.68,3527.91,8.51251,0,0.736179,0.717597,0.651059,101.472,82.8072,0,0.736179,136537
1082.0,0.722872,0.954612,4.18012E-06,0.954612,126617,129476,366.836,373.691,378.738,0,4.9294,3817.31,3536.95,8.51251,0,0.701683,0.717933,0.65182,71.9463,82.9101,0,0.701683,136829
1084.0,0.720503,0.955103,4.78877E-06,0.955103,123676,129926,366,373.811,378.89,0,4.77927,3677.17,3546,8.51251,0,0.680977,0.718125,0.652529,35.5812,81.4778,0,0.680977,137281
1086.0,0.720142,0.955816,4.52241E-06,0.955816,122538,130447,365.664,373.775,379.061,0,4.69794,3424.61,3555.04,8.51251,0,0.670175,0.718497,0.653211,91.5866,79.7584,0,0.670175,137806
1088.0,0.722334,0.956621,2.74858E-06,0.956621,123216,130931,365.928,373.564,379.221,0,4.66394,3328.81,3564.09,8.51251,0,0.666064,0.719107,0.653892,140.708,80.7624,0,0.666064,138295
1090.0,0.724304,0.957306,0,0.957306,123965,131254,366.144,373.293,379.336,0,4.65158,3394.2,3573.14,8.51251,0,0.664792,0.719698,0.654612,122.591,83.3078,0,0.664792,138622
1092.0,0.725511,0.957675,0,0.957675,124512,131316,366.183,373.19,379.381,0,4.61792,3467.13,3582.18,8.51251,0,0.660061,0.720239,0.655402,113.491,84.7198,0,0.660061,138686
1094.0,0.726768,0.956968,0,0.956968,124721,131097,366.228,373.033,379.35,0,4.52245,3523.33,3591.23,8.51251,0,0.64596,0.720788,0.656299,120.53,85.8578,0,0.64596,138462
1096.0,0.728384,0.955077,0,0.955077,125229,130682,366.357,372.991,379.268,0,4.20908,3550.03,3600.27,8.51251,0,0.600373,0.721377,0.657292,128.385,87.3485,0,0.600373,138033
1098.0,0.730086,0.953049,0,0.953049,125805,130219,366.504,373.041,379.172,0,3.65127,3604.01,3609.32,8.51251,0,0.520023,0.72198,0.658312,130.296,89.0901,0,0.520023,137556
1100.0,0.731577,0.951125,1.10306E-07,0.951125,126208,129849,366.602,373.153,379.102,0,3.05807,3664.98,3618.37,8.51251,0,0.434975,0.722572,0.659317,126.537,90.7713,0,0.434975,137172
1102.0,0.732691,0.949423,5.73883E-07,0.949423,126311,129650,366.617,373.298,379.079,0,2.47792,3711.39,3627.41,8.51251,0,0.352144,0.723137,0.660283,119.854,92.1433,0,0.352144,136960
1104.0,0.733386,0.948607,9.55617E-07,0.948607,126099,129637,366.543,373.437,379.107,0,1.9352,3731.61,3636.46,8.51251,0,0.274935,0.723672,0.661182,112.44,93.1025,0,0.274935,136941
1106.0,0.733749,0.948778,1.22503E-06,0.948778,125654,129783,366.405,373.546,379.177,0,1.56651,3723.61,3645.5,8.51251,0,0.222611,0.724184,0.662016,106.723,93.6704,0,0.222611,137086
1108.0,0.733867,0.94915,1.21601E-06,0.94915,125059,130036,366.225,373.606,379.276,0,1.39603,3694.41,3654.55,8.51251,0,0.198489,0.724679,0.662813,101.984,93.9545,0,0.198489,137341
1110.0,0.733915,0.949624,8.21889E-07,0.949624,124458,130333,366.042,373.608,379.388,0,1.26723,3650.87,3663.6,8.51251,0,0.18029,0.725173,0.663598,101.869,94.0428,0,0.18029,137641
1112.0,0.734123,0.950148,4.98921E-08,0.950148,124031,130610,365.907,373.562,379.493,0,1.16052,3605.77,3672.64,8.51251,0,0.165209,0.725689,0.664382,105.643,94.196,0,0.165209,137921
1114.0,0.734475,0.950658,0,0.950658,123756,130813,365.815,373.538,379.578,0,1.06619,3575.27,3681.69,8.51251,0,0.151848,0.726224,0.665182,108.257,94.5311,0,0.151848,138127
1116.0,0.735012,0.951096,0,0.951096,123655,130906,365.772,373.444,379.633,0,0.970881,3557.65,3690.73,8.51251,0,0.138301,0.726782,0.666009,112.721,95.0122,0,0.138301,138223
1118.0,0.73577,0.951021,0,0.951021,123748,130876,365.784,373.347,379.655,0,0.863042,3555.23,3699.78,8.51251,0,0.122918,0.727366,0.666881,117.68,95.7145,0,0.122918,138192
1120.0,0.736712,0.949873,0,0.949873,123994,130734,365.838,373.27,379.648,0,0.652091,3569.99,3708.83,8.51251,0,0.0928139,0.727974,0.667822,121.987,96.6307,0,0.0928139,138042
1122.0,0.737759,0.948333,0,0.948333,124327,130522,365.917,373.227,379.622,0,0.222079,3598.78,3717.87,8.51251,0,0.0315813,0.728598,0.668803,124.755,97.7037,0,0.0315813,137818
1124.0,0.738811,0.946692,0,0.946692,124662,130290,365.996,373.224,379.591,0,0,3635.71,3726.92,8.51251,0,0,0.729227,0.669802,125.486,98.8393,0,0,137573
1126.0,0.73976,0.945026,0,0.945026,124913,130084,366.051,373.26,379.568,0,0,3673.37,3735.96,8.51251,0,0,0.729851,0.670802,124.013,99.9282,0,0,137355
1128.0,0.740532,0.943387,0,0.943387,125027,129942,366.068,373.324,379.563,0,0,3704.21,3745.01,8.51251,0,0,0.730464,0.67179,121.184,100.866,0,0,137200
1130.0,0.741104,0.941865,0,0.941865,124991,129885,366.043,373.404,379.58,0,0,3723.08,3754.05,8.51251,0,0,0.731062,0.672758,117.817,101.605,0,0,137131
1132.0,0.741497,0.940692,0,0.940692,124829,129915,365.982,373.482,379.622,0,0,3728.71,3763.1,8.51251,0,0,0.731647,0.673702,114.883,102.14,0,0,137152
1134.0,0.741756,0.940201,0,0.940201,124582,130021,365.897,373.545,379.684,0,0,3722.93,3772.15,8.51251,0,0,0.732223,0.67461,112.667,102.512,0,0,137253
1136.0,0.741942,0.94045,0,0.94045,124300,130175,365.803,373.582,379.758,0,0,3709.25,3781.19,8.51251,0,0,0.732795,0.675484,111.614,102.772,0,0,137409
1138.0,0.742122,0.940863,0,0.940863,124038,130342,365.714,373.592,379.836,0,0,3691.99,3790.24,8.51251,0,0,0.73337,0.676346,111.906,102.989,0,0,137578
1140.0,0.742359,0.941358,0,0.941358,123842,130487,365.643,373.578,379.907,0,0,3675.98,3799.28,8.51251,0,0,0.733953,0.677208,113.441,103.233,0,0,137726
1142.0,0.742695,0.941648,0,0.941648,123743,130584,365.6,373.548,379.965,0,0,3665.51,3808.33,8.51251,0,0,0.734551,0.678085,115.829,103.563,0,0,137825
1144.0,0.743143,0.941429,0,0.941429,123743,130619,365.584,373.513,380.007,0,0,3663.37,3817.38,8.51251,0,0,0.735163,0.678991,118.398,104.009,0,0,137858
1146.0,0.743682,0.940544,0,0.940544,123824,130595,365.591,373.481,380.033,0,0,3669.99,3826.42,8.51251,0,0,0.735787,0.679934,120.63,104.565,0,0,137826
1148.0,0.744284,0.939261,0,0.939261,123957,130530,365.613,373.463,380.049,0,0,3683.83,3835.47,8.51251,0,0,0.736422,0.68091,122.428,105.202,0,0,137751
1150.0,0.744912,0.937843,0,0.937843,124113,130447,365.642,373.463,380.061,0,0,3702.59,3844.51,8.51251,0,0,0.737064,0.6819,123.285,105.894,0,0,137657
1152.0,0.745496,0.936359,0,0.936359,124236,130367,365.66,373.481,380.073,0,0,3723.58,3853.56,8.51251,0,0,0.737704,0.682897,122.924,106.572,0,0,137566
1154.0,0.746017,0.934873,0,0.934873,124312,130308,365.666,373.516,380.092,0,0,3741.81,3862.61,8.51251,0,0,0.738342,0.683892,122.051,107.198,0,0,137496
1156.0,0.746439,0.933419,5.06833E-05,0.933419,124314,130284,365.65,373.53,380.12,0,0,3756.08,3871.65,8.51251,0,0,0.738973,0.684882,120.6,107.73,0,0,137460
1158.0,0.74678,0.932056,0.000939432,0.932056,124260,130301,365.619,373.518,380.159,0,0,3763.86,3880.7,8.51251,0,0,0.739598,0.685864,119.386,108.167,0,0,137466
1160.0,0.747056,0.93085,0.00304996,0.93085,124165,130356,365.576,373.504,380.21,0,0,3766.62,3889.74,8.51251,0,0,0.74022,0.686837,118.476,108.525,0,0,137512
1162.0,0.747286,0.929913,0.00614795,0.929913,124044,130440,365.527,373.49,380.267,0,0,3765.58,3898.79,8.51251,0,0,0.740839,0.687798,117.899,108.822,0,0,137587
1164.0,0.747503,0.929172,0.00990458,0.929172,123925,130538,365.477,373.471,380.329,0,0,3762.09,3907.84,8.51251,0,0,0.741459,0.688752,118.005,109.086,0,0,137679
1166.0,0.747735,0.928548,0.014062,0.928548,123830,130634,365.434,373.444,380.39,0,0,3758.54,3916.88,8.51251,0,0,0.742083,0.689704,118.651,109.353,0,0,137769
1168.0,0.748001,0.927914,0.0184533,0.927914,123770,130714,365.401,373.413,380.446,0,0,3756.88,3925.93,8.51251,0,0,0.742713,0.69066,119.594,109.648,0,0,137844
1170.0,0.748315,0.92716,0.0229807,0.92716,123755,130770,365.381,373.38,380.497,0,0,3758.25,3934.97,8.51251,0,0,0.743349,0.691628,120.957,109.985,0,0,137894
1172.0,0.748673,0.926275,0.0275899,0.926275,123780,130800,365.372,373.352,380.54,0,0,3763.53,3944.02,8.51251,0,0,0.743993,0.692609,122.176,110.376,0,0,137917
1174.0,0.74907,0.925299,0.0322524,0.925299,123838,130810,365.372,373.33,380.578,0,0,3772.42,3953.06,8.51251,0,0,0.744643,0.693601,123.27,110.813,0,0,137918
1176.0,0.749475,0.924312,0.0363166,0.924312,123905,130806,365.375,373.318,380.613,0,0,3784.32,3962.11,8.51251,0,0,0.745296,0.694598,123.752,111.277,0,0,137907
1178.0,0.749867,0.923332,0.0391421,0.923332,123963,130799,365.375,373.314,380.646,0,0,3797.07,3971.16,8.51251,0,0,0.74595,0.695599,123.876,111.737,0,0,137892
1180.0,0.750232,0.922374,0.0408965,0.922374,124003,130798,365.37,373.316,380.682,0,0,3809.18,3980.2,8.51251,0,0,0.746604,0.696601,123.715,112.177,0,0,137883
1182.0,0.75056,0.921453,0.041926,0.921453,124016,130811,365.357,373.32,380.721,0,0,3819.71,3989.25,8.51251,0,0,0.747256,0.697601,123.304,112.581,0,0,137889
1184.0,0.750851,0.920576,0.042515,0.920576,124003,130845,365.337,373.323,380.767,0,0,3827.91,3998.29,8.51251,0,0,0.747905,0.698598,122.93,112.943,0,0,137915
1186.0,0.751099,0.919781,0.0428518,0.919781,123962,130898,365.309,373.323,380.817,0,0,3833.85,4007.34,8.51251,0,0,0.748552,0.699587,122.308,113.265,0,0,137962
1188.0,0.751315,0.919065,0.0430481,0.919065,123902,130968,365.276,373.316,380.872,0,0,3837.2,4016.39,8.51251,0,0,0.749197,0.700573,122.054,113.541,0,0,138026
1190.0,0.751532,0.918482,0.0431666,0.918482,123848,131050,365.244,373.302,380.93,0,0,3838.79,4025.43,8.51251,0,0,0.749844,0.701554,122.517,113.797,0,0,138102
1192.0,0.751741,0.918202,0.0432424,0.918202,123794,131134,365.213,373.281,380.989,0,0,3840.8,4034.48,8.51251,0,0,0.750491,0.702525,121.75,114.078,0,0,138184
1194.0,0.751953,0.918556,0.0432945,0.918556,123747,131212,365.183,373.255,381.045,0,0,3842.75,4043.52,8.51251,0,0,0.75114,0.703473,122.989,114.308,0,0,138264
1196.0,0.752208,0.919771,0.0433339,0.919771,123740,131272,365.165,373.226,381.095,0,0,3845.25,4052.57,8.51251,0,0,0.751795,0.704389,124.026,114.592,0,0,138333
1198.0,0.752501,0.921567,0.0433667,0.921567,123764,131309,365.155,373.197,381.137,0,0,3851.15,4061.62,8.51251,0,0,0.752455,0.705277,125.102,114.918,0,0,138383
1200.0,0.752826,0.923703,0.0433965,0.923703,123814,131325,365.153,373.171,381.173,0,0,3859.95,4070.66,8.51251,0,0,0.75312,0.706143,126.128,115.281,0,0,138415
1202.0,0.753171,0.925933,0.043426,0.925933,123881,131328,365.155,373.149,381.205,0,0,3871.08,4079.71,8.51251,0,0,0.753789,0.706995,126.795,115.678,0,0,138435
1204.0,0.753516,0.928228,0.0434568,0.928228,123947,131326,365.157,373.133,381.235,0,0,3883.77,4088.75,8.51251,0,0,0.754459,0.707834,127.126,116.085,0,0,138451
1206.0,0.753846,0.930626,0.0434893,0.930626,124001,131327,365.156,373.124,381.265,0,0,3896.58,4097.8,8.51251,0,0,0.755129,0.708656,127.154,116.483,0,0,138470
1208.0,0.754151,0.933186,0.0435229,0.933186,124036,131337,365.149,373.118,381.296,0,0,3908.39,4106.85,8.51251,0,0,0.755797,0.709457,126.986,116.859,0,0,138499
1210.0,0.754428,0.935968,0.0435565,0.935968,124050,131359,365.136,373.113,381.33,0,0,3918.56,4115.89,8.51251,0,0,0.756464,0.710234,126.795,117.205,0,0,138542
1212.0,0.754682,0.93899,0.0435891,0.93899,124048,131392,365.119,373.107,381.367,0,0,3926.97,4124.94,8.51251,0,0,0.75713,0.710984,126.671,117.523,0,0,138598
1214.0,0.754925,0.942238,0.0436197,0.942238,124040,131436,365.1,373.098,381.406,0,0,3933.93,4133.98,8.51251,0,0,0.757795,0.711707,126.776,117.822,0,0,138666
1216.0,0.755163,0.945661,0.0436482,0.945661,124030,131486,365.081,373.085,381.445,0,0,3940.27,4143.03,8.51251,0,0,0.758461,0.712405,127.012,118.112,0,0,138742
1218.0,0.755405,0.94918,0.0436748,0.94918,124025,131536,365.063,373.068,381.484,0,0,3946.52,4152.08,8.51251,0,0,0.759128,0.713083,127.391,118.403,0,0,138819
1220.0,0.755655,0.952714,0.0437001,0.952714,124030,131584,365.047,373.048,381.521,0,0,3953.2,4161.12,8.51251,0,0,0.759797,0.713745,127.886,118.7,0,0,138894
1222.0,0.755917,0.956199,0.0437244,0.956199,124044,131626,365.035,373.027,381.557,0,0.601272,3960.69,4170.17,8.51251,0,0.0853923,0.760468,0.714396,128.415,119.01,0,0.0853923,138962
1224.0,0.756187,0.959563,0.0437485,0.959563,124066,131661,365.024,373.006,381.59,0,1.24579,3969.07,4179.21,8.51251,0,0.17705,0.761141,0.71504,128.895,119.331,0,0.17705,139023
1226.0,0.756464,0.962801,0.0437727,0.962801,124094,131690,365.015,372.986,381.621,0,1.91859,3978.19,4188.26,8.51251,0,0.272847,0.761815,0.715678,129.335,119.661,0,0.272847,139076
1228.0,0.756743,0.965931,0.0437972,0.965931,124124,131715,365.007,372.968,381.651,0,2.56621,3987.83,4197.3,8.51251,0,0.365175,0.76249,0.716309,129.712,119.996,0,0.365175,139124
1230.0,0.757021,0.968983,0.0438221,0.968983,124153,131738,364.998,372.951,381.681,0,3.19222,3997.74,4206.35,8.51251,0,0.454534,0.763166,0.716934,129.98,120.332,0,0.454534,139171
1232.0,0.757292,0.97199,0.0438473,0.97199,124177,131762,364.989,372.936,381.71,0,3.80271,4007.59,4215.4,8.51251,0,0.541786,0.763843,0.717549,130.199,120.664,0,0.541786,139218
1234.0,0.757557,0.974982,0.0438729,0.974982,124197,131789,364.977,372.921,381.739,0,4.40419,4017.13,4224.44,8.51251,0,0.627859,0.764519,0.718154,130.38,120.989,0,0.627859,139267
1236.0,0.757816,0.977978,0.0438985,0.977978,124213,131819,364.965,372.907,381.769,0,5.00259,4026.27,4233.49,8.51251,0,0.713602,0.765195,0.718746,130.578,121.307,0,0.713602,139320
1238.0,0.758069,0.980984,0.043924,0.980984,124225,131852,364.952,372.892,381.8,0,5.60174,4035.07,4242.53,8.51251,0,0.799565,0.765871,0.719326,130.776,121.619,0,0.799565,139376
1240.0,0.758319,0.983995,0.0439493,0.983995,124235,131888,364.938,372.876,381.831,0,6.20304,4043.54,4251.58,8.51251,0,0.885947,0.766548,0.719893,131.037,121.925,0,0.885947,139434
1242.0,0.758568,0.986999,0.0439741,0.986999,124245,131925,364.924,372.86,381.861,0,6.8052,4051.9,4260.63,8.51251,0,0.972562,0.767225,0.720449,131.326,122.23,0,0.972562,139494
1244.0,0.758817,0.989982,0.0439985,0.989982,124256,131963,364.91,372.842,381.892,0,7.40597,4060.26,4269.67,8.51251,0,1.05908,0.767903,0.720995,131.657,122.535,0,1.05908,139554
1246.0,0.759068,0.992934,0.0440226,0.992934,124269,131999,364.897,372.823,381.922,0,8.00272,4068.76,4278.72,8.51251,0,1.14513,0.768581,0.721531,131.994,122.841,0,1.14513,139613
1248.0,0.759322,0.995845,0.0440463,0.995845,124285,132034,364.885,372.805,381.951,0,8.59314,4077.44,4287.76,8.51251,0,1.23036,0.76926,0.722059,132.369,123.151,0,1.23036,139670
1250.0,0.759578,0.998713,0.04407,0.998713,124303,132067,364.873,372.786,381.979,0,9.17538,4086.42,4296.81,8.51251,0,1.3145,0.76994,0.72258,132.711,123.464,0,1.3145,139725
1252.0,0.759835,1.00154,0.0440936,1.00154,124322,132098,364.862,372.767,382.007,0,9.74885,4095.55,4305.86,8.51251,0,1.39747,0.77062,0.723093,133.041,123.778,0,1.39747,139777
1254.0,0.760092,1.00433,0.0441172,1.00433,124341,132129,364.85,372.749,382.034,0,10.3206,4104.81,4314.9,8.51251,0,1.48028,0.771301,0.723598,133.375,124.093,0,1.48028,139829
1256.0,0.760349,1.0071,0.0441409,1.0071,124360,132159,364.839,372.731,382.06,0,10.8966,4114.17,4323.95,8.51251,0,1.56377,0.771982,0.724096,133.679,124.41,0,1.56377,139879
1258.0,0.760604,1.00983,0.0441646,1.00983,124378,132188,364.827,372.714,382.087,0,11.4777,4123.55,4332.99,8.51251,0,1.64808,0.772663,0.724586,133.946,124.725,0,1.64808,139930
1260.0,0.760857,1.01255,0.0441884,1.01255,124394,132219,364.815,372.697,382.113,0,12.0647,4132.82,4342.04,8.51251,0,1.73334,0.773345,0.725067,134.223,125.038,0,1.73334,139981
1262.0,0.761108,1.01524,0.0442121,1.01524,124409,132250,364.802,372.679,382.139,0,12.6581,4141.98,4351.09,8.51251,0,1.81961,0.774026,0.725541,134.497,125.348,0,1.81961,140032
1264.0,0.761357,1.01791,0.0442356,1.01791,124423,132281,364.789,372.662,382.165,0,13.258,4151.05,4360.13,8.51251,0,1.90689,0.774708,0.726006,134.769,125.658,0,1.90689,140084
1266.0,0.761605,1.02056,0.0442585,1.02056,124436,132313,364.776,372.643,382.191,0,13.864,4160.06,4369.18,8.51251,0,1.99514,0.77539,0.726464,135.06,125.965,0,1.99514,140136
1268.0,0.761853,1.02318,0.0442815,1.02318,124449,132345,364.763,372.625,382.216,0,14.4756,4169,4378.22,8.51251,0,2.08428,0.776072,0.726914,135.369,126.272,0,2.08428,140188
1270.0,0.7621,1.02576,0.0443044,1.02576,124462,132377,364.75,372.606,382.241,0,15.092,4177.99,4387.27,8.51251,0,2.1742,0.776754,0.727357,135.673,126.579,0,2.1742,140239
1272.0,0.762348,1.02832,0.0443272,1.02832,124475,132409,364.737,372.588,382.266,0,15.7124,4186.99,4396.31,8.51251,0,2.26477,0.777436,0.727793,135.986,126.886,0,2.26477,140290
1274.0,0.762595,1.03083,0.0443499,1.03083,124488,132440,364.724,372.569,382.291,0,16.3364,4196.03,4405.36,8.51251,0,2.35593,0.778119,0.728223,136.302,127.194,0,2.35593,140340
1276.0,0.762844,1.03332,0.0443727,1.03332,124503,132470,364.711,372.55,382.315,0,16.9634,4205.14,4414.41,8.51251,0,2.4476,0.778802,0.728647,136.63,127.503,0,2.4476,140389
1278.0,0.763093,1.03576,0.0443955,1.03576,124517,132500,364.699,372.531,382.338,0,17.5931,4214.31,4423.45,8.51251,0,2.53974,0.779485,0.729065,136.973,127.813,0,2.53974,140437
1280.0,0.763343,1.03817,0.0444182,1.03817,124533,132529,364.686,372.512,382.362,0,18.2254,4223.59,4432.5,8.51251,0,2.63231,0.780168,0.729477,137.275,128.124,0,2.63231,140484
1282.0,0.763592,1.04053,0.044441,1.04053,124548,132557,364.674,372.494,382.385,0,18.8596,4232.91,4441.54,8.51251,0,2.72524,0.780852,0.729884,137.581,128.435,0,2.72524,140531
1284.0,0.763842,1.04286,0.0444639,1.04286,124562,132586,364.661,372.475,382.407,0,19.4953,4242.24,4450.59,8.51251,0,2.81843,0.781535,0.730285,137.891,128.747,0,2.81843,140577
1286.0,0.764088,1.04514,0.0444867,1.04514,124575,132614,364.648,372.456,382.43,0,20.1321,4251.58,4459.64,8.51251,0,2.91185,0.782218,0.730681,138.128,129.057,0,2.91185,140622
1288.0,0.764331,1.04738,0.0445091,1.04738,124585,132642,364.634,372.438,382.452,0,20.7695,4260.74,4468.68,8.51251,0,3.00543,0.782901,0.731072,138.396,129.363,0,3.00543,140668
1290.0,0.764574,1.04958,0.0445313,1.04958,124595,132671,364.62,372.419,382.475,0,21.4071,4269.68,4477.73,8.51251,0,3.09908,0.783584,0.731459,138.712,129.668,0,3.09908,140713
1292.0,0.764818,1.05173,0.0445532,1.05173,124606,132699,364.606,372.4,382.497,0,22.0446,4278.71,4486.77,8.51251,0,3.19277,0.784267,0.731841,138.996,129.975,0,3.19277,140757
1294.0,0.76506,1.05383,0.0445748,1.05383,124615,132728,364.592,372.38,382.519,0,22.6817,4287.73,4495.82,8.51251,0,3.28646,0.78495,0.732219,139.289,130.279,0,3.28646,140802
1296.0,0.765302,1.05589,0.0445964,1.05589,124625,132756,364.578,372.361,382.54,0,23.3182,4296.69,4504.87,8.51251,0,3.38012,0.785633,0.732594,139.615,130.584,0,3.38012,140845
1298.0,0.765546,1.05791,0.044618,1.05791,124636,132784,364.565,372.341,382.562,0,23.954,4305.72,4513.91,8.51251,0,3.4737,0.786316,0.732964,139.941,130.891,0,3.4737,140888
1300.0,0.765789,1.05988,0.0446397,1.05988,124646,132811,364.551,372.321,382.583,0,24.5886,4314.84,4522.96,8.51251,0,3.56717,0.786999,0.73333,140.23,131.198,0,3.56717,140930
1302.0,0.766031,1.0618,0.0446615,1.0618,124656,132837,364.537,372.301,382.604,0,25.2219,4323.95,4532,8.51251,0,3.66048,0.787681,0.733693,140.53,131.504,0,3.66048,140971
1304.0,0.766274,1.06368,0.0446835,1.06368,124667,132863,364.523,372.282,382.624,0,25.8538,4333.03,4541.05,8.51251,0,3.75361,0.788364,0.734052,140.863,131.81,0,3.75361,141011
1306.0,0.766518,1.06551,0.0447057,1.06551,124678,132889,364.51,372.262,382.645,0,26.4839,4342.18,4550.1,8.51251,0,3.84653,0.789046,0.734408,141.174,132.118,0,3.84653,141051
1308.0,0.766762,1.06729,0.044728,1.06729,124689,132914,364.496,372.242,382.665,0,27.1122,4351.37,4559.14,8.51251,0,3.93922,0.789729,0.73476,141.5,132.427,0,3.93922,141090
1310.0,0.767005,1.06903,0.0447504,1.06903,124700,132940,364.483,372.223,382.685,0,27.7386,4360.66,4568.19,8.51251,0,4.03164,0.790411,0.735109,141.774,132.736,0,4.03164,141128
1312.0,0.767248,1.07073,0.0447729,1.07073,124709,132965,364.469,372.203,382.705,0,28.3629,4369.85,4577.23,8.51251,0,4.1238,0.791093,0.735455,142.067,133.044,0,4.1238,141166
1314.0,0.767491,1.07238,0.0447953,1.07238,124720,132990,364.455,372.183,382.724,0,28.9849,4378.99,4586.28,8.51251,0,4.21565,0.791775,0.735798,142.408,133.352,0,4.21565,141204
1316.0,0.767733,1.07398,0.0448176,1.07398,124730,133016,364.441,372.164,382.744,0,29.6046,4388.21,4595.32,8.51251,0,4.30718,0.792456,0.736138,142.701,133.661,0,4.30718,141241
1318.0,0.767976,1.07554,0.0448396,1.07554,124739,133041,364.427,372.144,382.764,0,30.2216,4397.43,4604.37,8.51251,0,4.39835,0.793137,0.736475,143.01,133.969,0,4.39835,141278
1320.0,0.768216,1.07706,0.0448614,1.07706,124748,133066,364.413,372.124,382.783,0,30.836,4406.62,4613.42,8.51251,0,4.48915,0.793818,0.736809,143.277,134.277,0,4.48915,141315
1322.0,0.768456,1.07853,0.0448829,1.07853,124756,133092,364.399,372.104,382.803,0,31.4476,4415.72,4622.46,8.51251,0,4.57956,0.794499,0.737141,143.581,134.583,0,4.57956,141351
1324.0,0.768696,1.07993,0.0449042,1.07993,124763,133117,364.384,372.084,382.818,0,32.0562,4424.8,4631.51,8.51251,0,4.67107,0.795179,0.737473,143.882,134.89,0,4.67107,141387
1326.0,0.768924,1.08134,0.0449256,1.08134,124762,133142,364.367,372.064,382.837,0,32.6562,4433.88,4640.55,8.51251,0,4.75988,0.795858,0.737795,143.814,135.193,0,4.75988,141423
1328.0,0.769163,1.08266,0.0449468,1.08266,124769,133166,364.353,372.043,382.856,0,33.2631,4442.14,4649.6,8.51251,0,4.84964,0.796537,0.738121,144.794,135.479,0,4.84964,141456
1330.0,0.769444,1.08393,0.0449682,1.08393,124809,133192,364.348,372.024,382.875,0,33.8579,4451.21,4658.65,8.51251,0,4.93766,0.797221,0.738448,145.673,135.818,0,4.93766,141492
1332.0,0.769717,1.08515,0.0449897,1.08515,124840,133218,364.34,372.004,382.894,0,34.4473,4463.13,4667.69,8.51251,0,5.02489,0.797903,0.738773,145.774,136.171,0,5.02489,141527
1334.0,0.769972,1.08635,0.0450118,1.08635,124858,133244,364.328,371.986,382.914,0,35.0332,4474.47,4676.74,8.51251,0,5.11165,0.798583,0.739092,145.681,136.51,0,5.11165,141563
1336.0,0.770195,1.08753,0.0450349,1.08753,124851,133270,364.31,371.969,382.932,0,35.6193,4484.6,4685.78,8.51251,0,5.19843,0.79926,0.739405,145.372,136.816,0,5.19843,141597
1338.0,0.770409,1.08867,0.0450579,1.08867,124837,133295,364.29,371.951,382.951,0,36.2051,4492.5,4694.83,8.51251,0,5.28517,0.799936,0.739716,145.596,137.095,0,5.28517,141630
1340.0,0.770618,1.08978,0.0450804,1.08978,124820,133321,364.269,371.932,382.969,0,36.7869,4499.8,4703.88,8.51251,0,5.37136,0.800611,0.740021,145.697,137.372,0,5.37136,141665
1342.0,0.770824,1.09085,0.0451017,1.09085,124803,133347,364.247,371.91,382.988,0,37.3685,4506.8,4712.92,8.51251,0,5.45752,0.801285,0.740323,145.98,137.642,0,5.45752,141699
1344.0,0.771036,1.09188,0.0451227,1.09188,124790,133373,364.228,371.885,383.006,0,37.9462,4513.73,4721.97,8.51251,0,5.54309,0.801959,0.740623,146.364,137.915,0,5.54309,141733
1346.0,0.771256,1.09286,0.0451429,1.09286,124785,133397,364.21,371.86,383.024,0,38.5196,4521.07,4731.01,8.51251,0,5.62799,0.802633,0.74092,146.817,138.196,0,5.62799,141764
1348.0,0.7715,1.09377,0.0451627,1.09377,124798,133418,364.197,371.834,383.041,0,39.0879,4529.01,4740.06,8.51251,0,5.71208,0.803309,0.741222,147.717,138.493,0,5.71208,141792
1350.0,0.771764,1.09463,0.0451825,1.09463,124826,133437,364.189,371.809,383.058,0,39.6444,4538.6,4749.11,8.51251,0,5.79438,0.803986,0.741523,148.353,138.822,0,5.79438,141817
1352.0,0.772031,1.09544,0.0452026,1.09544,124855,133451,364.18,371.787,383.073,0,40.1952,4549.61,4758.15,8.51251,0,5.87579,0.804663,0.741823,148.683,139.164,0,5.87579,141838
1354.0,0.772292,1.09622,0.0452236,1.09622,124880,133465,364.171,371.767,383.088,0,40.7402,4560.71,4767.2,8.51251,0,5.9563,0.805339,0.742121,148.917,139.503,0,5.9563,141856
1356.0,0.772547,1.09695,0.0452454,1.09695,124898,133478,364.16,371.749,383.102,0,41.2797,4571.47,4776.24,8.51251,0,6.03599,0.806015,0.742418,149.107,139.835,0,6.03599,141875
1358.0,0.772794,1.09765,0.0452675,1.09765,124910,133493,364.147,371.732,383.118,0,41.8141,4581.72,4785.29,8.51251,0,6.11494,0.806689,0.742714,149.273,140.159,0,6.11494,141896
1360.0,0.773032,1.09831,0.0452898,1.09831,124916,133513,364.132,371.716,383.134,0,42.3442,4591.43,4794.34,8.51251,0,6.19328,0.807362,0.743007,149.41,140.474,0,6.19328,141920
1362.0,0.773259,1.09896,0.045312,1.09896,124912,133537,364.115,371.698,383.151,0,42.8704,4600.58,4803.38,8.51251,0,6.27112,0.808033,0.743294,149.38,140.779,0,6.27112,141949
1364.0,0.773459,1.09959,0.0453338,1.09959,124888,133563,364.092,371.679,383.169,0,43.3961,4608.91,4812.43,8.51251,0,6.3489,0.808701,0.743577,149.167,141.058,0,6.3489,141980
1366.0,0.773655,1.10018,0.0453551,1.10018,124863,133591,364.069,371.658,383.187,0,43.9203,4615.44,4821.47,8.51251,0,6.42648,0.809368,0.743857,149.458,141.318,0,6.42648,142012
1368.0,0.773859,1.10073,0.0453758,1.10073,124845,133618,364.048,371.634,383.205,0,44.4397,4621.78,4830.52,8.51251,0,6.50331,0.810035,0.744135,149.875,141.583,0,6.50331,142043
1370.0,0.774072,1.10125,0.0453958,1.10125,124835,133643,364.029,371.608,383.223,0,44.9538,4628.72,4839.56,8.51251,0,6.57931,0.810702,0.744411,150.34,141.858,0,6.57931,142072
1372.0,0.77431,1.10169,0.0454156,1.10169,124844,133665,364.016,371.581,383.239,0,45.4619,4636.36,4848.61,8.51251,0,6.65431,0.811371,0.744692,151.243,142.15,0,6.65431,142097
1374.0,0.774568,1.10209,0.0454354,1.10209,124869,133684,364.006,371.556,383.255,0,45.9575,4645.68,4857.66,8.51251,0,6.7274,0.812041,0.744971,151.884,142.476,0,6.7274,142119
1376.0,0.774833,1.10245,0.0454558,1.10245,124898,133699,363.999,371.532,383.269,0,46.4463,4656.44,4866.7,8.51251,0,6.7994,0.812711,0.745251,152.323,142.817,0,6.7994,142136
1378.0,0.775098,1.10277,0.0454769,1.10277,124925,133710,363.99,371.511,383.283,0,46.9282,4667.63,4875.75,8.51251,0,6.8703,0.813381,0.74553,152.634,143.16,0,6.8703,142150
1380.0,0.775357,1.10306,0.0454992,1.10306,124948,133722,363.98,371.493,383.297,0,47.4033,4678.71,4884.79,8.51251,0,6.94016,0.814049,0.745808,152.86,143.5,0,6.94016,142164
1382.0,0.775607,1.10331,0.045522,1.10331,124963,133735,363.969,371.476,383.311,0,47.8722,4689.41,4893.84,8.51251,0,7.0091,0.814716,0.746085,152.993,143.832,0,7.0091,142179
1384.0,0.775847,1.10353,0.0455451,1.10353,124970,133752,363.955,371.46,383.326,0,48.3356,4699.47,4902.89,8.51251,0,7.07726,0.815382,0.74636,153.124,144.153,0,7.07726,142197
1386.0,0.776075,1.10374,0.0455679,1.10374,124967,133774,363.938,371.443,383.342,0,48.7943,4708.87,4911.93,8.51251,0,7.14478,0.816045,0.746631,153.068,144.463,0,7.14478,142220
1388.0,0.776274,1.10394,0.0455902,1.10394,124943,133799,363.915,371.424,383.359,0,49.2514,4717.38,4920.98,8.51251,0,7.21211,0.816706,0.746896,152.814,144.745,0,7.21211,142247
1390.0,0.776466,1.1041,0.0456112,1.1041,124915,133827,363.892,371.403,383.376,0,49.7068,4723.98,4930.02,8.51251,0,7.2792,0.817365,0.747159,153.034,145.005,0,7.2792,142275
1392.0,0.776665,1.10424,0.045631,1.10424,124893,133854,363.87,371.38,383.394,0,50.1571,4730.19,4939.07,8.51251,0,7.34549,0.818024,0.74742,153.433,145.267,0,7.34549,142304
1394.0,0.776871,1.10435,0.0456501,1.10435,124878,133881,363.85,371.354,383.411,0,50.6017,4736.86,4948.12,8.51251,0,7.41089,0.818682,0.747679,153.859,145.538,0,7.41089,142331
1396.0,0.777105,1.10438,0.0456689,1.10438,124885,133903,363.836,371.327,383.427,0,51.0399,4744.15,4957.16,8.51251,0,7.47521,0.819342,0.747943,154.858,145.825,0,7.47521,142354
1398.0,0.777364,1.10438,0.0456881,1.10438,124911,133923,363.827,371.301,383.442,0,51.4646,4753.33,4966.21,8.51251,0,7.53747,0.820004,0.748207,155.569,146.153,0,7.53747,142373
1400.0,0.777623,1.10435,0.045708,1.10435,124936,133938,363.819,371.276,383.456,0,51.8822,4764.24,4975.25,8.51251,0,7.59856,0.820665,0.748469,155.765,146.497,0,7.59856,142388
1402.0,0.777867,1.1043,0.0457289,1.1043,124948,133949,363.806,371.254,383.469,0,52.2943,4775.15,4984.3,8.51251,0,7.65876,0.821324,0.748729,155.82,146.826,0,7.65876,142398
1404.0,0.778104,1.10421,0.0457509,1.10421,124955,133958,363.793,371.235,383.481,0,52.7004,4784.95,4993.35,8.51251,0,7.71801,0.821981,0.748988,156.049,147.142,0,7.71801,142407
1406.0,0.778342,1.10409,0.0457732,1.10409,124962,133969,363.779,371.216,383.494,0,53.0995,4794.31,5002.39,8.51251,0,7.77618,0.822638,0.749247,156.404,147.455,0,7.77618,142416
1408.0,0.778577,1.10395,0.0457954,1.10395,124968,133982,363.765,371.197,383.507,0,53.4924,4803.69,5011.44,8.51251,0,7.83347,0.823294,0.749504,156.613,147.769,0,7.83347,142428
1410.0,0.778807,1.10378,0.0458171,1.10378,124969,134000,363.75,371.178,383.522,0,53.88,4812.9,5020.48,8.51251,0,7.88999,0.823948,0.749759,156.824,148.078,0,7.88999,142445
1412.0,0.779032,1.10359,0.0458382,1.10359,124967,134021,363.734,371.158,383.537,0,54.262,4821.77,5029.53,8.51251,0,7.94572,0.824601,0.750012,157.036,148.381,0,7.94572,142464
1414.0,0.779255,1.10338,0.0458586,1.10338,124963,134044,363.717,371.137,383.553,0,54.6389,4830.35,5038.57,8.51251,0,8.00068,0.825253,0.750264,157.284,148.68,0,8.00068,142485
1416.0,0.779477,1.10314,0.0458787,1.10314,124959,134068,363.7,371.115,383.569,0,55.0101,4838.75,5047.62,8.51251,0,8.0548,0.825905,0.750514,157.577,148.977,0,8.0548,142507
1418.0,0.7797,1.10288,0.0458987,1.10288,124957,134092,363.684,371.093,383.585,0,55.3753,4847.13,5056.67,8.51251,0,8.10797,0.826555,0.750764,157.91,149.274,0,8.10797,142529
1420.0,0.779926,1.10259,0.0459185,1.10259,124956,134114,363.668,371.07,383.6,0,55.734,4855.64,5065.71,8.51251,0,8.16013,0.827205,0.751012,158.247,149.575,0,8.16013,142549
1422.0,0.780154,1.10227,0.0459384,1.10227,124957,134135,363.653,371.047,383.615,0,56.086,4864.31,5074.76,8.51251,0,8.21124,0.827854,0.751259,158.608,149.878,0,8.21124,142567
1424.0,0.780385,1.10192,0.0459585,1.10192,124961,134154,363.639,371.025,383.63,0,56.4311,4873.16,5083.8,8.51251,0,8.26125,0.828502,0.751506,158.971,150.185,0,8.26125,142583
1426.0,0.780619,1.10154,0.0459789,1.10154,124967,134171,363.625,371.002,383.644,0,56.7693,4882.24,5092.85,8.51251,0,8.31019,0.82915,0.751752,159.348,150.495,0,8.31019,142597
1428.0,0.780856,1.10114,0.0459997,1.10114,124975,134188,363.612,370.98,383.658,0,57.1006,4891.5,5101.9,8.51251,0,8.35805,0.829797,0.751997,159.706,150.81,0,8.35805,142610
1430.0,0.781092,1.10072,0.0460207,1.10072,124982,134204,363.599,370.959,383.671,0,57.4252,4900.99,5110.94,8.51251,0,8.40487,0.830443,0.752241,159.991,151.126,0,8.40487,142623
1432.0,0.781327,1.10027,0.0460418,1.10027,124988,134220,363.585,370.938,383.685,0,57.7432,4910.38,5119.99,8.51251,0,8.45069,0.831087,0.752484,160.268,151.441,0,8.45069,142636
1434.0,0.78156,1.0998,0.046063,1.0998,124991,134238,363.571,370.918,383.699,0,58.0547,4919.69,5129.03,8.51251,0,8.49554,0.831731,0.752727,160.552,151.754,0,8.49554,142650
1436.0,0.781794,1.09931,0.0460841,1.09931,124996,134256,363.557,370.897,383.713,0,58.3601,4928.78,5138.08,8.51251,0,8.53945,0.832375,0.752968,160.853,152.069,0,8.53945,142664
1438.0,0.782015,1.09881,0.0461048,1.09881,124990,134275,363.54,370.876,383.727,0,58.6592,4937.99,5147.13,8.51251,0,8.58245,0.833016,0.753206,160.854,152.375,0,8.58245,142679
1440.0,0.782237,1.09828,0.0461252,1.09828,124987,134295,363.524,370.855,383.742,0,58.9553,4946.29,5156.17,8.51251,0,8.62494,0.833656,0.753444,161.33,152.67,0,8.62494,142695
1442.0,0.782469,1.09773,0.0461453,1.09773,124990,134315,363.51,370.833,383.756,0,59.2419,4954.75,5165.22,8.51251,0,8.66602,0.834296,0.753682,161.753,152.978,0,8.66602,142711
1444.0,0.782698,1.09715,0.0461652,1.09715,124992,134336,363.495,370.811,383.771,0,59.5225,4963.81,5174.26,8.51251,0,8.70619,0.834934,0.753919,162.003,153.289,0,8.70619,142727
1446.0,0.782926,1.09656,0.0461853,1.09656,124993,134356,363.48,370.789,383.786,0,59.7969,4972.79,5183.31,8.51251,0,8.7454,0.835572,0.754154,162.276,153.597,0,8.7454,142742
1448.0,0.783154,1.09595,0.0462056,1.09595,124993,134376,363.465,370.767,383.8,0,60.065,4981.64,5192.36,8.51251,0,8.78364,0.836208,0.754389,162.597,153.904,0,8.78364,142757
1450.0,0.783382,1.09532,0.0462261,1.09532,124995,134394,363.451,370.745,383.814,0,60.3267,4990.51,5201.4,8.51251,0,8.82088,0.836844,0.754622,162.896,154.213,0,8.82088,142771
1452.0,0.783613,1.09467,0.0462467,1.09467,124997,134413,363.437,370.723,383.828,0,60.5819,4999.41,5210.45,8.51251,0,8.85713,0.837479,0.754855,163.264,154.522,0,8.85713,142784
1454.0,0.783846,1.094,0.0462674,1.094,125002,134430,363.423,370.702,383.841,0,60.8307,5008.48,5219.49,8.51251,0,8.8924,0.838112,0.755087,163.645,154.834,0,8.8924,142796
1456.0,0.784092,1.0933,0.0462883,1.0933,125017,134448,363.412,370.68,383.855,0,61.0733,5017.73,5228.54,8.51251,0,8.92668,0.838746,0.755321,164.217,155.157,0,8.92668,142809
1458.0,0.784345,1.09257,0.0463092,1.09257,125037,134467,363.403,370.66,383.869,0,61.3067,5027.87,5237.58,8.51251,0,8.95958,0.83938,0.755556,164.743,155.491,0,8.95958,142822
1460.0,0.784603,1.09183,0.0463303,1.09183,125060,134487,363.394,370.641,383.883,0,61.531,5038.49,5246.63,8.51251,0,8.99114,0.840012,0.755791,165.125,155.836,0,8.99114,142836
1462.0,0.784855,1.09107,0.0463517,1.09107,125078,134509,363.384,370.623,383.898,0,61.7497,5049.44,5255.68,8.51251,0,9.02187,0.840644,0.756024,165.317,156.18,0,9.02187,142852
1464.0,0.7851,1.0903,0.0463732,1.0903,125089,134532,363.373,370.605,383.913,0,61.9628,5059.95,5264.72,8.51251,0,9.05178,0.841274,0.756257,165.505,156.514,0,9.05178,142868
1466.0,0.785339,1.08952,0.0463947,1.08952,125096,134556,363.36,370.588,383.929,0,62.1704,5069.94,5273.77,8.51251,0,9.08089,0.841902,0.756488,165.711,156.84,0,9.08089,142887
1468.0,0.785574,1.08873,0.0464162,1.08873,125100,134583,363.346,370.571,383.945,0,62.3726,5079.49,5282.81,8.51251,0,9.10923,0.842529,0.756718,166.01,157.16,0,9.10923,142908
1470.0,0.785808,1.08793,0.0464378,1.08793,125103,134612,363.332,370.553,383.962,0,62.5696,5088.81,5291.86,8.51251,0,9.13681,0.843155,0.756947,166.273,157.48,0,9.13681,142930
1472.0,0.78604,1.08712,0.0464593,1.08712,125104,134642,363.318,370.533,383.978,0,62.7613,5098.08,5300.91,8.51251,0,9.16361,0.843779,0.757174,166.531,157.796,0,9.16361,142954
1474.0,0.78627,1.0863,0.0464805,1.0863,125104,134672,363.303,370.513,383.995,0,62.9476,5107.16,5309.95,8.51251,0,9.1896,0.844402,0.7574,166.823,158.11,0,9.1896,142977
1476.0,0.786501,1.08546,0.0465016,1.08546,125105,134702,363.289,370.493,384.012,0,63.1282,5116.17,5319,8.51251,0,9.21473,0.845024,0.757625,167.188,158.424,0,9.21473,143000
1478.0,0.786718,1.08464,0.0465229,1.08464,125096,134729,363.272,370.471,384.028,0,63.303,5125.27,5328.04,8.51251,0,9.23899,0.845644,0.757844,167.038,158.735,0,9.23899,143021
1480.0,0.786924,1.08381,0.046544,1.08381,125079,134753,363.253,370.448,384.043,0,63.4778,5133.41,5337.09,8.51251,0,9.26316,0.846262,0.758061,167.266,159.022,0,9.26316,143039
1482.0,0.787137,1.08295,0.0465648,1.08295,125068,134775,363.235,370.425,384.057,0,63.6459,5140.87,5346.14,8.51251,0,9.28628,0.84688,0.758278,167.686,159.311,0,9.28628,143054
1484.0,0.787356,1.08209,0.046585,1.08209,125062,134794,363.219,370.4,384.07,0,63.8075,5148.82,5355.18,8.51251,0,9.30837,0.847496,0.758494,168.084,159.608,0,9.30837,143066
1486.0,0.787579,1.08121,0.0466046,1.08121,125059,134811,363.204,370.376,384.083,0,63.9626,5157.21,5364.23,8.51251,0,9.32944,0.848112,0.758709,168.457,159.912,0,9.32944,143077
1488.0,0.787805,1.08031,0.0466239,1.08031,125059,134826,363.189,370.351,384.096,0,64.1114,5165.88,5373.27,8.51251,0,9.34952,0.848727,0.758923,168.801,160.219,0,9.34952,143085
1490.0,0.788032,1.0794,0.0466434,1.0794,125060,134840,363.175,370.327,384.107,0,64.254,5174.74,5382.32,8.51251,0,9.36863,0.84934,0.759137,169.142,160.53,0,9.36863,143091
1492.0,0.78826,1.07849,0.0466631,1.07849,125061,134852,363.161,370.304,384.119,0,64.3903,5183.74,5391.37,8.51251,0,9.38678,0.849953,0.75935,169.469,160.842,0,9.38678,143096
1494.0,0.788488,1.07755,0.0466829,1.07755,125063,134863,363.147,370.281,384.13,0,64.5205,5192.81,5400.41,8.51251,0,9.40399,0.850564,0.759563,169.78,161.155,0,9.40399,143100
1496.0,0.788719,1.07662,0.0467029,1.07662,125067,134874,363.134,370.259,384.141,0,64.6448,5201.92,5409.46,8.51251,0,9.42032,0.851174,0.759775,170.17,161.469,0,9.42032,143104
1498.0,0.788949,1.07567,0.0467235,1.07567,125071,134887,363.121,370.237,384.152,0,64.7636,5211.15,5418.5,8.51251,0,9.43585,0.851783,0.759985,170.425,161.787,0,9.43585,143109
1500.0,0.789175,1.07472,0.046744,1.07472,125071,134900,363.107,370.216,384.164,0,64.8772,5220.41,5427.55,8.51251,0,9.45064,0.852391,0.760194,170.653,162.101,0,9.45064,143115
1502.0,0.789395,1.07377,0.0467646,1.07377,125067,134915,363.091,370.194,384.176,0,64.9859,5229.4,5427.55,8.51251,0,9.46473,0.852997,0.7604,170.768,162.409,0,9.46473,143122
1504.0,0.789599,1.07283,0.0467853,1.07283,125051,134930,363.073,370.172,384.188,0,65.092,5237.92,5427.55,8.51251,0,9.47847,0.8536,0.760603,170.723,162.703,0,9.47847,143130
1506.0,0.789793,1.0719,0.0468059,1.0719,125029,134945,363.052,370.149,384.199,0,65.1954,5245.45,5427.55,8.51251,0,9.49181,0.854201,0.760802,170.876,162.979,0,9.49181,143138
1508.0,0.789981,1.07096,0.0468258,1.07096,125003,134960,363.031,370.124,384.211,0,65.2958,5252.33,5427.55,8.51251,0,9.50472,0.854801,0.760998,170.971,163.249,0,9.50472,143145
1510.0,0.790163,1.07003,0.0468446,1.07003,124973,134973,363.009,370.097,384.222,0,65.3931,5258.89,5427.55,8.51251,0,9.51714,0.855399,0.76119,171.093,163.509,0,9.51714,143151
1512.0,0.790341,1.0691,0.0468627,1.0691,124942,134984,362.986,370.069,384.232,0,65.4869,5265.04,5427.55,8.51251,0,9.52901,0.855995,0.761379,171.259,163.763,0,9.52901,143155
1514.0,0.790516,1.06816,0.04688,1.06816,124909,134991,362.963,370.039,384.241,0,65.5769,5270.95,5427.55,8.51251,0,9.54027,0.85659,0.761566,171.459,164.013,0,9.54027,143155
1516.0,0.790691,1.06723,0.0468967,1.06723,124878,134994,362.941,370.008,384.249,0,65.663,5276.75,5427.55,8.51251,0,9.55086,0.857183,0.761749,171.691,164.262,0,9.55086,143151
1518.0,0.790862,1.0663,0.0469129,1.0663,124846,134993,362.918,369.976,384.255,0,65.7451,5282.6,5427.55,8.51251,0,9.5608,0.857775,0.761929,171.831,164.509,0,9.5608,143142
1520.0,0.791029,1.06536,0.0469288,1.06536,124811,134988,362.895,369.944,384.26,0,65.8235,5288.27,5427.55,8.51251,0,9.57013,0.858364,0.762106,171.986,164.751,0,9.57013,143130
1522.0,0.791197,1.06442,0.0469449,1.06442,124778,134978,362.872,369.912,384.264,0,65.8978,5293.72,5427.55,8.51251,0,9.57876,0.858953,0.76228,172.273,164.988,0,9.57876,143113
1524.0,0.791369,1.06348,0.0469612,1.06348,124750,134965,362.85,369.879,384.268,0,65.9686,5299.23,5427.55,8.51251,0,9.58651,0.85954,0.762453,172.622,165.229,0,9.58651,143092
1526.0,0.791555,1.06252,0.0469776,1.06252,124734,134950,362.832,369.847,384.27,0,66.0332,5305.1,5427.55,8.51251,0,9.59359,0.860127,0.762625,173.121,165.485,0,9.59359,143070
1528.0,0.791738,1.06156,0.0469943,1.06156,124715,134934,362.813,369.815,384.272,0,66.0913,5312.01,5427.55,8.51251,0,9.59972,0.860712,0.762795,173.193,165.748,0,9.59972,143047
1530.0,0.791909,1.06061,0.0470112,1.06061,124689,134917,362.792,369.784,384.274,0,66.1466,5318.69,5427.55,8.51251,0,9.60542,0.861295,0.762961,173.233,165.998,0,9.60542,143022
1532.0,0.79207,1.05967,0.047028,1.05967,124656,134899,362.769,369.754,384.275,0,66.1991,5324.62,5427.55,8.51251,0,9.61072,0.861876,0.763123,173.215,166.237,0,9.61072,142997
1534.0,0.79222,1.05873,0.0470447,1.05873,124616,134881,362.745,369.723,384.276,0,66.249,5329.93,5427.55,8.51251,0,9.61565,0.862455,0.763282,173.207,166.462,0,9.61565,142972
1536.0,0.79236,1.0578,0.0470611,1.0578,124571,134863,362.719,369.691,384.277,0,66.2965,5334.55,5427.55,8.51251,0,9.62026,0.863031,0.763436,173.213,166.674,0,9.62026,142947
1538.0,0.792494,1.05688,0.0470767,1.05688,124522,134846,362.692,369.658,384.278,0,66.3419,5338.62,5427.55,8.51251,0,9.62458,0.863606,0.763587,173.258,166.875,0,9.62458,142923
1540.0,0.792622,1.05596,0.0470912,1.05596,124471,134828,362.664,369.623,384.278,0,66.3851,5342.28,5427.55,8.51251,0,9.62859,0.864178,0.763733,173.341,167.068,0,9.62859,142898
1542.0,0.792746,1.05505,0.0471045,1.05505,124419,134809,362.636,369.587,384.278,0,66.4261,5345.67,5427.55,8.51251,0,9.63225,0.864749,0.763875,173.427,167.256,0,9.63225,142872
1544.0,0.792871,1.05415,0.0471173,1.05415,124370,134787,362.609,369.55,384.278,0,66.4645,5348.89,5427.55,8.51251,0,9.63552,0.865318,0.764013,173.614,167.442,0,9.63552,142843
1546.0,0.792998,1.05324,0.0471302,1.05324,124323,134762,362.583,369.512,384.276,0,66.5001,5352.23,5427.55,8.51251,0,9.63832,0.865886,0.764148,173.892,167.627,0,9.63832,142811
1548.0,0.793126,1.05234,0.0471433,1.05234,124279,134733,362.558,369.474,384.273,0,66.5327,5355.77,5427.55,8.51251,0,9.64061,0.866452,0.764279,174.01,167.819,0,9.64061,142776
1550.0,0.793251,1.05144,0.0471564,1.05144,124234,134701,362.532,369.436,384.269,0,66.562,5359.43,5427.55,8.51251,0,9.64237,0.867016,0.764407,174.108,168.007,0,9.64237,142737
1552.0,0.793374,1.05055,0.0471694,1.05055,124190,134666,362.506,369.398,384.264,0,66.5881,5362.92,5427.55,8.51251,0,9.64362,0.867579,0.764531,174.28,168.19,0,9.64362,142695
1554.0,0.793494,1.04965,0.0471824,1.04965,124145,134629,362.481,369.361,384.258,0,66.6111,5366.37,5427.55,8.51251,0,9.64439,0.868139,0.764652,174.344,168.373,0,9.64439,142651
1556.0,0.793609,1.04877,0.0471951,1.04877,124097,134591,362.455,369.323,384.252,0,66.6313,5369.74,5427.55,8.51251,0,9.64475,0.868698,0.764769,174.367,168.55,0,9.64475,142606
1558.0,0.793717,1.04789,0.0472078,1.04789,124047,134552,362.428,369.286,384.245,0,66.649,5372.74,5427.55,8.51251,0,9.64475,0.869255,0.764882,174.4,168.719,0,9.64475,142561
1560.0,0.79382,1.04701,0.0472201,1.04701,123994,134513,362.4,369.248,384.239,0,66.6643,5375.45,5427.55,8.51251,0,9.64442,0.86981,0.764991,174.424,168.88,0,9.64442,142515
1562.0,0.793917,1.04614,0.0472316,1.04614,123939,134474,362.372,369.21,384.232,0,66.6776,5377.84,5427.55,8.51251,0,9.64381,0.870363,0.765095,174.444,169.034,0,9.64381,142470
1564.0,0.794011,1.04528,0.0472423,1.04528,123884,134435,362.343,369.171,384.225,0,66.6887,5379.92,5427.55,8.51251,0,9.64291,0.870913,0.765196,174.551,169.182,0,9.64291,142424
1566.0,0.794107,1.04443,0.0472526,1.04443,123832,134395,362.316,369.132,384.217,0,66.6979,5381.88,5427.55,8.51251,0,9.64172,0.871463,0.765293,174.687,169.33,0,9.64172,142378
1568.0,0.794199,1.04358,0.0472628,1.04358,123778,134355,362.288,369.092,384.21,0,66.7049,5384.05,5427.55,8.51251,0,9.64022,0.87201,0.765386,174.699,169.477,0,9.64022,142331
1570.0,0.794285,1.04274,0.0472728,1.04274,123723,134313,362.26,369.052,384.201,0,66.7097,5385.98,5427.55,8.51251,0,9.63838,0.872555,0.765474,174.724,169.616,0,9.63838,142283
1572.0,0.794374,1.0419,0.0472825,1.0419,123671,134270,362.233,369.012,384.193,0,66.7121,5387.66,5427.55,8.51251,0,9.6362,0.873099,0.765559,174.899,169.754,0,9.6362,142233
1574.0,0.794461,1.04106,0.047292,1.04106,123620,134225,362.206,368.972,384.183,0,66.7122,5389.57,5427.55,8.51251,0,9.63396,0.873641,0.76564,175.029,169.891,0,9.63396,142182
1576.0,0.794548,1.04024,0.0473017,1.04024,123569,134179,362.18,368.932,384.173,0,66.7097,5391.44,5427.55,8.51251,0,9.63104,0.874181,0.765717,175.068,170.03,0,9.63104,142130
1578.0,0.794628,1.03942,0.0473117,1.03942,123517,134133,362.152,368.892,384.163,0,66.7053,5393.29,5427.55,8.51251,0,9.62786,0.874719,0.765791,175.063,170.163,0,9.62786,142078
1580.0,0.794704,1.0386,0.047322,1.0386,123463,134086,362.125,368.852,384.153,0,66.6989,5394.86,5427.55,8.51251,0,9.6244,0.875255,0.76586,175.072,170.289,0,9.6244,142025
1582.0,0.794774,1.0378,0.0473314,1.0378,123405,134039,362.096,368.812,384.142,0,66.6907,5396.19,5427.55,8.51251,0,9.62068,0.875789,0.765924,175.028,170.407,0,9.62068,141972
1584.0,0.794841,1.037,0.0473402,1.037,123348,133992,362.068,368.772,384.131,0,66.6807,5397.12,5427.55,8.51251,0,9.61673,0.876321,0.765985,175.153,170.518,0,9.61673,141918
1586.0,0.79491,1.03621,0.0473484,1.03621,123295,133944,362.041,368.732,384.12,0,66.669,5398.01,5427.55,8.51251,0,9.61256,0.876852,0.766041,175.221,170.632,0,9.61256,141865
1588.0,0.794976,1.03542,0.0473558,1.03542,123241,133897,362.013,368.692,384.109,0,66.6558,5399.09,5427.55,8.51251,0,9.60817,0.87738,0.766093,175.249,170.744,0,9.60817,141812
1590.0,0.79504,1.03465,0.0473628,1.03465,123187,133848,361.986,368.651,384.097,0,66.641,5400.05,5427.55,8.51251,0,9.60357,0.877907,0.766141,175.305,170.852,0,9.60357,141758
1592.0,0.795101,1.03388,0.0473694,1.03388,123133,133800,361.959,368.611,384.085,0,66.6245,5400.95,5427.55,8.51251,0,9.59874,0.878432,0.766185,175.305,170.958,0,9.59874,141703
1594.0,0.79516,1.03312,0.0473758,1.03312,123079,133751,361.932,368.571,384.073,0,66.6063,5401.72,5427.55,8.51251,0,9.59367,0.878954,0.766224,175.425,171.056,0,9.59367,141648
1596.0,0.795222,1.03236,0.0473825,1.03236,123029,133701,361.906,368.531,384.061,0,66.5865,5402.37,5427.55,8.51251,0,9.58838,0.879476,0.76626,175.549,171.16,0,9.58838,141593
1598.0,0.795282,1.03161,0.0473896,1.03161,122979,133651,361.88,368.491,384.048,0,66.5651,5403.32,5427.55,8.51251,0,9.58288,0.879995,0.766291,175.516,171.264,0,9.58288,141538
1600.0,0.795336,1.03087,0.0473971,1.03087,122927,133602,361.853,368.451,384.035,0,66.5421,5404.18,5427.55,8.51251,0,9.57716,0.880512,0.766317,175.475,171.361,0,9.57716,141483
1602.0,0.795386,1.03014,0.0474048,1.03014,122873,133552,361.826,368.412,384.022,0,66.5176,5404.71,5427.55,8.51251,0,9.57125,0.881027,0.76634,175.463,171.452,0,9.57125,141427
1604.0,0.795437,1.02941,0.0474119,1.02941,122822,133502,361.8,368.372,384.009,0,66.4915,5405.03,5427.55,8.51251,0,9.56514,0.88154,0.766359,175.617,171.539,0,9.56514,141372
1606.0,0.795487,1.02869,0.0474187,1.02869,122772,133453,361.774,368.332,383.996,0,66.464,5405.5,5427.55,8.51251,0,9.55884,0.882052,0.766373,175.597,171.63,0,9.55884,141318
1608.0,0.795531,1.02798,0.0474251,1.02798,122719,133404,361.747,368.293,383.982,0,66.4351,5405.97,5427.55,8.51251,0,9.55238,0.882561,0.766383,175.542,171.714,0,9.55238,141263
1610.0,0.795571,1.02728,0.0474305,1.02728,122665,133355,361.72,368.253,383.969,0,66.4049,5406.11,5427.55,8.51251,0,9.54574,0.883069,0.766389,175.501,171.792,0,9.54574,141209
1612.0,0.795605,1.02658,0.0474351,1.02658,122608,133306,361.693,368.214,383.955,0,66.3734,5406,5427.55,8.51251,0,9.53894,0.883574,0.76639,175.447,171.863,0,9.53894,141155
1614.0,0.795636,1.02589,0.0474395,1.02589,122551,133257,361.665,368.175,383.941,0,66.3406,5405.64,5427.55,8.51251,0,9.53198,0.884077,0.766387,175.453,171.928,0,9.53198,141101
1616.0,0.795661,1.02523,0.0474437,1.02523,122491,133208,361.637,368.135,383.927,0,66.3066,5405.1,5427.55,8.51251,0,9.52491,0.884578,0.766378,175.234,171.991,0,9.52491,141048
1618.0,0.795673,1.02458,0.0474477,1.02458,122424,133158,361.606,368.094,383.913,0,66.2744,5404.2,5427.55,8.51251,0,9.51811,0.885077,0.766361,175.125,172.033,0,9.51811,140992
1620.0,0.795684,1.02394,0.0474516,1.02394,122358,133106,361.576,368.052,383.897,0,66.2436,5402.51,5427.55,8.51251,0,9.51149,0.885573,0.766339,175.102,172.073,0,9.51149,140936
1622.0,0.795699,1.0233,0.0474556,1.0233,122297,133053,361.548,368.01,383.882,0,66.2111,5400.92,5427.55,8.51251,0,9.50462,0.886068,0.766314,175.238,172.111,0,9.50462,140878
1624.0,0.795721,1.02267,0.0474601,1.02267,122243,132999,361.521,367.967,383.865,0,66.1769,5399.58,5427.55,8.51251,0,9.49751,0.886562,0.766284,175.424,172.157,0,9.49751,140819
1626.0,0.795747,1.02204,0.0474643,1.02204,122195,132944,361.496,367.925,383.848,0,66.141,5398.8,5427.55,8.51251,0,9.49014,0.887054,0.76625,175.487,172.212,0,9.49014,140759
1628.0,0.795772,1.02141,0.0474681,1.02141,122147,132887,361.471,367.884,383.831,0,66.1034,5398.37,5427.55,8.51251,0,9.48252,0.887544,0.766212,175.492,172.267,0,9.48252,140698
1630.0,0.795795,1.02079,0.0474716,1.02079,122099,132829,361.447,367.844,383.813,0,66.0642,5397.94,5427.55,8.51251,0,9.47467,0.888032,0.766171,175.464,172.321,0,9.47467,140636
1632.0,0.795814,1.02018,0.0474747,1.02018,122050,132772,361.422,367.804,383.795,0,66.0234,5397.4,5427.55,8.51251,0,9.4666,0.888518,0.766125,175.445,172.369,0,9.4666,140573
1634.0,0.795832,1.01957,0.0474764,1.01957,122001,132715,361.397,367.766,383.778,0,65.9812,5396.7,5427.55,8.51251,0,9.45837,0.889002,0.766075,175.422,172.415,0,9.45837,140512
1636.0,0.795846,1.01897,0.0474775,1.01897,121951,132659,361.372,367.728,383.76,0,65.938,5395.9,5427.55,8.51251,0,9.45005,0.889484,0.766022,175.382,172.458,0,9.45005,140452
1638.0,0.795857,1.01838,0.0474789,1.01838,121900,132606,361.346,367.691,383.743,0,65.8941,5394.98,5427.55,8.51251,0,9.44168,0.889964,0.765963,175.293,172.496,0,9.44168,140394
1640.0,0.795868,1.0178,0.047482,1.0178,121851,132554,361.321,367.653,383.726,0,65.8496,5393.83,5427.55,8.51251,0,9.43329,0.890442,0.7659,175.328,172.531,0,9.43329,140338
1642.0,0.795878,1.01723,0.0474856,1.01723,121803,132504,361.297,367.615,383.709,0,65.8047,5392.77,5427.55,8.51251,0,9.42489,0.890919,0.765833,175.335,172.566,0,9.42489,140284
1644.0,0.795886,1.01666,0.0474893,1.01666,121755,132454,361.272,367.577,383.693,0,65.7592,5391.71,5427.55,8.51251,0,9.41645,0.891393,0.765761,175.298,172.599,0,9.41645,140230
1646.0,0.795905,1.01609,0.0474923,1.01609,121717,132406,361.251,367.539,383.676,0,65.7131,5390.56,5427.55,8.51251,0,9.40792,0.891867,0.765688,175.631,172.635,0,9.40792,140177
1648.0,0.795929,1.01553,0.047495,1.01553,121683,132358,361.231,367.503,383.66,0,65.6632,5390.23,5427.55,8.51251,0,9.39889,0.892338,0.765611,175.685,172.686,0,9.39889,140126
1650.0,0.795948,1.01497,0.0474975,1.01497,121647,132311,361.21,367.467,383.644,0,65.6126,5390.25,5427.55,8.51251,0,9.38979,0.892808,0.76553,175.594,172.735,0,9.38979,140075
1652.0,0.795962,1.01442,0.0474992,1.01442,121609,132265,361.188,367.432,383.627,0,65.5611,5389.97,5427.55,8.51251,0,9.38061,0.893276,0.765445,175.555,172.775,0,9.38061,140024
1654.0,0.795974,1.01388,0.0475006,1.01388,121569,132219,361.166,367.398,383.611,0,65.5089,5389.4,5427.55,8.51251,0,9.37135,0.893741,0.765357,175.499,172.813,0,9.37135,139975
1656.0,0.795981,1.01334,0.0475017,1.01334,121527,132175,361.144,367.364,383.595,0,65.4561,5388.7,5427.55,8.51251,0,9.36206,0.894205,0.765264,175.4,172.846,0,9.36206,139927
1658.0,0.795982,1.01282,0.0475028,1.01282,121483,132133,361.121,367.33,383.58,0,65.4027,5387.7,5427.55,8.51251,0,9.35274,0.894667,0.765167,175.307,172.871,0,9.35274,139881
1660.0,0.79598,1.0123,0.0475043,1.0123,121437,132093,361.097,367.296,383.565,0,65.349,5386.4,5427.55,8.51251,0,9.34344,0.895126,0.765066,175.228,172.89,0,9.34344,139837
1662.0,0.795983,1.01179,0.0475065,1.01179,121397,132053,361.075,367.262,383.55,0,65.295,5384.89,5427.55,8.51251,0,9.33413,0.895584,0.764961,175.463,172.907,0,9.33413,139794
1664.0,0.795989,1.01129,0.0475092,1.01129,121360,132014,361.055,367.227,383.534,0,65.2406,5383.83,5427.55,8.51251,0,9.3248,0.896041,0.764851,175.391,172.937,0,9.3248,139751
1666.0,0.795995,1.0108,0.0475114,1.0108,121325,131976,361.034,367.192,383.519,0,65.1857,5382.98,5427.55,8.51251,0,9.31541,0.896495,0.764738,175.514,172.961,0,9.31541,139709
1668.0,0.796007,1.01031,0.0475136,1.01031,121294,131936,361.015,367.158,383.504,0,65.1301,5382.2,5427.55,8.51251,0,9.30593,0.896948,0.764621,175.569,172.994,0,9.30593,139666
1670.0,0.796016,1.00982,0.0475159,1.00982,121263,131897,360.996,367.125,383.488,0,65.0736,5381.78,5427.55,8.51251,0,9.29634,0.8974,0.7645,175.546,173.027,0,9.29634,139623
1672.0,0.796026,1.00934,0.047518,1.00934,121233,131857,360.977,367.093,383.472,0,65.0162,5381.28,5427.55,8.51251,0,9.28663,0.897849,0.764376,175.585,173.058,0,9.28663,139580
1674.0,0.796035,1.00887,0.0475197,1.00887,121203,131818,360.959,367.061,383.456,0,64.958,5380.79,5427.55,8.51251,0,9.27684,0.898297,0.764248,175.556,173.09,0,9.27684,139537
1676.0,0.796041,1.00841,0.0475205,1.00841,121172,131780,360.94,367.03,383.441,0,64.8992,5380.31,5427.55,8.51251,0,9.267,0.898743,0.764117,175.495,173.118,0,9.267,139496
1678.0,0.796044,1.00795,0.0475202,1.00795,121140,131744,360.921,366.999,383.425,0,64.8399,5379.6,5427.55,8.51251,0,9.25715,0.899186,0.763981,175.462,173.143,0,9.25715,139456
1680.0,0.796028,1.00753,0.0475205,1.00753,121095,131708,360.898,366.968,383.41,0,64.7803,5378.79,5427.55,8.51251,0,9.24735,0.899628,0.763837,174.926,173.157,0,9.24735,139418
1682.0,0.796001,1.00711,0.0475208,1.00711,121043,131673,360.873,366.936,383.394,0,64.7262,5376.74,5427.55,8.51251,0,9.23835,0.900066,0.763687,174.821,173.144,0,9.23835,139380
1684.0,0.795977,1.0067,0.0475212,1.0067,120995,131638,360.85,366.903,383.378,0,64.6714,5374.05,5427.55,8.51251,0,9.22928,0.900503,0.763534,174.855,173.129,0,9.22928,139342
1686.0,0.795953,1.00629,0.0475213,1.00629,120949,131603,360.827,366.87,383.363,0,64.6159,5371.57,5427.55,8.51251,0,9.22011,0.900939,0.763377,174.863,173.116,0,9.22011,139303
1688.0,0.79595,1.00587,0.047521,1.00587,120919,131568,360.808,366.836,383.347,0,64.5596,5369.14,5427.55,8.51251,0,9.2108,0.901373,0.763219,175.367,173.114,0,9.2108,139265
1690.0,0.795963,1.00544,0.0475207,1.00544,120903,131532,360.794,366.802,383.33,0,64.4996,5368.15,5427.55,8.51251,0,9.20096,0.901807,0.76306,175.69,173.14,0,9.20096,139226
1692.0,0.795987,1.00502,0.0475209,1.00502,120894,131496,360.782,366.771,383.314,0,64.4359,5368.29,5427.55,8.51251,0,9.19059,0.90224,0.762898,175.801,173.186,0,9.19059,139187
1694.0,0.796006,1.0046,0.0475215,1.0046,120882,131459,360.768,366.741,383.297,0,64.3717,5369.11,5427.55,8.51251,0,9.18014,0.90267,0.762734,175.71,173.231,0,9.18014,139147
1696.0,0.796016,1.00419,0.0475218,1.00419,120864,131422,360.754,366.714,383.281,0,64.3068,5369.58,5427.55,8.51251,0,9.16961,0.903099,0.762567,175.568,173.267,0,9.16961,139107
1698.0,0.79602,1.00379,0.0475223,1.00379,120842,131386,360.738,366.688,383.264,0,64.2414,5369.56,5427.55,8.51251,0,9.15906,0.903525,0.762396,175.453,173.293,0,9.15906,139069
1700.0,0.796015,1.0034,0.0475233,1.0034,120815,131354,360.72,366.663,383.249,0,64.1759,5369.07,5427.55,8.51251,0,9.14859,0.903949,0.762222,175.277,173.31,0,9.14859,139034
1702.0,0.796006,1.00301,0.0475242,1.00301,120784,131326,360.702,366.637,383.234,0,64.1108,5368.1,5427.55,8.51251,0,9.13827,0.904372,0.762043,175.179,173.319,0,9.13827,139002
1704.0,0.795997,1.00264,0.0475258,1.00264,120755,131301,360.684,366.611,383.22,38.1517,64.0464,5366.8,5427.55,8.51251,4.37601,9.12813,0.904792,0.761861,175.22,173.323,4.37601,9.12813,138974
1706.0,0.793989,1.00228,0.0475271,1.00228,120726,131278,360.667,366.583,383.206,38.2587,63.9827,5365.58,5427.55,8.51251,4.38791,9.11816,0.905212,0.761674,175.174,170.603,4.38791,9.11816,138949
1708.0,0.792072,1.00192,0.047528,1.00192,120697,131256,360.649,366.555,383.193,37.9629,63.9194,5364.3,5427.55,8.51251,4.35362,9.10828,0.905631,0.761484,175.173,168.021,4.35362,9.10828,138925
1710.0,0.79027,1.00157,0.0475286,1.00157,120672,131234,360.633,366.527,383.179,37.6804,63.8561,5362.98,5427.55,8.51251,4.32094,9.09842,0.906049,0.76129,175.329,165.601,4.32094,9.09842,138901
1712.0,0.788576,1.00123,0.0475288,1.00123,120652,131211,360.617,366.498,383.165,37.4159,63.7926,5361.98,5427.55,8.51251,4.29041,9.08852,0.906466,0.761093,175.364,163.341,4.29041,9.08852,138875
1714.0,0.78698,1.00089,0.0475275,1.00089,120634,131187,360.603,366.47,383.151,37.1683,63.7286,5361.36,5427.55,8.51251,4.26184,9.07853,0.906883,0.760893,175.417,161.22,4.26184,9.07853,138848
1716.0,0.785479,1.00055,0.0475202,1.00055,120619,131161,360.589,366.443,383.136,36.9359,63.6639,5360.82,5427.55,8.51251,4.2351,9.06844,0.907298,0.76069,175.557,159.234,4.2351,9.06844,138820
1718.0,0.784063,1.00021,0.047502,1.00021,120605,131134,360.576,366.417,383.121,36.7186,63.5986,5360.67,5427.55,8.51251,4.21009,9.05825,0.907712,0.760484,175.509,157.373,4.21009,9.05825,138791
1720.0,0.782727,0.999884,0.0474687,0.999884,120591,131108,360.563,366.393,383.105,36.5144,63.5327,5360.47,5427.55,8.51251,4.18657,9.048,0.908125,0.760275,175.511,155.623,4.18657,9.048,138762
1722.0,0.781464,0.999561,0.0474179,0.999561,120576,131081,360.549,366.371,383.09,36.3224,63.4666,5360.26,5427.55,8.51251,4.16445,9.03773,0.908537,0.760063,175.495,153.976,4.16445,9.03773,138733
1724.0,0.780272,0.999244,0.047349,0.999244,120561,131056,360.536,366.351,383.074,36.1417,63.4003,5359.96,5427.55,8.51251,4.14363,9.02747,0.908947,0.759848,175.527,152.426,4.14363,9.02747,138705
1726.0,0.779145,0.998934,0.0472636,0.998934,120546,131031,360.522,366.334,383.059,35.9718,63.334,5359.66,5427.55,8.51251,4.12404,9.01724,0.909356,0.759629,175.513,150.967,4.12404,9.01724,138678
1728.0,0.77808,0.998629,0.0471645,0.998629,120531,131007,360.509,366.318,383.044,35.8119,63.2678,5359.25,5427.55,8.51251,4.10559,9.00706,0.909763,0.759408,175.523,149.594,4.10559,9.00706,138652
1730.0,0.777078,0.998329,0.0470553,0.998329,120519,130984,360.496,366.305,383.029,35.6615,63.2015,5358.87,5427.55,8.51251,4.0883,8.99689,0.910169,0.759184,175.611,148.302,4.0883,8.99689,138627
1732.0,0.77613,0.998031,0.0469384,0.998031,120507,130961,360.484,366.295,383.014,35.5209,63.1349,5358.73,5427.55,8.51251,4.07211,8.98669,0.910574,0.758957,175.606,147.089,4.07211,8.98669,138602
1734.0,0.775234,0.997731,0.0468199,0.997731,120494,130938,360.471,366.287,382.999,35.3887,63.0675,5358.55,5427.55,8.51251,4.05689,8.97637,0.910977,0.758729,175.598,145.945,4.05689,8.97637,138577
1736.0,0.774388,0.997426,0.0466986,0.997426,120483,130915,360.459,366.282,382.984,35.2643,62.9986,5358.35,5427.55,8.51251,4.04259,8.96583,0.911378,0.7585,175.635,144.867,4.04259,8.96583,138551
1738.0,0.773587,0.997109,0.0465783,0.997109,120470,130892,360.446,366.279,382.968,35.1477,62.9273,5358.17,5427.55,8.51251,4.02914,8.95493,0.911777,0.758271,175.595,143.851,4.02914,8.95493,138526
1740.0,0.772829,0.996775,0.0464605,0.996775,120458,130868,360.434,366.278,382.953,35.0377,62.8526,5357.88,5427.55,8.51251,4.01647,8.94349,0.912175,0.758044,175.607,142.891,4.01647,8.94349,138500
1742.0,0.772111,0.996417,0.0463466,0.996417,120445,130845,360.421,366.28,382.938,34.9345,62.7731,5357.6,5427.55,8.51251,4.00456,8.93134,0.912571,0.757821,175.593,141.986,4.00456,8.93134,138474
1744.0,0.771435,0.996029,0.0462372,0.996029,120434,130822,360.409,366.283,382.923,34.8373,62.6873,5357.24,5427.55,8.51251,3.99337,8.91824,0.912966,0.757602,175.618,141.134,3.99337,8.91824,138448
1746.0,0.770793,0.995604,0.0461326,0.995604,120422,130799,360.397,366.287,382.909,34.7464,62.5939,5357.04,5427.55,8.51251,3.9829,8.90398,0.913359,0.75739,175.636,140.328,3.9829,8.90398,138422
1748.0,0.770188,0.995137,0.046033,0.995137,120412,130776,360.385,366.294,382.895,34.6609,62.4914,5356.76,5427.55,8.51251,3.97306,8.88835,0.91375,0.757187,175.659,139.569,3.97306,8.88835,138396
1750.0,0.769614,0.994625,0.0459381,0.994625,120401,130753,360.373,366.301,382.881,34.5809,62.3787,5356.57,5427.55,8.51251,3.96384,8.87118,0.914139,0.756992,175.622,138.853,3.96384,8.87118,138369
1752.0,0.769068,0.994065,0.0458479,0.994065,120388,130731,360.361,366.31,382.868,34.5056,62.2549,5356.28,5427.55,8.51251,3.95513,8.85234,0.914527,0.756808,175.616,138.174,3.95513,8.85234,138343
1754.0,0.76855,0.993455,0.0457623,0.993455,120375,130709,360.349,366.32,382.855,34.4345,62.1192,5355.86,5427.55,8.51251,3.94691,8.83172,0.914912,0.756636,175.556,137.532,3.94691,8.83172,138316
1756.0,0.76805,0.992809,0.0456809,0.992809,120354,130686,360.334,366.33,382.843,34.3676,61.9713,5355.37,5427.55,8.51251,3.93903,8.80928,0.915296,0.756473,175.276,136.92,3.93903,8.80928,138289
1758.0,0.767585,0.992085,0.0456032,0.992085,120342,130664,360.322,366.341,382.831,34.3027,61.8134,5354.19,5427.55,8.51251,3.93153,8.78528,0.915678,0.756327,175.668,136.333,3.93153,8.78528,138262
1760.0,0.767156,0.991316,0.0455294,0.991316,120338,130644,360.313,366.354,382.82,34.2438,61.6371,5353.68,5427.55,8.51251,3.92484,8.75859,0.916058,0.756195,175.783,135.8,3.92484,8.75859,138235
1762.0,0.766738,0.990517,0.0454594,0.990517,120326,130623,360.301,366.366,382.81,34.1908,61.4486,5353.94,5427.55,8.51251,3.91869,8.73011,0.916437,0.756073,175.521,135.294,3.91869,8.73011,138208
1764.0,0.766346,0.989661,0.0453933,0.989661,120316,130602,360.29,366.38,382.8,34.139,61.2509,5353.41,5427.55,8.51251,3.91273,8.70022,0.916814,0.755967,175.69,134.808,3.91273,8.70022,138181
1766.0,0.765969,0.98878,0.0453306,0.98878,120303,130581,360.277,366.395,382.79,34.0913,61.0385,5353.17,5427.55,8.51251,3.90717,8.66819,0.917188,0.755871,175.489,134.352,3.90717,8.66819,138154
1768.0,0.765614,0.987862,0.045271,0.987862,120292,130561,360.266,366.41,382.781,34.0455,60.8176,5352.52,5427.55,8.51251,3.90187,8.63489,0.917562,0.755788,175.493,133.917,3.90187,8.63489,138126
1770.0,0.765273,0.98691,0.0452145,0.98691,120278,130540,360.254,366.426,382.773,34.0031,60.5856,5352.06,5427.55,8.51251,3.89691,8.59997,0.917933,0.755718,175.41,133.504,3.89691,8.59997,138099
1772.0,0.764945,0.985926,0.0451609,0.985926,120261,130521,360.241,366.441,382.765,33.9626,60.3429,5351.31,5427.55,8.51251,3.89213,8.56347,0.918302,0.75566,175.338,133.107,3.89213,8.56347,138072
1774.0,0.764641,0.9849,0.0451101,0.9849,120250,130501,360.229,366.457,382.758,33.9239,60.0899,5350.28,5427.55,8.51251,3.88763,8.52546,0.918669,0.755617,175.571,132.73,3.88763,8.52546,138045
1776.0,0.764348,0.983863,0.045062,0.983863,120236,130483,360.217,366.472,382.751,33.889,59.8245,5349.73,5427.55,8.51251,3.88353,8.48567,0.919035,0.755583,175.412,132.38,3.88353,8.48567,138018
1778.0,0.764076,0.98279,0.0450163,0.98279,120227,130465,360.206,366.488,382.746,33.8556,59.5527,5348.92,5427.55,8.51251,3.87969,8.44493,0.919399,0.755563,175.585,132.046,3.87969,8.44493,137992
1780.0,0.76382,0.981697,0.0449723,0.981697,120220,130447,360.196,366.505,382.74,33.8257,59.2693,5348.55,5427.55,8.51251,3.87626,8.40253,0.919761,0.755555,175.584,131.737,3.87626,8.40253,137966
1782.0,0.763577,0.980587,0.0449304,0.980587,120213,130429,360.186,366.522,382.735,33.7982,58.9777,5348.29,5427.55,8.51251,3.87312,8.35894,0.920121,0.755559,175.583,131.445,3.87312,8.35894,137940
1784.0,0.763345,0.979463,0.0448911,0.979463,120205,130412,360.176,366.539,382.731,33.7728,58.6782,5348.06,5427.55,8.51251,3.8702,8.31423,0.92048,0.755573,175.55,131.167,3.8702,8.31423,137914
1786.0,0.763123,0.978327,0.0448542,0.978327,120196,130395,360.165,366.557,382.727,33.7489,58.3713,5347.73,5427.55,8.51251,3.86744,8.26846,0.920836,0.755598,175.499,130.902,3.86744,8.26846,137888
1788.0,0.762909,0.977183,0.0448194,0.977183,120185,130378,360.154,366.575,382.724,33.7263,58.0576,5347.26,5427.55,8.51251,3.86479,8.22174,0.921191,0.755634,175.44,130.649,3.86479,8.22174,137863
1790.0,0.762706,0.976032,0.0447863,0.976032,120174,130363,360.144,366.593,382.721,33.7048,57.7375,5346.63,5427.55,8.51251,3.86228,8.17414,0.921544,0.755679,175.401,130.407,3.86228,8.17414,137838
1792.0,0.762502,0.974891,0.0447549,0.974891,120156,130348,360.131,366.611,382.719,33.6849,57.4117,5346,5427.55,8.51251,3.85982,8.12575,0.921895,0.755731,175.186,130.171,3.85982,8.12575,137815
1794.0,0.762311,0.973747,0.0447251,0.973747,120141,130333,360.119,366.628,382.717,33.6643,57.083,5344.67,5427.55,8.51251,3.85734,8.077,0.922244,0.755792,175.235,129.943,3.85734,8.077,137791
1796.0,0.762132,0.972586,0.0446969,0.972586,120128,130318,360.107,366.644,382.715,33.6459,56.7493,5343.62,5427.55,8.51251,3.85514,8.02751,0.922591,0.755865,175.37,129.727,3.85514,8.02751,137768
1798.0,0.761969,0.971427,0.0446699,0.971427,120123,130304,360.098,366.661,382.714,33.6292,56.4077,5342.71,5427.55,8.51251,3.85325,7.97693,0.922937,0.755946,175.439,129.533,3.85325,7.97693,137744
1800.0,0.761814,0.970268,0.0446441,0.970268,120116,130290,360.088,366.677,382.714,33.6154,56.0616,5342.41,5427.55,8.51251,3.85169,7.92573,0.923281,0.756037,175.461,129.35,3.85169,7.92573,137721
1802.0,0.761667,0.969113,0.044619,0.969113,120110,130275,360.079,366.694,382.713,33.6027,55.7111,5342.06,5427.55,8.51251,3.85025,7.87394,0.923624,0.756136,175.448,129.177,3.85025,7.87394,137698
1804.0,0.761525,0.967961,0.0445954,0.967961,120103,130260,360.069,366.711,382.713,33.5912,55.3566,5341.75,5427.55,8.51251,3.84893,7.82159,0.923964,0.756243,175.41,129.012,3.84893,7.82159,137674
1806.0,0.761388,0.966816,0.0445726,0.966816,120096,130246,360.06,366.729,382.713,33.5803,54.9983,5341.28,5427.55,8.51251,3.84767,7.76874,0.924303,0.756359,175.387,128.854,3.84767,7.76874,137651
1808.0,0.761255,0.965678,0.0445509,0.965678,120086,130231,360.049,366.747,382.714,33.5702,54.6365,5340.79,5427.55,8.51251,3.84647,7.71545,0.92464,0.756482,175.29,128.701,3.84647,7.71545,137628
1810.0,0.761129,0.964549,0.0445305,0.964549,120077,130218,360.039,366.764,382.715,33.5603,54.2717,5340.06,5427.55,8.51251,3.84531,7.66177,0.924975,0.756613,175.331,128.554,3.84531,7.66177,137606
1812.0,0.761006,0.96343,0.0445114,0.96343,120067,130206,360.029,366.781,382.716,33.5516,53.9042,5339.43,5427.55,8.51251,3.84425,7.60778,0.925308,0.756751,175.228,128.414,3.84425,7.60778,137585
1814.0,0.76089,0.962324,0.0444935,0.962324,120057,130194,360.019,366.798,382.719,33.5432,53.5344,5338.64,5427.55,8.51251,3.84325,7.5535,0.92564,0.756896,175.281,128.279,3.84325,7.5535,137564
1816.0,0.760779,0.961229,0.0444766,0.961229,120049,130183,360.009,366.814,382.721,33.5358,53.1624,5337.93,5427.55,8.51251,3.84237,7.49897,0.92597,0.757048,175.269,128.151,3.84237,7.49897,137545
1818.0,0.760673,0.960147,0.0444608,0.960147,120040,130171,360,366.831,382.724,33.5291,52.7886,5337.23,5427.55,8.51251,3.84158,7.44421,0.926298,0.757206,175.258,128.03,3.84158,7.44421,137525
1820.0,0.76057,0.959079,0.0444457,0.959079,120030,130160,359.989,366.846,382.727,33.5231,52.4129,5336.54,5427.55,8.51251,3.84085,7.38926,0.926624,0.757372,175.171,127.914,3.84085,7.38926,137506
1822.0,0.760473,0.958026,0.0444315,0.958026,120023,130149,359.98,366.862,382.73,33.5174,52.0358,5335.73,5427.55,8.51251,3.84018,7.33412,0.926949,0.757543,175.247,127.802,3.84018,7.33412,137487
1824.0,0.760379,0.956987,0.0444178,0.956987,120014,130138,359.971,366.878,382.734,33.5127,51.6572,5335.11,5427.55,8.51251,3.83962,7.27884,0.927272,0.757721,175.239,127.695,3.83962,7.27884,137467
1826.0,0.760289,0.955963,0.0444044,0.955963,120006,130126,359.961,366.894,382.737,33.5084,51.2775,5334.37,5427.55,8.51251,3.83909,7.22344,0.927593,0.757905,175.237,127.594,3.83909,7.22344,137448
1828.0,0.760204,0.954956,0.0443916,0.954956,119998,130115,359.952,366.909,382.741,33.5046,50.8968,5333.67,5427.55,8.51251,3.83865,7.16794,0.927913,0.758095,175.232,127.497,3.83865,7.16794,137429
1830.0,0.76012,0.953966,0.0443792,0.953966,119990,130104,359.942,366.924,382.745,33.5015,50.5153,5333,5427.55,8.51251,3.83825,7.11238,0.928231,0.758291,175.144,127.405,3.83825,7.11238,137410
1832.0,0.760042,0.952993,0.0443674,0.952993,119984,130093,359.934,366.94,382.75,33.4984,50.1332,5332.21,5427.55,8.51251,3.83791,7.05679,0.928547,0.758493,175.167,127.318,3.83791,7.05679,137392
1834.0,0.759966,0.952038,0.0443563,0.952038,119976,130082,359.925,366.955,382.755,33.4964,49.7507,5331.66,5427.55,8.51251,3.83768,7.0012,0.928861,0.7587,175.14,127.234,3.83768,7.0012,137373
1836.0,0.759892,0.951102,0.0443456,0.951102,119969,130071,359.915,366.97,382.76,33.4945,49.368,5330.97,5427.55,8.51251,3.83744,6.94563,0.929174,0.758912,175.109,127.152,3.83744,6.94563,137355
1838.0,0.759821,0.950185,0.0443355,0.950185,119962,130061,359.907,366.985,382.765,33.4928,48.9853,5330.24,5427.55,8.51251,3.83724,6.89011,0.929485,0.75913,175.118,127.074,3.83724,6.89011,137338
1840.0,0.75974,0.949314,0.0443255,0.949314,119945,130050,359.895,366.998,382.77,33.4916,48.6028,5329.55,5427.55,8.51251,3.83693,6.83471,0.929794,0.759347,174.73,126.994,3.83693,6.83471,137321
1842.0,0.759652,0.948462,0.0443156,0.948462,119921,130039,359.881,367.012,382.775,33.4881,48.2261,5327.95,5427.55,8.51251,3.83625,6.78016,0.930101,0.759569,174.56,126.899,3.83625,6.78016,137303
1844.0,0.759568,0.947628,0.0443058,0.947628,119899,130027,359.868,367.024,382.78,33.4829,47.8495,5325.71,5427.55,8.51251,3.83541,6.72567,0.930407,0.759795,174.592,126.804,3.83541,6.72567,137284
1846.0,0.759493,0.946813,0.0442963,0.946813,119883,130014,359.857,367.035,382.785,33.4784,47.4733,5323.63,5427.55,8.51251,3.83474,6.67127,0.930711,0.760026,174.694,126.718,3.83474,6.67127,137265
1848.0,0.759423,0.946018,0.0442871,0.946018,119870,130001,359.846,367.045,382.79,33.4755,47.0978,5322.05,5427.55,8.51251,3.8343,6.617,0.931013,0.760261,174.695,126.641,3.8343,6.617,137246
1850.0,0.759358,0.945241,0.0442784,0.945241,119860,129986,359.837,367.055,382.795,33.4733,46.7228,5320.64,5427.55,8.51251,3.83399,6.56284,0.931314,0.760501,174.731,126.569,3.83399,6.56284,137225
1852.0,0.759296,0.944482,0.04427,0.944482,119850,129971,359.827,367.066,382.8,33.4721,46.3485,5319.47,5427.55,8.51251,3.83379,6.5088,0.931613,0.760745,174.687,126.502,3.83379,6.5088,137204
1854.0,0.759235,0.943743,0.0442621,0.943743,119840,129954,359.818,367.077,382.805,33.4712,45.9749,5318.37,5427.55,8.51251,3.83363,6.45489,0.931911,0.760994,174.672,126.436,3.83363,6.45489,137181
1856.0,0.759177,0.943023,0.0442544,0.943023,119831,129936,359.809,367.088,382.809,33.4704,45.602,5317.2,5427.55,8.51251,3.83349,6.40113,0.932207,0.761247,174.67,126.373,3.83349,6.40113,137158
1858.0,0.759123,0.942317,0.0442471,0.942317,119825,129919,359.801,367.1,382.814,33.4699,45.2303,5316.13,5427.55,8.51251,3.83344,6.34756,0.932502,0.761505,174.741,126.313,3.83344,6.34756,137135
1860.0,0.759078,0.941627,0.0442398,0.941627,119823,129903,359.794,367.112,382.819,33.4703,44.8585,5315.25,5427.55,8.51251,3.83355,6.29404,0.932795,0.761769,174.866,126.261,3.83355,6.29404,137114
1862.0,0.75904,0.94096,0.0442328,0.94096,119827,129888,359.788,367.124,382.825,33.472,44.4872,5314.81,5427.55,8.51251,3.8339,6.24066,0.933087,0.762037,174.953,126.22,3.8339,6.24066,137094
1864.0,0.759003,0.940317,0.0442264,0.940317,119830,129875,359.783,367.137,382.832,33.4753,44.1178,5314.81,5427.55,8.51251,3.83442,6.18761,0.933377,0.762308,174.928,126.183,3.83442,6.18761,137076
1866.0,0.758964,0.939697,0.0442206,0.939697,119831,129864,359.777,367.15,382.839,33.4787,43.7504,5314.82,5427.55,8.51251,3.83492,6.13493,0.933666,0.762583,174.839,126.146,3.83492,6.13493,137060
1868.0,0.758921,0.939101,0.0442153,0.939101,119827,129854,359.769,367.164,382.847,33.4815,43.3853,5314.57,5427.55,8.51251,3.83527,6.08262,0.933953,0.762862,174.699,126.104,3.83527,6.08262,137045
1870.0,0.758871,0.938528,0.0442104,0.938528,119817,129845,359.76,367.178,382.855,33.4833,43.0226,5313.89,5427.55,8.51251,3.83542,6.0307,0.934238,0.763144,174.54,126.056,3.83542,6.0307,137032
1872.0,0.758824,0.93798,0.0442054,0.93798,119809,129838,359.752,367.191,382.864,33.4838,42.6624,5312.76,5427.55,8.51251,3.83544,5.97921,0.934522,0.763429,174.556,126.005,3.83544,5.97921,137021
1874.0,0.758777,0.937455,0.0442002,0.937455,119801,129833,359.743,367.203,382.873,33.4845,42.3048,5311.67,5427.55,8.51251,3.83548,5.92815,0.934804,0.763716,174.534,125.957,3.83548,5.92815,137012
1876.0,0.758732,0.936953,0.0441948,0.936953,119793,129829,359.735,367.215,382.883,33.4853,41.9497,5310.59,5427.55,8.51251,3.83555,5.8775,0.935085,0.764007,174.53,125.91,3.83555,5.8775,137003
1878.0,0.758689,0.936473,0.0441896,0.936473,119787,129825,359.727,367.226,382.893,33.4864,41.5972,5309.57,5427.55,8.51251,3.83566,5.82725,0.935364,0.764301,174.516,125.865,3.83566,5.82725,136995
1880.0,0.758646,0.936014,0.0441848,0.936014,119779,129820,359.718,367.237,382.903,33.4877,41.2472,5308.62,5427.55,8.51251,3.83578,5.77738,0.935642,0.764598,174.432,125.822,3.83578,5.77738,136987
1882.0,0.758606,0.935576,0.0441804,0.935576,119774,129814,359.711,367.247,382.912,33.4888,40.8996,5307.59,5427.55,8.51251,3.83592,5.72788,0.935918,0.764899,174.462,125.78,3.83592,5.72788,136978
1884.0,0.758566,0.935158,0.0441765,0.935158,119768,129808,359.703,367.258,382.922,33.4904,40.5544,5306.71,5427.55,8.51251,3.83611,5.67874,0.936193,0.765202,174.47,125.738,3.83611,5.67874,136969
1886.0,0.75853,0.934761,0.0441729,0.934761,119765,129801,359.696,367.268,382.932,33.492,40.2116,5305.8,5427.55,8.51251,3.83633,5.62996,0.936466,0.765508,174.52,125.7,3.83633,5.62996,136958
1888.0,0.758498,0.934384,0.0441694,0.934384,119765,129794,359.69,367.279,382.941,33.4942,39.8713,5305.09,5427.55,8.51251,3.83667,5.58156,0.936738,0.765817,174.585,125.666,3.83667,5.58156,136948
1890.0,0.758472,0.934027,0.044166,0.934027,119768,129786,359.685,367.29,382.951,33.4973,39.5335,5304.66,5427.55,8.51251,3.83716,5.53355,0.937009,0.76613,174.675,125.639,3.83716,5.53355,136938
1892.0,0.75845,0.933692,0.0441627,0.933692,119774,129779,359.681,367.3,382.961,33.5014,39.1984,5304.54,5427.55,8.51251,3.83781,5.48596,0.937279,0.766444,174.74,125.617,3.83781,5.48596,136928
1894.0,0.758428,0.933377,0.0441598,0.933377,119779,129772,359.676,367.312,382.971,33.5063,38.8662,5304.68,5427.55,8.51251,3.83853,5.4388,0.937546,0.766762,174.65,125.599,3.83853,5.4388,136918
1896.0,0.758405,0.933085,0.0441571,0.933085,119783,129766,359.672,367.324,382.981,33.5109,38.537,5304.71,5427.55,8.51251,3.83922,5.39211,0.937813,0.767082,174.671,125.577,3.83922,5.39211,136910
1898.0,0.758379,0.932814,0.0441545,0.932814,119784,129761,359.666,367.336,382.992,33.5154,38.2109,5304.66,5427.55,8.51251,3.83984,5.3459,0.938078,0.767404,174.584,125.555,3.83984,5.3459,136903
1900.0,0.758348,0.932566,0.0441517,0.932566,119780,129757,359.659,367.347,383.003,33.5193,37.8881,5304.37,5427.55,8.51251,3.84032,5.30021,0.938341,0.767728,174.452,125.528,3.84032,5.30021,136897
1902.0,0.758311,0.932339,0.0441484,0.932339,119772,129755,359.651,367.359,383.015,33.5221,37.5688,5303.7,5427.55,8.51251,3.84059,5.25505,0.938603,0.768055,174.296,125.494,3.84059,5.25505,136893
1904.0,0.758276,0.932135,0.0441444,0.932135,119766,129754,359.644,367.37,383.027,33.5236,37.253,5302.59,5427.55,8.51251,3.84075,5.21042,0.938864,0.768383,174.34,125.458,3.84075,5.21042,136890
1906.0,0.758243,0.931952,0.0441398,0.931952,119760,129754,359.636,367.38,383.04,33.5254,36.9408,5301.61,5427.55,8.51251,3.84096,5.16633,0.939123,0.768713,174.343,125.424,3.84096,5.16633,136888
1908.0,0.75821,0.931789,0.0441352,0.931789,119755,129753,359.629,367.39,383.052,33.5274,36.6321,5300.7,5427.55,8.51251,3.84119,5.12277,0.93938,0.769046,174.272,125.393,3.84119,5.12277,136887
1910.0,0.758179,0.931646,0.0441319,0.931646,119751,129753,359.622,367.399,383.065,33.5295,36.3269,5299.79,5427.55,8.51251,3.84144,5.07971,0.939637,0.76938,174.304,125.361,3.84144,5.07971,136885
1912.0,0.758153,0.931522,0.0441286,0.931522,119750,129751,359.617,367.408,383.077,33.5319,36.0249,5299,5427.55,8.51251,3.84179,5.03712,0.939892,0.769716,174.387,125.333,3.84179,5.03712,136882
1914.0,0.758119,0.931422,0.0441257,0.931422,119743,129748,359.609,367.417,383.089,33.535,35.7263,5298.49,5427.55,8.51251,3.84213,4.99501,0.940145,0.770053,174.189,125.305,3.84213,4.99501,136878
1916.0,0.758092,0.931334,0.0441229,0.931334,119741,129744,359.603,367.426,383.101,33.5367,35.4322,5297.44,5427.55,8.51251,3.84237,4.95355,0.940398,0.770393,174.319,125.275,3.84237,4.95355,136874
1918.0,0.75807,0.931265,0.0441205,0.931265,119743,129740,359.598,367.435,383.113,33.5395,35.14,5296.81,5427.55,8.51251,3.84281,4.91238,0.940649,0.770735,174.437,125.251,3.84281,4.91238,136868
1920.0,0.758054,0.931214,0.0441186,0.931214,119750,129735,359.594,367.444,383.124,33.5433,34.8513,5296.53,5427.55,8.51251,3.84343,4.87171,0.940899,0.771079,174.55,125.235,3.84343,4.87171,136863
1922.0,0.758039,0.931181,0.044117,0.931181,119756,129730,359.591,367.453,383.136,33.5484,34.5661,5296.65,5427.55,8.51251,3.84419,4.83154,0.941148,0.771425,174.58,125.222,3.84419,4.83154,136858
1924.0,0.758021,0.931167,0.0441156,0.931167,119760,129726,359.586,367.462,383.148,33.5535,34.2845,5296.79,5427.55,8.51251,3.84492,4.79191,0.941395,0.771772,174.448,125.21,3.84492,4.79191,136853
1926.0,0.758005,0.931172,0.0441143,0.931172,119764,129722,359.582,367.472,383.16,33.5579,34.0065,5296.67,5427.55,8.51251,3.84558,4.75281,0.941641,0.772121,174.476,125.195,3.84558,4.75281,136849
1928.0,0.757984,0.931197,0.0441128,0.931197,119765,129719,359.577,367.482,383.173,33.5626,33.7323,5296.65,5427.55,8.51251,3.84621,4.71428,0.941886,0.772471,174.368,125.179,3.84621,4.71428,136846
1930.0,0.757957,0.93124,0.0441109,0.93124,119761,129717,359.571,367.492,383.186,33.5665,33.462,5296.33,5427.55,8.51251,3.84667,4.67632,0.942129,0.772823,174.214,125.157,3.84667,4.67632,136845
1932.0,0.757925,0.931302,0.0441085,0.931302,119753,129716,359.563,367.502,383.199,33.569,33.1957,5295.55,5427.55,8.51251,3.84692,4.63896,0.94237,0.773175,174.138,125.127,3.84692,4.63896,136844
1934.0,0.757893,0.931384,0.0441057,0.931384,119746,129716,359.556,367.511,383.212,33.5705,32.9336,5294.43,5427.55,8.51251,3.84704,4.60221,0.942611,0.773529,174.075,125.096,3.84704,4.60221,136845
1936.0,0.757861,0.931483,0.0441024,0.931483,119738,129717,359.548,367.519,383.226,33.5719,32.6755,5293.3,5427.55,8.51251,3.84715,4.56604,0.94285,0.773883,174.056,125.064,3.84715,4.56604,136846
1938.0,0.757831,0.9316,0.0440989,0.9316,119732,129717,359.541,367.526,383.24,33.5731,32.4215,5292.15,5427.55,8.51251,3.84728,4.53046,0.943088,0.774239,174.077,125.034,3.84728,4.53046,136847
1940.0,0.757804,0.931733,0.0440957,0.931733,119728,129717,359.535,367.533,383.253,33.5748,32.1714,5291.14,5427.55,8.51251,3.84749,4.49543,0.943325,0.774596,174.118,125.006,3.84749,4.49543,136847
1942.0,0.757776,0.931881,0.044093,0.931881,119723,129715,359.528,367.539,383.266,33.577,31.925,5290.34,5427.55,8.51251,3.84774,4.46093,0.94356,0.774955,174.039,124.98,3.84774,4.46093,136847
1944.0,0.757754,0.932044,0.0440908,0.932044,119723,129712,359.523,367.546,383.279,33.5787,31.6822,5289.4,5427.55,8.51251,3.84801,4.42694,0.943794,0.775314,174.146,124.957,3.84801,4.42694,136845
1946.0,0.757736,0.932221,0.0440892,0.932221,119726,129708,359.519,367.553,383.292,33.5818,31.4431,5288.91,5427.55,8.51251,3.84849,4.39345,0.944028,0.775675,174.251,124.938,3.84849,4.39345,136842
1948.0,0.757725,0.932413,0.0440879,0.932413,119734,129703,359.516,367.56,383.304,33.5855,31.2076,5288.69,5427.55,8.51251,3.84912,4.36048,0.94426,0.776037,174.392,124.926,3.84912,4.36048,136838
1950.0,0.757711,0.932621,0.044087,0.932621,119739,129698,359.512,367.568,383.317,33.5906,30.9758,5288.91,5427.55,8.51251,3.84987,4.32804,0.944491,0.7764,174.283,124.918,3.84987,4.32804,136835
1952.0,0.757696,0.932843,0.0440863,0.932843,119742,129693,359.509,367.576,383.329,33.5951,30.7478,5288.9,5427.55,8.51251,3.85051,4.29615,0.94472,0.776764,174.243,124.906,3.85051,4.29615,136831
1954.0,0.757681,0.933081,0.0440854,0.933081,119746,129689,359.505,367.584,383.342,33.5992,30.5238,5288.77,5427.55,8.51251,3.85112,4.26484,0.944949,0.777129,174.194,124.895,3.85112,4.26484,136829
1956.0,0.757666,0.933335,0.0440843,0.933335,119750,129686,359.501,367.593,383.355,33.6033,30.3039,5288.65,5427.55,8.51251,3.85172,4.23412,0.945176,0.777495,174.278,124.88,3.85172,4.23412,136828
1958.0,0.757651,0.933606,0.0440827,0.933606,119754,129684,359.497,367.601,383.369,33.6075,30.0882,5288.53,5427.55,8.51251,3.85234,4.20402,0.945402,0.777861,174.255,124.869,3.85234,4.20402,136828
1960.0,0.757634,0.933892,0.0440806,0.933892,119756,129684,359.493,367.609,383.383,33.6117,29.8768,5288.47,5427.55,8.51251,3.85293,4.17455,0.945627,0.778228,174.172,124.856,3.85293,4.17455,136830
1962.0,0.75761,0.934194,0.0440783,0.934194,119752,129684,359.486,367.617,383.397,33.6154,29.6698,5288.19,5427.55,8.51251,3.85336,4.1457,0.94585,0.778595,173.975,124.838,3.85336,4.1457,136833
1964.0,0.757583,0.934498,0.0440757,0.934498,119746,129685,359.48,367.625,383.412,33.6175,29.4671,5287.38,5427.55,8.51251,3.85358,4.11747,0.946072,0.778965,174.104,124.808,3.85358,4.11747,136836
1966.0,0.757578,0.934811,0.044073,0.934811,119757,129688,359.478,367.633,383.427,33.6191,29.266,5286.44,5427.55,8.51251,3.85401,4.08947,0.946294,0.779337,174.509,124.795,3.85401,4.08947,136841
1968.0,0.757575,0.935145,0.04407,0.935145,119769,129691,359.477,367.64,383.442,33.625,29.0679,5286.96,5427.55,8.51251,3.85495,4.06192,0.946514,0.779708,174.427,124.8,3.85495,4.06192,136846
1970.0,0.757564,0.935491,0.0440671,0.935491,119774,129693,359.473,367.648,383.457,33.6313,28.8754,5287.63,5427.55,8.51251,3.85583,4.03514,0.946733,0.780081,174.243,124.796,3.85583,4.03514,136851
1972.0,0.757553,0.93585,0.0440646,0.93585,119779,129696,359.47,367.656,383.472,33.6358,28.6867,5287.65,5427.55,8.51251,3.85651,4.00892,0.946951,0.780453,174.296,124.787,3.85651,4.00892,136856
1974.0,0.757542,0.936221,0.0440625,0.936221,119784,129698,359.467,367.665,383.486,33.6405,28.5019,5287.75,5427.55,8.51251,3.8572,3.98324,0.947168,0.780827,174.295,124.78,3.8572,3.98324,136860
1976.0,0.75753,0.936604,0.0440607,0.936604,119788,129700,359.463,367.673,383.501,33.6452,28.3211,5287.83,5427.55,8.51251,3.85787,3.95813,0.947384,0.781201,174.254,124.772,3.85787,3.95813,136865
1978.0,0.757519,0.937,0.0440591,0.937,119793,129703,359.46,367.682,383.517,33.6496,28.1444,5287.8,5427.55,8.51251,3.85852,3.9336,0.947598,0.781575,174.235,124.764,3.85852,3.9336,136871
1980.0,0.757508,0.937409,0.0440571,0.937409,119798,129706,359.457,367.69,383.532,33.6541,27.9717,5287.85,5427.55,8.51251,3.85919,3.90966,0.947812,0.78195,174.243,124.756,3.85919,3.90966,136878
1982.0,0.757499,0.93783,0.0440552,0.93783,119803,129710,359.454,367.698,383.548,33.6587,27.8033,5287.89,5427.55,8.51251,3.85987,3.88631,0.948024,0.782325,174.276,124.749,3.85987,3.88631,136885
1984.0,0.757489,0.938262,0.0440533,0.938262,119808,129715,359.45,367.706,383.563,33.6635,27.6389,5288.02,5427.55,8.51251,3.86057,3.86354,0.948236,0.782701,174.368,124.74,3.86057,3.86354,136892
1986.0,0.75748,0.938704,0.0440515,0.938704,119813,129719,359.447,367.714,383.579,33.6682,27.4784,5288.12,5427.55,8.51251,3.86126,3.84133,0.948446,0.783077,174.383,124.734,3.86126,3.84133,136900
1988.0,0.757468,0.939156,0.0440498,0.939156,119816,129724,359.444,367.721,383.595,33.673,27.3218,5288.25,5427.55,8.51251,3.86192,3.81965,0.948655,0.783453,174.258,124.728,3.86192,3.81965,136908
1990.0,0.757458,0.939616,0.0440481,0.939616,119820,129728,359.44,367.729,383.611,33.6772,27.1688,5288.15,5427.55,8.51251,3.86254,3.7985,0.948863,0.78383,174.266,124.721,3.86254,3.7985,136916
1992.0,0.75745,0.940082,0.0440465,0.940082,119825,129733,359.437,367.737,383.626,33.6818,27.0196,5288.22,5427.55,8.51251,3.86322,3.77788,0.94907,0.784208,174.316,124.714,3.86322,3.77788,136924
1994.0,0.75744,0.94056,0.044045,0.94056,119830,129737,359.434,367.744,383.642,33.6867,26.8732,5288.38,5427.55,8.51251,3.86393,3.75765,0.949276,0.784586,174.321,124.708,3.86393,3.75765,136932
1996.0,0.757433,0.941047,0.0440435,0.941047,119835,129742,359.431,367.752,383.658,33.6914,26.7312,5288.46,5427.55,8.51251,3.86462,3.73804,0.949481,0.784964,174.421,124.701,3.86462,3.73804,136940
1998.0,0.757423,0.941541,0.0440422,0.941541,119838,129746,359.428,367.759,383.674,33.6964,26.5927,5288.66,5427.55,8.51251,3.86531,3.71893,0.949684,0.785343,174.303,124.697,3.86531,3.71893,136948
2000.0,0.757415,0.942044,0.044041,0.942044,119844,129751,359.425,367.766,383.69,33.7008,26.4579,5288.65,5427.55,8.51251,3.86597,3.70033,0.949887,0.785723,174.32,124.693,3.86597,3.70033,136956
2002.0,0.757409,0.942554,0.0440399,0.942554,119850,129755,359.422,367.774,383.706,33.7059,26.3267,5288.87,5427.55,8.51251,3.86671,3.68224,0.950089,0.786102,174.452,124.686,3.86671,3.68224,136964
2004.0,0.757399,0.943072,0.044039,0.943072,119853,129759,359.418,367.781,383.722,33.711,26.1991,5289.09,5427.55,8.51251,3.86741,3.66465,0.950289,0.786483,174.321,124.683,3.86741,3.66465,136972
2006.0,0.757392,0.943597,0.0440382,0.943597,119857,129764,359.415,367.788,383.738,33.7155,26.0751,5289.09,5427.55,8.51251,3.86807,3.64757,0.950489,0.786863,174.328,124.679,3.86807,3.64757,136981
2008.0,0.757383,0.94413,0.0440374,0.94413,119861,129768,359.412,367.795,383.754,33.7204,25.9547,5289.27,5427.55,8.51251,3.86876,3.631,0.950688,0.787244,174.4,124.672,3.86876,3.631,136989
2010.0,0.757374,0.94467,0.0440367,0.94467,119864,129773,359.409,367.802,383.77,33.7251,25.8379,5289.33,5427.55,8.51251,3.86941,3.61494,0.950885,0.787624,174.407,124.666,3.86941,3.61494,136997
2012.0,0.757366,0.945217,0.044036,0.945217,119867,129777,359.405,367.808,383.786,33.7297,25.7248,5289.41,5427.55,8.51251,3.87006,3.59939,0.951082,0.788006,174.41,124.661,3.87006,3.59939,137006
2014.0,0.757357,0.945771,0.0440353,0.945771,119869,129782,359.402,367.815,383.802,33.7344,25.6152,5289.43,5427.55,8.51251,3.87069,3.58434,0.951277,0.788387,174.306,124.659,3.87069,3.58434,137014
2016.0,0.757348,0.946332,0.0440346,0.946332,119871,129786,359.398,367.821,383.818,33.7389,25.5092,5289.38,5427.55,8.51251,3.8713,3.56979,0.951472,0.788769,174.345,124.651,3.8713,3.56979,137023
2018.0,0.757337,0.946898,0.0440338,0.946898,119871,129790,359.394,367.827,383.834,33.7433,25.4067,5289.25,5427.55,8.51251,3.87187,3.55573,0.951665,0.78915,174.327,124.644,3.87187,3.55573,137031
2020.0,0.757326,0.94747,0.0440331,0.94747,119871,129794,359.39,367.833,383.85,33.7475,25.3076,5289.07,5427.55,8.51251,3.87242,3.54216,0.951858,0.789532,174.308,124.636,3.87242,3.54216,137039
2022.0,0.757314,0.948048,0.0440322,0.948048,119871,129798,359.385,367.839,383.865,33.7515,25.2121,5288.84,5427.55,8.51251,3.87293,3.52908,0.95205,0.789914,174.299,124.627,3.87293,3.52908,137047
2024.0,0.757304,0.948631,0.0440313,0.948631,119871,129801,359.381,367.844,383.881,33.7554,25.12,5288.59,5427.55,8.51251,3.87345,3.51647,0.95224,0.790297,174.319,124.618,3.87345,3.51647,137055
2026.0,0.757296,0.949219,0.0440305,0.949219,119874,129804,359.378,367.85,383.897,33.7594,25.0312,5288.4,5427.55,8.51251,3.87402,3.50434,0.95243,0.790679,174.402,124.611,3.87402,3.50434,137062
2028.0,0.757291,0.949811,0.0440297,0.949811,119879,129807,359.375,367.855,383.912,33.7641,24.9458,5288.44,5427.55,8.51251,3.87469,3.49267,0.952619,0.791062,174.386,124.61,3.87469,3.49267,137069
2030.0,0.757288,0.950409,0.0440292,0.950409,119885,129809,359.373,367.86,383.928,33.7691,24.8637,5288.62,5427.55,8.51251,3.87543,3.48147,0.952806,0.791445,174.554,124.606,3.87543,3.48147,137076
2032.0,0.757285,0.951011,0.044029,0.951011,119890,129810,359.37,367.866,383.943,33.7746,24.785,5288.94,5427.55,8.51251,3.87622,3.47073,0.952993,0.791828,174.493,124.609,3.87622,3.47073,137082
2034.0,0.757282,0.951618,0.0440289,0.951618,119896,129812,359.368,367.872,383.958,33.7801,24.7095,5289.26,5427.55,8.51251,3.877,3.46046,0.953179,0.79221,174.499,124.61,3.877,3.46046,137088
2036.0,0.757278,0.952229,0.044029,0.952229,119901,129814,359.365,367.878,383.974,33.7856,24.6375,5289.58,5427.55,8.51251,3.87778,3.45066,0.953364,0.792593,174.494,124.611,3.87778,3.45066,137094
2038.0,0.757274,0.952846,0.0440288,0.952846,119906,129816,359.363,367.884,383.989,33.7911,24.5689,5289.87,5427.55,8.51251,3.87854,3.44135,0.953548,0.792976,174.476,124.61,3.87854,3.44135,137101
2040.0,0.757268,0.953468,0.0440284,0.953468,119909,129819,359.36,367.89,384.005,33.7962,24.5038,5290.1,5427.55,8.51251,3.87924,3.43254,0.953731,0.793358,174.45,124.608,3.87924,3.43254,137108
2042.0,0.757263,0.954095,0.0440278,0.954095,119913,129822,359.357,367.896,384.021,33.8011,24.4421,5290.2,5427.55,8.51251,3.87993,3.42422,0.953914,0.793741,174.427,124.608,3.87993,3.42422,137116
2044.0,0.757256,0.954726,0.044027,0.954726,119915,129826,359.353,367.902,384.037,33.8063,24.384,5290.41,5427.55,8.51251,3.88061,3.41639,0.954095,0.794122,174.358,124.606,3.88061,3.41639,137125
2046.0,0.757244,0.955361,0.0440261,0.955361,119913,129831,359.349,367.907,384.053,33.8108,24.3293,5290.41,5427.55,8.51251,3.88117,3.40905,0.954275,0.794504,174.328,124.597,3.88117,3.40905,137134
2048.0,0.757228,0.956,0.0440252,0.956,119908,129835,359.344,367.912,384.069,33.8145,24.2778,5290.13,5427.55,8.51251,3.88158,3.40217,0.954454,0.794886,174.277,124.584,3.88158,3.40217,137143
2050.0,0.757214,0.956641,0.0440242,0.956641,119905,129839,359.339,367.917,384.085,33.8173,24.2296,5289.55,5427.55,8.51251,3.88191,3.39574,0.954632,0.795267,174.281,124.572,3.88191,3.39574,137152
2052.0,0.757198,0.957285,0.0440232,0.957285,119901,129843,359.334,367.921,384.101,33.8204,24.1846,5289.1,5427.55,8.51251,3.88225,3.38976,0.95481,0.795648,174.181,124.56,3.88225,3.38976,137160
2054.0,0.757184,0.95793,0.0440223,0.95793,119898,129846,359.329,367.924,384.117,33.8232,24.1426,5288.54,5427.55,8.51251,3.88258,3.38419,0.954986,0.796029,174.211,124.547,3.88258,3.38419,137168
2056.0,0.757175,0.958577,0.0440216,0.958577,119899,129848,359.326,367.928,384.132,33.8262,24.1036,5288.11,5427.55,8.51251,3.883,3.37903,0.955162,0.79641,174.343,124.536,3.883,3.37903,137175
2058.0,0.757173,0.959224,0.0440212,0.959224,119905,129849,359.324,367.931,384.147,33.8302,24.0673,5287.99,5427.55,8.51251,3.88362,3.37426,0.955337,0.796791,174.578,124.532,3.88362,3.37426,137181
2060.0,0.757174,0.959872,0.0440213,0.959872,119914,129850,359.322,367.935,384.162,33.8357,24.0338,5288.38,5427.55,8.51251,3.88444,3.36986,0.955511,0.797172,174.602,124.537,3.88444,3.36986,137186
2062.0,0.757173,0.960522,0.0440218,0.960522,119920,129849,359.32,367.939,384.177,33.8417,24.0031,5288.98,5427.55,8.51251,3.88529,3.36585,0.955685,0.797553,174.528,124.542,3.88529,3.36585,137191
2064.0,0.757171,0.961172,0.0440227,0.961172,119926,129849,359.318,367.944,384.192,33.8473,23.9752,5289.39,5427.55,8.51251,3.88608,3.36224,0.955857,0.797933,174.572,124.543,3.88608,3.36224,137195
2066.0,0.75717,0.961825,0.0440235,0.961825,119932,129848,359.316,367.949,384.206,33.8528,23.9501,5289.79,5427.55,8.51251,3.88686,3.35902,0.956028,0.798314,174.549,124.546,3.88686,3.35902,137199
2068.0,0.757165,0.96248,0.044024,0.96248,119935,129849,359.313,367.954,384.221,33.8582,23.928,5290.18,5427.55,8.51251,3.88761,3.35622,0.956199,0.798693,174.497,124.546,3.88761,3.35622,137205
2070.0,0.757159,0.963137,0.0440255,0.963137,119937,129850,359.31,367.959,384.236,33.8632,23.909,5290.37,5427.55,8.51251,3.88825,3.35387,0.956369,0.799073,174.492,124.543,3.88825,3.35387,137211
2072.0,0.757151,0.963798,0.0440257,0.963798,119938,129852,359.307,367.964,384.252,33.8676,23.8932,5290.39,5427.55,8.51251,3.88884,3.35198,0.956538,0.799451,174.438,124.54,3.88884,3.35198,137218
2074.0,0.757137,0.96446,0.044025,0.96446,119934,129855,359.302,367.968,384.267,33.8719,23.8806,5290.37,5427.55,8.51251,3.88932,3.35055,0.956706,0.799829,174.265,124.532,3.88932,3.35055,137226
2076.0,0.75712,0.965123,0.0440238,0.965123,119927,129859,359.297,367.972,384.283,33.8749,23.8711,5289.89,5427.55,8.51251,3.88962,3.34954,0.956872,0.800207,174.241,124.517,3.88962,3.34954,137235
2078.0,0.757106,0.965785,0.0440214,0.965785,119923,129863,359.292,367.976,384.299,33.8772,23.8642,5289.23,5427.55,8.51251,3.88987,3.34891,0.957039,0.800585,174.31,124.502,3.88987,3.34891,137243
2080.0,0.757094,0.966447,0.0440186,0.966447,119921,129866,359.288,367.979,384.315,33.8799,23.8599,5288.72,5427.55,8.51251,3.89021,3.34864,0.957204,0.800962,174.278,124.492,3.89021,3.34864,137252
2082.0,0.757079,0.967113,0.0440181,0.967113,119917,129869,359.283,367.982,384.33,33.8831,23.8583,5288.39,5427.55,8.51251,3.89056,3.34875,0.957369,0.801338,174.316,124.478,3.89056,3.34875,137259
2084.0,0.757065,0.967777,0.0440174,0.967777,119913,129870,359.278,367.984,384.345,33.8858,23.86,5287.88,5427.55,8.51251,3.89086,3.34929,0.957532,0.801713,174.329,124.465,3.89086,3.34929,137266
2086.0,0.757053,0.96844,0.044017,0.96844,119911,129871,359.274,367.986,384.36,33.8885,23.8641,5287.39,5427.55,8.51251,3.8912,3.35018,0.957695,0.802089,174.376,124.454,3.8912,3.35018,137271
2088.0,0.757048,0.969101,0.0440171,0.969101,119914,129870,359.271,367.989,384.375,33.8917,23.8705,5287.1,5427.55,8.51251,3.89168,3.35139,0.957857,0.802464,174.464,124.448,3.89168,3.35139,137275
2090.0,0.75705,0.96976,0.0440175,0.96976,119924,129868,359.271,367.991,384.389,33.8961,23.8792,5287.21,5427.55,8.51251,3.89238,3.3529,0.958019,0.802838,174.553,124.453,3.89238,3.3529,137278
2092.0,0.757049,0.970417,0.0440183,0.970417,119930,129866,359.269,367.994,384.403,33.9021,23.8902,5287.87,5427.55,8.51251,3.89321,3.35473,0.95818,0.803213,174.493,124.457,3.89321,3.35473,137281
2094.0,0.757044,0.971072,0.0440194,0.971072,119932,129863,359.266,367.998,384.417,33.9074,23.9034,5288.27,5427.55,8.51251,3.89392,3.35687,0.95834,0.803587,174.489,124.455,3.89392,3.35687,137283
2096.0,0.757043,0.971726,0.0440204,0.971726,119938,129861,359.264,368.001,384.431,33.9119,23.9189,5288.42,5427.55,8.51251,3.89458,3.35934,0.958499,0.80396,174.611,124.454,3.89458,3.35934,137286
2098.0,0.757039,0.97238,0.0440211,0.97238,119942,129860,359.262,368.005,384.445,33.9171,23.9367,5288.79,5427.55,8.51251,3.89529,3.36214,0.958657,0.804333,174.57,124.455,3.89529,3.36214,137289
2100.0,0.757031,0.973033,0.0440212,0.973033,119942,129860,359.259,368.009,384.46,33.9218,23.9571,5289,5427.55,8.51251,3.89589,3.3653,0.958814,0.804705,174.444,124.453,3.89589,3.3653,137294
2102.0,0.757021,0.973683,0.0440206,0.973683,119940,129861,359.255,368.013,384.474,33.9257,23.9799,5288.91,5427.55,8.51251,3.89636,3.36882,0.958971,0.805077,174.351,124.448,3.89636,3.36882,137300
2104.0,0.757005,0.97438,0.0440193,0.97438,119934,129863,359.25,368.016,384.49,33.9291,24.0049,5288.7,5427.55,8.51251,3.89671,3.37259,0.959127,0.805441,174.25,124.435,3.89671,3.37259,137307
2106.0,0.756954,0.975034,0.0440167,0.975034,119901,129864,359.237,368.018,384.504,33.9313,24.0419,5288.05,5427.55,8.51251,3.89648,3.37819,0.959281,0.80581,173.377,124.403,3.89648,3.37819,137313
2108.0,0.756915,0.975688,0.0440139,0.975688,119880,129864,359.227,368.018,384.518,33.9263,24.073,5284.97,5427.55,8.51251,3.89561,3.38287,0.959435,0.806177,173.848,124.347,3.89561,3.38287,137317
2110.0,0.756888,0.976427,0.0440104,0.976427,119867,129863,359.22,368.017,384.533,33.9238,24.1066,5282.83,5427.55,8.51251,3.89517,3.38788,0.959588,0.806529,173.665,124.324,3.89517,3.38788,137323
2112.0,0.756838,0.977031,0.0440068,0.977031,119836,129859,359.208,368.014,384.546,33.9235,24.1603,5281.49,5427.55,8.51251,3.89469,3.39575,0.95974,0.806902,173.52,124.272,3.89469,3.39575,137323
2114.0,0.756866,0.977647,0.0440027,0.977647,119868,129855,359.214,368.014,384.559,33.9184,24.1893,5278.5,5427.55,8.51251,3.89466,3.39999,0.959892,0.807271,175.373,124.256,3.89466,3.39999,137323
2116.0,0.7569,0.978299,0.0440006,0.978299,119902,129851,359.22,368.013,384.572,33.929,24.2232,5281.01,5427.55,8.51251,3.89648,3.40503,0.960044,0.807635,174.792,124.317,3.89648,3.40503,137324
2118.0,0.756905,0.978873,0.0439995,0.978873,119912,129842,359.22,368.015,384.585,33.9409,24.2669,5283.86,5427.55,8.51251,3.89806,3.41137,0.960195,0.808011,174.829,124.325,3.89806,3.41137,137320
2120.0,0.75694,0.979482,0.0439993,0.979482,119946,129835,359.227,368.021,384.597,33.9469,24.2974,5284.62,5427.55,8.51251,3.89935,3.41588,0.960345,0.80838,175.186,124.36,3.89935,3.41588,137317
2122.0,0.756953,0.980089,0.0440013,0.980089,119962,129829,359.228,368.029,384.61,33.959,24.3372,5287.5,5427.55,8.51251,3.90105,3.4217,0.960495,0.80875,174.733,124.393,3.90105,3.4217,137315
2124.0,0.75695,0.980696,0.0440029,0.980696,119965,129826,359.226,368.037,384.623,33.967,24.379,5288.86,5427.55,8.51251,3.90207,3.42784,0.960643,0.809118,174.472,124.401,3.90207,3.42784,137316
2126.0,0.756937,0.98132,0.0440041,0.98132,119961,129827,359.221,368.045,384.638,33.9716,24.4235,5289.08,5427.55,8.51251,3.90258,3.43439,0.960791,0.809483,174.25,124.395,3.90258,3.43439,137322
2128.0,0.756894,0.981961,0.0440045,0.981961,119933,129831,359.21,368.05,384.654,33.9742,24.4737,5288.61,5427.55,8.51251,3.90248,3.44178,0.960937,0.809844,173.621,124.365,3.90248,3.44178,137332
2130.0,0.756852,0.982589,0.0440043,0.982589,119908,129839,359.2,368.054,384.67,33.9706,24.5298,5286.04,5427.55,8.51251,3.9017,3.45002,0.961082,0.810205,173.717,124.316,3.9017,3.45002,137344
2132.0,0.756824,0.983209,0.0440032,0.983209,119894,129848,359.192,368.054,384.687,33.9673,24.5858,5283.64,5427.55,8.51251,3.90115,3.45826,0.961228,0.810566,173.964,124.28,3.90115,3.45826,137358
2134.0,0.756812,0.983819,0.0440015,0.983819,119892,129857,359.189,368.053,384.704,33.9667,24.6428,5282.22,5427.55,8.51251,3.9011,3.46662,0.961372,0.810928,174.233,124.261,3.9011,3.46662,137371
2136.0,0.756803,0.984424,0.0439998,0.984424,119892,129864,359.186,368.052,384.72,33.9692,24.7002,5281.86,5427.55,8.51251,3.90143,3.47502,0.961516,0.811289,174.179,124.255,3.90143,3.47502,137382
2138.0,0.756795,0.985022,0.0439984,0.985022,119893,129866,359.183,368.05,384.735,33.9721,24.7591,5281.68,5427.55,8.51251,3.90184,3.48359,0.961659,0.811649,174.288,124.246,3.90184,3.48359,137388
2140.0,0.756797,0.985611,0.0439977,0.985611,119902,129863,359.182,368.05,384.748,33.9754,24.8189,5281.63,5427.55,8.51251,3.9024,3.49227,0.961802,0.81201,174.458,124.247,3.9024,3.49227,137390
2142.0,0.7568,0.986191,0.0439976,0.986191,119911,129858,359.182,368.052,384.761,33.9806,24.8792,5282.22,5427.55,8.51251,3.9032,3.50098,0.961944,0.81237,174.463,124.254,3.9032,3.50098,137389
2144.0,0.756799,0.986764,0.0439979,0.986764,119918,129850,359.181,368.054,384.773,33.986,24.9402,5282.89,5427.55,8.51251,3.90397,3.50976,0.962085,0.81273,174.433,124.257,3.90397,3.50976,137386
2146.0,0.756797,0.987333,0.0439982,0.987333,119922,129844,359.179,368.057,384.785,33.9907,25.002,5283.3,5427.55,8.51251,3.90464,3.51867,0.962226,0.81309,174.399,124.259,3.90464,3.51867,137384
2148.0,0.756793,0.9879,0.0439983,0.9879,119926,129839,359.177,368.061,384.798,33.9951,25.0653,5283.59,5427.55,8.51251,3.90524,3.5278,0.962366,0.813448,174.403,124.258,3.90524,3.5278,137383
2150.0,0.756791,0.988462,0.043998,0.988462,119931,129836,359.175,368.065,384.812,33.9992,25.1303,5283.76,5427.55,8.51251,3.90583,3.53718,0.962505,0.813807,174.487,124.256,3.90583,3.53718,137385
2152.0,0.756785,0.989024,0.0439971,0.989024,119932,129836,359.173,368.068,384.826,34.0036,25.1968,5284.07,5427.55,8.51251,3.90641,3.5468,0.962643,0.814164,174.377,124.255,3.90641,3.5468,137389
2154.0,0.756776,0.989583,0.0439959,0.989583,119931,129838,359.17,368.071,384.84,34.0071,25.2653,5284.06,5427.55,8.51251,3.90684,3.55671,0.962781,0.81452,174.25,124.252,3.90684,3.55671,137394
2156.0,0.756756,0.99014,0.0439945,0.99014,119923,129840,359.164,368.074,384.855,34.0101,25.3357,5283.87,5427.55,8.51251,3.90709,3.56689,0.962918,0.814875,174.048,124.238,3.90709,3.56689,137401
2158.0,0.756736,0.990693,0.0439928,0.990693,119913,129844,359.159,368.076,384.87,34.0109,25.4077,5282.96,5427.55,8.51251,3.90709,3.5773,0.963054,0.81523,174.073,124.216,3.90709,3.5773,137408
2160.0,0.75672,0.991241,0.0439908,0.991241,119908,129846,359.154,368.077,384.885,34.0116,25.4811,5282,5427.55,8.51251,3.90712,3.58791,0.963189,0.815583,174.096,124.2,3.90712,3.58791,137415
2162.0,0.756706,0.991783,0.0439888,0.991783,119904,129849,359.15,368.078,384.899,34.013,25.5558,5281.34,5427.55,8.51251,3.90726,3.59869,0.963324,0.815936,174.124,124.185,3.90726,3.59869,137422
2164.0,0.756688,0.99232,0.0439869,0.99232,119897,129850,359.145,368.079,384.914,34.0147,25.6316,5280.81,5427.55,8.51251,3.90739,3.60961,0.963459,0.816289,173.898,124.173,3.90739,3.60961,137427
2166.0,0.756685,0.99283,0.0439858,0.99283,119902,129850,359.144,368.08,384.928,34.0157,25.7083,5280.01,5427.55,8.51251,3.90763,3.62063,0.963592,0.816644,174.366,124.16,3.90763,3.62063,137431
2168.0,0.756703,0.993334,0.0439852,0.993334,119922,129850,359.147,368.081,384.942,34.0197,25.7818,5280.3,5427.55,8.51251,3.90847,3.6312,0.963726,0.816998,174.732,124.174,3.90847,3.6312,137434
2170.0,0.756717,0.993833,0.0439853,0.993833,119939,129849,359.149,368.084,384.956,34.0278,25.8562,5281.95,5427.55,8.51251,3.90971,3.64188,0.963859,0.817353,174.731,124.194,3.90971,3.64188,137437
2172.0,0.756726,0.994325,0.0439861,0.994325,119952,129848,359.149,368.088,384.969,34.0352,25.9313,5283.35,5427.55,8.51251,3.91082,3.65265,0.963991,0.817707,174.623,124.212,3.91082,3.65265,137439
2174.0,0.756729,0.994813,0.0439873,0.994813,119959,129847,359.149,368.092,384.983,34.0417,26.0072,5284.37,5427.55,8.51251,3.91173,3.66355,0.964122,0.81806,174.534,124.221,3.91173,3.66355,137442
2176.0,0.75673,0.995296,0.0439885,0.995296,119965,129848,359.148,368.098,384.997,34.0469,26.0841,5284.97,5427.55,8.51251,3.91247,3.67459,0.964253,0.818413,174.516,124.226,3.91247,3.67459,137446
2178.0,0.756727,0.995777,0.0439894,0.995777,119968,129851,359.145,368.103,385.012,34.0518,26.1621,5285.45,5427.55,8.51251,3.91312,3.68581,0.964383,0.818765,174.441,124.228,3.91312,3.68581,137453
2180.0,0.756728,0.996256,0.0439899,0.996256,119973,129856,359.144,368.107,385.028,34.0558,26.2415,5285.63,5427.55,8.51251,3.91371,3.69724,0.964512,0.819116,174.402,124.233,3.91371,3.69724,137461
2182.0,0.756727,0.996731,0.0439898,0.996731,119978,129862,359.143,368.111,385.043,34.0605,26.3224,5286.04,5427.55,8.51251,3.91436,3.70888,0.964641,0.819466,174.448,124.234,3.91436,3.70888,137471
2184.0,0.756724,0.997203,0.0439893,0.997203,119980,129870,359.141,368.114,385.06,34.065,26.4045,5286.38,5427.55,8.51251,3.91496,3.7207,0.964769,0.819815,174.405,124.235,3.91496,3.7207,137482
2186.0,0.756718,0.997669,0.0439885,0.997669,119980,129878,359.138,368.117,385.076,34.0691,26.4878,5286.55,5427.55,8.51251,3.91546,3.73269,0.964896,0.820164,174.392,124.231,3.91546,3.73269,137494
2188.0,0.756701,0.998129,0.0439874,0.998129,119972,129885,359.133,368.12,385.091,34.0724,26.5719,5286.47,5427.55,8.51251,3.91576,3.74478,0.965023,0.820511,174.126,124.222,3.91576,3.74478,137504
2190.0,0.756688,0.998583,0.0439859,0.998583,119966,129891,359.128,368.122,385.107,34.0737,26.6566,5285.73,5427.55,8.51251,3.91586,3.75695,0.965149,0.820858,174.31,124.204,3.91586,3.75695,137514
2192.0,0.756673,0.99903,0.043984,0.99903,119960,129897,359.124,368.123,385.122,34.0756,26.7417,5285.19,5427.55,8.51251,3.91602,3.76918,0.965274,0.821204,174.083,124.196,3.91602,3.76918,137522
2194.0,0.756662,0.999469,0.043982,0.999469,119956,129901,359.12,368.125,385.137,34.0771,26.8273,5284.55,5427.55,8.51251,3.91618,3.78145,0.965399,0.82155,174.191,124.182,3.91618,3.78145,137529
2196.0,0.756655,0.999901,0.0439804,0.999901,119956,129903,359.117,368.126,385.152,34.0793,26.9133,5284.15,5427.55,8.51251,3.91647,3.79376,0.965524,0.821895,174.294,124.174,3.91647,3.79376,137535
2198.0,0.756646,1.00033,0.0439794,1.00033,119954,129905,359.114,368.126,385.166,34.0824,26.9994,5284.04,5427.55,8.51251,3.91683,3.80608,0.965647,0.82224,174.316,124.165,3.91683,3.80608,137540
2200.0,0.756642,1.00074,0.0439791,1.00074,119957,129905,359.112,368.127,385.18,34.085,27.0857,5283.79,5427.55,8.51251,3.91721,3.81841,0.965771,0.822584,174.482,124.16,3.91721,3.81841,137543
2202.0,0.756651,1.00115,0.0439795,1.00115,119969,129904,359.113,368.129,385.193,34.0888,27.1721,5283.96,5427.55,8.51251,3.91788,3.83072,0.965894,0.822928,174.671,124.168,3.91788,3.83072,137545
2204.0,0.756654,1.00155,0.0439805,1.00155,119975,129902,359.112,368.13,385.206,34.095,27.2584,5284.95,5427.55,8.51251,3.91875,3.84303,0.966016,0.823272,174.575,124.177,3.91875,3.84303,137546
2206.0,0.756656,1.00194,0.043982,1.00194,119981,129900,359.111,368.133,385.22,34.1,27.3448,5285.51,5427.55,8.51251,3.91945,3.85534,0.966137,0.823615,174.567,124.183,3.91945,3.85534,137547
2208.0,0.756655,1.00233,0.0439836,1.00233,119985,129899,359.11,368.136,385.233,34.1047,27.4314,5285.97,5427.55,8.51251,3.92011,3.86768,0.966258,0.823958,174.532,124.186,3.92011,3.86768,137549
2210.0,0.756658,1.00271,0.0439848,1.00271,119992,129899,359.109,368.139,385.246,34.1091,27.5183,5286.3,5427.55,8.51251,3.92076,3.88007,0.966378,0.824299,174.741,124.187,3.92076,3.88007,137551
2212.0,0.756652,1.00312,0.0439851,1.00312,119990,129899,359.106,368.141,385.26,34.1142,27.6058,5286.86,5427.55,8.51251,3.92136,3.89256,0.966498,0.824637,174.396,124.192,3.92136,3.89256,137555
2214.0,0.756603,1.00353,0.0439842,1.00353,119957,129899,359.094,368.142,385.273,34.1173,27.6987,5286.75,5427.55,8.51251,3.92122,3.90584,0.966617,0.824969,173.359,124.166,3.92122,3.90584,137558
2216.0,0.756545,1.00394,0.0439828,1.00394,119918,129899,359.08,368.141,385.286,34.1119,27.7965,5283.73,5427.55,8.51251,3.92,3.91978,0.966734,0.8253,173.345,124.101,3.92,3.91978,137560
2218.0,0.7565,1.00434,0.0439805,1.00434,119890,129897,359.07,368.138,385.299,34.1046,27.8942,5280.13,5427.55,8.51251,3.91874,3.93372,0.966852,0.82563,173.512,124.046,3.91874,3.93372,137561
2220.0,0.756465,1.00474,0.0439774,1.00474,119870,129894,359.061,368.134,385.311,34.0997,27.992,5277.45,5427.55,8.51251,3.9179,3.94763,0.966969,0.825959,173.637,124.003,3.9179,3.94763,137561
2222.0,0.756439,1.00512,0.0439738,1.00512,119857,129889,359.055,368.127,385.323,34.0967,28.0895,5275.46,5427.55,8.51251,3.91739,3.96148,0.967085,0.826287,173.777,123.971,3.91739,3.96148,137559
2224.0,0.75642,1.00549,0.0439703,1.00549,119850,129880,359.051,368.121,385.334,34.0954,28.1863,5274.1,5427.55,8.51251,3.91716,3.97521,0.967201,0.826615,173.884,123.948,3.91716,3.97521,137553
2226.0,0.756406,1.00584,0.0439672,1.00584,119847,129868,359.047,368.116,385.343,34.0954,28.2821,5273.22,5427.55,8.51251,3.91715,3.98875,0.967317,0.826943,173.93,123.932,3.91715,3.98875,137543
2228.0,0.75639,1.00618,0.0439647,1.00618,119842,129852,359.044,368.113,385.352,34.0964,28.3766,5272.67,5427.55,8.51251,3.91722,4.00205,0.967432,0.827271,174.002,123.913,3.91722,4.00205,137529
2230.0,0.756376,1.00651,0.043963,1.00651,119839,129834,359.04,368.111,385.36,34.0969,28.4698,5271.98,5427.55,8.51251,3.91728,4.01516,0.967546,0.827599,174.032,123.899,3.91728,4.01516,137514
2232.0,0.756362,1.00684,0.0439617,1.00684,119837,129816,359.037,368.11,385.368,34.0978,28.5622,5271.45,5427.55,8.51251,3.91738,4.02815,0.96766,0.827927,173.872,123.889,3.91738,4.02815,137498
2234.0,0.75634,1.00715,0.0439608,1.00715,119828,129799,359.032,368.109,385.376,34.0987,28.6543,5270.91,5427.55,8.51251,3.91738,4.04111,0.967773,0.828253,173.627,123.873,3.91738,4.04111,137484
2236.0,0.756331,1.00745,0.0439604,1.00745,119830,129785,359.03,368.11,385.385,34.098,28.7467,5269.85,5427.55,8.51251,3.91736,4.0541,0.967886,0.828581,174.063,123.853,3.91736,4.0541,137472
2238.0,0.756343,1.00773,0.0439604,1.00773,119847,129774,359.033,368.111,385.395,34.0999,28.8362,5269.71,5427.55,8.51251,3.91789,4.0667,0.967999,0.828911,174.493,123.857,3.91789,4.0667,137464
2240.0,0.756356,1.00801,0.0439609,1.00801,119865,129767,359.035,368.112,385.406,34.1058,28.9234,5270.96,5427.55,8.51251,3.9189,4.079,0.968111,0.82924,174.42,123.877,3.9189,4.079,137458
2242.0,0.756359,1.00829,0.0439618,1.00829,119874,129762,359.036,368.114,385.418,34.1121,29.0115,5272.29,5427.55,8.51251,3.91982,4.09144,0.968222,0.829568,174.219,123.889,3.91982,4.09144,137455
2244.0,0.756356,1.00856,0.0439629,1.00856,119879,129759,359.035,368.118,385.43,34.1164,29.1002,5272.9,5427.55,8.51251,3.92041,4.10398,0.968333,0.829895,174.14,123.89,3.92041,4.10398,137454
2246.0,0.756353,1.00883,0.0439638,1.00883,119883,129758,359.034,368.121,385.443,34.1194,29.1893,5273.07,5427.55,8.51251,3.92087,4.1166,0.968443,0.830222,174.229,123.887,3.92087,4.1166,137455
2248.0,0.756346,1.0091,0.043964,1.0091,119884,129759,359.031,368.125,385.456,34.1225,29.2789,5273.28,5427.55,8.51251,3.92128,4.12929,0.968553,0.830547,174.124,123.884,3.92128,4.12929,137458
2250.0,0.75634,1.00937,0.0439633,1.00937,119886,129762,359.03,368.127,385.47,34.1246,29.3691,5273.15,5427.55,8.51251,3.92159,4.14208,0.968662,0.830871,174.076,123.88,3.92159,4.14208,137463
2252.0,0.756325,1.00963,0.043962,1.00963,119882,129766,359.026,368.129,385.484,34.127,29.4598,5273.13,5427.55,8.51251,3.92183,4.15496,0.968771,0.831194,173.836,123.872,3.92183,4.15496,137469
2254.0,0.756297,1.00989,0.0439601,1.00989,119867,129771,359.019,368.131,385.499,34.1277,29.5509,5272.51,5427.55,8.51251,3.92171,4.16789,0.968878,0.831516,173.728,123.845,3.92171,4.16789,137475
2256.0,0.756278,1.01014,0.0439577,1.01014,119859,129776,359.015,368.132,385.513,34.1257,29.6419,5270.99,5427.55,8.51251,3.92139,4.18082,0.968986,0.831837,173.769,123.824,3.92139,4.18082,137482
2258.0,0.756261,1.01038,0.043955,1.01038,119854,129780,359.011,368.132,385.527,34.1253,29.733,5270.07,5427.55,8.51251,3.9213,4.19373,0.969093,0.832157,173.806,123.805,3.9213,4.19373,137488
2260.0,0.756243,1.01062,0.0439523,1.01062,119847,129783,359.007,368.131,385.541,34.1254,29.8236,5269.34,5427.55,8.51251,3.92123,4.20657,0.969199,0.832477,173.636,123.791,3.92123,4.20657,137492
2262.0,0.756229,1.01085,0.04395,1.01085,119843,129783,359.003,368.13,385.554,34.1251,29.9137,5268.47,5427.55,8.51251,3.92116,4.2193,0.969305,0.832796,173.723,123.774,3.92116,4.2193,137495
2264.0,0.75622,1.01107,0.0439485,1.01107,119843,129783,359.001,368.13,385.566,34.1255,30.0029,5267.8,5427.55,8.51251,3.92125,4.23189,0.969411,0.833115,173.851,123.762,3.92125,4.23189,137495
2266.0,0.756211,1.01128,0.0439476,1.01128,119842,129780,358.999,368.13,385.578,34.1271,30.0911,5267.51,5427.55,8.51251,3.92145,4.24431,0.969516,0.833433,173.916,123.752,3.92145,4.24431,137494
2268.0,0.756213,1.01148,0.0439474,1.01148,119850,129776,358.999,368.13,385.59,34.1285,30.1783,5267.17,5427.55,8.51251,3.92179,4.25659,0.969621,0.833752,174.239,123.748,3.92179,4.25659,137492
2270.0,0.756215,1.01167,0.0439476,1.01167,119858,129772,358.999,368.131,385.602,34.1323,30.2647,5267.66,5427.55,8.51251,3.92238,4.26873,0.969725,0.83407,174.122,123.756,3.92238,4.26873,137489
2272.0,0.756215,1.01186,0.0439483,1.01186,119865,129768,358.998,368.132,385.613,34.1359,30.3504,5268.1,5427.55,8.51251,3.92294,4.28076,0.969828,0.834387,174.105,123.759,3.92294,4.28076,137486
2274.0,0.756214,1.01204,0.0439493,1.01204,119870,129765,358.998,368.134,385.625,34.1393,30.4354,5268.43,5427.55,8.51251,3.92344,4.29271,0.969932,0.834704,174.075,123.761,3.92344,4.29271,137484
2276.0,0.756215,1.01222,0.0439502,1.01222,119877,129762,358.997,368.136,385.637,34.1423,30.5201,5268.65,5427.55,8.51251,3.92394,4.30461,0.970034,0.835019,174.244,123.76,3.92394,4.30461,137483
2278.0,0.756213,1.01239,0.0439506,1.01239,119880,129761,358.996,368.139,385.65,34.1458,30.6044,5269.05,5427.55,8.51251,3.92444,4.31647,0.970136,0.835335,174.151,123.762,3.92444,4.31647,137483
2280.0,0.756206,1.01256,0.0439504,1.01256,119881,129762,358.994,368.141,385.662,34.1486,30.6886,5269.17,5427.55,8.51251,3.9248,4.32832,0.970238,0.835649,174.06,123.76,3.9248,4.32832,137485
2282.0,0.756204,1.01273,0.0439496,1.01273,119885,129763,358.993,368.143,385.676,34.1505,30.7728,5269.01,5427.55,8.51251,3.92513,4.34017,0.970339,0.835962,174.088,123.758,3.92513,4.34017,137487
2284.0,0.756204,1.01289,0.0439482,1.01289,119891,129766,358.993,368.145,385.689,34.1533,30.8568,5269.17,5427.55,8.51251,3.92557,4.35201,0.97044,0.836274,174.151,123.759,3.92557,4.35201,137491
2286.0,0.756186,1.01304,0.0439465,1.01304,119883,129769,358.988,368.146,385.702,34.1565,30.9406,5269.47,5427.55,8.51251,3.92585,4.36382,0.97054,0.836585,173.751,123.752,3.92585,4.36382,137495
2288.0,0.756167,1.01319,0.0439444,1.01319,119874,129772,358.984,368.148,385.716,34.1563,31.024,5268.58,5427.55,8.51251,3.92571,4.37556,0.970639,0.836896,173.734,123.732,3.92571,4.37556,137499
2290.0,0.75615,1.01334,0.0439419,1.01334,119867,129775,358.979,368.149,385.729,34.1556,31.1069,5267.55,5427.55,8.51251,3.92554,4.38723,0.970738,0.837206,173.734,123.714,3.92554,4.38723,137503
2292.0,0.756134,1.01348,0.0439389,1.01348,119861,129777,358.976,368.149,385.742,34.1553,31.1893,5266.69,5427.55,8.51251,3.92544,4.39881,0.970837,0.837515,173.745,123.697,3.92544,4.39881,137506
2294.0,0.756114,1.01361,0.043936,1.01361,119852,129779,358.971,368.149,385.755,34.1552,31.271,5265.92,5427.55,8.51251,3.92533,4.41029,0.970935,0.837824,173.523,123.682,3.92533,4.41029,137509
2296.0,0.756098,1.01373,0.0439336,1.01373,119847,129780,358.967,368.148,385.768,34.1543,31.352,5264.91,5427.55,8.51251,3.92517,4.42165,0.971033,0.838132,173.581,123.663,3.92517,4.42165,137510
2298.0,0.756089,1.01385,0.043932,1.01385,119847,129779,358.965,368.148,385.78,34.1541,31.4319,5264.15,5427.55,8.51251,3.92517,4.43284,0.97113,0.838439,173.774,123.649,3.92517,4.43284,137510
2300.0,0.756075,1.01395,0.0439311,1.01395,119843,129777,358.962,368.148,385.792,34.1552,31.5105,5263.87,5427.55,8.51251,3.92526,4.44382,0.971227,0.838747,173.692,123.637,3.92526,4.44382,137509
2302.0,0.75606,1.01405,0.043931,1.01405,119839,129774,358.959,368.148,385.803,34.1553,31.5878,5263.23,5427.55,8.51251,3.92524,4.45461,0.971323,0.839054,173.723,123.621,3.92524,4.45461,137507
2304.0,0.756046,1.01415,0.0439314,1.01415,119834,129770,358.955,368.148,385.815,34.1553,31.6642,5262.6,5427.55,8.51251,3.92521,4.46524,0.971419,0.839361,173.653,123.608,3.92521,4.46524,137504
2306.0,0.756043,1.01422,0.0439325,1.01422,119839,129766,358.955,368.148,385.826,34.1553,31.7395,5261.94,5427.55,8.51251,3.92532,4.47571,0.971515,0.839669,174.009,123.596,3.92532,4.47571,137500
2308.0,0.756062,1.0143,0.0439339,1.0143,119861,129763,358.959,368.149,385.838,34.1574,31.8103,5262.07,5427.55,8.51251,3.92595,4.48556,0.97161,0.839975,174.219,123.615,3.92595,4.48556,137497
2310.0,0.75607,1.01436,0.0439359,1.01436,119873,129760,358.96,368.15,385.849,34.1641,31.8839,5263.76,5427.55,8.51251,3.92695,4.49578,0.971705,0.840283,174.232,123.626,3.92695,4.49578,137494
2312.0,0.756075,1.01443,0.0439383,1.01443,119883,129757,358.961,368.152,385.861,34.1686,31.9532,5264.62,5427.55,8.51251,3.92766,4.50541,0.971799,0.840588,174.052,123.64,3.92766,4.50541,137492
2314.0,0.756074,1.01449,0.0439406,1.01449,119888,129755,358.961,368.155,385.873,34.1725,32.0253,5265.3,5427.55,8.51251,3.92822,4.51544,0.971893,0.840892,174.112,123.639,3.92822,4.51544,137491
2316.0,0.75608,1.01454,0.0439425,1.01454,119899,129755,358.962,368.159,385.885,34.1752,32.0968,5265.53,5427.55,8.51251,3.92873,4.52536,0.971987,0.841199,174.349,123.642,3.92873,4.52536,137491
2318.0,0.756085,1.01458,0.0439435,1.01458,119908,129757,358.962,368.162,385.898,34.1793,32.1636,5266.27,5427.55,8.51251,3.9294,4.53467,0.97208,0.841504,174.16,123.656,3.9294,4.53467,137493
2320.0,0.756087,1.01463,0.0439435,1.01463,119915,129762,358.962,368.165,385.912,34.1833,32.231,5266.94,5427.55,8.51251,3.92999,4.54407,0.972172,0.841808,174.077,123.662,3.92999,4.54407,137498
2322.0,0.756087,1.01467,0.0439426,1.01467,119920,129768,358.962,368.169,385.926,34.1865,32.2987,5267.36,5427.55,8.51251,3.93048,4.55352,0.972264,0.842111,174.167,123.662,3.93048,4.55352,137504
2324.0,0.75608,1.01472,0.0439409,1.01472,119919,129775,358.959,368.172,385.94,34.1895,32.3665,5267.67,5427.55,8.51251,3.93084,4.563,0.972356,0.842413,173.968,123.661,3.93084,4.563,137511
2326.0,0.756074,1.01476,0.0439386,1.01476,119919,129782,358.958,368.174,385.954,34.191,32.4342,5267.46,5427.55,8.51251,3.93104,4.57246,0.972447,0.842715,173.943,123.657,3.93104,4.57246,137519
2328.0,0.75606,1.01479,0.0439359,1.01479,119913,129790,358.954,368.176,385.968,34.1927,32.5015,5267.33,5427.55,8.51251,3.93118,4.58186,0.972538,0.843015,173.733,123.649,3.93118,4.58186,137526
2330.0,0.756041,1.01483,0.0439332,1.01483,119904,129797,358.949,368.178,385.983,34.1929,32.5683,5266.67,5427.55,8.51251,3.93106,4.59119,0.972628,0.843314,173.85,123.625,3.93106,4.59119,137533
2332.0,0.75603,1.01485,0.0439306,1.01485,119901,129803,358.947,368.179,385.997,34.1919,32.6344,5265.64,5427.55,8.51251,3.93094,4.60039,0.972717,0.843613,173.753,123.617,3.93094,4.60039,137540
2334.0,0.756014,1.01488,0.0439283,1.01488,119894,129808,358.943,368.179,386.01,34.1926,32.6995,5265.25,5427.55,8.51251,3.93093,4.60946,0.972807,0.843912,173.662,123.602,3.93093,4.60946,137545
2336.0,0.756011,1.01489,0.0439266,1.01489,119897,129812,358.942,368.179,386.023,34.192,32.7635,5264.41,5427.55,8.51251,3.93095,4.61834,0.972896,0.84421,173.946,123.593,3.93095,4.61834,137549
2338.0,0.75602,1.0149,0.0439257,1.0149,119910,129814,358.943,368.18,386.036,34.1942,32.8261,5264.53,5427.55,8.51251,3.93143,4.62701,0.972985,0.844508,174.359,123.594,3.93143,4.62701,137551
2340.0,0.756027,1.0149,0.0439258,1.0149,119920,129815,358.944,368.18,386.048,34.1988,32.8872,5265.46,5427.55,8.51251,3.93216,4.63544,0.973073,0.844805,174.205,123.61,3.93216,4.63544,137551
2342.0,0.756035,1.01489,0.0439268,1.01489,119931,129814,358.946,368.182,386.06,34.203,32.9468,5266.26,5427.55,8.51251,3.93286,4.64363,0.973161,0.845103,174.235,123.62,3.93286,4.64363,137551
2344.0,0.756042,1.01487,0.0439285,1.01487,119941,129814,358.946,368.185,386.072,34.2074,33.0048,5267.1,5427.55,8.51251,3.93355,4.65161,0.973248,0.845401,174.183,123.632,3.93355,4.65161,137550
2346.0,0.756045,1.01486,0.0439301,1.01486,119947,129814,358.946,368.188,386.084,34.2115,33.0614,5267.83,5427.55,8.51251,3.93416,4.65938,0.973335,0.845698,174.174,123.638,3.93416,4.65938,137550
2348.0,0.756053,1.01484,0.0439313,1.01484,119957,129815,358.947,368.192,386.097,34.215,33.1173,5268.32,5427.55,8.51251,3.93475,4.66706,0.973422,0.845994,174.396,123.643,3.93475,4.66706,137551
2350.0,0.756047,1.01482,0.0439318,1.01482,119956,129818,358.945,368.195,386.11,34.2194,33.1728,5269.11,5427.55,8.51251,3.93527,4.6747,0.973508,0.846289,174.064,123.648,3.93527,4.6747,137553
2352.0,0.756038,1.01479,0.0439317,1.01479,119953,129822,358.943,368.198,386.123,34.2211,33.2282,5268.99,5427.55,8.51251,3.93544,4.68234,0.973594,0.846583,173.896,123.643,3.93544,4.68234,137557
2354.0,0.756018,1.01477,0.0439311,1.01477,119942,129828,358.938,368.2,386.136,34.222,33.2832,5268.58,5427.55,8.51251,3.93539,4.68993,0.973679,0.846876,173.774,123.626,3.93539,4.68993,137563
2356.0,0.756004,1.01474,0.04393,1.01474,119935,129834,358.934,368.202,386.15,34.2209,33.3376,5267.49,5427.55,8.51251,3.93518,4.69744,0.973764,0.847169,173.794,123.61,3.93518,4.69744,137568
2358.0,0.755984,1.01471,0.0439285,1.01471,119925,129840,358.929,368.202,386.164,34.2207,33.3913,5266.77,5427.55,8.51251,3.93502,4.70484,0.973848,0.847461,173.546,123.596,3.93502,4.70484,137574
2360.0,0.755978,1.01468,0.043927,1.01468,119924,129845,358.927,368.202,386.177,34.2196,33.4441,5265.74,5427.55,8.51251,3.93491,4.7121,0.973932,0.847753,173.974,123.578,3.93491,4.7121,137578
2362.0,0.755952,1.01463,0.0439259,1.01463,119909,129848,358.921,368.201,386.19,34.2209,33.4958,5265.55,5427.55,8.51251,3.93484,4.71918,0.974016,0.848044,173.331,123.567,3.93484,4.71918,137581
2364.0,0.755896,1.01457,0.0439255,1.01457,119870,129849,358.908,368.201,386.202,34.2184,33.5461,5264.04,5427.55,8.51251,3.93395,4.72602,0.974099,0.848337,172.663,123.522,3.93395,4.72602,137582
2366.0,0.75615,1.01448,0.0439259,1.01448,120071,129850,358.964,368.201,386.214,34.2096,33.5911,5260.44,5427.55,8.51251,3.93626,4.7321,0.974184,0.848633,186.363,123.435,3.93626,4.7321,137582
2368.0,0.756015,1.01439,0.043927,1.01439,119965,129851,358.932,368.202,386.227,34.2633,33.6315,5278.26,5427.55,8.51251,3.94071,4.73751,0.974265,0.848929,171.295,123.707,3.94071,4.73751,137581
2370.0,0.756194,1.01429,0.0439301,1.01429,120111,129850,358.971,368.208,386.239,34.2392,33.6709,5268.83,5427.55,8.51251,3.94035,4.74277,0.974349,0.849225,170.684,123.94,3.94035,4.74277,137580
2372.0,0.755995,1.0142,0.0439354,1.0142,119955,129851,358.925,368.219,386.251,34.2781,33.7092,5281.9,5427.55,8.51251,3.9423,4.74788,0.974429,0.849521,170.06,123.723,3.9423,4.74788,137580
2374.0,0.755774,1.01414,0.0439403,1.01414,119789,129855,358.876,368.23,386.264,34.2411,33.747,5268.04,5427.55,8.51251,3.93538,4.75299,0.974509,0.849811,169.301,123.483,3.93538,4.75299,137583
2376.0,0.755533,1.01409,0.0439407,1.01409,119613,129862,358.824,368.23,386.278,34.1993,33.7925,5253.09,5427.55,8.51251,3.92773,4.75925,0.974588,0.850098,168.489,123.221,3.92773,4.75925,137590
2378.0,0.755271,1.01405,0.0439342,1.01405,119426,129874,358.769,368.217,386.293,34.1529,33.8391,5236.92,5427.55,8.51251,3.91938,4.76567,0.974667,0.850384,167.627,122.935,3.91938,4.76567,137601
2380.0,0.75534,1.01399,0.0439213,1.01399,119497,129881,358.787,368.191,386.307,34.1016,33.8862,5219.41,5427.55,8.51251,3.91469,4.77214,0.974749,0.850669,181.458,122.625,3.91469,4.77214,137608
2382.0,0.755714,1.01387,0.0439102,1.01387,119801,129877,358.873,368.16,386.317,34.1165,33.9313,5224.82,5427.55,8.51251,3.92135,4.77813,0.974832,0.850961,180.735,123.091,3.92135,4.77813,137602
2384.0,0.755327,1.01371,0.0439079,1.01371,119508,129853,358.787,368.141,386.322,34.1925,33.9629,5251.21,5427.55,8.51251,3.92534,4.78201,0.974909,0.851258,165.271,123.073,3.92534,4.78201,137577
2386.0,0.755641,1.01355,0.0439243,1.01355,119770,129809,358.86,368.137,386.322,34.1166,33.9852,5224.51,5427.55,8.51251,3.92092,4.78438,0.974991,0.851554,179.408,123.045,3.92092,4.78438,137532
2388.0,0.755896,1.01335,0.0439535,1.01335,119972,129753,358.916,368.142,386.318,34.1808,34.007,5247.17,5427.55,8.51251,3.93162,4.78653,0.975073,0.851855,178.673,123.371,3.93162,4.78653,137475
2390.0,0.756098,1.01316,0.0439884,1.01316,120130,129700,358.96,368.157,386.315,34.2338,34.0215,5264.99,5427.55,8.51251,3.94032,4.7877,0.975153,0.852155,178.056,123.632,3.94032,4.7877,137421
2392.0,0.756253,1.01297,0.0440239,1.01297,120246,129663,358.991,368.18,386.317,34.277,34.0355,5279.09,5427.55,8.51251,3.94722,4.78894,0.975233,0.852456,177.462,123.835,3.94722,4.78894,137382
2394.0,0.756369,1.01282,0.044056,1.01282,120331,129650,359.013,368.211,386.326,34.3111,34.0508,5289.79,5427.55,8.51251,3.95254,4.79062,0.975311,0.852754,176.871,123.993,3.95254,4.79062,137368
2396.0,0.756449,1.01272,0.0440788,1.01272,120386,129666,359.027,368.241,386.342,34.3378,34.0712,5297.78,5427.55,8.51251,3.95654,4.79334,0.975389,0.853045,176.423,124.104,3.95654,4.79334,137383
2398.0,0.756494,1.01268,0.0440884,1.01268,120411,129708,359.033,368.267,386.366,34.3578,34.1028,5303.31,5427.55,8.51251,3.95929,4.79795,0.975466,0.853328,175.762,124.179,3.95929,4.79795,137424
2400.0,0.75651,1.01268,0.0440829,1.01268,120415,129772,359.032,368.285,386.395,34.3706,34.1448,5306.28,5427.55,8.51251,3.96085,4.80428,0.975543,0.853605,175.305,124.214,3.96085,4.80428,137488
2402.0,0.756501,1.01271,0.0440622,1.01271,120398,129848,359.026,368.296,386.428,34.3779,34.196,5307.33,5427.55,8.51251,3.96145,4.81205,0.975619,0.853875,174.78,124.22,3.96145,4.81205,137564
2404.0,0.756469,1.01275,0.0440298,1.01275,120366,129928,359.015,368.302,386.462,34.3801,34.2533,5306.59,5427.55,8.51251,3.96119,4.82073,0.975694,0.854142,174.327,124.198,3.96119,4.82073,137644
2406.0,0.756418,1.0128,0.0439906,1.0128,120318,130002,359,368.303,386.494,34.3778,34.3134,5304.35,5427.55,8.51251,3.96018,4.82975,0.975768,0.854405,173.87,124.152,3.96018,4.82975,137718
2408.0,0.756349,1.01283,0.0439482,1.01283,120259,130066,358.982,368.301,386.523,34.3714,34.3734,5300.76,5427.55,8.51251,3.95849,4.83865,0.975842,0.854667,173.366,124.086,3.95849,4.83865,137781
2410.0,0.756268,1.01284,0.0439045,1.01284,120192,130115,358.961,368.298,386.548,34.3613,34.4309,5295.98,5427.55,8.51251,3.95627,4.84704,0.975916,0.85493,173.219,123.997,3.95627,4.84704,137830
2412.0,0.756224,1.01282,0.0438599,1.01282,120156,130148,358.949,368.294,386.568,34.3487,34.4838,5290.45,5427.55,8.51251,3.95425,4.85462,0.97599,0.855192,173.903,123.927,3.95425,4.85462,137864
2414.0,0.756208,1.01279,0.0438196,1.01279,120142,130168,358.944,368.289,386.585,34.3432,34.5331,5287.52,5427.55,8.51251,3.95342,4.86152,0.976064,0.855456,174.465,123.894,3.95342,4.86152,137882
2416.0,0.756213,1.01272,0.0437851,1.01272,120145,130174,358.943,368.287,386.597,34.3433,34.5769,5286.55,5427.55,8.51251,3.95349,4.8675,0.976137,0.855722,174.706,123.895,3.95349,4.8675,137888
2418.0,0.75625,1.01263,0.043759,1.01263,120171,130169,358.949,368.288,386.607,34.3476,34.6149,5287.01,5427.55,8.51251,3.95444,4.87253,0.976211,0.855991,175.703,123.912,3.95444,4.87253,137882
2420.0,0.756293,1.01251,0.0437444,1.01251,120202,130157,358.956,368.293,386.615,34.3583,34.6471,5289.65,5427.55,8.51251,3.9562,4.87665,0.976284,0.856262,175.626,123.968,3.9562,4.87665,137869
2422.0,0.756335,1.01238,0.0437425,1.01238,120231,130141,358.962,368.302,386.621,34.3703,34.6741,5292.7,5427.55,8.51251,3.95808,4.87997,0.976357,0.856534,175.657,124.019,3.95808,4.87997,137852
2424.0,0.756368,1.01223,0.043752,1.01223,120251,130126,358.967,368.313,386.628,34.3823,34.6966,5295.65,5427.55,8.51251,3.95983,4.88266,0.976429,0.856808,175.491,124.065,3.95983,4.88266,137836
2426.0,0.756385,1.01208,0.0437702,1.01208,120260,130115,358.968,368.325,386.636,34.3925,34.7161,5297.94,5427.55,8.51251,3.96116,4.88495,0.976501,0.857082,175.19,124.096,3.96116,4.88495,137823
2428.0,0.756385,1.01192,0.0437945,1.01192,120255,130110,358.965,368.336,386.646,34.3996,34.7335,5299.11,5427.55,8.51251,3.96192,4.88701,0.976573,0.857357,174.913,124.107,3.96192,4.88701,137817
2430.0,0.756349,1.01178,0.0438202,1.01178,120222,130112,358.954,368.344,386.658,34.4033,34.7498,5299.15,5427.55,8.51251,3.96185,4.889,0.976644,0.857628,173.693,124.1,3.96185,4.889,137818
2432.0,0.75628,1.01166,0.0438438,1.01166,120166,130117,358.936,368.347,386.67,34.3997,34.7698,5296.66,5427.55,8.51251,3.96053,4.89156,0.976714,0.857895,173.311,124.031,3.96053,4.89156,137822
2434.0,0.756197,1.01152,0.0438648,1.01152,120099,130124,358.916,368.344,386.683,34.3895,34.7921,5291.96,5427.55,8.51251,3.95829,4.89444,0.976784,0.858163,173.191,123.938,3.95829,4.89444,137828
2436.0,0.756143,1.01137,0.0438823,1.01137,120058,130130,358.903,368.337,386.696,34.3763,34.8112,5286.31,5427.55,8.51251,3.95611,4.89684,0.976854,0.858432,173.588,123.864,3.95611,4.89684,137832
2438.0,0.756105,1.0112,0.043896,1.0112,120030,130131,358.893,368.325,386.708,34.3687,34.8263,5282.77,5427.55,8.51251,3.9548,4.89862,0.976924,0.858702,173.983,123.809,3.9548,4.89862,137832
2440.0,0.756083,1.011,0.0439057,1.011,120014,130126,358.887,368.313,386.717,34.3641,34.8366,5280.32,5427.55,8.51251,3.95404,4.89963,0.976994,0.858974,174.11,123.781,3.95404,4.89963,137825
2442.0,0.756078,1.01078,0.0439125,1.01078,120013,130112,358.885,368.302,386.725,34.3626,34.8415,5278.98,5427.55,8.51251,3.95387,4.89978,0.977063,0.859249,174.454,123.767,3.95387,4.89978,137810
2444.0,0.756086,1.01055,0.0439178,1.01055,120020,130091,358.886,368.294,386.73,34.3646,34.8409,5278.86,5427.55,8.51251,3.95425,4.89906,0.977132,0.859526,174.741,123.77,3.95425,4.89906,137787
2446.0,0.756116,1.0103,0.0439219,1.0103,120045,130066,358.891,368.289,386.734,34.3691,34.8358,5279.57,5427.55,8.51251,3.95519,4.89764,0.977201,0.859804,175.047,123.799,3.95519,4.89764,137760
2448.0,0.756138,1.01005,0.0439258,1.01005,120063,130038,358.895,368.288,386.738,34.3781,34.8276,5281.85,5427.55,8.51251,3.95654,4.8958,0.97727,0.860083,174.976,123.829,3.95654,4.8958,137731
2450.0,0.756152,1.00982,0.0439297,1.00982,120074,130013,358.897,368.29,386.742,34.3855,34.8187,5283.52,5427.55,8.51251,3.95761,4.89388,0.977338,0.860362,174.876,123.851,3.95761,4.89388,137704
2452.0,0.75616,1.0096,0.0439331,1.0096,120081,129993,358.897,368.293,386.748,34.3915,34.8111,5284.65,5427.55,8.51251,3.95842,4.8922,0.977406,0.860638,174.841,123.863,3.95842,4.8922,137681
2454.0,0.756157,1.00941,0.0439355,1.00941,120078,129978,358.895,368.297,386.755,34.3963,34.8064,5285.36,5427.55,8.51251,3.95895,4.89102,0.977473,0.860912,174.441,123.872,3.95895,4.89102,137666
2456.0,0.756118,1.00924,0.0439367,1.00924,120048,129970,358.885,368.299,386.764,34.3987,34.8055,5285.24,5427.55,8.51251,3.95876,4.89045,0.97754,0.861183,173.52,123.855,3.95876,4.89045,137656
2458.0,0.756067,1.00909,0.0439368,1.00909,120010,129967,358.873,368.299,386.774,34.394,34.8084,5282.72,5427.55,8.51251,3.95762,4.8905,0.977606,0.861451,173.416,123.798,3.95762,4.8905,137652
2460.0,0.756016,1.00895,0.0439361,1.00895,119972,129967,358.861,368.296,386.785,34.3867,34.8147,5279.35,5427.55,8.51251,3.95619,4.89105,0.977672,0.861717,173.393,123.739,3.95619,4.89105,137650
2462.0,0.755968,1.00882,0.0439341,1.00882,119939,129967,358.85,368.291,386.796,34.3793,34.8233,5276.02,5427.55,8.51251,3.95481,4.89195,0.977738,0.86198,173.402,123.684,3.95481,4.89195,137649
2464.0,0.755931,1.00869,0.0439316,1.00869,119915,129966,358.841,368.283,386.806,34.3724,34.833,5272.95,5427.55,8.51251,3.95364,4.89298,0.977804,0.862243,173.567,123.637,3.95364,4.89298,137647
2466.0,0.755916,1.00856,0.0439288,1.00856,119908,129960,358.838,368.274,386.815,34.3677,34.8422,5270.67,5427.55,8.51251,3.95301,4.89391,0.977869,0.862505,174.028,123.607,3.95301,4.89391,137640
2468.0,0.755897,1.00842,0.0439264,1.00842,119898,129949,358.834,368.266,386.823,34.3671,34.8499,5269.9,5427.55,8.51251,3.9528,4.89456,0.977935,0.862767,173.882,123.59,3.9528,4.89456,137628
2470.0,0.755894,1.00826,0.0439243,1.00826,119900,129933,358.833,368.261,386.83,34.3657,34.8551,5268.82,5427.55,8.51251,3.9527,4.89481,0.978,0.863029,174.282,123.576,3.9527,4.89481,137611
2472.0,0.755912,1.00811,0.0439231,1.00811,119920,129914,358.837,368.257,386.835,34.3675,34.8579,5268.88,5427.55,8.51251,3.95325,4.89468,0.978064,0.863292,174.837,123.584,3.95325,4.89468,137591
2474.0,0.755927,1.00794,0.043923,1.00794,119935,129894,358.84,368.256,386.84,34.3738,34.8587,5270.45,5427.55,8.51251,3.95425,4.89426,0.978129,0.863555,174.535,123.612,3.95425,4.89426,137569
2476.0,0.755942,1.00779,0.0439239,1.00779,119951,129875,358.843,368.257,386.845,34.3793,34.8585,5271.72,5427.55,8.51251,3.95515,4.8937,0.978193,0.863817,174.738,123.625,3.95515,4.8937,137549
2478.0,0.755944,1.00764,0.0439254,1.00764,119955,129859,358.843,368.259,386.852,34.3847,34.8582,5272.97,5427.55,8.51251,3.95588,4.89317,0.978257,0.864078,174.423,123.638,3.95588,4.89317,137532
2480.0,0.755936,1.0075,0.0439269,1.0075,119953,129847,358.841,368.262,386.859,34.3877,34.8588,5273.32,5427.55,8.51251,3.9562,4.89281,0.97832,0.864337,174.056,123.641,3.9562,4.89281,137518
2482.0,0.755903,1.00737,0.0439278,1.00737,119931,129839,358.833,368.264,386.867,34.3886,34.8608,5272.98,5427.55,8.51251,3.95597,4.89272,0.978383,0.864594,173.37,123.622,3.95597,4.89272,137510
2484.0,0.755865,1.00725,0.0439276,1.00725,119906,129836,358.825,368.265,386.877,34.3845,34.8645,5270.93,5427.55,8.51251,3.95511,4.89291,0.978446,0.864849,173.475,123.576,3.95511,4.89291,137505
2486.0,0.755826,1.00714,0.0439263,1.00714,119880,129835,358.816,368.264,386.887,34.3793,34.8698,5268.57,5427.55,8.51251,3.95411,4.89335,0.978508,0.865102,173.361,123.533,3.95411,4.89335,137503
2488.0,0.755788,1.00703,0.0439241,1.00703,119857,129835,358.808,368.26,386.898,34.3737,34.876,5266.11,5427.55,8.51251,3.95311,4.89394,0.97857,0.865354,173.382,123.489,3.95311,4.89394,137502
2490.0,0.755757,1.00691,0.043921,1.00691,119840,129834,358.802,368.254,386.908,34.3684,34.8824,5263.8,5427.55,8.51251,3.95223,4.89454,0.978632,0.865605,173.49,123.451,3.95223,4.89454,137500
2492.0,0.755728,1.0068,0.0439177,1.0068,119824,129830,358.796,368.248,386.917,34.3644,34.8878,5262,5427.55,8.51251,3.95154,4.89497,0.978694,0.865856,173.29,123.423,3.95154,4.89497,137495
2494.0,0.755712,1.00667,0.0439147,1.00667,119819,129822,358.793,368.243,386.925,34.3606,34.8915,5260.29,5427.55,8.51251,3.95103,4.89511,0.978755,0.866107,173.606,123.396,3.95103,4.89511,137487
2496.0,0.755703,1.00653,0.0439121,1.00653,119819,129811,358.792,368.239,386.932,34.3594,34.8929,5259.53,5427.55,8.51251,3.95092,4.89489,0.978816,0.866358,173.87,123.379,3.95092,4.89489,137475
2498.0,0.755708,1.00639,0.0439103,1.00639,119830,129798,358.794,368.236,386.939,34.3595,34.8921,5259.22,5427.55,8.51251,3.95113,4.89433,0.978877,0.866609,174.164,123.378,3.95113,4.89433,137460
2500.0,0.755727,1.00625,0.0439093,1.00625,119851,129783,358.799,368.235,386.945,34.3624,34.8895,5259.88,5427.55,8.51251,3.95184,4.89349,0.978938,0.866861,174.453,123.394,3.95184,4.89349,137444
2502.0,0.755738,1.0061,0.0439093,1.0061,119865,129769,358.802,368.235,386.951,34.3682,34.8856,5261.5,5427.55,8.51251,3.95276,4.8925,0.978998,0.867111,174.033,123.42,3.95276,4.8925,137428
2504.0,0.755776,1.00591,0.0439109,1.00591,119900,129757,358.81,368.239,386.959,34.3723,34.8814,5262.53,5427.55,8.51251,3.95382,4.89142,0.979059,0.867369,175.105,123.436,3.95382,4.89142,137415
2506.0,0.75583,1.00572,0.043913,1.00572,119947,129751,358.822,368.245,386.968,34.3819,34.8657,5265.41,5427.55,8.51251,3.95571,4.88879,0.979119,0.867626,175.325,123.495,3.95571,4.88879,137408
2508.0,0.75587,1.00555,0.0439153,1.00555,119981,129750,358.831,368.253,386.978,34.395,34.8517,5269.41,5427.55,8.51251,3.95779,4.88647,0.979178,0.867881,174.961,123.555,3.95779,4.88647,137405
2510.0,0.755887,1.00539,0.0439173,1.00539,119996,129754,358.834,368.262,386.99,34.4053,34.8396,5272.39,5427.55,8.51251,3.95925,4.88446,0.979238,0.868136,174.579,123.587,3.95925,4.88446,137408
2512.0,0.75591,1.00524,0.0439186,1.00524,120016,129763,358.838,368.271,387.003,34.4111,34.8292,5273.73,5427.55,8.51251,3.96026,4.88276,0.979297,0.868388,174.792,123.61,3.96026,4.88276,137416
2514.0,0.75592,1.0051,0.0439187,1.0051,120025,129777,358.84,368.279,387.017,34.4181,34.8205,5275.52,5427.55,8.51251,3.96124,4.88137,0.979355,0.868639,174.503,123.632,3.96124,4.88137,137429
2516.0,0.755912,1.00498,0.0439175,1.00498,120020,129795,358.837,368.286,387.033,34.4226,34.8137,5276.36,5427.55,8.51251,3.96169,4.88028,0.979414,0.868889,174.144,123.634,3.96169,4.88028,137446
2518.0,0.755891,1.00486,0.043915,1.00486,120006,129816,358.832,368.291,387.049,34.4235,34.8082,5275.97,5427.55,8.51251,3.96158,4.87941,0.979472,0.869136,173.806,123.62,3.96158,4.87941,137465
2520.0,0.755864,1.00474,0.0439113,1.00474,119987,129837,358.825,368.294,387.065,34.4217,34.8037,5274.7,5427.55,8.51251,3.96109,4.87869,0.979529,0.869383,173.964,123.585,3.96109,4.87869,137485
2522.0,0.755843,1.00462,0.0439064,1.00462,119973,129856,358.82,368.296,387.081,34.4188,34.7995,5273.03,5427.55,8.51251,3.96054,4.878,0.979587,0.869629,174.061,123.558,3.96054,4.878,137503
2524.0,0.755808,1.00455,0.0439004,1.00455,119949,129873,358.812,368.294,387.096,34.4168,34.7948,5271.74,5427.55,8.51251,3.95995,4.87726,0.979644,0.869868,173.236,123.542,3.95995,4.87726,137519
2526.0,0.755765,1.00447,0.0438945,1.00447,119920,129883,358.802,368.29,387.109,34.4121,34.7991,5269.58,5427.55,8.51251,3.95894,4.87771,0.9797,0.870107,173.223,123.492,3.95894,4.87771,137528
2528.0,0.755711,1.00442,0.0438886,1.00442,119883,129885,358.79,368.284,387.119,34.4056,34.8004,5266.82,5427.55,8.51251,3.9576,4.87769,0.979757,0.870339,173.216,123.43,3.9576,4.87769,137530
2530.0,0.755657,1.00433,0.0438844,1.00433,119847,129879,358.779,368.277,387.127,34.3969,34.808,5263.35,5427.55,8.51251,3.95603,4.87845,0.979813,0.870575,173.226,123.367,3.95603,4.87845,137524
2532.0,0.755656,1.00419,0.0438823,1.00419,119852,129870,358.779,368.271,387.134,34.388,34.8072,5259.9,5427.55,8.51251,3.95512,4.87794,0.979869,0.870815,174.11,123.341,3.95512,4.87794,137513
2534.0,0.755692,1.00404,0.0438807,1.00404,119886,129859,358.788,368.266,387.141,34.3895,34.7964,5260.12,5427.55,8.51251,3.95587,4.87601,0.979925,0.871056,174.913,123.362,3.95587,4.87601,137501
2536.0,0.755726,1.0039,0.0438797,1.0039,119917,129844,358.795,368.264,387.147,34.3986,34.784,5262.92,5427.55,8.51251,3.95744,4.87381,0.979981,0.871298,174.731,123.409,3.95744,4.87381,137485
2538.0,0.755751,1.00374,0.0438807,1.00374,119940,129829,358.801,368.265,387.153,34.4074,34.7698,5265.52,5427.55,8.51251,3.95885,4.87136,0.980037,0.87154,174.578,123.444,3.95885,4.87136,137468
2540.0,0.755776,1.00359,0.043883,1.00359,119963,129813,358.806,368.27,387.158,34.4143,34.7542,5267.44,5427.55,8.51251,3.96004,4.8687,0.980092,0.871782,174.672,123.473,3.96004,4.8687,137452
2542.0,0.755789,1.00344,0.0438854,1.00344,119976,129801,358.809,368.277,387.165,34.4215,34.7378,5269.4,5427.55,8.51251,3.96109,4.86597,0.980147,0.872023,174.426,123.497,3.96109,4.86597,137439
2544.0,0.755786,1.00329,0.0438873,1.00329,119976,129795,358.807,368.284,387.173,34.4262,34.7216,5270.47,5427.55,8.51251,3.96165,4.86332,0.980201,0.872264,174.09,123.504,3.96165,4.86332,137431
2546.0,0.755766,1.00316,0.0438884,1.00316,119963,129795,358.803,368.29,387.183,34.4277,34.7065,5270.42,5427.55,8.51251,3.96163,4.8609,0.980256,0.872503,173.778,123.491,3.96163,4.8609,137430
2548.0,0.755732,1.00304,0.0438885,1.00304,119940,129801,358.795,368.294,387.195,34.4258,34.6929,5269.23,5427.55,8.51251,3.96106,4.85876,0.98031,0.872741,173.361,123.464,3.96106,4.85876,137434
2550.0,0.755686,1.00292,0.0438874,1.00292,119908,129810,358.785,368.296,387.207,34.4212,34.6807,5267.11,5427.55,8.51251,3.96002,4.85686,0.980363,0.872977,173.211,123.414,3.96002,4.85686,137443
2552.0,0.755657,1.00281,0.0438853,1.00281,119891,129820,358.778,368.295,387.22,34.4139,34.6694,5264.14,5427.55,8.51251,3.95891,4.85511,0.980417,0.873213,173.303,123.378,3.95891,4.85511,137452
2554.0,0.755623,1.0027,0.0438829,1.0027,119869,129829,358.771,368.292,387.232,34.4099,34.6583,5262.4,5427.55,8.51251,3.95811,4.85335,0.98047,0.873448,173.361,123.337,3.95811,4.85335,137460
2556.0,0.755601,1.00258,0.0438809,1.00258,119858,129834,358.767,368.288,387.244,34.4048,34.6464,5260.26,5427.55,8.51251,3.95736,4.85146,0.980523,0.873682,173.607,123.305,3.95736,4.85146,137464
2558.0,0.755608,1.00243,0.0438801,1.00243,119869,129835,358.769,368.284,387.254,34.4021,34.6331,5259.02,5427.55,8.51251,3.95725,4.84928,0.980576,0.87392,174.305,123.294,3.95725,4.84928,137463
2560.0,0.755637,1.00228,0.0438808,1.00228,119897,129831,358.776,368.282,387.263,34.4051,34.613,5259.78,5427.55,8.51251,3.95808,4.84611,0.980629,0.874159,174.681,123.32,3.95808,4.84611,137459
2562.0,0.755668,1.00212,0.0438832,1.00212,119925,129825,358.783,368.283,387.271,34.4127,34.5913,5262.06,5427.55,8.51251,3.95943,4.84268,0.980681,0.874398,174.657,123.358,3.95943,4.84268,137451
2564.0,0.755683,1.00196,0.0438873,1.00196,119941,129817,358.786,368.286,387.278,34.4206,34.5682,5264.4,5427.55,8.51251,3.96061,4.83904,0.980733,0.874637,174.6,123.379,3.96061,4.83904,137441
2566.0,0.755703,1.0018,0.0438921,1.0018,119959,129809,358.79,368.291,387.286,34.4256,34.5442,5265.66,5427.55,8.51251,3.9615,4.83528,0.980785,0.874876,174.493,123.407,3.9615,4.83528,137432
2568.0,0.755712,1.00165,0.0438969,1.00165,119969,129804,358.792,368.298,387.295,34.4313,34.52,5267.2,5427.55,8.51251,3.96234,4.83154,0.980837,0.875115,174.317,123.424,3.96234,4.83154,137426
2570.0,0.755711,1.00151,0.0439007,1.00151,119971,129804,358.791,368.304,387.305,34.4352,34.4966,5268.03,5427.55,8.51251,3.96283,4.82794,0.980889,0.875352,174.116,123.43,3.96283,4.82794,137425
2572.0,0.755705,1.00138,0.0439034,1.00138,119969,129808,358.79,368.309,387.316,34.4369,34.4745,5268.14,5427.55,8.51251,3.96302,4.8246,0.98094,0.875589,174.103,123.424,3.96302,4.8246,137428
2574.0,0.755689,1.00125,0.043905,1.00125,119959,129817,358.786,368.313,387.328,34.4376,34.4539,5267.89,5427.55,8.51251,3.96296,4.82151,0.980991,0.875823,173.753,123.417,3.96296,4.82151,137435
2576.0,0.755669,1.00114,0.0439054,1.00114,119946,129827,358.781,368.314,387.341,34.4364,34.4347,5266.99,5427.55,8.51251,3.96263,4.81865,0.981041,0.876057,173.75,123.394,3.96263,4.81865,137445
2578.0,0.755652,1.00103,0.0439049,1.00103,119937,129838,358.777,368.315,387.354,34.4342,34.4163,5265.76,5427.55,8.51251,3.96223,4.8159,0.981092,0.87629,173.836,123.372,3.96223,4.8159,137455
2580.0,0.755644,1.00092,0.0439038,1.00092,119934,129847,358.775,368.314,387.366,34.4326,34.3981,5264.8,5427.55,8.51251,3.96202,4.81317,0.981142,0.876522,173.963,123.36,3.96202,4.81317,137463
2582.0,0.755638,1.0008,0.0439027,1.0008,119933,129854,358.774,368.313,387.378,34.4328,34.3797,5264.45,5427.55,8.51251,3.96204,4.81037,0.981192,0.876754,173.992,123.354,3.96204,4.81037,137469
2584.0,0.755631,1.00069,0.043902,1.00069,119931,129857,358.772,368.312,387.388,34.4334,34.3605,5264.24,5427.55,8.51251,3.9621,4.80745,0.981242,0.876986,173.974,123.347,3.9621,4.80745,137471
2586.0,0.755634,1.00057,0.0439018,1.00057,119937,129858,358.773,368.312,387.398,34.4337,34.3405,5263.96,5427.55,8.51251,3.96225,4.80437,0.981291,0.877217,174.208,123.345,3.96225,4.80437,137471
2588.0,0.755648,1.00045,0.0439021,1.00045,119951,129857,358.776,368.312,387.408,34.436,34.3195,5264.35,5427.55,8.51251,3.96275,4.80114,0.981341,0.877448,174.362,123.358,3.96275,4.80114,137469
2590.0,0.75566,1.00033,0.043903,1.00033,119963,129854,358.778,368.314,387.416,34.4405,34.2976,5265.5,5427.55,8.51251,3.96349,4.79779,0.98139,0.877679,174.348,123.374,3.96349,4.79779,137465
2592.0,0.755668,1.00022,0.0439041,1.00022,119972,129852,358.78,368.316,387.425,34.4447,34.2754,5266.52,5427.55,8.51251,3.96413,4.79438,0.981439,0.87791,174.302,123.386,3.96413,4.79438,137461
2594.0,0.75565,1.00015,0.0439045,1.00015,119960,129849,358.775,368.318,387.434,34.4481,34.2532,5267.23,5427.55,8.51251,3.96436,4.79102,0.981487,0.878135,173.596,123.386,3.96436,4.79102,137458
2596.0,0.755608,1.00008,0.0439041,1.00008,119931,129846,358.766,368.319,387.443,34.4464,34.2397,5266.16,5427.55,8.51251,3.96368,4.78889,0.981535,0.878358,173.221,123.348,3.96368,4.78889,137455
2598.0,0.75557,1.00001,0.0439026,1.00001,119905,129844,358.758,368.319,387.451,34.4397,34.2261,5263.42,5427.55,8.51251,3.96251,4.78674,0.981583,0.878581,173.29,123.301,3.96251,4.78674,137452
2600.0,0.755548,0.999913,0.0439004,0.999913,119893,129843,358.753,368.317,387.46,34.4337,34.2127,5261.01,5427.55,8.51251,3.96163,4.7846,0.981631,0.878805,173.774,123.263,3.96163,4.7846,137450
2602.0,0.755549,0.999822,0.0438979,0.999822,119899,129843,358.754,368.315,387.47,34.4308,34.1933,5259.72,5427.55,8.51251,3.96142,4.78164,0.981679,0.879029,174.12,123.256,3.96142,4.78164,137449
2604.0,0.755576,0.999702,0.0438961,0.999702,119923,129843,358.76,368.313,387.479,34.4327,34.1744,5260.06,5427.55,8.51251,3.96205,4.77873,0.981727,0.879257,174.638,123.273,3.96205,4.77873,137449
2606.0,0.755612,0.999583,0.0438954,0.999583,119955,129842,358.768,368.313,387.489,34.4395,34.1493,5262.11,5427.55,8.51251,3.96337,4.77494,0.981774,0.879484,174.77,123.314,3.96337,4.77494,137447
2608.0,0.755639,0.999464,0.0438956,0.999464,119978,129840,358.773,368.316,387.498,34.4483,34.124,5264.78,5427.55,8.51251,3.96479,4.77109,0.981821,0.879712,174.642,123.351,3.96479,4.77109,137443
2610.0,0.755659,0.999346,0.0438965,0.999346,119996,129836,358.777,368.321,387.506,34.4555,34.0982,5266.82,5427.55,8.51251,3.96591,4.76718,0.981868,0.879939,174.541,123.379,3.96591,4.76718,137439
2612.0,0.755672,0.999233,0.0438978,0.999233,120007,129835,358.78,368.328,387.515,34.4613,34.0722,5268.35,5427.55,8.51251,3.96678,4.76327,0.981915,0.880166,174.433,123.398,3.96678,4.76327,137436
2614.0,0.755677,0.999128,0.043899,0.999128,120013,129836,358.78,368.336,387.525,34.4657,34.0466,5269.38,5427.55,8.51251,3.9674,4.75945,0.981961,0.880392,174.304,123.41,3.9674,4.75945,137437
2616.0,0.755677,0.99903,0.0438999,0.99903,120014,129842,358.779,368.342,387.536,34.4687,34.0221,5269.9,5427.55,8.51251,3.96777,4.75582,0.982008,0.880617,174.183,123.414,3.96777,4.75582,137442
2618.0,0.755683,0.998941,0.0439004,0.998941,120020,129852,358.78,368.347,387.548,34.4703,33.9989,5269.98,5427.55,8.51251,3.96808,4.75243,0.982054,0.880841,174.358,123.417,3.96808,4.75243,137451
2620.0,0.755679,0.998859,0.0439004,0.998859,120018,129864,358.779,368.351,387.561,34.4734,33.977,5270.55,5427.55,8.51251,3.96841,4.74925,0.982099,0.881064,174.183,123.418,3.96841,4.74925,137462
2622.0,0.75567,0.99878,0.0439002,0.99878,120012,129878,358.776,368.354,387.575,34.4745,33.9561,5270.4,5427.55,8.51251,3.96846,4.74621,0.982145,0.881287,174.009,123.414,3.96846,4.74621,137475
2624.0,0.755673,0.998702,0.0438995,0.998702,120016,129890,358.776,368.356,387.587,34.4745,33.9355,5269.92,5427.55,8.51251,3.96854,4.74322,0.98219,0.881508,174.729,123.398,3.96854,4.74322,137487
2626.0,0.755666,0.998625,0.0438985,0.998625,120012,129900,358.774,368.357,387.6,34.477,33.915,5270.28,5427.55,8.51251,3.96878,4.74022,0.982235,0.881729,174.104,123.409,3.96878,4.74022,137496
2628.0,0.75566,0.998546,0.0438976,0.998546,120008,129909,358.772,368.358,387.611,34.4775,33.8941,5269.94,5427.55,8.51251,3.96879,4.73714,0.98228,0.88195,174.096,123.403,3.96879,4.73714,137504
2630.0,0.755653,0.998465,0.0438971,0.998465,120004,129915,358.77,368.359,387.622,34.478,33.8726,5269.64,5427.55,8.51251,3.9688,4.73396,0.982325,0.88217,174.08,123.396,3.9688,4.73396,137509
2632.0,0.755646,0.998384,0.0438969,0.998384,120001,129919,358.768,368.36,387.633,34.4784,33.8505,5269.29,5427.55,8.51251,3.9688,4.73068,0.982369,0.88239,174.099,123.389,3.9688,4.73068,137512
2634.0,0.755644,0.998302,0.043897,0.998302,120000,129921,358.767,368.361,387.643,34.4789,33.8279,5269.01,5427.55,8.51251,3.96887,4.72731,0.982413,0.88261,174.185,123.384,3.96887,4.72731,137514
2636.0,0.755649,0.99822,0.0438973,0.99822,120006,129922,358.768,368.362,387.652,34.4802,33.8048,5268.97,5427.55,8.51251,3.96913,4.72386,0.982457,0.88283,174.388,123.386,3.96913,4.72386,137514
2638.0,0.755663,0.998139,0.043898,0.998139,120018,129923,358.77,368.364,387.662,34.483,33.7815,5269.49,5427.55,8.51251,3.96967,4.72037,0.982501,0.883049,174.481,123.401,3.96967,4.72037,137514
2640.0,0.755672,0.998058,0.0438994,0.998058,120026,129923,358.772,368.365,387.671,34.4876,33.7579,5270.59,5427.55,8.51251,3.97035,4.71685,0.982545,0.883268,174.413,123.415,3.97035,4.71685,137513
2642.0,0.755677,0.997978,0.0439011,0.997978,120031,129922,358.772,368.368,387.68,34.4913,33.7341,5271.35,5427.55,8.51251,3.97085,4.71329,0.982588,0.883486,174.36,123.423,3.97085,4.71329,137512
2644.0,0.755682,0.997901,0.0439027,0.997901,120036,129922,358.772,368.371,387.689,34.494,33.7102,5271.78,5427.55,8.51251,3.97127,4.70973,0.982632,0.883704,174.399,123.43,3.97127,4.70973,137512
2646.0,0.755685,0.997827,0.0439038,0.997827,120038,129923,358.772,368.374,387.699,34.497,33.6865,5272.28,5427.55,8.51251,3.97167,4.7062,0.982675,0.883921,174.337,123.436,3.97167,4.7062,137512
2648.0,0.755689,0.997756,0.0439042,0.997756,120042,129925,358.772,368.377,387.708,34.4994,33.663,5272.57,5427.55,8.51251,3.97202,4.70273,0.982717,0.884138,174.322,123.443,3.97202,4.70273,137513
2650.0,0.755695,0.997689,0.043904,0.997689,120047,129928,358.773,368.379,387.718,34.5021,33.6401,5272.98,5427.55,8.51251,3.97243,4.69934,0.98276,0.884354,174.452,123.447,3.97243,4.69934,137516
2652.0,0.755693,0.997625,0.0439034,0.997625,120046,129932,358.772,368.382,387.728,34.5052,33.6175,5273.5,5427.55,8.51251,3.97278,4.69601,0.982803,0.884569,174.327,123.45,3.97278,4.69601,137519
2654.0,0.755689,0.997564,0.0439024,0.997564,120042,129936,358.77,368.384,387.739,34.5068,33.5954,5273.48,5427.55,8.51251,3.97292,4.69276,0.982845,0.884784,174.198,123.449,3.97292,4.69276,137523
2656.0,0.755676,0.997506,0.0439012,0.997506,120033,129940,358.766,368.386,387.749,34.5077,33.5736,5273.26,5427.55,8.51251,3.97288,4.68955,0.982887,0.884998,174.016,123.44,3.97288,4.68955,137526
2658.0,0.75567,0.997449,0.0438998,0.997449,120029,129944,358.764,368.387,387.759,34.507,33.552,5272.46,5427.55,8.51251,3.97274,4.68637,0.982928,0.885211,174.197,123.428,3.97274,4.68637,137530
2660.0,0.755665,0.997394,0.0438984,0.997394,120026,129948,358.762,368.388,387.769,34.5076,33.5306,5272.16,5427.55,8.51251,3.97279,4.68321,0.98297,0.885424,174.219,123.424,3.97279,4.68321,137532
2662.0,0.75566,0.99734,0.0438975,0.99734,120023,129950,358.761,368.388,387.779,34.5086,33.5093,5271.96,5427.55,8.51251,3.97285,4.68005,0.983011,0.885637,174.134,123.421,3.97285,4.68005,137534
2664.0,0.755656,0.997286,0.0438974,0.997286,120020,129951,358.759,368.389,387.788,34.5093,33.4879,5271.71,5427.55,8.51251,3.97292,4.67688,0.983053,0.885848,174.302,123.412,3.97292,4.67688,137535
2666.0,0.755654,0.997232,0.0438981,0.997232,120020,129951,358.758,368.389,387.797,34.5103,33.4664,5271.55,5427.55,8.51251,3.97303,4.67368,0.983094,0.88606,174.267,123.412,3.97303,4.67368,137534
2668.0,0.755658,0.997178,0.0438992,0.997178,120024,129950,358.758,368.39,387.805,34.5117,33.4447,5271.52,5427.55,8.51251,3.97327,4.67044,0.983135,0.886271,174.425,123.413,3.97327,4.67044,137533
2670.0,0.755669,0.997123,0.0439005,0.997123,120033,129948,358.76,368.391,387.814,34.5143,33.4226,5271.92,5427.55,8.51251,3.97374,4.66715,0.983175,0.886482,174.509,123.425,3.97374,4.66715,137530
2672.0,0.755678,0.99707,0.043902,0.99707,120041,129946,358.761,368.392,387.822,34.5183,33.4004,5272.79,5427.55,8.51251,3.97434,4.66383,0.983216,0.886693,174.527,123.437,3.97434,4.66383,137528
2674.0,0.755686,0.997017,0.0439034,0.997017,120047,129944,358.762,368.394,387.83,34.522,33.3781,5273.54,5427.55,8.51251,3.97489,4.6605,0.983256,0.886903,174.506,123.448,3.97489,4.6605,137525
2676.0,0.755691,0.996968,0.0439043,0.996968,120051,129943,358.763,368.397,387.839,34.5255,33.3558,5274.2,5427.55,8.51251,3.97537,4.65719,0.983296,0.887112,174.439,123.456,3.97537,4.65719,137523
2678.0,0.755695,0.996921,0.0439045,0.996921,120054,129942,358.763,368.399,387.847,34.5283,33.3339,5274.6,5427.55,8.51251,3.97575,4.65394,0.983336,0.887321,174.521,123.46,3.97575,4.65394,137522
2680.0,0.755696,0.996879,0.0439038,0.996879,120055,129943,358.762,368.402,387.856,34.531,33.3124,5274.97,5427.55,8.51251,3.9761,4.65076,0.983376,0.887529,174.312,123.469,3.9761,4.65076,137523
2682.0,0.755692,0.996841,0.0439025,0.996841,120051,129945,358.76,368.404,387.866,34.5332,33.2916,5275.16,5427.55,8.51251,3.97631,4.64769,0.983415,0.887736,174.253,123.466,3.97631,4.64769,137524
2684.0,0.755679,0.996806,0.0439008,0.996806,120041,129948,358.757,368.406,387.875,34.5342,33.2714,5274.95,5427.55,8.51251,3.97627,4.64473,0.983454,0.887943,174.116,123.456,3.97627,4.64473,137527
2686.0,0.755679,0.996774,0.0438988,0.996774,120042,129951,358.756,368.408,387.885,34.5335,33.2518,5274.13,5427.55,8.51251,3.97621,4.64185,0.983493,0.888149,174.065,123.459,3.97621,4.64185,137529
2688.0,0.755662,0.996744,0.0438968,0.996744,120029,129954,358.751,368.409,387.894,34.5355,33.2327,5274.28,5427.55,8.51251,3.97623,4.63904,0.983532,0.888354,174.068,123.438,3.97623,4.63904,137532
2690.0,0.755668,0.996715,0.0438953,0.996715,120034,129956,358.752,368.409,387.904,34.5337,33.2138,5273.14,5427.55,8.51251,3.97614,4.63626,0.983571,0.888559,174.113,123.445,3.97614,4.63626,137534
2692.0,0.755657,0.996687,0.0438944,0.996687,120026,129957,358.749,368.409,387.913,34.5368,33.195,5273.69,5427.55,8.51251,3.97637,4.63348,0.98361,0.888763,174.197,123.431,3.97637,4.63348,137535
2694.0,0.755653,0.996658,0.0438943,0.996658,120024,129957,358.747,368.41,387.921,34.5365,33.1762,5273.05,5427.55,8.51251,3.97631,4.63069,0.983648,0.888967,174.268,123.425,3.97631,4.63069,137535
2696.0,0.755646,0.996628,0.0438947,0.996628,120019,129956,358.745,368.41,387.93,34.5374,33.1571,5272.86,5427.55,8.51251,3.97636,4.62785,0.983686,0.88917,174.279,123.418,3.97636,4.62785,137533
2698.0,0.755641,0.996597,0.0438952,0.996597,120016,129954,358.744,368.411,387.938,34.5379,33.1378,5272.51,5427.55,8.51251,3.97637,4.62497,0.983724,0.889373,174.308,123.412,3.97637,4.62497,137531
2700.0,0.755636,0.996567,0.0438956,0.996567,120013,129951,358.742,368.411,387.945,34.5387,33.1182,5272.28,5427.55,8.51251,3.97642,4.62205,0.983762,0.889576,174.204,123.409,3.97642,4.62205,137528
2702.0,0.75563,0.996537,0.043896,0.996537,120010,129949,358.74,368.412,387.953,34.5393,33.0985,5271.99,5427.55,8.51251,3.97645,4.61911,0.983799,0.889779,174.203,123.404,3.97645,4.61911,137525
2704.0,0.755624,0.996508,0.0438964,0.996508,120007,129946,358.738,368.413,387.961,34.5399,33.0788,5271.72,5427.55,8.51251,3.97648,4.61616,0.983837,0.889981,174.2,123.398,3.97648,4.61616,137521
2706.0,0.755619,0.996479,0.043897,0.996479,120004,129942,358.737,368.414,387.969,34.5405,33.0591,5271.46,5427.55,8.51251,3.97652,4.61322,0.983874,0.890182,174.202,123.393,3.97652,4.61322,137518
2708.0,0.755615,0.996451,0.0438978,0.996451,120002,129939,358.735,368.414,387.976,34.5412,33.0394,5271.22,5427.55,8.51251,3.97658,4.61028,0.983911,0.890383,174.216,123.388,3.97658,4.61028,137515
2710.0,0.755612,0.996425,0.0438989,0.996425,120001,129936,358.734,368.415,387.984,34.542,33.0198,5271.04,5427.55,8.51251,3.97667,4.60737,0.983948,0.890584,174.248,123.385,3.97667,4.60737,137511
2712.0,0.755612,0.996401,0.0439002,0.996401,120002,129933,358.734,368.415,387.991,34.5431,33.0004,5270.96,5427.55,8.51251,3.97683,4.60447,0.983985,0.890785,174.308,123.384,3.97683,4.60447,137508
2714.0,0.755616,0.996377,0.0439016,0.996377,120007,129930,358.734,368.416,387.999,34.5448,32.9812,5271.06,5427.55,8.51251,3.97711,4.60161,0.984022,0.890984,174.429,123.387,3.97711,4.60161,137505
2716.0,0.755624,0.996356,0.0439029,0.996356,120014,129927,358.736,368.417,388.007,34.5473,32.9622,5271.49,5427.55,8.51251,3.97753,4.59878,0.984058,0.891184,174.425,123.397,3.97753,4.59878,137502
2718.0,0.755628,0.996336,0.043904,0.996336,120018,129925,358.736,368.418,388.014,34.5506,32.9434,5272.14,5427.55,8.51251,3.97798,4.59598,0.984094,0.891382,174.401,123.403,3.97798,4.59598,137499
2720.0,0.755634,0.996319,0.0439046,0.996319,120023,129922,358.737,368.42,388.022,34.5531,32.925,5272.51,5427.55,8.51251,3.97837,4.59324,0.98413,0.891581,174.541,123.407,3.97837,4.59324,137496
2722.0,0.755654,0.996279,0.0439047,0.996279,120039,129922,358.741,368.423,388.03,34.556,32.9068,5273.02,5427.55,8.51251,3.97899,4.59053,0.984166,0.891781,174.822,123.424,3.97899,4.59053,137495
2724.0,0.755686,0.996218,0.0439043,0.996218,120064,129923,358.747,368.427,388.039,34.5619,32.8842,5274.54,5427.55,8.51251,3.98007,4.58719,0.984202,0.891984,175.165,123.453,3.98007,4.58719,137496
2726.0,0.755735,0.996165,0.0439034,0.996165,120101,129927,358.757,368.433,388.049,34.5699,32.857,5276.79,5427.55,8.51251,3.98163,4.58324,0.984238,0.892187,175.693,123.497,3.98163,4.58324,137499
2728.0,0.75576,0.996119,0.0439024,0.996119,120119,129934,358.761,368.441,388.06,34.5817,32.8312,5280.27,5427.55,8.51251,3.98329,4.57952,0.984273,0.89239,174.803,123.554,3.98329,4.57952,137505
2730.0,0.755783,0.99608,0.0439017,0.99608,120135,129942,358.765,368.449,388.071,34.5888,32.8066,5282.02,5427.55,8.51251,3.98438,4.57599,0.984309,0.892591,175.06,123.575,3.98438,4.57599,137514
2732.0,0.755792,0.996069,0.0439011,0.996069,120139,129953,358.765,368.457,388.082,34.5956,32.7833,5283.68,5427.55,8.51251,3.98525,4.5727,0.984344,0.89279,174.638,123.599,3.98525,4.5727,137525
2734.0,0.755778,0.996081,0.0439002,0.996081,120126,129965,358.761,368.464,388.094,34.5995,32.7653,5284.3,5427.55,8.51251,3.98549,4.57018,0.984378,0.892986,174.49,123.588,3.98549,4.57018,137537
2736.0,0.755753,0.996097,0.0438993,0.996097,120105,129978,358.754,368.468,388.106,34.5988,32.7522,5283.35,5427.55,8.51251,3.98508,4.56835,0.984413,0.893181,173.822,123.578,3.98508,4.56835,137550
2738.0,0.755715,0.996116,0.0438981,0.996116,120074,129992,358.745,368.47,388.118,34.596,32.74,5281.68,5427.55,8.51251,3.98426,4.56666,0.984447,0.893374,173.781,123.535,3.98426,4.56666,137563
2740.0,0.755687,0.996136,0.0438965,0.996136,120052,130005,358.737,368.47,388.13,34.5904,32.7284,5279.1,5427.55,8.51251,3.98325,4.56504,0.984482,0.893567,173.833,123.501,3.98325,4.56504,137576
2742.0,0.75566,0.996153,0.043895,0.996153,120031,130015,358.731,368.468,388.141,34.5866,32.717,5277.22,5427.55,8.51251,3.98249,4.56343,0.984516,0.893759,173.921,123.467,3.98249,4.56343,137586
2744.0,0.755653,0.996166,0.0438935,0.996166,120026,130021,358.729,368.464,388.151,34.5831,32.7052,5275.46,5427.55,8.51251,3.98202,4.56173,0.98455,0.893951,174.35,123.447,3.98202,4.56173,137592
2746.0,0.755667,0.996171,0.0438924,0.996171,120037,130022,358.731,368.461,388.16,34.5834,32.6925,5275.07,5427.55,8.51251,3.98226,4.55983,0.984584,0.894143,174.508,123.46,3.98226,4.55983,137593
2748.0,0.75568,0.996168,0.0438922,0.996168,120048,130018,358.734,368.459,388.166,34.588,32.6783,5276.14,5427.55,8.51251,3.98297,4.5577,0.984617,0.894335,174.774,123.469,3.98297,4.5577,137589
2750.0,0.755702,0.99616,0.0438929,0.99616,120065,130010,358.738,368.459,388.172,34.5925,32.6627,5277.15,5427.55,8.51251,3.98378,4.5553,0.984651,0.894527,174.949,123.491,3.98378,4.5553,137581
2752.0,0.755722,0.996148,0.0438946,0.996148,120080,129999,358.741,368.461,388.178,34.5988,32.6457,5278.74,5427.55,8.51251,3.98476,4.5527,0.984684,0.89472,174.945,123.517,3.98476,4.5527,137570
2754.0,0.755738,0.996136,0.0438969,0.996136,120091,129989,358.744,368.464,388.183,34.6049,32.628,5280.23,5427.55,8.51251,3.98566,4.55001,0.984718,0.894912,174.858,123.539,3.98566,4.55001,137560
2756.0,0.755745,0.996128,0.043899,0.996128,120095,129982,358.744,368.469,388.189,34.61,32.6103,5281.37,5427.55,8.51251,3.98632,4.54734,0.984751,0.895104,174.681,123.553,3.98632,4.54734,137552
2758.0,0.755743,0.996125,0.0439005,0.996125,120093,129977,358.743,368.474,388.196,34.6134,32.5933,5281.89,5427.55,8.51251,3.98669,4.5448,0.984784,0.895295,174.56,123.556,3.98669,4.5448,137548
2760.0,0.755735,0.99613,0.0439012,0.99613,120085,129977,358.74,368.478,388.204,34.6151,32.5775,5281.83,5427.55,8.51251,3.98677,4.54247,0.984816,0.895485,174.341,123.553,3.98677,4.54247,137548
2762.0,0.75571,0.996142,0.0439009,0.996142,120065,129980,358.733,368.481,388.213,34.6155,32.5631,5281.33,5427.55,8.51251,3.98649,4.54038,0.984849,0.895674,174.076,123.531,3.98649,4.54038,137550
2764.0,0.755689,0.996158,0.0438996,0.996158,120048,129985,358.728,368.482,388.222,34.6124,32.5501,5279.63,5427.55,8.51251,3.98588,4.53849,0.984881,0.895862,174.131,123.506,3.98588,4.53849,137555
2766.0,0.755674,0.996176,0.0438977,0.996176,120036,129990,358.724,368.481,388.231,34.6102,32.5381,5278.29,5427.55,8.51251,3.98544,4.53675,0.984913,0.896049,174.223,123.485,3.98544,4.53675,137560
2768.0,0.755678,0.996193,0.0438959,0.996193,120040,129993,358.724,368.48,388.24,34.6089,32.5264,5277.27,5427.55,8.51251,3.98535,4.53505,0.984945,0.896236,174.89,123.472,3.98535,4.53505,137564
2770.0,0.755672,0.996208,0.0438946,0.996208,120036,129994,358.722,368.478,388.249,34.6116,32.5149,5277.65,5427.55,8.51251,3.9856,4.53334,0.984977,0.896423,174.32,123.483,3.9856,4.53334,137565
2772.0,0.755663,0.996219,0.0438941,0.996219,120029,129993,358.72,368.477,388.256,34.6124,32.5028,5277.37,5427.55,8.51251,3.98559,4.53153,0.985009,0.896609,174.298,123.473,3.98559,4.53153,137563
2774.0,0.755662,0.996227,0.0438944,0.996227,120029,129988,358.719,368.477,388.263,34.6123,32.49,5276.82,5427.55,8.51251,3.9856,4.52958,0.985041,0.896796,174.442,123.469,3.9856,4.52958,137559
2776.0,0.755666,0.996233,0.0438949,0.996233,120032,129982,358.719,368.478,388.269,34.614,32.4766,5276.86,5427.55,8.51251,3.98585,4.52755,0.985072,0.896982,174.617,123.469,3.98585,4.52755,137553
2778.0,0.755684,0.996239,0.0438956,0.996239,120046,129976,358.723,368.479,388.275,34.6165,32.4629,5277.2,5427.55,8.51251,3.98639,4.52546,0.985104,0.897168,174.979,123.481,3.98639,4.52546,137546
2780.0,0.755696,0.996247,0.0438964,0.996247,120056,129970,358.725,368.481,388.281,34.6219,32.4492,5278.53,5427.55,8.51251,3.98719,4.52339,0.985135,0.897354,174.745,123.504,3.98719,4.52339,137540
2782.0,0.7557,0.996258,0.0438973,0.996258,120059,129965,358.725,368.483,388.288,34.6264,32.4359,5279.5,5427.55,8.51251,3.98775,4.52138,0.985166,0.897539,174.596,123.513,3.98775,4.52138,137535
2784.0,0.755702,0.996272,0.043898,0.996272,120060,129961,358.725,368.487,388.295,34.629,32.4231,5279.83,5427.55,8.51251,3.98809,4.51946,0.985197,0.897723,174.696,123.514,3.98809,4.51946,137531
2786.0,0.755706,0.996289,0.0438984,0.996289,120062,129959,358.725,368.49,388.302,34.6314,32.4112,5280.05,5427.55,8.51251,3.98841,4.51766,0.985227,0.897907,174.623,123.521,3.98841,4.51766,137530
2788.0,0.7557,0.996312,0.0438981,0.996312,120058,129959,358.723,368.492,388.31,34.634,32.4,5280.38,5427.55,8.51251,3.98865,4.51601,0.985258,0.89809,174.399,123.522,3.98865,4.51601,137530
2790.0,0.755693,0.996339,0.0438971,0.996339,120051,129960,358.72,368.494,388.318,34.6349,32.3899,5280.07,5427.55,8.51251,3.98865,4.51451,0.985288,0.898272,174.646,123.506,3.98865,4.51451,137531
2792.0,0.755672,0.996368,0.0438954,0.996368,120035,129962,358.715,368.496,388.326,34.6352,32.3807,5279.6,5427.55,8.51251,3.98844,4.51316,0.985318,0.898453,174.078,123.499,3.98844,4.51316,137533
2794.0,0.755654,0.996398,0.0438932,0.996398,120022,129964,358.711,368.496,388.334,34.633,32.3721,5278.26,5427.55,8.51251,3.98797,4.51189,0.985348,0.898633,174.179,123.475,3.98797,4.51189,137535
2796.0,0.755641,0.996429,0.0438911,0.996429,120013,129966,358.707,368.496,388.342,34.6312,32.3639,5277.11,5427.55,8.51251,3.98762,4.51067,0.985378,0.898814,174.259,123.458,3.98762,4.51067,137537
2798.0,0.755651,0.996458,0.0438894,0.996458,120021,129966,358.709,368.496,388.35,34.6304,32.3559,5276.32,5427.55,8.51251,3.98768,4.50947,0.985408,0.898993,174.575,123.461,3.98768,4.50947,137537
2800.0,0.755653,0.996485,0.0438881,0.996485,120024,129965,358.709,368.495,388.357,34.6341,32.3478,5277.11,5427.55,8.51251,3.98815,4.50823,0.985438,0.899173,174.583,123.464,3.98815,4.50823,137536
2802.0,0.755663,0.99651,0.0438874,0.99651,120032,129962,358.711,368.496,388.364,34.6363,32.3392,5277.36,5427.55,8.51251,3.98856,4.50691,0.985467,0.899352,174.801,123.471,3.98856,4.50691,137533
2804.0,0.755671,0.996533,0.0438872,0.996533,120038,129957,358.712,368.497,388.371,34.6402,32.3303,5278.19,5427.55,8.51251,3.98912,4.50554,0.985497,0.899531,174.686,123.484,3.98912,4.50554,137529
2806.0,0.755677,0.996555,0.0438875,0.996555,120043,129952,358.713,368.5,388.377,34.6435,32.3211,5278.79,5427.55,8.51251,3.9896,4.50412,0.985526,0.89971,174.677,123.493,3.9896,4.50412,137524
2808.0,0.75568,0.996578,0.0438878,0.996578,120046,129948,358.713,368.503,388.383,34.6466,32.3119,5279.3,5427.55,8.51251,3.99,4.5027,0.985555,0.899888,174.615,123.499,3.99,4.5027,137520
2810.0,0.755685,0.996604,0.0438876,0.996604,120049,129945,358.713,368.506,388.39,34.6491,32.303,5279.61,5427.55,8.51251,3.99036,4.50134,0.985584,0.900065,174.581,123.506,3.99036,4.50134,137517
2812.0,0.755686,0.996633,0.0438868,0.996633,120051,129944,358.713,368.509,388.397,34.6518,32.2947,5280,5427.55,8.51251,3.99071,4.50008,0.985613,0.900242,174.597,123.509,3.99071,4.50008,137516
2814.0,0.755677,0.996666,0.0438857,0.996666,120044,129945,358.71,368.512,388.405,34.6541,32.2872,5280.21,5427.55,8.51251,3.99086,4.49896,0.985641,0.900419,174.314,123.507,3.99086,4.49896,137517
2816.0,0.755651,0.996701,0.0438844,0.996701,120023,129946,358.704,368.514,388.413,34.6541,32.2805,5279.65,5427.55,8.51251,3.99053,4.49796,0.98567,0.900594,174.019,123.484,3.99053,4.49796,137519
2818.0,0.755628,0.996738,0.0438829,0.996738,120007,129948,358.699,368.515,388.421,34.6506,32.2745,5277.89,5427.55,8.51251,3.98987,4.49706,0.985698,0.900769,174.08,123.456,3.98987,4.49706,137521
2820.0,0.75561,0.996776,0.0438816,0.996776,119994,129950,358.695,368.515,388.429,34.6479,32.269,5276.45,5427.55,8.51251,3.98935,4.49623,0.985726,0.900943,174.148,123.434,3.98935,4.49623,137523
2822.0,0.755599,0.996811,0.0438806,0.996811,119987,129951,358.692,368.514,388.437,34.646,32.2637,5275.33,5427.55,8.51251,3.98903,4.49542,0.985754,0.901117,174.262,123.417,3.98903,4.49542,137524
2824.0,0.755597,0.996844,0.0438803,0.996844,119987,129950,358.691,368.513,388.444,34.6453,32.2582,5274.66,5427.55,8.51251,3.98896,4.49456,0.985782,0.901291,174.428,123.411,3.98896,4.49456,137524
2826.0,0.755589,0.996872,0.0438806,0.996872,119983,129947,358.689,368.512,388.451,34.6466,32.2523,5274.64,5427.55,8.51251,3.98904,4.49362,0.98581,0.901465,174.384,123.403,3.98904,4.49362,137521
2828.0,0.755617,0.99685,0.043882,0.99685,120006,129943,358.696,368.513,388.457,34.6467,32.2456,5274.24,5427.55,8.51251,3.98945,4.4925,0.985838,0.901644,175.4,123.408,3.98945,4.4925,137516
2830.0,0.755677,0.99683,0.043884,0.99683,120053,129939,358.708,368.516,388.463,34.654,32.2286,5276.31,5427.55,8.51251,3.99108,4.48997,0.985866,0.901823,175.788,123.47,3.99108,4.48997,137512
2832.0,0.755735,0.996812,0.043887,0.996812,120097,129936,358.72,368.522,388.47,34.6677,32.212,5280.57,5427.55,8.51251,3.9934,4.48749,0.985893,0.902002,175.686,123.542,3.9934,4.48749,137509
2834.0,0.755774,0.996799,0.0438907,0.996799,120126,129934,358.728,368.53,388.477,34.6812,32.1959,5284.62,5427.55,8.51251,3.99544,4.4851,0.985921,0.902181,175.314,123.601,3.99544,4.4851,137507
2836.0,0.755807,0.996793,0.0438946,0.996793,120149,129936,358.734,368.541,388.486,34.6911,32.1806,5287.38,5427.55,8.51251,3.99698,4.48287,0.985948,0.902359,175.341,123.64,3.99698,4.48287,137508
2838.0,0.755816,0.996795,0.0438979,0.996795,120153,129942,358.734,368.552,388.495,34.6999,32.1666,5289.69,5427.55,8.51251,3.99805,4.48086,0.985975,0.902537,175.018,123.661,3.99805,4.48086,137514
2840.0,0.755816,0.996807,0.0439001,0.996807,120150,129954,358.733,368.562,388.506,34.7038,32.1543,5290.25,5427.55,8.51251,3.99846,4.47914,0.986001,0.902714,174.805,123.668,3.99846,4.47914,137526
2842.0,0.7558,0.996828,0.0439006,0.996828,120134,129970,358.728,368.57,388.518,34.7061,32.1441,5290.24,5427.55,8.51251,3.99848,4.47776,0.986028,0.90289,174.228,123.666,3.99848,4.47776,137543
2844.0,0.755774,0.996857,0.0438995,0.996857,120112,129990,358.721,368.575,388.531,34.7051,32.1358,5289.14,5427.55,8.51251,3.99801,4.47668,0.986054,0.903065,174.621,123.625,3.99801,4.47668,137563
2846.0,0.755754,0.99689,0.0438969,0.99689,120095,130011,358.716,368.578,388.545,34.7021,32.1291,5287.39,5427.55,8.51251,3.99738,4.47585,0.986081,0.903239,174.673,123.6,3.99738,4.47585,137584
2848.0,0.755727,0.996923,0.0438938,0.996923,120072,130030,358.709,368.578,388.558,34.7001,32.1234,5286,5427.55,8.51251,3.99679,4.47513,0.986107,0.903412,174.189,123.582,3.99679,4.47513,137603
2850.0,0.755737,0.996953,0.0438908,0.996953,120080,130045,358.71,368.577,388.569,34.6967,32.1179,5284.15,5427.55,8.51251,3.99653,4.47441,0.986133,0.903586,174.651,123.582,3.99653,4.47441,137618
2852.0,0.755724,0.996994,0.0438888,0.996994,120068,130054,358.706,368.576,388.579,34.7008,32.1117,5284.98,5427.55,8.51251,3.99683,4.47355,0.986159,0.903757,174.245,123.578,3.99683,4.47355,137627
2854.0,0.75569,0.997042,0.0438881,0.997042,120042,130056,358.698,368.575,388.587,34.7001,32.108,5284.08,5427.55,8.51251,3.99631,4.47299,0.986185,0.903927,173.984,123.547,3.99631,4.47299,137629
2856.0,0.755675,0.997081,0.0438891,0.997081,120031,130052,358.695,368.573,388.593,34.6953,32.106,5281.83,5427.55,8.51251,3.99559,4.4726,0.986211,0.904097,174.216,123.523,3.99559,4.4726,137625
2858.0,0.755661,0.997114,0.0438915,0.997114,120020,130044,358.691,368.572,388.598,34.6942,32.1023,5280.89,5427.55,8.51251,3.99529,4.47193,0.986236,0.904267,174.39,123.501,3.99529,4.47193,137618
2860.0,0.755664,0.997142,0.0438946,0.997142,120023,130034,358.691,368.57,388.603,34.6931,32.0974,5279.98,5427.55,8.51251,3.99522,4.47108,0.986262,0.904436,174.878,123.491,3.99522,4.47108,137608
2862.0,0.75566,0.997168,0.043898,0.997168,120021,130024,358.69,368.569,388.607,34.6955,32.0917,5280.28,5427.55,8.51251,3.99547,4.47011,0.986287,0.904606,174.54,123.497,3.99547,4.47011,137598
2864.0,0.755658,0.997192,0.0439015,0.997192,120020,130013,358.689,368.568,388.611,34.6966,32.0857,5280.11,5427.55,8.51251,3.99558,4.46908,0.986313,0.904776,174.594,123.494,3.99558,4.46908,137587
2866.0,0.755658,0.997215,0.0439051,0.997215,120021,130001,358.689,368.569,388.615,34.698,32.0794,5280.05,5427.55,8.51251,3.99577,4.46801,0.986338,0.904945,174.649,123.494,3.99577,4.46801,137576
2868.0,0.755662,0.997238,0.0439086,0.997238,120024,129991,358.69,368.569,388.619,34.6999,32.0729,5280.19,5427.55,8.51251,3.99606,4.46694,0.986363,0.905114,174.738,123.496,3.99606,4.46694,137565
2870.0,0.755673,0.997263,0.043912,0.997263,120033,129981,358.692,368.57,388.624,34.7025,32.0667,5280.57,5427.55,8.51251,3.99652,4.4659,0.986388,0.905282,174.908,123.505,3.99652,4.4659,137556
2872.0,0.755676,0.997291,0.0439151,0.997291,120036,129973,358.692,368.572,388.629,34.7065,32.0608,5281.39,5427.55,8.51251,3.99702,4.46493,0.986413,0.90545,174.679,123.515,3.99702,4.46493,137548
2874.0,0.755674,0.997322,0.0439173,0.997322,120034,129967,358.691,368.573,388.634,34.7089,32.0556,5281.67,5427.55,8.51251,3.99728,4.46407,0.986437,0.905618,174.64,123.515,3.99728,4.46407,137542
2876.0,0.755666,0.997357,0.0439183,0.997357,120028,129963,358.689,368.575,388.64,34.7103,32.0513,5281.6,5427.55,8.51251,3.99736,4.46335,0.986462,0.905784,174.471,123.511,3.99736,4.46335,137538
2878.0,0.755657,0.997396,0.0439179,0.997396,120022,129960,358.686,368.577,388.647,34.7106,32.0479,5281.15,5427.55,8.51251,3.99729,4.46278,0.986486,0.90595,174.628,123.496,3.99729,4.46278,137535
2880.0,0.755625,0.997439,0.043916,0.997439,119998,129958,358.679,368.577,388.653,34.7105,32.0454,5280.6,5427.55,8.51251,3.99691,4.46235,0.986511,0.906115,173.949,123.479,3.99691,4.46235,137534
2882.0,0.755612,0.997485,0.0439135,0.997485,119990,129957,358.676,368.577,388.66,34.706,32.0439,5278.53,5427.55,8.51251,3.99626,4.46207,0.986535,0.90628,174.232,123.455,3.99626,4.46207,137533
2884.0,0.755598,0.997534,0.0439107,0.997534,119981,129956,358.673,368.576,388.667,34.7051,32.0432,5277.75,5427.55,8.51251,3.99601,4.4619,0.986559,0.906443,174.307,123.437,3.99601,4.4619,137532
2886.0,0.755606,0.997583,0.0439081,0.997583,119988,129954,358.675,368.575,388.673,34.704,32.0431,5276.92,5427.55,8.51251,3.99601,4.46181,0.986583,0.906606,174.599,123.438,3.99601,4.46181,137530
2888.0,0.755606,0.997632,0.0439058,0.997632,119990,129950,358.674,368.574,388.679,34.7071,32.0434,5277.56,5427.55,8.51251,3.9964,4.46176,0.986606,0.906769,174.6,123.439,3.9964,4.46176,137527
2890.0,0.755617,0.997681,0.043904,0.997681,120000,129945,358.677,368.574,388.685,34.7088,32.044,5277.67,5427.55,8.51251,3.99677,4.46173,0.98663,0.906931,174.909,123.444,3.99677,4.46173,137522
2892.0,0.755633,0.997728,0.0439027,0.997728,120013,129939,358.68,368.575,388.69,34.7128,32.0445,5278.59,5427.55,8.51251,3.99746,4.46169,0.986654,0.907092,174.939,123.462,3.99746,4.46169,137516
2894.0,0.755644,0.997776,0.0439018,0.997776,120023,129932,358.682,368.578,388.695,34.7176,32.0451,5279.77,5427.55,8.51251,3.99818,4.46165,0.986677,0.907253,174.849,123.479,3.99818,4.46165,137510
2896.0,0.75565,0.997825,0.043901,0.997825,120028,129927,358.683,368.581,388.7,34.7217,32.0458,5280.68,5427.55,8.51251,3.99875,4.46165,0.986701,0.907414,174.743,123.49,3.99875,4.46165,137505
2898.0,0.755651,0.997877,0.0438999,0.997877,120029,129923,358.683,368.585,388.706,34.7246,32.0471,5281.18,5427.55,8.51251,3.99911,4.46174,0.986724,0.907573,174.66,123.493,3.99911,4.46174,137501
2900.0,0.755654,0.997933,0.0438983,0.997933,120032,129921,358.684,368.589,388.712,34.7265,32.0492,5281.28,5427.55,8.51251,3.99938,4.46196,0.986747,0.907732,174.715,123.496,3.99938,4.46196,137500
2902.0,0.755649,0.997993,0.0438958,0.997993,120028,129922,358.682,368.592,388.719,34.7289,32.0522,5281.6,5427.55,8.51251,3.99961,4.46234,0.98677,0.907891,174.5,123.497,3.99961,4.46234,137501
2904.0,0.755634,0.998056,0.043893,0.998056,120017,129924,358.678,368.595,388.727,34.7297,32.0563,5281.34,5427.55,8.51251,3.99952,4.46288,0.986792,0.908048,174.428,123.482,3.99952,4.46288,137504
2906.0,0.755613,0.99812,0.0438897,0.99812,120002,129927,358.674,368.596,388.734,34.7284,32.0612,5280.38,5427.55,8.51251,3.99913,4.46354,0.986815,0.908204,174.143,123.465,3.99913,4.46354,137507
2908.0,0.755588,0.998184,0.0438861,0.998184,119984,129931,358.668,368.597,388.742,34.726,32.0666,5279.05,5427.55,8.51251,3.99856,4.46428,0.986838,0.90836,174.08,123.438,3.99856,4.46428,137511
2910.0,0.755566,0.998247,0.0438827,0.998247,119969,129933,358.663,368.597,388.749,34.7226,32.0723,5277.44,5427.55,8.51251,3.99793,4.46506,0.98686,0.908515,174.143,123.411,3.99793,4.46506,137514
2912.0,0.755553,0.998305,0.0438798,0.998305,119961,129933,358.66,368.596,388.756,34.7199,32.0779,5276.08,5427.55,8.51251,3.99749,4.46579,0.986882,0.90867,174.307,123.391,3.99749,4.46579,137514
2914.0,0.75556,0.998356,0.0438777,0.998356,119969,129932,358.662,368.595,388.762,34.7187,32.0829,5275.3,5427.55,8.51251,3.99751,4.46642,0.986905,0.908826,174.667,123.39,3.99751,4.46642,137513
2916.0,0.755575,0.998402,0.0438766,0.998402,119983,129928,358.666,368.595,388.768,34.7218,32.0868,5275.98,5427.55,8.51251,3.99809,4.46686,0.986927,0.908981,174.985,123.399,3.99809,4.46686,137510
2918.0,0.755601,0.998443,0.0438767,0.998443,120004,129922,358.671,368.595,388.773,34.7263,32.0897,5277.14,5427.55,8.51251,3.99897,4.46716,0.986949,0.909136,175.118,123.426,3.99897,4.46716,137504
2920.0,0.755621,0.99848,0.0438779,0.99848,120021,129915,358.676,368.598,388.778,34.733,32.0918,5279.01,5427.55,8.51251,4.00003,4.46732,0.986971,0.909291,174.903,123.457,4.00003,4.46732,137497
2922.0,0.755641,0.998516,0.0438797,0.998516,120037,129908,358.68,368.602,388.782,34.7388,32.0932,5280.52,5427.55,8.51251,4.00097,4.46739,0.986993,0.909446,175.076,123.477,4.00097,4.46739,137491
2924.0,0.755655,0.998554,0.0438816,0.998554,120048,129903,358.682,368.608,388.787,34.7446,32.0946,5282.03,5427.55,8.51251,4.00182,4.46747,0.987014,0.9096,174.919,123.498,4.00182,4.46747,137486
2926.0,0.755654,0.998596,0.0438825,0.998596,120047,129901,358.682,368.614,388.793,34.7491,32.0965,5283.05,5427.55,8.51251,4.00233,4.46766,0.987036,0.909754,174.608,123.507,4.00233,4.46766,137484
2928.0,0.755636,0.998645,0.0438821,0.998645,120033,129902,358.677,368.619,388.8,34.7507,32.0995,5283.06,5427.55,8.51251,4.00229,4.46803,0.987057,0.909907,174.244,123.496,4.00229,4.46803,137485
2930.0,0.755599,0.998699,0.04388,0.998699,120005,129907,358.669,368.623,388.808,34.7488,32.104,5281.86,5427.55,8.51251,4.00162,4.46864,0.987078,0.910059,173.793,123.465,4.00162,4.46864,137490
2932.0,0.755587,0.998732,0.0438769,0.998732,119997,129913,358.666,368.626,388.817,34.7431,32.1097,5279.41,5427.55,8.51251,4.00084,4.46942,0.9871,0.910212,174.544,123.43,4.00084,4.46942,137497
2934.0,0.755605,0.998746,0.0438734,0.998746,120012,129922,358.67,368.628,388.826,34.7423,32.1114,5278.69,5427.55,8.51251,4.001,4.46964,0.987121,0.910367,175.2,123.433,4.001,4.46964,137506
2936.0,0.755665,0.99876,0.04387,0.99876,120059,129931,358.683,368.63,388.835,34.7476,32.1092,5280.07,5427.55,8.51251,4.0024,4.46932,0.987142,0.910522,176.174,123.478,4.0024,4.46932,137515
2938.0,0.755697,0.998775,0.0438679,0.998775,120083,129938,358.689,368.633,388.844,34.7614,32.1073,5284.35,5427.55,8.51251,4.0044,4.46903,0.987163,0.910677,175.286,123.542,4.0044,4.46903,137522
2940.0,0.75572,0.998787,0.0438677,0.998787,120100,129943,358.694,368.639,388.852,34.7696,32.1054,5286.6,5427.55,8.51251,4.00563,4.46872,0.987183,0.910832,175.248,123.571,4.00563,4.46872,137527
2942.0,0.755747,0.998798,0.0438694,0.998798,120119,129947,358.699,368.648,388.86,34.7763,32.103,5288.26,5427.55,8.51251,4.00671,4.46832,0.987204,0.910988,175.229,123.604,4.00671,4.46832,137530
2944.0,0.755778,0.998809,0.0438716,0.998809,120141,129951,358.704,368.657,388.868,34.7835,32.1005,5290.13,5427.55,8.51251,4.00792,4.46792,0.987225,0.911143,175.57,123.632,4.00792,4.46792,137535
2946.0,0.755794,0.998825,0.0438733,0.998825,120151,129958,358.707,368.667,388.877,34.7918,32.0981,5292.28,5427.55,8.51251,4.00904,4.46755,0.987245,0.911297,175.356,123.659,4.00904,4.46755,137542
2948.0,0.755805,0.998847,0.0438744,0.998847,120156,129970,358.708,368.676,388.886,34.7973,32.0967,5293.44,5427.55,8.51251,4.00977,4.46738,0.987265,0.911451,175.156,123.678,4.00977,4.46738,137554
2950.0,0.755802,0.998875,0.0438747,0.998875,120150,129984,358.706,368.683,388.897,34.8016,32.0967,5294.19,5427.55,8.51251,4.01018,4.46743,0.987285,0.911604,174.855,123.683,4.01018,4.46743,137568
2952.0,0.755778,0.998907,0.0438742,0.998907,120129,130000,358.699,368.689,388.909,34.8031,32.098,5293.95,5427.55,8.51251,4.01001,4.46767,0.987305,0.911757,174.268,123.672,4.01001,4.46767,137585
2954.0,0.755766,0.998939,0.0438731,0.998939,120118,130017,358.696,368.694,388.92,34.8005,32.1,5292.33,5427.55,8.51251,4.00953,4.46803,0.987325,0.911909,174.811,123.643,4.00953,4.46803,137601
2956.0,0.755751,0.99897,0.0438716,0.99897,120104,130033,358.691,368.696,388.931,34.8002,32.1024,5291.51,5427.55,8.51251,4.00927,4.46842,0.987345,0.91206,174.646,123.63,4.00927,4.46842,137617
2958.0,0.755743,0.998997,0.0438702,0.998997,120097,130045,358.689,368.698,388.941,34.7992,32.1046,5290.5,5427.55,8.51251,4.00904,4.46876,0.987365,0.912212,174.817,123.616,4.00904,4.46876,137630
2960.0,0.755733,0.999051,0.0438689,0.999051,120088,130054,358.686,368.697,388.95,34.7997,32.1062,5290,5427.55,8.51251,4.00895,4.46901,0.987384,0.912361,174.573,123.612,4.00895,4.46901,137639
2962.0,0.755723,0.999094,0.0438686,0.999094,120079,130057,358.683,368.696,388.957,34.7997,32.1132,5289.36,5427.55,8.51251,4.00883,4.46995,0.987404,0.912509,174.721,123.597,4.00883,4.46995,137642
2964.0,0.755719,0.999128,0.0438695,0.999128,120075,130056,358.681,368.696,388.963,34.7998,32.1184,5288.77,5427.55,8.51251,4.00877,4.47059,0.987423,0.912658,174.875,123.588,4.00877,4.47059,137641
2966.0,0.755715,0.999155,0.0438713,0.999155,120071,130051,358.68,368.695,388.968,34.8009,32.1218,5288.52,5427.55,8.51251,4.00884,4.47095,0.987442,0.912806,174.796,123.586,4.00884,4.47095,137636
2968.0,0.755712,0.999176,0.0438736,0.999176,120068,130044,358.679,368.696,388.973,34.8021,32.1239,5288.31,5427.55,8.51251,4.00893,4.4711,0.987461,0.912955,174.983,123.577,4.00893,4.4711,137629
2970.0,0.755709,0.999195,0.0438761,0.999195,120065,130035,358.677,368.697,388.977,34.8034,32.125,5288.14,5427.55,8.51251,4.00904,4.4711,0.987481,0.913104,174.817,123.579,4.00904,4.4711,137621
2972.0,0.755707,0.999212,0.0438785,0.999212,120063,130027,358.676,368.698,388.981,34.8047,32.1256,5288,5427.55,8.51251,4.00917,4.47104,0.9875,0.913252,174.853,123.577,4.00917,4.47104,137613
2974.0,0.755708,0.99923,0.0438807,0.99923,120063,130019,358.676,368.699,388.985,34.8064,32.1261,5287.97,5427.55,8.51251,4.00937,4.47096,0.987518,0.9134,174.902,123.577,4.00937,4.47096,137605
2976.0,0.755712,0.999248,0.0438825,0.999248,120066,130013,358.677,368.701,388.99,34.8084,32.1267,5288.09,5427.55,8.51251,4.00966,4.4709,0.987537,0.913548,174.998,123.58,4.00966,4.4709,137598
2978.0,0.755725,0.999268,0.0438841,0.999268,120076,130007,358.679,368.703,388.994,34.8113,32.1275,5288.46,5427.55,8.51251,4.01015,4.47088,0.987556,0.913696,175.223,123.589,4.01015,4.47088,137593
2980.0,0.755737,0.99929,0.0438854,0.99929,120084,130002,358.681,368.705,388.999,34.8158,32.1286,5289.41,5427.55,8.51251,4.01081,4.47092,0.987574,0.913843,175.15,123.606,4.01081,4.47092,137588
2982.0,0.755744,0.999313,0.0438864,0.999313,120088,129998,358.681,368.707,389.004,34.8201,32.1302,5290.28,5427.55,8.51251,4.01138,4.47102,0.987593,0.91399,175.018,123.618,4.01138,4.47102,137584
2984.0,0.755748,0.999337,0.0438867,0.999337,120090,129995,358.682,368.711,389.01,34.8235,32.1322,5290.79,5427.55,8.51251,4.01181,4.4712,0.987611,0.914136,175.093,123.621,4.01181,4.4712,137581
2986.0,0.755754,0.999363,0.043886,0.999363,120093,129993,358.682,368.714,389.016,34.8263,32.1345,5291.12,5427.55,8.51251,4.01221,4.47143,0.987629,0.914281,175.079,123.63,4.01221,4.47143,137580
2988.0,0.755754,0.999393,0.0438844,0.999393,120092,129993,358.682,368.717,389.022,34.8296,32.1373,5291.6,5427.55,8.51251,4.01257,4.47175,0.987648,0.914426,174.92,123.635,4.01257,4.47175,137580
2990.0,0.755735,0.999428,0.0438818,0.999428,120076,129994,358.677,368.72,389.028,34.8317,32.141,5291.64,5427.55,8.51251,4.01255,4.4722,0.987666,0.914571,174.456,123.626,4.01255,4.4722,137581
2992.0,0.755706,0.999468,0.0438785,0.999468,120053,129995,358.67,368.722,389.035,34.8299,32.1459,5290.38,5427.55,8.51251,4.01197,4.47285,0.987683,0.914714,174.506,123.591,4.01197,4.47285,137582
2994.0,0.755683,0.99951,0.0438746,0.99951,120035,129997,358.664,368.723,389.042,34.8262,32.1518,5288.47,5427.55,8.51251,4.01125,4.47363,0.987701,0.914856,174.221,123.572,4.01125,4.47363,137584
2996.0,0.755663,0.999552,0.0438707,0.999552,120020,129998,358.659,368.723,389.048,34.8234,32.1585,5286.93,5427.55,8.51251,4.01068,4.47451,0.987719,0.914998,174.296,123.546,4.01068,4.47451,137585
2998.0,0.75566,0.999592,0.0438674,0.999592,120019,129997,358.659,368.722,389.054,34.8212,32.1652,5285.64,5427.55,8.51251,4.01041,4.47539,0.987737,0.91514,174.79,123.529,4.01041,4.47539,137585
3000.0,0.755654,0.999626,0.0438654,0.999626,120015,129995,358.657,368.721,389.06,34.8224,32.1717,5285.55,5427.55,8.51251,4.01049,4.4762,0.987754,0.915281,174.715,123.524,4.01049,4.4762,137583
3002.0,0.755645,0.999655,0.0438648,0.999655,120009,129990,358.655,368.721,389.064,34.823,32.1771,5285.23,5427.55,8.51251,4.01047,4.47685,0.987772,0.915423,174.558,123.518,4.01047,4.47685,137578
3004.0,0.755639,0.999678,0.0438654,0.999678,120006,129983,358.654,368.721,389.068,34.823,32.1816,5284.71,5427.55,8.51251,4.01042,4.47733,0.987789,0.915565,174.663,123.509,4.01042,4.47733,137571
3006.0,0.755635,0.999698,0.0438669,0.999698,120003,129974,358.653,368.722,389.072,34.8237,32.1851,5284.46,5427.55,8.51251,4.01047,4.47767,0.987806,0.915706,174.729,123.502,4.01047,4.47767,137562
3008.0,0.755638,0.999717,0.043869,0.999717,120007,129965,358.654,368.724,389.076,34.8245,32.1881,5284.25,5427.55,8.51251,4.01064,4.47793,0.987824,0.915848,174.942,123.501,4.01064,4.47793,137554
3010.0,0.755659,0.999735,0.0438714,0.999735,120025,129957,358.658,368.726,389.079,34.827,32.1907,5284.62,5427.55,8.51251,4.01121,4.47815,0.987841,0.915989,175.313,123.516,4.01121,4.47815,137546
3012.0,0.755689,0.999755,0.0438742,0.999755,120048,129950,358.664,368.728,389.083,34.8329,32.1934,5286.18,5427.55,8.51251,4.01229,4.47838,0.987858,0.91613,175.472,123.547,4.01229,4.47838,137539
3014.0,0.7557,0.999757,0.0438774,0.999757,120056,129944,358.667,368.732,389.088,34.8407,32.1966,5288.32,5427.55,8.51251,4.01334,4.47868,0.987875,0.916272,175.345,123.565,4.01334,4.47868,137533
3016.0,0.755729,0.999763,0.0438804,0.999763,120078,129941,358.672,368.738,389.093,34.8449,32.1961,5289.17,5427.55,8.51251,4.01419,4.47851,0.987891,0.916414,175.32,123.6,4.01419,4.47851,137530
3018.0,0.755743,0.999791,0.0438821,0.999791,120088,129940,358.675,368.743,389.099,34.8526,32.1966,5291.24,5427.55,8.51251,4.01524,4.47849,0.987908,0.916553,175.119,123.623,4.01524,4.47849,137529
3020.0,0.755724,0.999823,0.0438825,0.999823,120072,129941,358.67,368.749,389.105,34.8574,32.2015,5292.24,5427.55,8.51251,4.01553,4.47911,0.987925,0.916692,174.431,123.621,4.01553,4.47911,137530
3022.0,0.755685,0.999858,0.0438814,0.999858,120041,129944,358.661,368.753,389.112,34.8556,32.2072,5290.99,5427.55,8.51251,4.01482,4.47988,0.987941,0.916831,174.304,123.577,4.01482,4.47988,137534
3024.0,0.755677,0.999856,0.0438791,0.999856,120036,129951,358.659,368.757,389.12,34.8496,32.2138,5288.3,5427.55,8.51251,4.01404,4.48076,0.987957,0.916972,174.868,123.553,4.01404,4.48076,137539
3026.0,0.755696,0.999859,0.0438756,0.999859,120051,129960,358.663,368.76,389.129,34.85,32.2128,5287.89,5427.55,8.51251,4.01434,4.48061,0.987974,0.917113,175.286,123.563,4.01434,4.48061,137548
3028.0,0.755731,0.999866,0.0438717,0.999866,120078,129969,358.67,368.763,389.138,34.8556,32.2131,5289.3,5427.55,8.51251,4.01544,4.48063,0.98799,0.917253,175.608,123.597,4.01544,4.48063,137558
3030.0,0.755759,0.999874,0.0438687,0.999874,120098,129977,358.676,368.766,389.146,34.8646,32.2142,5291.81,5427.55,8.51251,4.01682,4.48076,0.988006,0.917393,175.783,123.626,4.01682,4.48076,137565
3032.0,0.755783,0.99988,0.0438673,0.99988,120115,129982,358.68,368.771,389.154,34.8723,32.2153,5293.81,5427.55,8.51251,4.01799,4.48088,0.988022,0.917534,175.738,123.656,4.01799,4.48088,137571
3034.0,0.75581,0.999881,0.0438673,0.999881,120134,129985,358.685,368.778,389.161,34.8791,32.2161,5295.48,5427.55,8.51251,4.01911,4.48092,0.988038,0.917674,175.803,123.688,4.01911,4.48092,137574
3036.0,0.755835,0.999883,0.0438683,0.999883,120151,129989,358.69,368.786,389.168,34.8868,32.2159,5297.41,5427.55,8.51251,4.02028,4.48083,0.988054,0.917814,175.773,123.719,4.02028,4.48083,137577
3038.0,0.755865,0.999889,0.0438694,0.999889,120171,129994,358.695,368.794,389.175,34.894,32.2161,5299.14,5427.55,8.51251,4.02145,4.48081,0.988069,0.917954,175.815,123.754,4.02145,4.48081,137583
3040.0,0.755887,0.9999,0.0438704,0.9999,120185,130002,358.699,368.802,389.184,34.9024,32.217,5301.23,5427.55,8.51251,4.02264,4.48092,0.988085,0.918093,175.649,123.786,4.02264,4.48092,137591
3042.0,0.755892,0.999915,0.0438709,0.999915,120185,130013,358.698,368.811,389.193,34.9092,32.2188,5302.75,5427.55,8.51251,4.02343,4.48119,0.9881,0.918231,175.281,123.803,4.02343,4.48119,137601
3044.0,0.755881,0.999934,0.0438708,0.999934,120172,130025,358.694,368.818,389.202,34.9125,32.2217,5303.06,5427.55,8.51251,4.02361,4.48163,0.988116,0.918369,175.068,123.796,4.02361,4.48163,137614
3046.0,0.755856,0.999956,0.0438698,0.999956,120150,130040,358.688,368.824,389.212,34.9127,32.2254,5302.26,5427.55,8.51251,4.02326,4.48219,0.988131,0.918507,174.575,123.781,4.02326,4.48219,137628
3048.0,0.755842,0.999978,0.0438677,0.999978,120136,130054,358.683,368.828,389.223,34.9101,32.2297,5300.56,5427.55,8.51251,4.02274,4.48284,0.988146,0.918644,174.967,123.753,4.02274,4.48284,137643
3050.0,0.755805,0.999999,0.0438649,0.999999,120105,130068,358.674,368.831,389.232,34.9095,32.2342,5299.57,5427.55,8.51251,4.02217,4.48351,0.988161,0.91878,174.436,123.725,4.02217,4.48351,137656
3052.0,0.755815,1.00002,0.0438619,1.00002,120112,130078,358.676,368.831,389.241,34.9044,32.2384,5297.06,5427.55,8.51251,4.0217,4.48411,0.988176,0.918917,175.63,123.703,4.0217,4.48411,137667
3054.0,0.755824,1.00003,0.0438598,1.00003,120117,130086,358.677,368.831,389.249,34.9087,32.2419,5297.84,5427.55,8.51251,4.02227,4.48458,0.988191,0.919053,175.36,123.722,4.02227,4.48458,137674
3056.0,0.755847,1.00003,0.0438593,1.00003,120132,130088,358.681,368.832,389.256,34.9127,32.2442,5298.49,5427.55,8.51251,4.023,4.48482,0.988206,0.91919,175.764,123.738,4.023,4.48482,137677
3058.0,0.755872,1.00005,0.0438606,1.00005,120149,130087,358.686,368.833,389.261,34.9195,32.2449,5300.09,5427.55,8.51251,4.02407,4.48483,0.988221,0.919325,175.688,123.771,4.02407,4.48483,137675
3060.0,0.755878,1.00007,0.0438639,1.00007,120151,130081,358.686,368.836,389.266,34.9269,32.2499,5301.86,5427.55,8.51251,4.02495,4.4854,0.988235,0.919459,175.295,123.789,4.02495,4.4854,137670
3062.0,0.755868,1.00008,0.043868,1.00008,120140,130073,358.682,368.84,389.269,34.9304,32.2532,5302.25,5427.55,8.51251,4.02519,4.48572,0.98825,0.919594,175.069,123.785,4.02519,4.48572,137662
3064.0,0.755843,1.00009,0.0438719,1.00009,120119,130067,358.676,368.845,389.273,34.9308,32.2557,5301.57,5427.55,8.51251,4.02487,4.48594,0.988264,0.919728,174.61,123.768,4.02487,4.48594,137656
3066.0,0.755809,1.0001,0.0438744,1.0001,120091,130063,358.668,368.848,389.278,34.9281,32.2583,5299.87,5427.55,8.51251,4.02411,4.48618,0.988279,0.919862,174.33,123.737,4.02411,4.48618,137652
3068.0,0.755793,1.00012,0.0438749,1.00012,120077,130061,358.664,368.849,389.283,34.9236,32.2614,5297.59,5427.55,8.51251,4.02338,4.48652,0.988293,0.919995,174.87,123.702,4.02338,4.48652,137650
3070.0,0.755777,1.00013,0.0438737,1.00013,120065,130060,358.66,368.848,389.289,34.9225,32.2651,5296.53,5427.55,8.51251,4.02305,4.48696,0.988307,0.920128,174.74,123.688,4.02305,4.48696,137649
3072.0,0.755772,1.00015,0.0438721,1.00015,120060,130059,358.658,368.846,389.294,34.9216,32.2692,5295.55,5427.55,8.51251,4.02287,4.48744,0.988321,0.920261,174.912,123.677,4.02287,4.48744,137648
3074.0,0.755753,1.00016,0.043871,1.00016,120045,130055,358.654,368.845,389.299,34.9226,32.273,5295.24,5427.55,8.51251,4.02274,4.48786,0.988335,0.920393,174.697,123.661,4.02274,4.48786,137645
3076.0,0.755751,1.00016,0.043871,1.00016,120044,130049,358.653,368.844,389.303,34.9209,32.276,5294.01,5427.55,8.51251,4.02253,4.48813,0.988349,0.920525,175.072,123.648,4.02253,4.48813,137638
3078.0,0.755745,1.00017,0.0438719,1.00017,120040,130040,358.651,368.844,389.306,34.9226,32.2778,5293.98,5427.55,8.51251,4.02266,4.48822,0.988363,0.920658,174.893,123.647,4.02266,4.48822,137629
3080.0,0.755734,1.00016,0.0438734,1.00016,120032,130030,358.649,368.844,389.309,34.9235,32.2788,5293.69,5427.55,8.51251,4.02263,4.48817,0.988377,0.92079,174.914,123.633,4.02263,4.48817,137619
3082.0,0.755733,1.00016,0.0438752,1.00016,120031,130019,358.648,368.845,389.312,34.9233,32.2792,5293,5427.55,8.51251,4.0226,4.48804,0.988391,0.920923,174.959,123.63,4.0226,4.48804,137608
3084.0,0.755724,1.00016,0.0438771,1.00016,120025,130008,358.646,368.846,389.314,34.9249,32.2794,5292.99,5427.55,8.51251,4.02269,4.4879,0.988405,0.921055,174.87,123.623,4.02269,4.4879,137598
3086.0,0.755716,1.00016,0.0438791,1.00016,120019,129999,358.644,368.848,389.317,34.9253,32.28,5292.51,5427.55,8.51251,4.02264,4.4878,0.988418,0.921187,174.803,123.615,4.02264,4.4878,137588
3088.0,0.755712,1.00016,0.0438812,1.00016,120017,129991,358.643,368.849,389.321,34.9255,32.281,5292.03,5427.55,8.51251,4.02264,4.48779,0.988432,0.921318,174.955,123.607,4.02264,4.48779,137580
3090.0,0.755703,1.00017,0.0438832,1.00017,120011,129983,358.641,368.85,389.324,34.9268,32.2826,5291.89,5427.55,8.51251,4.02268,4.48786,0.988445,0.921449,174.922,123.597,4.02268,4.48786,137573
3092.0,0.755692,1.00018,0.0438851,1.00018,120004,129977,358.639,368.851,389.328,34.9268,32.2847,5291.34,5427.55,8.51251,4.02258,4.48801,0.988458,0.921579,174.805,123.589,4.02258,4.48801,137566
3094.0,0.755684,1.00019,0.0438867,1.00019,119999,129971,358.637,368.851,389.332,34.9267,32.2872,5290.76,5427.55,8.51251,4.02248,4.48823,0.988472,0.921709,174.797,123.579,4.02248,4.48823,137560
3096.0,0.755676,1.0002,0.0438879,1.0002,119994,129965,358.636,368.852,389.336,34.9269,32.29,5290.29,5427.55,8.51251,4.02243,4.48849,0.988485,0.921839,174.688,123.573,4.02243,4.48849,137554
3098.0,0.755667,1.00021,0.0438885,1.00021,119988,129959,358.634,368.853,389.34,34.9271,32.2931,5289.86,5427.55,8.51251,4.02237,4.4888,0.988498,0.921968,174.774,123.56,4.02237,4.4888,137549
3100.0,0.755687,1.00019,0.043889,1.00019,120006,129954,358.638,368.854,389.344,34.9271,32.2963,5289.36,5427.55,8.51251,4.02266,4.4891,0.988511,0.9221,175.565,123.561,4.02266,4.4891,137543
3102.0,0.755734,1.00017,0.0438893,1.00017,120043,129951,358.649,368.857,389.349,34.9329,32.2928,5290.87,5427.55,8.51251,4.02397,4.48847,0.988524,0.922231,175.836,123.61,4.02397,4.48847,137539
3104.0,0.755796,1.00016,0.0438896,1.00016,120092,129948,358.662,368.862,389.354,34.9444,32.2904,5294.29,5427.55,8.51251,4.02609,4.48801,0.988537,0.922362,176.267,123.673,4.02609,4.48801,137537
3106.0,0.755814,1.00017,0.0438899,1.00017,120104,129946,358.666,368.868,389.359,34.959,32.2888,5298.69,5427.55,8.51251,4.02798,4.48769,0.98855,0.922492,175.223,123.724,4.02798,4.48769,137534
3108.0,0.755847,1.00015,0.0438906,1.00015,120128,129946,358.672,368.877,389.365,34.9647,32.2906,5299.95,5427.55,8.51251,4.02905,4.48783,0.988562,0.922623,176.079,123.74,4.02905,4.48783,137534
3110.0,0.755869,1.00014,0.0438906,1.00014,120142,129950,358.676,368.888,389.372,34.9736,32.2881,5302.3,5427.55,8.51251,4.03032,4.48742,0.988575,0.922754,175.957,123.77,4.03032,4.48742,137538
3112.0,0.755893,1.00016,0.0438891,1.00016,120158,129958,358.68,368.897,389.38,34.9803,32.2873,5303.82,5427.55,8.51251,4.03135,4.4873,0.988587,0.922883,175.761,123.804,4.03135,4.4873,137547
3114.0,0.755888,1.00018,0.0438861,1.00018,120151,129971,358.678,368.906,389.389,34.9874,32.2907,5305.47,5427.55,8.51251,4.03206,4.48783,0.9886,0.92301,175.115,123.817,4.03206,4.48783,137559
3116.0,0.755866,1.00021,0.0438819,1.00021,120132,129986,358.672,368.913,389.399,34.9889,32.2961,5305.15,5427.55,8.51251,4.03191,4.48865,0.988612,0.923137,175.03,123.794,4.03191,4.48865,137575
3118.0,0.755825,1.00025,0.0438769,1.00025,120098,130003,358.662,368.918,389.409,34.9869,32.3031,5303.64,5427.55,8.51251,4.03113,4.48971,0.988624,0.923263,174.36,123.765,4.03113,4.48971,137592
3120.0,0.755796,1.00029,0.0438711,1.00029,120075,130019,358.655,368.921,389.419,34.9811,32.312,5300.86,5427.55,8.51251,4.03006,4.49106,0.988636,0.923387,174.689,123.721,4.03006,4.49106,137608
3122.0,0.755772,1.00033,0.0438651,1.00033,120055,130033,358.65,368.921,389.429,34.9775,32.3222,5298.93,5427.55,8.51251,4.02933,4.49254,0.988648,0.923511,174.766,123.69,4.02933,4.49254,137622
3124.0,0.755758,1.00037,0.0438596,1.00037,120045,130042,358.646,368.919,389.437,34.9746,32.3317,5297.3,5427.55,8.51251,4.02884,4.49389,0.98866,0.923635,175.055,123.666,4.02884,4.49389,137632
3126.0,0.75575,1.00039,0.0438557,1.00039,120038,130046,358.644,368.917,389.443,34.9741,32.3399,5296.48,5427.55,8.51251,4.02866,4.49499,0.988672,0.923759,175.468,123.644,4.02866,4.49499,137636
3128.0,0.755767,1.00039,0.0438539,1.00039,120052,130045,358.648,368.917,389.448,34.9744,32.3461,5295.95,5427.55,8.51251,4.02893,4.49576,0.988684,0.923884,175.667,123.659,4.02893,4.49576,137634
3130.0,0.755822,1.00037,0.0438543,1.00037,120094,130039,358.66,368.918,389.452,34.9799,32.3472,5297.24,5427.55,8.51251,4.03028,4.49577,0.988696,0.92401,176.544,123.7,4.03028,4.49577,137629
3132.0,0.755866,1.00036,0.0438567,1.00036,120127,130031,358.669,368.923,389.456,34.9931,32.3466,5301.16,5427.55,8.51251,4.03234,4.49552,0.988707,0.924137,176.464,123.756,4.03234,4.49552,137621
3134.0,0.755887,1.00034,0.0438608,1.00034,120140,130023,358.672,368.93,389.459,35.0042,32.3447,5304.23,5427.55,8.51251,4.03385,4.49507,0.988719,0.924263,175.809,123.799,4.03385,4.49507,137612
3136.0,0.755918,1.00032,0.0438658,1.00032,120162,130016,358.678,368.939,389.462,35.0107,32.342,5305.66,5427.55,8.51251,4.03497,4.49453,0.988731,0.92439,175.841,123.837,4.03497,4.49453,137605
3138.0,0.755943,1.0003,0.0438703,1.0003,120178,130013,358.683,368.949,389.467,35.0195,32.3396,5307.9,5427.55,8.51251,4.03625,4.49407,0.988742,0.924516,175.786,123.868,4.03625,4.49407,137602
3140.0,0.755952,1.0003,0.0438736,1.0003,120181,130016,358.683,368.958,389.473,35.0269,32.3381,5309.6,5427.55,8.51251,4.03717,4.4938,0.988753,0.924642,175.607,123.885,4.03717,4.4938,137604
3142.0,0.755934,1.0003,0.0438753,1.0003,120164,130024,358.678,368.967,389.481,35.0313,32.3383,5310.23,5427.55,8.51251,4.03739,4.49381,0.988764,0.924767,175.034,123.88,4.03739,4.49381,137612
3144.0,0.755904,1.00031,0.0438754,1.00031,120138,130036,358.671,368.973,389.49,35.0302,32.3402,5308.96,5427.55,8.51251,4.03684,4.4941,0.988775,0.924891,174.635,123.857,4.03684,4.4941,137624
3146.0,0.755866,1.00035,0.0438736,1.00035,120107,130049,358.661,368.976,389.499,35.0269,32.3435,5306.96,5427.55,8.51251,4.03593,4.49463,0.988787,0.925012,174.665,123.811,4.03593,4.49463,137638
3148.0,0.755816,1.00039,0.0438704,1.00039,120066,130061,358.65,368.976,389.508,35.0217,32.3529,5304.37,5427.55,8.51251,4.03466,4.49599,0.988797,0.925133,174.418,123.758,4.03466,4.49599,137650
3150.0,0.755784,1.00042,0.0438665,1.00042,120041,130070,358.642,368.973,389.515,35.0138,32.3618,5300.92,5427.55,8.51251,4.03334,4.49725,0.988808,0.925253,174.768,123.71,4.03334,4.49725,137659
3152.0,0.755767,1.00044,0.0438628,1.00044,120029,130073,358.639,368.968,389.522,35.0096,32.3697,5298.8,5427.55,8.51251,4.03265,4.49831,0.988819,0.925373,175.001,123.683,4.03265,4.49831,137662
3154.0,0.755762,1.00045,0.0438603,1.00045,120026,130071,358.637,368.964,389.526,35.0083,32.3758,5297.75,5427.55,8.51251,4.03246,4.49907,0.98883,0.925494,175.188,123.672,4.03246,4.49907,137660
3156.0,0.755761,1.00045,0.0438593,1.00045,120026,130062,358.637,368.961,389.529,35.0094,32.3797,5297.51,5427.55,8.51251,4.03258,4.49945,0.988841,0.925615,175.285,123.668,4.03258,4.49945,137651
3158.0,0.755772,1.00043,0.04386,1.00043,120035,130049,358.64,368.96,389.531,35.0113,32.3812,5297.56,5427.55,8.51251,4.03296,4.49945,0.988852,0.925736,175.608,123.672,4.03296,4.49945,137638
3160.0,0.755816,1.00042,0.0438618,1.00042,120070,130033,358.649,368.962,389.531,35.0156,32.3807,5298.42,5427.55,8.51251,4.03404,4.49914,0.988862,0.925858,176.414,123.703,4.03404,4.49914,137622
3162.0,0.755837,1.0004,0.0438644,1.0004,120085,130017,358.653,368.965,389.532,35.0266,32.3789,5301.61,5427.55,8.51251,4.03556,4.49864,0.988873,0.92598,175.875,123.743,4.03556,4.49864,137605
3164.0,0.755863,1.00038,0.0438673,1.00038,120104,130002,358.659,368.971,389.533,35.033,32.3767,5303.08,5427.55,8.51251,4.03662,4.49811,0.988883,0.926102,176.051,123.77,4.03662,4.49811,137591
3166.0,0.755875,1.00037,0.0438701,1.00037,120112,129992,358.661,368.978,389.535,35.0406,32.375,5304.96,5427.55,8.51251,4.03763,4.49769,0.988894,0.926223,175.696,123.795,4.03763,4.49769,137580
3168.0,0.75587,1.00037,0.0438722,1.00037,120106,129986,358.659,368.985,389.539,35.0453,32.3746,5305.83,5427.55,8.51251,4.03808,4.4975,0.988904,0.926344,175.173,123.803,4.03808,4.4975,137574
3170.0,0.755838,1.00038,0.0438731,1.00038,120080,129985,358.651,368.991,389.544,35.0466,32.3759,5305.51,5427.55,8.51251,4.0378,4.4976,0.988914,0.926463,174.638,123.781,4.0378,4.4976,137573
3172.0,0.755781,1.00039,0.0438724,1.00039,120035,129988,358.638,368.995,389.55,35.0426,32.3792,5303.36,5427.55,8.51251,4.0366,4.49803,0.988924,0.926581,174.416,123.72,4.0366,4.49803,137576
3174.0,0.75575,1.00042,0.0438699,1.00042,120012,129993,358.631,368.996,389.557,35.0335,32.3843,5299.52,5427.55,8.51251,4.03517,4.49872,0.988934,0.926699,174.648,123.676,4.03517,4.49872,137582
3176.0,0.755722,1.00044,0.043866,1.00044,119991,129999,358.625,368.994,389.563,35.0293,32.3906,5297.48,5427.55,8.51251,4.03434,4.49958,0.988944,0.926816,174.685,123.641,4.03434,4.49958,137587
3178.0,0.75571,1.00046,0.0438618,1.00046,119984,130002,358.623,368.991,389.569,35.0256,32.3971,5295.64,5427.55,8.51251,4.0338,4.50046,0.988954,0.926933,175.128,123.615,4.0338,4.50046,137590
3180.0,0.755724,1.00043,0.0438591,1.00043,119997,130001,358.626,368.989,389.575,35.0252,32.403,5294.98,5427.55,8.51251,4.03397,4.50115,0.988964,0.927053,175.67,123.617,4.03397,4.50115,137589
3182.0,0.755785,1.00041,0.043857,1.00041,120046,129997,358.64,368.989,389.579,35.03,32.3991,5296.11,5427.55,8.51251,4.03534,4.50047,0.988974,0.927173,176.598,123.663,4.03534,4.50047,137585
3184.0,0.755815,1.00038,0.0438576,1.00038,120069,129989,358.646,368.992,389.582,35.0443,32.3961,5300.47,5427.55,8.51251,4.03737,4.49988,0.988984,0.927293,175.85,123.721,4.03737,4.49988,137577
3186.0,0.755841,1.00034,0.0438602,1.00034,120088,129979,358.652,368.999,389.584,35.0525,32.3919,5302.61,5427.55,8.51251,4.03864,4.49909,0.988994,0.927413,175.783,123.754,4.03864,4.49909,137567
3188.0,0.755872,1.00032,0.0438636,1.00032,120111,129971,358.658,369.008,389.587,35.0599,32.387,5304.47,5427.55,8.51251,4.03988,4.49823,0.989003,0.927534,176.082,123.783,4.03988,4.49823,137558
3190.0,0.755876,1.0003,0.043867,1.0003,120112,129966,358.658,369.018,389.591,35.0685,32.3825,5306.7,5427.55,8.51251,4.0409,4.49747,0.989013,0.927653,174.997,123.818,4.0409,4.49747,137554
3192.0,0.755829,1.00031,0.0438692,1.00031,120074,129966,358.647,369.027,389.596,35.0716,32.3816,5307,5427.55,8.51251,4.04062,4.49728,0.989022,0.92777,174.019,123.791,4.04062,4.49728,137554
3194.0,0.755776,1.00033,0.0438698,1.00033,120033,129971,358.635,369.032,389.603,35.0645,32.3847,5303.8,5427.55,8.51251,4.03912,4.49769,0.989031,0.927886,174.052,123.726,4.03912,4.49769,137559
3196.0,0.755738,1.00036,0.0438686,1.00036,120005,129980,358.627,369.035,389.61,35.0561,32.3903,5300.23,5427.55,8.51251,4.03768,4.49849,0.989041,0.928001,174.569,123.667,4.03768,4.49849,137567
3198.0,0.75571,1.00039,0.0438662,1.00039,119985,129989,358.621,369.033,389.618,35.0505,32.3973,5297.74,5427.55,8.51251,4.03672,4.49948,0.98905,0.928115,174.603,123.633,4.03672,4.49948,137577
3200.0,0.755685,1.00042,0.0438637,1.00042,119968,129995,358.616,369.028,389.624,35.047,32.4054,5295.96,5427.55,8.51251,4.03602,4.50062,0.989059,0.928229,174.75,123.599,4.03602,4.50062,137583
3202.0,0.755679,1.00044,0.0438621,1.00044,119966,129997,358.615,369.024,389.63,35.0439,32.4127,5294.4,5427.55,8.51251,4.03564,4.50158,0.989068,0.928343,175.033,123.584,4.03564,4.50158,137584
3204.0,0.75568,1.00044,0.0438621,1.00044,119968,129991,358.616,369.02,389.633,35.0446,32.4177,5294.16,5427.55,8.51251,4.03577,4.50215,0.989077,0.928457,175.223,123.579,4.03577,4.50215,137579
3206.0,0.7557,1.00043,0.0438627,1.00043,119986,129981,358.621,369.019,389.635,35.0466,32.4197,5294.34,5427.55,8.51251,4.03629,4.50225,0.989086,0.928572,175.824,123.586,4.03629,4.50225,137569
3208.0,0.75576,1.00041,0.0438645,1.00041,120034,129967,358.634,369.021,389.636,35.0525,32.4195,5295.89,5427.55,8.51251,4.03778,4.502,0.989095,0.928687,176.624,123.635,4.03778,4.502,137554
3210.0,0.755774,1.00039,0.0438666,1.00039,120046,129952,358.637,369.025,389.637,35.0665,32.4176,5300.18,5427.55,8.51251,4.03958,4.50151,0.989104,0.928803,175.601,123.682,4.03958,4.50151,137539
3212.0,0.755786,1.00037,0.0438688,1.00037,120054,129939,358.64,369.032,389.638,35.0715,32.4152,5301.25,5427.55,8.51251,4.04031,4.50097,0.989113,0.928918,175.73,123.692,4.04031,4.50097,137526
3214.0,0.755801,1.00036,0.0438703,1.00036,120066,129930,358.643,369.04,389.641,35.0758,32.4133,5302.11,5427.55,8.51251,4.04101,4.50054,0.989122,0.929033,175.648,123.713,4.04101,4.50054,137517
3216.0,0.755796,1.00036,0.0438707,1.00036,120062,129926,358.641,369.047,389.645,35.0811,32.4129,5303.28,5427.55,8.51251,4.04155,4.50037,0.98913,0.929147,175.131,123.722,4.04155,4.50037,137513
3218.0,0.755749,1.00037,0.0438696,1.00037,120025,129927,358.631,369.054,389.65,35.0823,32.4146,5303.03,5427.55,8.51251,4.04108,4.50056,0.989139,0.929259,173.915,123.7,4.04108,4.50056,137515
3220.0,0.755709,1.00039,0.043867,1.00039,119995,129933,358.622,369.058,389.657,35.0749,32.4186,5299.81,5427.55,8.51251,4.03973,4.50111,0.989147,0.929371,174.461,123.637,4.03973,4.50111,137520
3222.0,0.75568,1.00042,0.043863,1.00042,119975,129941,358.616,369.059,389.664,35.0689,32.4245,5297.19,5427.55,8.51251,4.03871,4.50193,0.989156,0.929482,174.577,123.6,4.03871,4.50193,137528
3224.0,0.75565,1.00044,0.0438582,1.00044,119954,129948,358.61,369.057,389.671,35.0651,32.4314,5295.36,5427.55,8.51251,4.03792,4.50291,0.989164,0.929592,174.55,123.565,4.03792,4.50291,137535
3226.0,0.755646,1.00043,0.0438534,1.00043,119954,129952,358.61,369.056,389.677,35.0609,32.4385,5293.44,5427.55,8.51251,4.03744,4.50383,0.989172,0.929705,175.331,123.538,4.03744,4.50383,137540
3228.0,0.755673,1.00042,0.0438504,1.00042,119978,129954,358.616,369.055,389.682,35.0619,32.4381,5293.34,5427.55,8.51251,4.03795,4.5037,0.989181,0.929818,175.923,123.554,4.03795,4.5037,137541
3230.0,0.755722,1.0004,0.0438493,1.0004,120017,129951,358.627,369.056,389.687,35.0692,32.4368,5295.39,5427.55,8.51251,4.03945,4.50339,0.989189,0.929931,176.291,123.601,4.03945,4.50339,137538
3232.0,0.75573,1.00037,0.0438505,1.00037,120024,129945,358.629,369.061,389.69,35.0808,32.4341,5298.9,5427.55,8.51251,4.04091,4.50287,0.989197,0.930045,175.081,123.646,4.04091,4.50287,137531
3234.0,0.755769,1.00034,0.0438533,1.00034,120055,129937,358.638,369.068,389.693,35.0844,32.4303,5299.54,5427.55,8.51251,4.04184,4.50216,0.989205,0.930159,176.13,123.662,4.04184,4.50216,137524
3236.0,0.755782,1.00031,0.0438571,1.00031,120064,129931,358.64,369.077,389.696,35.0942,32.4258,5302.37,5427.55,8.51251,4.04314,4.50138,0.989213,0.930272,175.594,123.693,4.04314,4.50138,137517
3238.0,0.755813,1.00029,0.0438606,1.00029,120089,129928,358.647,369.087,389.7,35.0989,32.4218,5303.31,5427.55,8.51251,4.04408,4.5007,0.989221,0.930386,176.124,123.716,4.04408,4.5007,137514
3240.0,0.755789,1.00028,0.0438624,1.00028,120068,129931,358.641,369.095,389.706,35.1074,32.4189,5305.59,5427.55,8.51251,4.04472,4.50023,0.989229,0.930498,175.068,123.718,4.04472,4.50023,137517
3242.0,0.75577,1.00028,0.0438636,1.00028,120053,129938,358.637,369.103,389.713,35.1047,32.4177,5303.94,5427.55,8.51251,4.04416,4.50005,0.989236,0.93061,175.066,123.694,4.04416,4.50005,137524
3244.0,0.755753,1.00028,0.0438638,1.00028,120040,129949,358.633,369.108,389.721,35.1029,32.4182,5302.67,5427.55,8.51251,4.04374,4.50013,0.989244,0.930722,175.147,123.672,4.04374,4.50013,137534
3246.0,0.755724,1.00028,0.0438637,1.00028,120018,129960,358.626,369.111,389.729,35.1017,32.4198,5301.62,5427.55,8.51251,4.04323,4.50039,0.989252,0.930832,174.885,123.646,4.04323,4.50039,137546
3248.0,0.755712,1.00029,0.0438628,1.00029,120010,129971,358.624,369.112,389.737,35.0979,32.4221,5299.72,5427.55,8.51251,4.04267,4.50072,0.989259,0.930943,175.111,123.625,4.04267,4.50072,137557
3250.0,0.755739,1.00029,0.0438619,1.00029,120033,129980,358.63,369.113,389.744,35.0975,32.4241,5299.04,5427.55,8.51251,4.043,4.50099,0.989267,0.931053,175.667,123.642,4.043,4.50099,137565
3252.0,0.755767,1.00028,0.0438617,1.00028,120055,129984,358.636,369.113,389.75,35.1049,32.4252,5301.07,5427.55,8.51251,4.04423,4.5011,0.989274,0.931164,176.051,123.665,4.04423,4.5011,137569
3254.0,0.755785,1.00026,0.0438626,1.00026,120068,129984,358.64,369.116,389.755,35.1126,32.425,5303.1,5427.55,8.51251,4.04533,4.50098,0.989282,0.931275,175.959,123.688,4.04533,4.50098,137569
3256.0,0.755794,1.00024,0.0438645,1.00024,120075,129981,358.642,369.121,389.759,35.1182,32.4233,5304.37,5427.55,8.51251,4.04609,4.50062,0.989289,0.931385,175.091,123.724,4.04609,4.50062,137567
3258.0,0.755803,1.00022,0.0438665,1.00022,120081,129978,358.643,369.128,389.763,35.1222,32.4205,5305.12,5427.55,8.51251,4.04667,4.50011,0.989296,0.931496,175.671,123.719,4.04667,4.50011,137563
3260.0,0.755814,1.00021,0.0438675,1.00021,120089,129977,358.645,369.135,389.768,35.1262,32.4174,5305.81,5427.55,8.51251,4.04726,4.49957,0.989303,0.931607,175.713,123.731,4.04726,4.49957,137561
3262.0,0.755807,1.00022,0.0438667,1.00022,120082,129977,358.643,369.141,389.773,35.1306,32.4148,5306.66,5427.55,8.51251,4.04766,4.49916,0.989311,0.931716,175.157,123.738,4.04766,4.49916,137562
3264.0,0.755769,1.00023,0.0438644,1.00023,120052,129980,358.634,369.145,389.778,35.1314,32.4179,5306.2,5427.55,8.51251,4.04724,4.49954,0.989318,0.931823,174.587,123.709,4.04724,4.49954,137565
3266.0,0.755734,1.00025,0.0438613,1.00025,120026,129984,358.627,369.148,389.784,35.1259,32.4217,5303.63,5427.55,8.51251,4.04617,4.50005,0.989325,0.93193,174.729,123.665,4.04617,4.50005,137569
3268.0,0.755705,1.00026,0.0438578,1.00026,120004,129988,358.62,369.149,389.79,35.1211,32.4262,5301.36,5427.55,8.51251,4.04525,4.50066,0.989331,0.932037,174.758,123.628,4.04525,4.50066,137573
3270.0,0.755682,1.00028,0.0438544,1.00028,119988,129992,358.616,369.148,389.795,35.1171,32.4309,5299.43,5427.55,8.51251,4.04453,4.50127,0.989338,0.932143,174.836,123.599,4.04453,4.50127,137577
3272.0,0.755652,1.00029,0.0438518,1.00029,119966,129992,358.609,369.147,389.8,35.1145,32.4352,5298.01,5427.55,8.51251,4.04386,4.50182,0.989345,0.932249,174.148,123.582,4.04386,4.50182,137577
3274.0,0.755648,1.00029,0.0438503,1.00029,119966,129989,358.609,369.145,389.804,35.1102,32.4386,5296.04,5427.55,8.51251,4.04336,4.50218,0.989352,0.932355,175.243,123.547,4.04336,4.50218,137574
3276.0,0.755681,1.00029,0.0438501,1.00029,119994,129982,358.617,369.144,389.807,35.1112,32.4404,5295.94,5427.55,8.51251,4.04396,4.50229,0.989359,0.932461,175.596,123.576,4.04396,4.50229,137567
3278.0,0.7557,1.00027,0.0438513,1.00027,120010,129972,358.622,369.145,389.808,35.1196,32.4405,5298.41,5427.55,8.51251,4.0452,4.50214,0.989365,0.932568,175.922,123.59,4.0452,4.50214,137556
3280.0,0.755718,1.00026,0.0438538,1.00026,120025,129960,358.626,369.148,389.81,35.1254,32.4391,5299.86,5427.55,8.51251,4.04611,4.50175,0.989372,0.932675,175.918,123.612,4.04611,4.50175,137544
3282.0,0.75573,1.00024,0.043857,1.00024,120034,129948,358.628,369.153,389.811,35.1309,32.4368,5301.2,5427.55,8.51251,4.04691,4.50124,0.989379,0.932782,175.764,123.63,4.04691,4.50124,137532
3284.0,0.755756,1.00021,0.0438601,1.00021,120055,129938,358.634,369.16,389.813,35.1352,32.4343,5302.1,5427.55,8.51251,4.04776,4.50071,0.989385,0.932889,176.023,123.654,4.04776,4.50071,137522
3286.0,0.75577,1.00018,0.0438628,1.00018,120065,129933,358.637,369.168,389.816,35.1425,32.4298,5304.03,5427.55,8.51251,4.04878,4.49994,0.989391,0.932997,175.56,123.684,4.04878,4.49994,137517
3288.0,0.755792,1.00016,0.0438645,1.00016,120082,129933,358.641,369.176,389.821,35.1473,32.4243,5305.05,5427.55,8.51251,4.04961,4.49907,0.989398,0.933105,175.934,123.7,4.04961,4.49907,137517
3290.0,0.755808,1.00014,0.043865,1.00014,120094,129938,358.645,369.184,389.827,35.1539,32.4204,5306.65,5427.55,8.51251,4.05056,4.49849,0.989404,0.933212,175.787,123.724,4.05056,4.49849,137521
3292.0,0.755805,1.00013,0.0438645,1.00013,120090,129945,358.643,369.191,389.834,35.1594,32.4182,5307.87,5427.55,8.51251,4.05114,4.49816,0.98941,0.933318,175.314,123.734,4.05114,4.49816,137529
3294.0,0.755783,1.00013,0.0438631,1.00013,120072,129955,358.638,369.198,389.842,35.1609,32.4172,5307.69,5427.55,8.51251,4.05102,4.49804,0.989416,0.933424,174.953,123.719,4.05102,4.49804,137539
3296.0,0.755766,1.00013,0.0438609,1.00013,120058,129966,358.634,369.203,389.849,35.1587,32.4173,5306.25,5427.55,8.51251,4.05053,4.49807,0.989422,0.93353,175.147,123.692,4.05053,4.49807,137550
3298.0,0.755732,1.00013,0.0438579,1.00013,120032,129977,358.626,369.207,389.857,35.1573,32.4181,5305.11,5427.55,8.51251,4.04993,4.4982,0.989428,0.933635,175.076,123.654,4.04993,4.4982,137561
3300.0,0.755712,1.00014,0.0438543,1.00014,120017,129987,358.622,369.209,389.865,35.1526,32.4192,5302.84,5427.55,8.51251,4.04914,4.49837,0.989434,0.933739,174.817,123.637,4.04914,4.49837,137570
3302.0,0.755711,1.00013,0.0438509,1.00013,120018,129995,358.622,369.209,389.871,35.1505,32.4203,5301.59,5427.55,8.51251,4.04892,4.4985,0.98944,0.933844,175.299,123.623,4.04892,4.4985,137578
3304.0,0.755702,1.00013,0.0438484,1.00013,120012,129998,358.62,369.21,389.877,35.1523,32.4207,5301.66,5427.55,8.51251,4.04902,4.49851,0.989446,0.933948,175.196,123.615,4.04902,4.49851,137581
3306.0,0.755696,1.00011,0.0438476,1.00011,120008,129998,358.619,369.211,389.882,35.1525,32.42,5301.16,5427.55,8.51251,4.04898,4.49834,0.989452,0.934053,175.269,123.606,4.04898,4.49834,137581
3308.0,0.755689,1.0001,0.0438484,1.0001,120004,129995,358.618,369.213,389.885,35.1531,32.4179,5300.84,5427.55,8.51251,4.04899,4.49793,0.989458,0.934158,175.226,123.599,4.04899,4.49793,137577
3310.0,0.75569,1.00007,0.0438507,1.00007,120006,129989,358.618,369.216,389.888,35.1537,32.4145,5300.49,5427.55,8.51251,4.04909,4.49731,0.989463,0.934263,175.442,123.594,4.04909,4.49731,137571
3312.0,0.755715,1.00005,0.0438539,1.00005,120027,129982,358.624,369.22,389.891,35.1558,32.4102,5300.69,5427.55,8.51251,4.04968,4.49656,0.989469,0.934368,175.996,123.608,4.04968,4.49656,137565
3314.0,0.755725,1.00005,0.0438576,1.00005,120035,129975,358.626,369.223,389.893,35.1627,32.407,5302.55,5427.55,8.51251,4.05061,4.49598,0.989475,0.934472,175.691,123.629,4.05061,4.49598,137557
3316.0,0.755733,1.00004,0.043862,1.00004,120041,129968,358.628,369.227,389.896,35.1666,32.4058,5303.31,5427.55,8.51251,4.05118,4.49567,0.98948,0.934575,175.544,123.643,4.05118,4.49567,137550
3318.0,0.75574,1.00001,0.0438667,1.00001,120047,129963,358.629,369.232,389.899,35.1703,32.4043,5303.98,5427.55,8.51251,4.05169,4.49532,0.989486,0.93468,175.615,123.649,4.05169,4.49532,137545
3320.0,0.755756,0.999991,0.0438709,0.999991,120059,129960,358.633,369.237,389.903,35.1736,32.3999,5304.52,5427.55,8.51251,4.05228,4.49458,0.989491,0.934784,175.842,123.661,4.05228,4.49458,137542
3322.0,0.755773,0.999973,0.0438739,0.999973,120072,129959,358.636,369.243,389.907,35.1788,32.3953,5305.73,5427.55,8.51251,4.0531,4.49386,0.989496,0.934888,175.818,123.683,4.0531,4.49386,137541
3324.0,0.755776,0.99997,0.0438751,0.99997,120074,129961,358.637,369.248,389.912,35.1843,32.3917,5306.98,5427.55,8.51251,4.05377,4.4933,0.989501,0.934991,175.444,123.698,4.05377,4.4933,137543
3326.0,0.755744,0.99998,0.0438744,0.99998,120048,129964,358.629,369.253,389.918,35.1871,32.3912,5307.31,5427.55,8.51251,4.05367,4.49319,0.989507,0.935093,174.71,123.68,4.05367,4.49319,137546
3328.0,0.755706,0.999992,0.0438721,0.999992,120019,129968,358.621,369.256,389.923,35.1827,32.3932,5305.11,5427.55,8.51251,4.05268,4.49344,0.989512,0.935194,174.687,123.636,4.05268,4.49344,137549
3330.0,0.755675,1.00001,0.0438684,1.00001,119996,129971,358.614,369.258,389.929,35.1772,32.3957,5302.61,5427.55,8.51251,4.05166,4.49376,0.989517,0.935295,174.812,123.595,4.05166,4.49376,137553
3332.0,0.755653,1.00002,0.0438639,1.00002,119981,129975,358.61,369.258,389.934,35.1728,32.3984,5300.59,5427.55,8.51251,4.0509,4.49411,0.989522,0.935395,174.951,123.565,4.0509,4.49411,137556
3334.0,0.755625,1.00003,0.0438592,1.00003,119962,129976,358.604,369.257,389.939,35.1702,32.4013,5299.2,5427.55,8.51251,4.05028,4.49447,0.989527,0.935495,174.394,123.548,4.05028,4.49447,137558
3336.0,0.755609,1.00004,0.0438554,1.00004,119952,129975,358.601,369.255,389.943,35.1665,32.4038,5297.43,5427.55,8.51251,4.04967,4.49473,0.989532,0.935594,175.047,123.509,4.04967,4.49473,137556
3338.0,0.755585,1.00003,0.0438527,1.00003,119936,129969,358.597,369.254,389.946,35.1648,32.4052,5296.45,5427.55,8.51251,4.04923,4.49482,0.989537,0.935694,174.826,123.488,4.04923,4.49482,137551
3340.0,0.755589,1.00003,0.0438512,1.00003,119943,129961,358.599,369.254,389.948,35.1618,32.4053,5295,5427.55,8.51251,4.049,4.49468,0.989542,0.935794,175.313,123.479,4.049,4.49468,137542
3342.0,0.755608,1,0.0438512,1,119960,129950,358.603,369.255,389.949,35.1642,32.4039,5295.45,5427.55,8.51251,4.04956,4.49429,0.989547,0.935895,175.862,123.485,4.04956,4.49429,137531
3344.0,0.755653,0.999967,0.043853,0.999967,119998,129938,358.614,369.258,389.95,35.1696,32.3992,5296.9,5427.55,8.51251,4.05081,4.49344,0.989552,0.935997,175.927,123.538,4.05081,4.49344,137519
3346.0,0.755691,0.999933,0.0438564,0.999933,120028,129928,358.623,369.264,389.952,35.1804,32.3921,5300.2,5427.55,8.51251,4.05257,4.49226,0.989556,0.936099,175.818,123.586,4.05257,4.49226,137508
3348.0,0.755711,0.999903,0.043861,0.999903,120044,129919,358.627,369.272,389.954,35.1898,32.3852,5302.95,5427.55,8.51251,4.05392,4.49113,0.989561,0.936201,175.897,123.608,4.05392,4.49113,137499
3350.0,0.755722,0.999878,0.0438658,0.999878,120052,129914,358.629,369.281,389.957,35.1957,32.3789,5304.4,5427.55,8.51251,4.05475,4.49011,0.989566,0.936303,175.818,123.623,4.05475,4.49011,137494
3352.0,0.755735,0.999862,0.0438697,0.999862,120062,129913,358.632,369.29,389.961,35.1999,32.3736,5305.25,5427.55,8.51251,4.0554,4.48929,0.98957,0.936404,175.687,123.643,4.0554,4.48929,137493
3354.0,0.755729,0.999855,0.043872,0.999855,120057,129918,358.63,369.299,389.967,35.2046,32.3699,5306.25,5427.55,8.51251,4.05584,4.48874,0.989574,0.936505,175.213,123.649,4.05584,4.48874,137497
3356.0,0.755694,0.999856,0.0438727,0.999856,120030,129926,358.623,369.305,389.974,35.2052,32.3681,5305.87,5427.55,8.51251,4.05547,4.48849,0.989579,0.936604,174.528,123.627,4.05547,4.48849,137506
3358.0,0.755667,0.999863,0.0438717,0.999863,120010,129937,358.617,369.31,389.981,35.2002,32.3679,5303.52,5427.55,8.51251,4.05455,4.4885,0.989583,0.936703,174.917,123.583,4.05455,4.4885,137517
3360.0,0.755654,0.999873,0.0438693,0.999873,120001,129949,358.614,369.312,389.989,35.1966,32.3689,5301.76,5427.55,8.51251,4.054,4.48868,0.989588,0.936802,175.241,123.559,4.054,4.48868,137529
3362.0,0.755618,0.99988,0.0438659,0.99988,119974,129959,358.607,369.313,389.996,35.1959,32.3704,5301.02,5427.55,8.51251,4.05347,4.4889,0.989592,0.9369,175.009,123.522,4.05347,4.4889,137539
3364.0,0.755618,0.999883,0.0438624,0.999883,119976,129966,358.607,369.313,390.002,35.1904,32.3715,5298.61,5427.55,8.51251,4.05287,4.48906,0.989596,0.936998,175.28,123.514,4.05287,4.48906,137546
3366.0,0.755615,0.999879,0.0438597,0.999879,119976,129968,358.607,369.313,390.008,35.192,32.3718,5298.75,5427.55,8.51251,4.05306,4.48904,0.9896,0.937097,175.271,123.511,4.05306,4.48904,137548
3368.0,0.75562,0.999868,0.0438584,0.999868,119982,129966,358.609,369.314,390.011,35.1932,32.3707,5298.71,5427.55,8.51251,4.0533,4.48879,0.989604,0.937195,175.519,123.51,4.0533,4.48879,137546
3370.0,0.755658,0.999851,0.0438585,0.999851,120014,129961,358.617,369.316,390.014,35.1959,32.368,5299.21,5427.55,8.51251,4.05414,4.48829,0.989609,0.937294,176.283,123.534,4.05414,4.48829,137541
3372.0,0.755679,0.99983,0.0438602,0.99983,120030,129954,358.622,369.32,390.017,35.2053,32.3641,5301.98,5427.55,8.51251,4.0555,4.48759,0.989613,0.937393,175.899,123.57,4.0555,4.48759,137533
3374.0,0.755708,0.99981,0.043863,0.99981,120053,129947,358.629,369.327,390.019,35.2113,32.3594,5303.52,5427.55,8.51251,4.05658,4.48681,0.989616,0.937492,176.201,123.597,4.05658,4.48681,137526
3376.0,0.755714,0.999793,0.0438661,0.999793,120058,129942,358.63,369.334,390.022,35.2191,32.3548,5305.64,5427.55,8.51251,4.05755,4.48603,0.98962,0.937591,175.05,123.636,4.05755,4.48603,137520
3378.0,0.755706,0.999782,0.0438687,0.999782,120051,129939,358.628,369.343,390.025,35.2222,32.3507,5306.11,5427.55,8.51251,4.05779,4.48537,0.989624,0.937689,175.237,123.621,4.05779,4.48537,137518
3380.0,0.755673,0.99978,0.0438701,0.99978,120026,129941,358.62,369.35,390.03,35.2224,32.3478,5305.61,5427.55,8.51251,4.0574,4.4849,0.989628,0.937786,174.556,123.602,4.0574,4.4849,137520
3382.0,0.755657,0.999793,0.0438698,0.999793,120014,129946,358.617,369.355,390.036,35.2178,32.3465,5303.45,5427.55,8.51251,4.05668,4.48471,0.989632,0.937883,175.198,123.565,4.05668,4.48471,137525
3384.0,0.755629,0.999818,0.0438676,0.999818,119994,129953,358.611,369.358,390.042,35.2165,32.3484,5302.47,5427.55,8.51251,4.05618,4.48499,0.989635,0.937978,174.841,123.542,4.05618,4.48499,137531
3386.0,0.755607,0.999842,0.0438644,0.999842,119978,129959,358.607,369.358,390.048,35.2127,32.3528,5300.65,5427.55,8.51251,4.05548,4.48562,0.989639,0.938072,174.832,123.515,4.05548,4.48562,137538
3388.0,0.75558,0.999862,0.0438614,0.999862,119960,129963,358.601,369.357,390.053,35.2099,32.3572,5299.24,5427.55,8.51251,4.05485,4.48621,0.989643,0.938166,174.809,123.484,4.05485,4.48621,137542
3390.0,0.755564,0.999874,0.0438592,0.999874,119950,129963,358.598,369.355,390.057,35.2062,32.3608,5297.52,5427.55,8.51251,4.05426,4.48665,0.989646,0.938261,174.909,123.462,4.05426,4.48665,137542
3392.0,0.755542,0.999878,0.043858,0.999878,119935,129959,358.594,369.354,390.061,35.2045,32.3628,5296.57,5427.55,8.51251,4.05382,4.48684,0.98965,0.938355,174.875,123.436,4.05382,4.48684,137538
3394.0,0.75554,0.999875,0.0438575,0.999875,119937,129952,358.595,369.354,390.063,35.2016,32.3632,5295.17,5427.55,8.51251,4.05351,4.48677,0.989653,0.93845,175.254,123.423,4.05351,4.48677,137531
3396.0,0.755552,0.999856,0.0438576,0.999856,119949,129942,358.598,369.355,390.064,35.2027,32.3621,5295.21,5427.55,8.51251,4.05385,4.48644,0.989657,0.938545,175.606,123.427,4.05385,4.48644,137521
3398.0,0.755591,0.999826,0.0438585,0.999826,119982,129931,358.607,369.358,390.065,35.2066,32.3579,5296.2,5427.55,8.51251,4.05485,4.48567,0.98966,0.938641,176.007,123.462,4.05485,4.48567,137510
3400.0,0.755634,0.999797,0.0438603,0.999797,120017,129922,358.617,369.363,390.067,35.2159,32.3513,5299.05,5427.55,8.51251,4.05652,4.48458,0.989664,0.938738,176.575,123.497,4.05652,4.48458,137500
3402.0,0.755652,0.999771,0.0438629,0.999771,120031,129913,358.621,369.37,390.069,35.2263,32.3449,5302.17,5427.55,8.51251,4.05795,4.48352,0.989667,0.938834,175.727,123.542,4.05795,4.48352,137492
3404.0,0.755677,0.99975,0.0438659,0.99975,120051,129908,358.627,369.379,390.071,35.2316,32.3389,5303.45,5427.55,8.51251,4.05888,4.48256,0.98967,0.93893,175.762,123.571,4.05888,4.48256,137486
3406.0,0.755694,0.999736,0.0438685,0.999736,120064,129906,358.63,369.388,390.075,35.2384,32.3338,5305.28,5427.55,8.51251,4.05989,4.48176,0.989673,0.939026,175.776,123.592,4.05989,4.48176,137484
3408.0,0.755691,0.999732,0.0438701,0.999732,120061,129909,358.629,369.397,390.08,35.2438,32.3302,5306.57,5427.55,8.51251,4.06046,4.48122,0.989676,0.939121,175.275,123.602,4.06046,4.48122,137487
3410.0,0.755652,0.999737,0.0438704,0.999737,120031,129917,358.621,369.405,390.087,35.245,32.3284,5306.39,5427.55,8.51251,4.06009,4.48098,0.989679,0.939215,174.462,123.579,4.06009,4.48098,137495
3412.0,0.755622,0.999749,0.0438691,0.999749,120008,129928,358.614,369.411,390.094,35.2391,32.3285,5303.78,5427.55,8.51251,4.05904,4.48102,0.989682,0.939309,174.863,123.533,4.05904,4.48102,137505
3414.0,0.755585,0.999766,0.0438661,0.999766,119980,129940,358.606,369.414,390.101,35.2349,32.33,5301.84,5427.55,8.51251,4.05809,4.48129,0.989685,0.939401,174.941,123.485,4.05809,4.48129,137518
3416.0,0.755571,0.999781,0.0438619,0.999781,119972,129951,358.604,369.414,390.109,35.229,32.3325,5299.33,5427.55,8.51251,4.05726,4.48168,0.989688,0.939494,175.131,123.463,4.05726,4.48168,137529
3418.0,0.755549,0.999793,0.0438575,0.999793,119957,129959,358.599,369.414,390.115,35.2278,32.3349,5298.52,5427.55,8.51251,4.05688,4.48203,0.989691,0.939586,175.189,123.435,4.05688,4.48203,137537
3420.0,0.755549,0.999796,0.0438541,0.999796,119960,129963,358.6,369.413,390.12,35.2249,32.3365,5297.13,5427.55,8.51251,4.05661,4.48221,0.989694,0.939679,175.261,123.434,4.05661,4.48221,137541
3422.0,0.755551,0.99979,0.0438525,0.99979,119963,129961,358.601,369.413,390.124,35.2266,32.3365,5297.35,5427.55,8.51251,4.05685,4.48213,0.989697,0.939772,175.374,123.432,4.05685,4.48213,137539
3424.0,0.755579,0.999775,0.0438529,0.999775,119988,129955,358.608,369.415,390.126,35.2283,32.3344,5297.56,5427.55,8.51251,4.05747,4.48172,0.989699,0.939865,176.037,123.448,4.05747,4.48172,137533
3426.0,0.755612,0.999755,0.0438549,0.999755,120014,129947,358.616,369.419,390.128,35.2357,32.3307,5299.71,5427.55,8.51251,4.05876,4.48105,0.989702,0.939958,176.261,123.48,4.05876,4.48105,137524
3428.0,0.755631,0.999735,0.0438584,0.999735,120029,129938,358.62,369.425,390.13,35.2438,32.326,5302.06,5427.55,8.51251,4.05995,4.48023,0.989705,0.940052,175.821,123.515,4.05995,4.48023,137515
3430.0,0.755623,0.999716,0.0438624,0.999716,120024,129930,358.618,369.433,390.132,35.2493,32.3208,5303.45,5427.55,8.51251,4.06049,4.47937,0.989707,0.940145,174.402,123.547,4.06049,4.47937,137508
3432.0,0.755617,0.999703,0.043866,0.999703,120020,129926,358.617,369.441,390.135,35.2495,32.3162,5303.03,5427.55,8.51251,4.06045,4.47861,0.98971,0.940238,175.354,123.512,4.06045,4.47861,137503
3434.0,0.755584,0.999698,0.0438682,0.999698,119995,129926,358.61,369.448,390.139,35.2499,32.3125,5302.69,5427.55,8.51251,4.06008,4.47803,0.989712,0.940331,174.471,123.498,4.06008,4.47803,137503
3436.0,0.755554,0.999709,0.0438685,0.999709,119974,129930,358.604,369.453,390.144,35.245,32.3104,5300.51,5427.55,8.51251,4.05915,4.47772,0.989715,0.940422,174.903,123.45,4.05915,4.47772,137507
3438.0,0.755524,0.99973,0.0438669,0.99973,119953,129935,358.598,369.454,390.149,35.2406,32.3115,5298.57,5427.55,8.51251,4.05829,4.47786,0.989717,0.940512,174.652,123.421,4.05829,4.47786,137512
3440.0,0.7555,0.99975,0.0438646,0.99975,119937,129939,358.593,369.454,390.154,35.236,32.3147,5296.62,5427.55,8.51251,4.05751,4.47831,0.98972,0.940602,174.819,123.388,4.05751,4.47831,137516
3442.0,0.755486,0.999765,0.0438627,0.999765,119929,129941,358.591,369.452,390.159,35.2327,32.3179,5295.12,5427.55,8.51251,4.05698,4.47872,0.989722,0.940691,174.997,123.365,4.05698,4.47872,137518
3444.0,0.755477,0.999772,0.043862,0.999772,119926,129939,358.59,369.451,390.162,35.2312,32.3201,5294.29,5427.55,8.51251,4.05676,4.47895,0.989724,0.940781,175.065,123.354,4.05676,4.47895,137517
3446.0,0.755472,0.99977,0.0438626,0.99977,119925,129933,358.589,369.45,390.165,35.2309,32.3206,5293.89,5427.55,8.51251,4.05671,4.47891,0.989727,0.940871,175.006,123.348,4.05671,4.47891,137511
3448.0,0.755473,0.999753,0.0438644,0.999753,119929,129924,358.591,369.451,390.166,35.231,32.3195,5293.66,5427.55,8.51251,4.0568,4.4786,0.989729,0.940962,175.326,123.341,4.0568,4.4786,137501
3450.0,0.755517,0.999724,0.0438667,0.999724,119966,129914,358.601,369.454,390.167,35.2327,32.3152,5293.93,5427.55,8.51251,4.05762,4.47782,0.989731,0.941053,176.339,123.364,4.05762,4.47782,137491
3452.0,0.755542,0.999697,0.0438692,0.999697,119987,129904,358.607,369.459,390.169,35.2429,32.3086,5297.16,5427.55,8.51251,4.05915,4.47673,0.989733,0.941145,175.728,123.411,4.05915,4.47673,137481
3454.0,0.755563,0.999674,0.0438719,0.999674,120005,129896,358.612,369.465,390.17,35.2493,32.302,5298.98,5427.55,8.51251,4.06018,4.47567,0.989735,0.941236,175.731,123.436,4.06018,4.47567,137472
3456.0,0.755581,0.999656,0.0438742,0.999656,120020,129891,358.616,369.474,390.173,35.255,32.2961,5300.54,5427.55,8.51251,4.06109,4.47473,0.989737,0.941328,175.426,123.466,4.06109,4.47473,137467
3458.0,0.755592,0.999646,0.0438757,0.999646,120029,129889,358.619,369.482,390.176,35.2601,32.2913,5301.88,5427.55,8.51251,4.06183,4.47397,0.989739,0.941418,175.549,123.476,4.06183,4.47397,137465
3460.0,0.755585,0.999645,0.0438761,0.999645,120024,129892,358.618,369.491,390.181,35.2639,32.288,5302.72,5427.55,8.51251,4.06219,4.47348,0.989741,0.941508,175.13,123.48,4.06219,4.47348,137468
3462.0,0.755559,0.999653,0.0438752,0.999653,120004,129899,358.612,369.498,390.187,35.2642,32.2866,5302.35,5427.55,8.51251,4.06189,4.47328,0.989743,0.941598,174.674,123.461,4.06189,4.47328,137475
3464.0,0.755536,0.999667,0.0438732,0.999667,119988,129908,358.607,369.503,390.194,35.2605,32.2868,5300.6,5427.55,8.51251,4.06119,4.47334,0.989745,0.941686,174.837,123.43,4.06119,4.47334,137484
3466.0,0.755516,0.999684,0.0438699,0.999684,119975,129918,358.603,369.506,390.201,35.2575,32.2885,5299.17,5427.55,8.51251,4.06062,4.47361,0.989746,0.941775,174.749,123.409,4.06062,4.47361,137494
3468.0,0.755489,0.999702,0.0438659,0.999702,119955,129927,358.598,369.508,390.207,35.255,32.2909,5297.93,5427.55,8.51251,4.06001,4.47398,0.989748,0.941862,174.569,123.381,4.06001,4.47398,137504
3470.0,0.755475,0.999716,0.0438621,0.999716,119947,129934,358.596,369.508,390.213,35.2509,32.2933,5296.14,5427.55,8.51251,4.0594,4.47433,0.98975,0.94195,174.774,123.359,4.0594,4.47433,137511
3472.0,0.755461,0.999725,0.0438591,0.999725,119939,129938,358.593,369.509,390.218,35.2495,32.2952,5295.38,5427.55,8.51251,4.05911,4.47456,0.989752,0.942037,175.046,123.334,4.05911,4.47456,137514
3474.0,0.755469,0.999726,0.0438572,0.999726,119948,129937,358.596,369.51,390.221,35.2481,32.296,5294.55,5427.55,8.51251,4.05909,4.4746,0.989753,0.942125,175.364,123.334,4.05909,4.4746,137513
3476.0,0.755495,0.999721,0.0438567,0.999721,119971,129933,358.602,369.512,390.224,35.2508,32.2952,5295.22,5427.55,8.51251,4.05979,4.4744,0.989755,0.942213,175.871,123.35,4.05979,4.4744,137509
3478.0,0.755517,0.999711,0.0438576,0.999711,119989,129927,358.607,369.515,390.226,35.2573,32.2932,5297.16,5427.55,8.51251,4.06085,4.474,0.989756,0.942301,175.602,123.384,4.06085,4.474,137503
3480.0,0.755542,0.9997,0.04386,0.9997,120010,129920,358.613,369.521,390.228,35.2632,32.2902,5298.8,5427.55,8.51251,4.06188,4.47345,0.989758,0.942389,175.604,123.414,4.06188,4.47345,137496
3482.0,0.755563,0.999689,0.0438631,0.999689,120027,129913,358.618,369.528,390.23,35.2697,32.2868,5300.65,5427.55,8.51251,4.0629,4.47285,0.989759,0.942477,175.598,123.439,4.0629,4.47285,137489
3484.0,0.755578,0.999682,0.0438661,0.999682,120039,129910,358.621,369.536,390.233,35.2753,32.2835,5302.17,5427.55,8.51251,4.06376,4.4723,0.989761,0.942565,175.642,123.456,4.06376,4.4723,137485
3486.0,0.755576,0.999681,0.0438684,0.999681,120038,129909,358.621,369.544,390.237,35.2799,32.281,5303.29,5427.55,8.51251,4.06426,4.47188,0.989762,0.942652,175.245,123.465,4.06426,4.47188,137485
3488.0,0.755545,0.999702,0.0438691,0.999702,120014,129913,358.614,369.551,390.242,35.2811,32.2797,5303.24,5427.55,8.51251,4.06401,4.4717,0.989763,0.942738,174.568,123.447,4.06401,4.4717,137489
3490.0,0.755503,0.999727,0.0438682,0.999727,119982,129918,358.605,369.556,390.247,35.2765,32.2828,5301.16,5427.55,8.51251,4.06294,4.47214,0.989764,0.942823,174.512,123.399,4.06294,4.47214,137494
3492.0,0.755464,0.999755,0.0438654,0.999755,119954,129926,358.597,369.559,390.253,35.2696,32.2869,5298.38,5427.55,8.51251,4.06168,4.47273,0.989766,0.942908,174.48,123.353,4.06168,4.47273,137502
3494.0,0.755434,0.999781,0.0438613,0.999781,119934,129932,358.591,369.559,390.259,35.2631,32.2915,5295.8,5427.55,8.51251,4.06059,4.47339,0.989767,0.942992,174.643,123.313,4.06059,4.47339,137509
3496.0,0.755413,0.999803,0.0438567,0.999803,119920,129937,358.587,369.557,390.264,35.2584,32.296,5293.89,5427.55,8.51251,4.05982,4.47402,0.989768,0.943076,174.724,123.285,4.05982,4.47402,137513
3498.0,0.75539,0.999816,0.043853,0.999816,119906,129937,358.583,369.555,390.268,35.2553,32.2997,5292.57,5427.55,8.51251,4.05923,4.47449,0.989769,0.94316,174.617,123.261,4.05923,4.47449,137514
3500.0,0.755384,0.999803,0.0438509,0.999803,119905,129933,358.583,369.554,390.27,35.2519,32.3018,5291.18,5427.55,8.51251,4.05882,4.47467,0.98977,0.943245,175.126,123.239,4.05882,4.47467,137509
3502.0,0.755415,0.999786,0.0438507,0.999786,119933,129925,358.591,369.555,390.272,35.2518,32.2985,5290.92,5427.55,8.51251,4.05927,4.47407,0.989771,0.943331,175.956,123.252,4.05927,4.47407,137502
3504.0,0.755449,0.999761,0.0438522,0.999761,119962,129915,358.599,369.558,390.273,35.2591,32.2943,5293.25,5427.55,8.51251,4.0606,4.47332,0.989772,0.943417,175.778,123.297,4.0606,4.47332,137491
3506.0,0.755484,0.999735,0.0438552,0.999735,119991,129904,358.607,369.563,390.273,35.267,32.2886,5295.7,5427.55,8.51251,4.062,4.47234,0.989773,0.943503,176.065,123.331,4.062,4.47234,137479
3508.0,0.755508,0.999708,0.0438595,0.999708,120011,129893,358.613,369.571,390.274,35.2754,32.2823,5298.25,5427.55,8.51251,4.06329,4.47131,0.989774,0.94359,175.649,123.372,4.06329,4.47131,137469
3510.0,0.755529,0.99969,0.043864,0.99969,120028,129886,358.618,369.581,390.276,35.2816,32.276,5300.01,5427.55,8.51251,4.0643,4.47029,0.989775,0.943676,175.834,123.392,4.0643,4.47029,137462
3512.0,0.755546,0.999681,0.0438678,0.999681,120040,129884,358.621,369.591,390.279,35.2873,32.2713,5301.56,5427.55,8.51251,4.06517,4.46954,0.989776,0.943762,175.599,123.418,4.06517,4.46954,137459
3514.0,0.755537,0.999682,0.0438704,0.999682,120034,129887,358.62,369.6,390.284,35.292,32.2682,5302.75,5427.55,8.51251,4.0656,4.46909,0.989777,0.943847,175.043,123.423,4.0656,4.46909,137462
3516.0,0.755504,0.999692,0.0438714,0.999692,120008,129894,358.612,369.608,390.29,35.2918,32.2673,5302.23,5427.55,8.51251,4.06515,4.46898,0.989777,0.943931,174.465,123.4,4.06515,4.46898,137470
3518.0,0.755461,0.999709,0.0438706,0.999709,119976,129905,358.603,369.613,390.296,35.2866,32.2683,5300,5427.55,8.51251,4.06401,4.46916,0.989778,0.944014,174.605,123.345,4.06401,4.46916,137480
3520.0,0.755434,0.999729,0.043868,0.999729,119957,129917,358.598,369.616,390.304,35.2794,32.2706,5297.14,5427.55,8.51251,4.06286,4.46955,0.989779,0.944097,174.695,123.31,4.06286,4.46955,137493
3522.0,0.755411,0.999747,0.0438638,0.999747,119942,129928,358.593,369.616,390.31,35.2751,32.2736,5295.38,5427.55,8.51251,4.06212,4.47002,0.989779,0.94418,174.738,123.282,4.06212,4.47002,137503
3524.0,0.755392,0.99976,0.0438596,0.99976,119930,129936,358.59,369.615,390.316,35.2719,32.2764,5293.97,5427.55,8.51251,4.06154,4.47042,0.98978,0.944263,175.016,123.251,4.06154,4.47042,137511
3526.0,0.755386,0.999764,0.0438565,0.999764,119929,129938,358.589,369.614,390.321,35.2691,32.2782,5292.76,5427.55,8.51251,4.06119,4.47063,0.98978,0.944345,175.151,123.24,4.06119,4.47063,137514
3528.0,0.755397,0.999758,0.0438549,0.999758,119940,129936,358.593,369.615,390.324,35.269,32.2782,5292.5,5427.55,8.51251,4.06138,4.47054,0.989781,0.944429,175.424,123.245,4.06138,4.47054,137511
3530.0,0.755433,0.999743,0.0438549,0.999743,119970,129929,358.601,369.617,390.326,35.2723,32.2761,5293.41,5427.55,8.51251,4.06226,4.47013,0.989781,0.944512,176.043,123.269,4.06226,4.47013,137505
3532.0,0.755435,0.999724,0.0438569,0.999724,119974,129920,358.602,369.621,390.327,35.2805,32.2723,5296,5427.55,8.51251,4.06328,4.46944,0.989782,0.944596,174.799,123.308,4.06328,4.46944,137495
3534.0,0.755455,0.999705,0.0438602,0.999705,119991,129911,358.607,369.627,390.328,35.2823,32.2675,5296.31,5427.55,8.51251,4.06377,4.46863,0.989782,0.94468,175.692,123.306,4.06377,4.46863,137486
3536.0,0.755479,0.999696,0.0438638,0.999696,120011,129903,358.613,369.635,390.329,35.2875,32.2625,5297.77,5427.55,8.51251,4.06469,4.46781,0.989782,0.944763,175.721,123.334,4.06469,4.46781,137478
3538.0,0.755486,0.999698,0.0438666,0.999698,120017,129899,358.615,369.642,390.332,35.2936,32.2596,5299.54,5427.55,8.51251,4.0655,4.46731,0.989783,0.944846,175.313,123.354,4.0655,4.46731,137474
3540.0,0.755466,0.999707,0.0438686,0.999707,120002,129898,358.61,369.649,390.335,35.2964,32.259,5300.11,5427.55,8.51251,4.06557,4.46716,0.989783,0.944928,174.736,123.346,4.06557,4.46716,137472
3542.0,0.755422,0.999722,0.0438693,0.999722,119969,129900,358.601,369.655,390.339,35.2936,32.2597,5298.78,5427.55,8.51251,4.06469,4.46724,0.989783,0.945009,174.491,123.301,4.06469,4.46724,137475
3544.0,0.755391,0.999743,0.0438686,0.999743,119947,129904,358.595,369.658,390.344,35.286,32.2618,5295.8,5427.55,8.51251,4.06346,4.46754,0.989783,0.945089,174.558,123.262,4.06346,4.46754,137479
3546.0,0.755361,0.999747,0.0438664,0.999747,119927,129910,358.589,369.66,390.349,35.281,32.265,5293.82,5427.55,8.51251,4.06254,4.46797,0.989783,0.945171,174.58,123.225,4.06254,4.46797,137485
3548.0,0.755359,0.999755,0.0438636,0.999755,119929,129916,358.589,369.66,390.355,35.2761,32.2651,5291.88,5427.55,8.51251,4.062,4.46798,0.989784,0.945252,175.118,123.208,4.062,4.46798,137491
3550.0,0.755357,0.999759,0.0438608,0.999759,119930,129918,358.59,369.66,390.359,35.2768,32.2658,5291.93,5427.55,8.51251,4.0621,4.46805,0.989784,0.945332,175.052,123.207,4.0621,4.46805,137493
3552.0,0.755364,0.999752,0.043859,0.999752,119938,129918,358.592,369.661,390.362,35.2773,32.2658,5291.9,5427.55,8.51251,4.06229,4.46797,0.989784,0.945414,175.361,123.206,4.06229,4.46797,137493
3554.0,0.755393,0.999741,0.0438585,0.999741,119963,129913,358.599,369.663,390.365,35.2796,32.2634,5292.49,5427.55,8.51251,4.06299,4.46753,0.989784,0.945495,175.848,123.227,4.06299,4.46753,137488
3556.0,0.755415,0.999727,0.0438597,0.999727,119982,129907,358.605,369.668,390.367,35.2866,32.2604,5294.68,5427.55,8.51251,4.06411,4.46699,0.989784,0.945577,175.83,123.254,4.06411,4.46699,137481
3558.0,0.755435,0.999712,0.0438621,0.999712,119998,129900,358.609,369.674,390.368,35.2922,32.2566,5296.32,5427.55,8.51251,4.06503,4.46633,0.989784,0.945659,175.76,123.279,4.06503,4.46633,137474
3560.0,0.755454,0.999701,0.0438649,0.999701,120014,129894,358.614,369.682,390.37,35.2973,32.2526,5297.76,5427.55,8.51251,4.06588,4.46567,0.989783,0.94574,175.453,123.31,4.06588,4.46567,137468
3562.0,0.755464,0.999694,0.0438674,0.999694,120022,129891,358.616,369.691,390.373,35.3023,32.2491,5299.16,5427.55,8.51251,4.0666,4.46511,0.989783,0.945821,175.412,123.323,4.0666,4.46511,137466
3564.0,0.755456,0.999696,0.0438689,0.999696,120016,129893,358.614,369.699,390.377,35.3056,32.2468,5299.92,5427.55,8.51251,4.06687,4.46474,0.989783,0.945902,175.002,123.325,4.06687,4.46474,137467
3566.0,0.755429,0.999706,0.0438691,0.999706,119996,129897,358.609,369.706,390.382,35.3052,32.2461,5299.41,5427.55,8.51251,4.06649,4.46464,0.989783,0.945982,174.58,123.305,4.06649,4.46464,137472
3568.0,0.7554,0.999721,0.0438678,0.999721,119975,129905,358.603,369.711,390.388,35.3011,32.2471,5297.63,5427.55,8.51251,4.06566,4.46479,0.989782,0.946061,174.41,123.276,4.06566,4.46479,137479
3570.0,0.755375,0.999739,0.0438651,0.999739,119958,129913,358.598,369.715,390.394,35.2965,32.2491,5295.75,5427.55,8.51251,4.06484,4.4651,0.989782,0.94614,174.747,123.236,4.06484,4.4651,137488
3572.0,0.755355,0.999755,0.0438616,0.999755,119945,129921,358.594,369.716,390.399,35.2926,32.2517,5294.14,5427.55,8.51251,4.06417,4.46549,0.989782,0.946219,174.577,123.217,4.06417,4.46549,137496
3574.0,0.755329,0.999767,0.0438584,0.999767,119927,129927,358.589,369.717,390.405,35.2896,32.254,5292.89,5427.55,8.51251,4.06353,4.46582,0.989781,0.946297,174.578,123.186,4.06353,4.46582,137502
3576.0,0.755313,0.999772,0.043856,0.999772,119918,129929,358.586,369.717,390.409,35.2854,32.2557,5291.2,5427.55,8.51251,4.06289,4.46601,0.989781,0.946376,174.81,123.16,4.06289,4.46601,137504
3578.0,0.755323,0.999775,0.0438547,0.999775,119929,129928,358.59,369.717,390.412,35.2831,32.2559,5290.25,5427.55,8.51251,4.06281,4.46599,0.98978,0.946454,175.223,123.16,4.06281,4.46599,137502
3580.0,0.755337,0.999776,0.0438547,0.999776,119943,129922,358.594,369.718,390.414,35.286,32.2558,5291.1,5427.55,8.51251,4.06338,4.46586,0.98978,0.946533,175.401,123.172,4.06338,4.46586,137497
3582.0,0.755361,0.999771,0.0438562,0.999771,119963,129914,358.599,369.721,390.415,35.2898,32.2552,5292.23,5427.55,8.51251,4.06416,4.46565,0.989779,0.946612,175.635,123.193,4.06416,4.46565,137488
3584.0,0.755382,0.999751,0.0438594,0.999751,119982,129904,358.605,369.726,390.416,35.2955,32.2534,5293.96,5427.55,8.51251,4.06512,4.46524,0.989779,0.946691,175.405,123.225,4.06512,4.46524,137479
3586.0,0.755405,0.999733,0.0438636,0.999733,120000,129896,358.61,369.733,390.417,35.3008,32.2485,5295.55,5427.55,8.51251,4.06605,4.46442,0.989778,0.94677,175.508,123.248,4.06605,4.46442,137470
3588.0,0.755425,0.99972,0.0438677,0.99972,120017,129891,358.615,369.741,390.419,35.3064,32.2439,5297.19,5427.55,8.51251,4.06697,4.46367,0.989777,0.94685,175.606,123.27,4.06697,4.46367,137465
3590.0,0.755432,0.999713,0.0438708,0.999713,120022,129889,358.616,369.749,390.422,35.3116,32.2403,5298.67,5427.55,8.51251,4.06766,4.46309,0.989777,0.946928,175.292,123.287,4.06766,4.46309,137463
3592.0,0.755417,0.999715,0.0438723,0.999715,120012,129891,358.613,369.757,390.426,35.3141,32.238,5299.19,5427.55,8.51251,4.06777,4.46274,0.989776,0.947007,174.867,123.282,4.06777,4.46274,137465
3594.0,0.755385,0.999724,0.0438721,0.999724,119987,129896,358.606,369.764,390.431,35.3125,32.2373,5298.28,5427.55,8.51251,4.06717,4.46265,0.989775,0.947084,174.403,123.256,4.06717,4.46265,137470
3596.0,0.755341,0.999738,0.04387,0.999738,119955,129904,358.597,369.769,390.437,35.3071,32.2381,5296.09,5427.55,8.51251,4.06601,4.46279,0.989774,0.947162,174.056,123.214,4.06601,4.46279,137479
3598.0,0.755313,0.999761,0.0438663,0.999761,119936,129913,358.592,369.771,390.443,35.2993,32.2401,5293.17,5427.55,8.51251,4.06479,4.4631,0.989773,0.947238,174.578,123.165,4.06479,4.4631,137487
3600.0,0.755292,0.999787,0.0438621,0.999787,119922,129921,358.588,369.771,390.448,35.2947,32.2438,5291.37,5427.55,8.51251,4.06403,4.46364,0.989773,0.947314,174.772,123.134,4.06403,4.46364,137495
3602.0,0.755262,0.999806,0.0438584,0.999806,119902,129924,358.582,369.769,390.453,35.2913,32.2482,5290.03,5427.55,8.51251,4.06331,4.46426,0.989772,0.94739,174.417,123.109,4.06331,4.46426,137499
3604.0,0.755266,0.999803,0.0438562,0.999803,119909,129924,358.584,369.769,390.456,35.2862,32.2515,5288.13,5427.55,8.51251,4.06284,4.46465,0.989771,0.947466,175.219,123.091,4.06284,4.46465,137498
3606.0,0.755297,0.999793,0.0438556,0.999793,119936,129919,358.592,369.769,390.458,35.2878,32.2501,5288.57,5427.55,8.51251,4.06347,4.46435,0.98977,0.947543,175.858,123.109,4.06347,4.46435,137493
3608.0,0.755331,0.999777,0.0438566,0.999777,119965,129911,358.6,369.772,390.459,35.2947,32.2473,5290.82,5427.55,8.51251,4.06474,4.46384,0.989769,0.947621,175.767,123.152,4.06474,4.46384,137485
3610.0,0.75535,0.999758,0.0438593,0.999758,119981,129901,358.605,369.777,390.46,35.3023,32.2434,5293.28,5427.55,8.51251,4.0659,4.46313,0.989768,0.947698,175.406,123.185,4.0659,4.46313,137475
3612.0,0.755372,0.999739,0.0438632,0.999739,119999,129892,358.61,369.785,390.46,35.3071,32.2387,5294.69,5427.55,8.51251,4.06676,4.46234,0.989767,0.947775,175.399,123.211,4.06676,4.46234,137466
3614.0,0.755392,0.999725,0.0438672,0.999725,120016,129885,358.615,369.795,390.462,35.3125,32.2341,5296.3,5427.55,8.51251,4.06766,4.46158,0.989766,0.947853,175.586,123.23,4.06766,4.46158,137459
3616.0,0.755401,0.999719,0.0438703,0.999719,120023,129883,358.617,369.804,390.465,35.3177,32.2304,5297.79,5427.55,8.51251,4.06837,4.46098,0.989764,0.94793,175.298,123.248,4.06837,4.46098,137456
3618.0,0.755389,0.999723,0.043872,0.999723,120014,129885,358.614,369.813,390.469,35.3205,32.2282,5298.42,5427.55,8.51251,4.06854,4.46065,0.989763,0.948006,174.894,123.245,4.06854,4.46065,137459
3620.0,0.75536,0.999734,0.0438724,0.999734,119992,129892,358.608,369.82,390.474,35.3192,32.2279,5297.66,5427.55,8.51251,4.06803,4.46062,0.989762,0.948082,174.471,123.223,4.06803,4.46062,137466
3622.0,0.755337,0.999751,0.0438713,0.999751,119976,129902,358.603,369.825,390.48,35.3146,32.2293,5295.75,5427.55,8.51251,4.06721,4.46086,0.989761,0.948157,174.759,123.188,4.06721,4.46086,137475
3624.0,0.755316,0.99977,0.0438688,0.99977,119961,129912,358.599,369.828,390.487,35.311,32.2318,5294.25,5427.55,8.51251,4.06655,4.46125,0.989759,0.948231,174.98,123.156,4.06655,4.46125,137485
3626.0,0.755287,0.999787,0.0438658,0.999787,119941,129921,358.593,369.829,390.492,35.3076,32.2347,5292.86,5427.55,8.51251,4.06582,4.4617,0.989758,0.948306,174.468,123.136,4.06582,4.4617,137494
3628.0,0.755273,0.999798,0.0438631,0.999798,119932,129927,358.591,369.829,390.497,35.3028,32.2374,5291,5427.55,8.51251,4.06513,4.46207,0.989757,0.94838,174.694,123.113,4.06513,4.46207,137501
3630.0,0.755269,0.999802,0.043861,0.999802,119932,129929,358.591,369.83,390.501,35.3007,32.239,5290.16,5427.55,8.51251,4.06488,4.46227,0.989755,0.948455,175.068,123.096,4.06488,4.46227,137503
3632.0,0.755274,0.999798,0.0438599,0.999798,119938,129927,358.593,369.831,390.504,35.3006,32.2392,5289.96,5427.55,8.51251,4.06497,4.46222,0.989754,0.94853,175.155,123.1,4.06497,4.46222,137501
3634.0,0.755298,0.999788,0.0438599,0.999788,119959,129922,358.599,369.833,390.506,35.3024,32.2377,5290.43,5427.55,8.51251,4.06553,4.46191,0.989752,0.948605,175.598,123.116,4.06553,4.46191,137495
3636.0,0.755319,0.999784,0.0438609,0.999784,119978,129914,358.604,369.837,390.507,35.308,32.2349,5292.22,5427.55,8.51251,4.06649,4.4614,0.989751,0.948679,175.336,123.148,4.06649,4.4614,137488
3638.0,0.755335,0.999773,0.0438631,0.999773,119991,129906,358.608,369.843,390.508,35.3132,32.2334,5293.79,5427.55,8.51251,4.06731,4.46106,0.989749,0.948754,175.436,123.164,4.06731,4.46106,137480
3640.0,0.755351,0.999757,0.0438662,0.999757,120004,129899,358.612,369.85,390.51,35.3172,32.2303,5294.96,5427.55,8.51251,4.068,4.4605,0.989748,0.948829,175.474,123.182,4.068,4.4605,137473
3642.0,0.755361,0.999748,0.0438692,0.999748,120013,129896,358.614,369.858,390.512,35.3214,32.2264,5296.14,5427.55,8.51251,4.06863,4.45988,0.989746,0.948904,175.33,123.198,4.06863,4.45988,137469
3644.0,0.755358,0.999745,0.0438713,0.999745,120011,129896,358.614,369.866,390.515,35.3245,32.2236,5296.92,5427.55,8.51251,4.06895,4.45943,0.989744,0.948979,175.068,123.203,4.06895,4.45943,137469
3646.0,0.755348,0.99975,0.0438721,0.99975,120004,129899,358.612,369.873,390.52,35.3249,32.2222,5296.78,5427.55,8.51251,4.06887,4.45921,0.989742,0.949053,174.85,123.196,4.06887,4.45921,137472
3648.0,0.755321,0.99976,0.0438715,0.99976,119984,129905,358.606,369.879,390.525,35.3238,32.2222,5296.12,5427.55,8.51251,4.06841,4.45923,0.989741,0.949126,174.489,123.174,4.06841,4.45923,137478
3650.0,0.755287,0.999773,0.0438695,0.999773,119958,129912,358.599,369.883,390.53,35.3194,32.2234,5294.33,5427.55,8.51251,4.06747,4.45942,0.989739,0.9492,174.19,123.142,4.06747,4.45942,137486
3652.0,0.755266,0.999786,0.0438666,0.999786,119945,129920,358.595,369.886,390.535,35.3134,32.2252,5292.04,5427.55,8.51251,4.06655,4.45969,0.989737,0.949272,174.516,123.108,4.06655,4.45969,137493
3654.0,0.755244,0.999797,0.0438637,0.999797,119930,129926,358.591,369.887,390.54,35.31,32.2272,5290.74,5427.55,8.51251,4.06593,4.45998,0.989735,0.949345,174.611,123.079,4.06593,4.45998,137499
3656.0,0.755234,0.999803,0.0438613,0.999803,119925,129929,358.589,369.887,390.544,35.3065,32.2287,5289.36,5427.55,8.51251,4.06542,4.46017,0.989734,0.949418,174.829,123.06,4.06542,4.46017,137502
3658.0,0.75524,0.999802,0.0438599,0.999802,119933,129928,358.592,369.888,390.548,35.305,32.2292,5288.74,5427.55,8.51251,4.06538,4.46018,0.989732,0.949491,175.01,123.062,4.06538,4.46018,137502
3660.0,0.755256,0.999794,0.04386,0.999794,119948,129924,358.596,369.889,390.55,35.3069,32.2283,5289.29,5427.55,8.51251,4.06585,4.45996,0.98973,0.949564,175.413,123.069,4.06585,4.45996,137497
3662.0,0.755286,0.999781,0.0438615,0.999781,119973,129918,358.603,369.893,390.551,35.3109,32.226,5290.53,5427.55,8.51251,4.06673,4.45953,0.989728,0.949637,175.711,123.096,4.06673,4.45953,137491
3664.0,0.755304,0.999766,0.0438644,0.999766,119988,129910,358.608,369.898,390.552,35.3176,32.2227,5292.7,5427.55,8.51251,4.06777,4.45894,0.989726,0.949711,175.563,123.123,4.06777,4.45894,137483
3666.0,0.755325,0.999753,0.0438681,0.999753,120005,129903,358.613,369.905,390.553,35.3222,32.2189,5294.06,5427.55,8.51251,4.06859,4.45828,0.989724,0.949784,175.512,123.149,4.06859,4.45828,137476
3668.0,0.755336,0.999743,0.0438719,0.999743,120015,129898,358.615,369.913,390.555,35.3273,32.2153,5295.56,5427.55,8.51251,4.06932,4.45768,0.989722,0.949857,175.312,123.168,4.06932,4.45768,137470
3670.0,0.755331,0.99974,0.0438752,0.99974,120011,129896,358.614,369.921,390.558,35.3304,32.2125,5296.39,5427.55,8.51251,4.06962,4.45722,0.98972,0.94993,174.962,123.172,4.06962,4.45722,137469
3672.0,0.75531,0.999755,0.0438765,0.999755,119995,129898,358.61,369.928,390.562,35.3304,32.211,5296.09,5427.55,8.51251,4.06935,4.457,0.989717,0.950001,174.505,123.159,4.06935,4.457,137471
3674.0,0.755276,0.999775,0.043876,0.999775,119970,129903,358.603,369.934,390.566,35.327,32.2131,5294.68,5427.55,8.51251,4.06853,4.45729,0.989715,0.950072,174.564,123.117,4.06853,4.45729,137476
3676.0,0.755249,0.999786,0.0438741,0.999786,119951,129909,358.597,369.937,390.571,35.3211,32.2163,5292.39,5427.55,8.51251,4.06753,4.45775,0.989713,0.950144,174.739,123.08,4.06753,4.45775,137482
3678.0,0.755225,0.999798,0.043871,0.999798,119934,129916,358.593,369.939,390.577,35.3165,32.2177,5290.63,5427.55,8.51251,4.06672,4.45797,0.989711,0.950215,174.52,123.057,4.06672,4.45797,137489
3680.0,0.755207,0.999808,0.0438676,0.999808,119923,129922,358.589,369.939,390.581,35.3123,32.2195,5289.07,5427.55,8.51251,4.06605,4.45823,0.989709,0.950286,174.633,123.032,4.06605,4.45823,137495
3682.0,0.755198,0.999813,0.0438647,0.999813,119919,129924,358.588,369.939,390.585,35.3094,32.221,5287.95,5427.55,8.51251,4.06565,4.4584,0.989706,0.950356,174.802,123.017,4.06565,4.4584,137497
3684.0,0.755201,0.999811,0.0438628,0.999811,119924,129923,358.59,369.94,390.588,35.3082,32.2214,5287.46,5427.55,8.51251,4.06559,4.4584,0.989704,0.950428,175.052,123.012,4.06559,4.4584,137496
3686.0,0.755216,0.999803,0.0438622,0.999803,119939,129918,358.594,369.942,390.59,35.3093,32.2203,5287.76,5427.55,8.51251,4.06596,4.45814,0.989702,0.950499,175.328,123.022,4.06596,4.45814,137491
3688.0,0.755241,0.99979,0.0438632,0.99979,119960,129910,358.6,369.946,390.591,35.3129,32.2179,5288.93,5427.55,8.51251,4.06674,4.45769,0.9897,0.95057,175.528,123.046,4.06674,4.45769,137483
3690.0,0.755258,0.999776,0.0438656,0.999776,119975,129902,358.604,369.951,390.592,35.3186,32.2147,5290.75,5427.55,8.51251,4.06764,4.45711,0.989697,0.950642,175.209,123.075,4.06764,4.45711,137475
3692.0,0.755269,0.999764,0.0438691,0.999764,119985,129895,358.607,369.958,390.593,35.3227,32.2112,5292.01,5427.55,8.51251,4.06829,4.4565,0.989695,0.950713,175.245,123.088,4.06829,4.4565,137467
3694.0,0.755271,0.999756,0.0438727,0.999756,119987,129889,358.608,369.966,390.594,35.3257,32.208,5292.88,5427.55,8.51251,4.06868,4.45595,0.989692,0.950784,175.038,123.096,4.06868,4.45595,137462
3696.0,0.755265,0.999755,0.0438757,0.999755,119984,129888,358.607,369.973,390.597,35.3269,32.2055,5293.06,5427.55,8.51251,4.06875,4.45555,0.98969,0.950855,174.951,123.091,4.06875,4.45555,137460
3698.0,0.755246,0.999761,0.0438773,0.999761,119970,129889,358.603,369.979,390.601,35.3265,32.2044,5292.74,5427.55,8.51251,4.06848,4.45536,0.989687,0.950925,174.586,123.079,4.06848,4.45536,137462
3700.0,0.755213,0.999773,0.0438774,0.999773,119946,129894,358.596,369.984,390.605,35.3234,32.2048,5291.49,5427.55,8.51251,4.06771,4.45541,0.989685,0.950995,174.256,123.048,4.06771,4.45541,137466
3702.0,0.755197,0.999787,0.0438762,0.999787,119937,129899,358.594,369.987,390.61,35.3173,32.2063,5289.23,5427.55,8.51251,4.06685,4.45564,0.989682,0.951065,174.437,123.024,4.06685,4.45564,137472
3704.0,0.755168,0.999801,0.0438743,0.999801,119916,129904,358.588,369.989,390.614,35.3149,32.2085,5288.31,5427.55,8.51251,4.06622,4.45595,0.989679,0.951134,174.303,122.992,4.06622,4.45595,137477
3706.0,0.755155,0.999812,0.0438724,0.999812,119909,129908,358.586,369.99,390.618,35.3095,32.2106,5286.35,5427.55,8.51251,4.06549,4.45624,0.989677,0.951203,174.52,122.971,4.06549,4.45624,137480
3708.0,0.755147,0.999826,0.0438709,0.999826,119907,129908,358.585,369.99,390.622,35.3074,32.2122,5285.59,5427.55,8.51251,4.0652,4.45643,0.989674,0.951272,174.913,122.95,4.0652,4.45643,137481
3710.0,0.755144,0.999822,0.0438702,0.999822,119907,129905,358.586,369.991,390.624,35.3064,32.2144,5285.2,5427.55,8.51251,4.06509,4.45664,0.989672,0.951341,174.844,122.948,4.06509,4.45664,137478
3712.0,0.755153,0.999814,0.0438707,0.999814,119918,129900,358.589,369.992,390.625,35.3061,32.213,5285.07,5427.55,8.51251,4.06523,4.45635,0.989669,0.95141,175.177,122.949,4.06523,4.45635,137472
3714.0,0.755174,0.999803,0.043872,0.999803,119937,129893,358.594,369.996,390.626,35.3085,32.2107,5285.86,5427.55,8.51251,4.06583,4.45591,0.989666,0.95148,175.364,122.969,4.06583,4.45591,137465
3716.0,0.755198,0.999791,0.043874,0.999791,119958,129885,358.6,370.001,390.627,35.3132,32.2079,5287.45,5427.55,8.51251,4.06672,4.45539,0.989663,0.95155,175.389,122.997,4.06672,4.45539,137457
3718.0,0.755215,0.999781,0.0438763,0.999781,119972,129878,358.604,370.007,390.628,35.3185,32.2048,5289.2,5427.55,8.51251,4.06757,4.45486,0.989661,0.951619,175.251,123.02,4.06757,4.45486,137450
3720.0,0.755219,0.999775,0.0438784,0.999775,119977,129873,358.606,370.015,390.63,35.3224,32.2021,5290.4,5427.55,8.51251,4.0681,4.45439,0.989658,0.951688,175.015,123.032,4.0681,4.45439,137445
3722.0,0.75521,0.999775,0.0438801,0.999775,119971,129871,358.604,370.022,390.633,35.324,32.2001,5290.79,5427.55,8.51251,4.06818,4.45404,0.989655,0.951757,174.731,123.029,4.06818,4.45404,137443
3724.0,0.755188,0.999783,0.0438805,0.999783,119955,129872,358.6,370.029,390.636,35.3227,32.1993,5290.2,5427.55,8.51251,4.06778,4.45391,0.989652,0.951826,174.454,123.011,4.06778,4.45391,137445
3726.0,0.755165,0.999797,0.0438797,0.999797,119940,129877,358.595,370.035,390.64,35.319,32.2001,5288.78,5427.55,8.51251,4.06708,4.45401,0.989649,0.951894,174.645,122.978,4.06708,4.45401,137449
3728.0,0.755133,0.999814,0.0438778,0.999814,119917,129883,358.589,370.038,390.645,35.3149,32.2022,5287.28,5427.55,8.51251,4.06622,4.45433,0.989646,0.951961,174.184,122.952,4.06622,4.45433,137455
3730.0,0.755107,0.999832,0.0438754,0.999832,119900,129889,358.584,370.04,390.65,35.3088,32.2051,5285.12,5427.55,8.51251,4.06525,4.45475,0.989643,0.952028,174.238,122.92,4.06525,4.45475,137461
3732.0,0.755082,0.999848,0.043873,0.999848,119884,129893,358.58,370.04,390.654,35.3041,32.2082,5283.5,5427.55,8.51251,4.06444,4.45518,0.98964,0.952095,174.311,122.887,4.06444,4.45518,137465
3734.0,0.755069,0.999858,0.043871,0.999858,119878,129894,358.578,370.04,390.658,35.2994,32.2109,5281.88,5427.55,8.51251,4.06378,4.45552,0.989637,0.952162,174.564,122.864,4.06378,4.45552,137467
3736.0,0.755076,0.99986,0.0438699,0.99986,119888,129892,358.581,370.041,390.66,35.2971,32.2124,5281.12,5427.55,8.51251,4.06367,4.45567,0.989634,0.952229,174.769,122.866,4.06367,4.45567,137464
3738.0,0.75509,0.999856,0.0438701,0.999856,119902,129886,358.585,370.042,390.661,35.2987,32.2124,5281.75,5427.55,8.51251,4.0641,4.45557,0.989631,0.952297,175.111,122.873,4.0641,4.45557,137459
3740.0,0.755113,0.999846,0.0438717,0.999846,119923,129878,358.591,370.045,390.662,35.3018,32.2111,5282.86,5427.55,8.51251,4.06481,4.45526,0.989628,0.952364,175.304,122.895,4.06481,4.45526,137451
3742.0,0.755132,0.999838,0.0438745,0.999838,119941,129870,358.596,370.05,390.663,35.3067,32.2087,5284.57,5427.55,8.51251,4.06568,4.45481,0.989625,0.952432,175.201,122.921,4.06568,4.45481,137442
3744.0,0.755145,0.99983,0.0438779,0.99983,119952,129861,358.6,370.057,390.663,35.311,32.2066,5286.01,5427.55,8.51251,4.06637,4.45439,0.989622,0.952499,175.071,122.939,4.06637,4.45439,137434
3746.0,0.755145,0.999824,0.0438811,0.999824,119954,129856,358.6,370.065,390.665,35.3139,32.2043,5286.96,5427.55,8.51251,4.06674,4.45397,0.989619,0.952567,174.829,122.946,4.06674,4.45397,137428
3748.0,0.75514,0.999819,0.0438835,0.999819,119952,129853,358.6,370.073,390.667,35.3145,32.2027,5287.06,5427.55,8.51251,4.06676,4.45367,0.989615,0.952634,174.735,122.942,4.06676,4.45367,137426
3750.0,0.755123,0.999828,0.0438846,0.999828,119940,129855,358.596,370.079,390.67,35.3138,32.201,5286.77,5427.55,8.51251,4.06649,4.45341,0.989612,0.9527,174.366,122.932,4.06649,4.45341,137427
3752.0,0.75509,0.999842,0.0438843,0.999842,119917,129860,358.59,370.085,390.675,35.3108,32.2021,5285.65,5427.55,8.51251,4.06574,4.45358,0.989609,0.952766,174.088,122.901,4.06574,4.45358,137432
3754.0,0.75507,0.99986,0.0438828,0.99986,119905,129866,358.586,370.088,390.679,35.3045,32.2045,5283.46,5427.55,8.51251,4.06481,4.45393,0.989606,0.952832,174.177,122.874,4.06481,4.45393,137438
3756.0,0.755039,0.999878,0.0438804,0.999878,119885,129872,358.581,370.09,390.684,35.3008,32.2077,5282.2,5427.55,8.51251,4.06404,4.45439,0.989602,0.952897,174.116,122.839,4.06404,4.45439,137444
3758.0,0.755025,0.999894,0.0438781,0.999894,119878,129876,358.579,370.09,390.688,35.2949,32.2109,5280.22,5427.55,8.51251,4.06324,4.45485,0.989599,0.952962,174.313,122.816,4.06324,4.45485,137449
3760.0,0.755017,0.999904,0.0438764,0.999904,119875,129877,358.578,370.09,390.692,35.2922,32.2138,5279.37,5427.55,8.51251,4.06289,4.45522,0.989596,0.953028,174.62,122.797,4.06289,4.45522,137450
3762.0,0.755014,0.999908,0.0438758,0.999908,119877,129875,358.579,370.091,390.694,35.2906,32.2156,5278.93,5427.55,8.51251,4.06274,4.45541,0.989592,0.953093,174.585,122.795,4.06274,4.45541,137448
3764.0,0.755022,0.999905,0.0438763,0.999905,119887,129871,358.582,370.093,390.695,35.2902,32.216,5278.87,5427.55,8.51251,4.06286,4.45538,0.989589,0.953158,174.954,122.794,4.06286,4.45538,137443
3766.0,0.75504,0.999899,0.0438779,0.999899,119905,129863,358.587,370.097,390.696,35.292,32.2153,5279.6,5427.55,8.51251,4.06336,4.45516,0.989586,0.953224,175.088,122.811,4.06336,4.45516,137436
3768.0,0.75506,0.999891,0.0438803,0.999891,119923,129856,358.592,370.102,390.697,35.2957,32.2138,5280.97,5427.55,8.51251,4.0641,4.45483,0.989582,0.953289,175.095,122.834,4.0641,4.45483,137428
3770.0,0.755073,0.999884,0.0438831,0.999884,119935,129849,358.596,370.108,390.698,35.2998,32.2118,5282.41,5427.55,8.51251,4.06477,4.45445,0.989579,0.953355,174.975,122.852,4.06477,4.45445,137421
3772.0,0.755076,0.999881,0.0438858,0.999881,119940,129844,358.597,370.115,390.7,35.3026,32.2102,5283.39,5427.55,8.51251,4.06517,4.45412,0.989575,0.95342,174.79,122.862,4.06517,4.45412,137416
3774.0,0.75507,0.999883,0.0438878,0.999883,119938,129842,358.597,370.122,390.702,35.3036,32.2091,5283.71,5427.55,8.51251,4.06525,4.45392,0.989572,0.953485,174.596,122.86,4.06525,4.45392,137414
3776.0,0.755056,0.99989,0.0438889,0.99989,119929,129843,358.594,370.129,390.705,35.3027,32.2093,5283.4,5427.55,8.51251,4.06499,4.45391,0.989568,0.95355,174.35,122.85,4.06499,4.45391,137415
3778.0,0.755032,0.999904,0.0438889,0.999904,119913,129847,358.59,370.135,390.709,35.3,32.2104,5282.47,5427.55,8.51251,4.06441,4.45407,0.989564,0.953614,174.171,122.827,4.06441,4.45407,137419
3780.0,0.755002,0.99992,0.0438878,0.99992,119892,129852,358.584,370.139,390.714,35.2955,32.2128,5280.94,5427.55,8.51251,4.06355,4.45442,0.989561,0.953678,174.044,122.794,4.06355,4.45442,137425
3782.0,0.754987,0.999937,0.0438859,0.999937,119885,129858,358.582,370.141,390.718,35.2895,32.2159,5278.95,5427.55,8.51251,4.06273,4.45486,0.989557,0.953741,174.224,122.771,4.06273,4.45486,137431
3784.0,0.754969,0.999952,0.0438839,0.999952,119874,129863,358.579,370.142,390.722,35.2866,32.2192,5278.06,5427.55,8.51251,4.06221,4.45532,0.989554,0.953805,174.258,122.747,4.06221,4.45532,137435
3786.0,0.754973,0.999963,0.0438824,0.999963,119882,129865,358.581,370.143,390.726,35.2829,32.2222,5276.9,5427.55,8.51251,4.06191,4.45573,0.98955,0.953868,175.087,122.729,4.06191,4.45573,137437
3788.0,0.754978,0.999968,0.0438819,0.999968,119889,129864,358.583,370.144,390.728,35.2839,32.2244,5277.36,5427.55,8.51251,4.06214,4.45598,0.989546,0.953931,174.775,122.743,4.06214,4.45598,137437
3790.0,0.754987,0.999967,0.0438825,0.999967,119899,129860,358.586,370.147,390.73,35.2847,32.2253,5277.77,5427.55,8.51251,4.06241,4.45603,0.989543,0.953995,174.833,122.752,4.06241,4.45603,137433
3792.0,0.754999,0.999962,0.043884,0.999962,119912,129855,358.59,370.151,390.731,35.2866,32.225,5278.53,5427.55,8.51251,4.06284,4.4559,0.989539,0.954058,174.895,122.765,4.06284,4.4559,137428
3794.0,0.75501,0.999957,0.0438859,0.999957,119923,129849,358.593,370.157,390.733,35.2891,32.2241,5279.48,5427.55,8.51251,4.06331,4.45567,0.989535,0.954122,174.858,122.778,4.06331,4.45567,137422
3796.0,0.755016,0.999953,0.0438878,0.999953,119930,129844,358.595,370.163,390.734,35.2913,32.223,5280.33,5427.55,8.51251,4.06368,4.45543,0.989531,0.954186,174.759,122.788,4.06368,4.45543,137417
3798.0,0.755013,0.999954,0.0438889,0.999954,119929,129842,358.595,370.17,390.736,35.2925,32.2222,5280.8,5427.55,8.51251,4.06382,4.45525,0.989527,0.954249,174.558,122.789,4.06382,4.45525,137414
3800.0,0.755005,0.99996,0.0438891,0.99996,119926,129842,358.594,370.176,390.739,35.292,32.2222,5280.66,5427.55,8.51251,4.0637,4.45522,0.989524,0.954312,174.455,122.784,4.0637,4.45522,137414
3802.0,0.754983,0.999972,0.0438886,0.999972,119911,129844,358.59,370.182,390.743,35.2907,32.2235,5280.25,5427.55,8.51251,4.06329,4.45538,0.98952,0.954374,174.152,122.765,4.06329,4.45538,137417
3804.0,0.754953,0.999988,0.0438874,0.999988,119891,129848,358.584,370.186,390.746,35.2861,32.2259,5278.76,5427.55,8.51251,4.06244,4.45571,0.989516,0.954436,173.978,122.734,4.06244,4.45571,137421
3806.0,0.754926,1,0.0438858,1,119874,129852,358.58,370.189,390.75,35.2802,32.2291,5276.82,5427.55,8.51251,4.06146,4.45617,0.989512,0.954498,174.026,122.701,4.06146,4.45617,137425
3808.0,0.754908,1.00002,0.0438842,1.00002,119864,129856,358.577,370.191,390.754,35.2747,32.2327,5275.06,5427.55,8.51251,4.06066,4.45666,0.989508,0.954559,174.211,122.674,4.06066,4.45666,137429
3810.0,0.754908,1.00003,0.0438829,1.00003,119868,129858,358.578,370.191,390.758,35.271,32.2351,5273.98,5427.55,8.51251,4.0603,4.45699,0.989504,0.954621,174.689,122.659,4.0603,4.45699,137431
3812.0,0.754909,1.00003,0.0438825,1.00003,119873,129858,358.58,370.192,390.76,35.2708,32.2375,5274.08,5427.55,8.51251,4.06035,4.45728,0.9895,0.954683,174.547,122.665,4.06035,4.45728,137431
3814.0,0.75492,1.00003,0.0438832,1.00003,119885,129854,358.583,370.194,390.762,35.2708,32.2389,5274.28,5427.55,8.51251,4.06057,4.45739,0.989496,0.954744,174.736,122.672,4.06057,4.45739,137427
3816.0,0.754933,1.00003,0.0438851,1.00003,119898,129849,358.587,370.198,390.763,35.2729,32.239,5275.18,5427.55,8.51251,4.06102,4.45732,0.989492,0.954806,174.799,122.685,4.06102,4.45732,137422
3818.0,0.754945,1.00002,0.0438878,1.00002,119911,129843,358.591,370.203,390.764,35.2753,32.2383,5276.16,5427.55,8.51251,4.06151,4.45712,0.989488,0.954868,174.799,122.7,4.06151,4.45712,137415
3820.0,0.754955,1.00001,0.0438905,1.00001,119921,129837,358.594,370.209,390.766,35.2777,32.2373,5277.11,5427.55,8.51251,4.06195,4.45687,0.989484,0.95493,174.74,122.712,4.06195,4.45687,137410
3822.0,0.754957,1.00001,0.0438927,1.00001,119925,129833,358.595,370.216,390.767,35.2794,32.2363,5277.83,5427.55,8.51251,4.06222,4.45666,0.98948,0.954992,174.583,122.719,4.06222,4.45666,137406
3824.0,0.754948,1.00002,0.043894,1.00002,119921,129833,358.594,370.223,390.77,35.2798,32.2359,5278.06,5427.55,8.51251,4.06219,4.45656,0.989476,0.955053,174.343,122.715,4.06219,4.45656,137405
3826.0,0.754945,1.00002,0.0438944,1.00002,119920,129834,358.594,370.229,390.773,35.278,32.2367,5277.53,5427.55,8.51251,4.06197,4.45665,0.989472,0.955114,174.763,122.699,4.06197,4.45665,137407
3828.0,0.754946,1.00004,0.0438938,1.00004,119924,129838,358.595,370.234,390.777,35.2772,32.2388,5277.37,5427.55,8.51251,4.06195,4.45694,0.989467,0.955174,174.629,122.705,4.06195,4.45694,137411
3830.0,0.754954,1.00006,0.0438927,1.00006,119933,129843,358.597,370.238,390.781,35.2775,32.2418,5277.58,5427.55,8.51251,4.06212,4.45738,0.989463,0.955235,174.785,122.709,4.06212,4.45738,137416
3832.0,0.754957,1.00007,0.0438918,1.00007,119937,129848,358.599,370.242,390.785,35.279,32.2455,5278.21,5427.55,8.51251,4.06237,4.4579,0.989459,0.955294,174.634,122.717,4.06237,4.4579,137420
3834.0,0.754959,1.00009,0.0438913,1.00009,119940,129852,358.6,370.246,390.789,35.2796,32.2494,5278.49,5427.55,8.51251,4.06248,4.45844,0.989455,0.955354,174.623,122.719,4.06248,4.45844,137425
3836.0,0.754965,1.0001,0.0438908,1.0001,119947,129855,358.602,370.25,390.792,35.2798,32.2531,5278.66,5427.55,8.51251,4.06262,4.45895,0.98945,0.955413,174.806,122.721,4.06262,4.45895,137428
3838.0,0.75497,1.00011,0.04389,1.00011,119952,129857,358.603,370.255,390.796,35.281,32.2566,5279.13,5427.55,8.51251,4.06285,4.45943,0.989446,0.955473,174.727,122.729,4.06285,4.45943,137430
3840.0,0.754976,1.00013,0.0438885,1.00013,119959,129860,358.605,370.26,390.799,35.282,32.2595,5279.55,5427.55,8.51251,4.06307,4.45982,0.989442,0.955532,174.744,122.736,4.06307,4.45982,137433
3842.0,0.75498,1.00014,0.0438861,1.00014,119963,129863,358.607,370.266,390.803,35.2832,32.2629,5280.04,5427.55,8.51251,4.06329,4.46029,0.989437,0.955591,174.703,122.742,4.06329,4.46029,137436
3844.0,0.754982,1.00016,0.0438831,1.00016,119966,129866,358.607,370.271,390.806,35.2841,32.2667,5280.38,5427.55,8.51251,4.06342,4.46081,0.989433,0.95565,174.653,122.745,4.06342,4.46081,137439
3846.0,0.754986,1.00018,0.0438796,1.00018,119970,129869,358.609,370.277,390.81,35.2844,32.2707,5280.52,5427.55,8.51251,4.06353,4.46137,0.989428,0.955708,174.664,122.749,4.06353,4.46137,137443
3848.0,0.754987,1.0002,0.0438761,1.0002,119972,129873,358.609,370.282,390.814,35.2852,32.275,5280.86,5427.55,8.51251,4.06365,4.46198,0.989424,0.955766,174.706,122.749,4.06365,4.46198,137447
3850.0,0.754991,1.00021,0.0438728,1.00021,119976,129877,358.611,370.288,390.817,35.2854,32.2796,5280.96,5427.55,8.51251,4.06374,4.46262,0.989419,0.955824,174.73,122.752,4.06374,4.46262,137451
3852.0,0.754996,1.00023,0.0438699,1.00023,119980,129882,358.612,370.293,390.821,35.2862,32.2842,5281.25,5427.55,8.51251,4.06391,4.46327,0.989415,0.955882,174.771,122.757,4.06391,4.46327,137455
3854.0,0.754996,1.00025,0.0438674,1.00025,119981,129886,358.612,370.299,390.825,35.2872,32.2888,5281.63,5427.55,8.51251,4.06403,4.46391,0.98941,0.955939,174.698,122.759,4.06403,4.46391,137460
3856.0,0.754997,1.00026,0.0438654,1.00026,119983,129890,358.613,370.304,390.829,35.2873,32.2933,5281.65,5427.55,8.51251,4.06407,4.46454,0.989405,0.955997,174.699,122.76,4.06407,4.46454,137464
3858.0,0.754999,1.00028,0.0438636,1.00028,119985,129894,358.614,370.31,390.832,35.2877,32.2976,5281.8,5427.55,8.51251,4.06415,4.46514,0.989401,0.956054,174.712,122.762,4.06415,4.46514,137468
3860.0,0.755002,1.00029,0.0438621,1.00029,119988,129897,358.615,370.315,390.836,35.2881,32.3016,5281.97,5427.55,8.51251,4.06425,4.46569,0.989396,0.956111,174.74,122.765,4.06425,4.46569,137471
3862.0,0.755007,1.0003,0.0438609,1.0003,119992,129900,358.616,370.321,390.839,35.2888,32.3052,5282.21,5427.55,8.51251,4.06439,4.46619,0.989391,0.956168,174.776,122.769,4.06439,4.46619,137474
3864.0,0.755009,1.00031,0.04386,1.00031,119994,129903,358.617,370.326,390.843,35.2897,32.3086,5282.53,5427.55,8.51251,4.06453,4.46665,0.989387,0.956225,174.661,122.775,4.06453,4.46665,137477
3866.0,0.755012,1.00031,0.0438594,1.00031,119997,129906,358.617,370.332,390.846,35.2903,32.3116,5282.71,5427.55,8.51251,4.06464,4.46706,0.989382,0.956282,174.753,122.775,4.06464,4.46706,137480
3868.0,0.755014,1.00032,0.0438591,1.00032,119999,129909,358.618,370.337,390.85,35.2909,32.3142,5282.92,5427.55,8.51251,4.06475,4.46741,0.989377,0.956339,174.74,122.779,4.06475,4.46741,137483
3870.0,0.755019,1.00032,0.043859,1.00032,120002,129912,358.619,370.343,390.853,35.2915,32.3166,5283.12,5427.55,8.51251,4.06487,4.46772,0.989372,0.956396,174.812,122.782,4.06487,4.46772,137486
3872.0,0.755022,1.00032,0.0438589,1.00032,120005,129915,358.62,370.348,390.856,35.2925,32.3177,5283.44,5427.55,8.51251,4.06503,4.46786,0.989367,0.956453,174.696,122.789,4.06503,4.46786,137489
3874.0,0.755024,1.00032,0.0438589,1.00032,120006,129918,358.621,370.354,390.86,35.2932,32.3195,5283.67,5427.55,8.51251,4.06514,4.46809,0.989362,0.95651,174.741,122.789,4.06514,4.46809,137492
3876.0,0.755022,1.00032,0.043859,1.00032,120005,129921,358.62,370.36,390.863,35.2938,32.321,5283.81,5427.55,8.51251,4.06518,4.46829,0.989358,0.956567,174.662,122.79,4.06518,4.46829,137495
3878.0,0.755015,1.00032,0.0438591,1.00032,120000,129923,358.619,370.365,390.867,35.2936,32.3223,5283.73,5427.55,8.51251,4.06506,4.46845,0.989353,0.956624,174.509,122.785,4.06506,4.46845,137497
3880.0,0.755001,1.00032,0.0438592,1.00032,119989,129926,358.616,370.37,390.87,35.2922,32.3234,5283.22,5427.55,8.51251,4.06472,4.46857,0.989348,0.95668,174.424,122.771,4.06472,4.46857,137500
3882.0,0.754994,1.00031,0.0438592,1.00031,119984,129928,358.615,370.374,390.873,35.2895,32.3242,5282.26,5427.55,8.51251,4.06433,4.46866,0.989343,0.956737,174.606,122.758,4.06433,4.46866,137502
3884.0,0.754992,1.00031,0.0438594,1.00031,119984,129931,358.615,370.378,390.876,35.2882,32.3247,5281.83,5427.55,8.51251,4.06417,4.4687,0.989338,0.956794,174.64,122.754,4.06417,4.4687,137504
3886.0,0.754987,1.0003,0.0438601,1.0003,119980,129932,358.614,370.382,390.879,35.2879,32.3249,5281.73,5427.55,8.51251,4.06407,4.4687,0.989333,0.95685,174.549,122.75,4.06407,4.4687,137505
3888.0,0.754985,1.00029,0.0438613,1.00029,119979,129932,358.613,370.386,390.882,35.2869,32.3247,5281.37,5427.55,8.51251,4.06393,4.46861,0.989328,0.956907,174.619,122.745,4.06393,4.46861,137506
3890.0,0.754989,1.00027,0.0438631,1.00027,119983,129931,358.615,370.39,390.884,35.2864,32.3238,5281.23,5427.55,8.51251,4.06394,4.46844,0.989323,0.956964,174.79,122.746,4.06394,4.46844,137505
3892.0,0.755001,1.00026,0.0438652,1.00026,119993,129930,358.618,370.394,390.886,35.2873,32.3223,5281.57,5427.55,8.51251,4.06421,4.46816,0.989317,0.95702,174.896,122.757,4.06421,4.46816,137503
3894.0,0.755013,1.00024,0.0438678,1.00024,120002,129928,358.62,370.399,390.888,35.2898,32.3203,5282.44,5427.55,8.51251,4.06465,4.4678,0.989312,0.957077,174.915,122.77,4.06465,4.4678,137501
3896.0,0.755023,1.00022,0.0438705,1.00022,120010,129926,358.623,370.404,390.89,35.2921,32.3178,5283.23,5427.55,8.51251,4.06505,4.46739,0.989307,0.957134,174.894,122.782,4.06505,4.46739,137499
3898.0,0.755029,1.0002,0.0438731,1.0002,120014,129925,358.624,370.41,390.893,35.2943,32.3152,5283.94,5427.55,8.51251,4.06537,4.46697,0.989302,0.957191,174.814,122.792,4.06537,4.46697,137498
3900.0,0.755032,1.00019,0.0438751,1.00019,120016,129925,358.625,370.416,390.895,35.2956,32.3128,5284.36,5427.55,8.51251,4.06556,4.46657,0.989297,0.957248,174.787,122.796,4.06556,4.46657,137497
3902.0,0.755034,1.00017,0.0438762,1.00017,120018,129926,358.625,370.423,390.898,35.2964,32.3099,5284.59,5427.55,8.51251,4.06567,4.46613,0.989291,0.957304,174.794,122.798,4.06567,4.46613,137499
3904.0,0.755033,1.00017,0.0438765,1.00017,120016,129929,358.625,370.428,390.901,35.297,32.3085,5284.73,5427.55,8.51251,4.06571,4.46591,0.989286,0.957361,174.653,122.8,4.06571,4.46591,137501
3906.0,0.75502,1.00016,0.0438762,1.00016,120006,129932,358.622,370.433,390.905,35.2969,32.3079,5284.62,5427.55,8.51251,4.06552,4.46581,0.989281,0.957417,174.381,122.793,4.06552,4.46581,137504
3908.0,0.755073,1.00005,0.0438765,1.00005,120047,129938,358.634,370.442,390.909,35.2944,32.3078,5283.73,5427.55,8.51251,4.06593,4.46569,0.989275,0.957478,176.403,122.799,4.06593,4.46569,137509
3910.0,0.75517,0.999942,0.043877,0.999942,120121,129949,358.655,370.453,390.915,35.3053,32.2848,5287.46,5427.55,8.51251,4.06842,4.46245,0.98927,0.95754,176.828,122.902,4.06842,4.46245,137519
3912.0,0.755256,0.999848,0.0438781,0.999848,120183,129962,358.673,370.467,390.922,35.3251,32.2638,5294.15,5427.55,8.51251,4.07175,4.45953,0.989264,0.957603,176.735,123.007,4.07175,4.45953,137532
3914.0,0.755321,0.999762,0.0438803,0.999762,120228,129977,358.686,370.484,390.929,35.3428,32.2444,5299.97,5427.55,8.51251,4.07454,4.45685,0.989259,0.957665,176.324,123.096,4.07454,4.45685,137546
3916.0,0.755357,0.999706,0.0438836,0.999706,120250,129994,358.692,370.504,390.937,35.3566,32.2265,5304.29,5427.55,8.51251,4.07649,4.45441,0.989253,0.957727,175.765,123.155,4.07649,4.45441,137562
3918.0,0.75534,0.999679,0.0438874,0.999679,120229,130013,358.687,370.523,390.945,35.3649,32.2142,5306.65,5427.55,8.51251,4.0771,4.45281,0.989247,0.957787,175.069,123.155,4.0771,4.45281,137581
3920.0,0.755329,0.999662,0.0438914,0.999662,120215,130036,358.682,370.539,390.954,35.3624,32.2076,5305.28,5427.55,8.51251,4.07657,4.45203,0.989241,0.957847,174.982,123.144,4.07657,4.45203,137604
3922.0,0.755314,0.999652,0.0438947,0.999652,120198,130064,358.678,370.55,390.965,35.3611,32.203,5304.35,5427.55,8.51251,4.07613,4.45158,0.989236,0.957906,174.929,123.128,4.07613,4.45158,137632
3924.0,0.755302,0.99965,0.0438969,0.99965,120183,130094,358.674,370.557,390.976,35.3591,32.1997,5303.2,5427.55,8.51251,4.07565,4.45133,0.98923,0.957965,174.995,123.112,4.07565,4.45133,137662
3926.0,0.755295,0.999654,0.043898,0.999654,120173,130123,358.671,370.561,390.987,35.3575,32.1981,5302.23,5427.55,8.51251,4.0753,4.45131,0.989224,0.958023,175.071,123.102,4.0753,4.45131,137690
3928.0,0.755296,0.99965,0.0438988,0.99965,120169,130146,358.67,370.563,390.996,35.357,32.1976,5301.65,5427.55,8.51251,4.07517,4.4514,0.989218,0.958081,175.295,123.096,4.07517,4.4514,137714
3930.0,0.755316,0.999614,0.0438999,0.999614,120180,130162,358.673,370.566,391.004,35.358,32.1955,5301.6,5427.55,8.51251,4.07548,4.45116,0.989213,0.95814,175.833,123.106,4.07548,4.45116,137729
3932.0,0.755391,0.999548,0.0439019,0.999548,120233,130173,358.689,370.571,391.009,35.363,32.1869,5302.91,5427.55,8.51251,4.07694,4.44996,0.989207,0.958201,177.183,123.156,4.07694,4.44996,137740
3934.0,0.755463,0.999476,0.0439046,0.999476,120282,130180,358.703,370.58,391.014,35.3789,32.1721,5307.98,5427.55,8.51251,4.07959,4.44786,0.989201,0.958263,176.822,123.252,4.07959,4.44786,137746
3936.0,0.755524,0.999401,0.0439084,0.999401,120321,130184,358.714,370.592,391.018,35.3945,32.1557,5312.78,5427.55,8.51251,4.08205,4.44551,0.989194,0.958325,176.763,123.327,4.08205,4.44551,137749
3938.0,0.755573,0.99933,0.0439126,0.99933,120350,130188,358.722,370.608,391.022,35.4081,32.1385,5316.81,5427.55,8.51251,4.0841,4.44304,0.989188,0.958388,176.544,123.392,4.0841,4.44304,137753
3940.0,0.75562,0.99927,0.0439166,0.99927,120377,130195,358.73,370.625,391.027,35.4193,32.1217,5319.95,5427.55,8.51251,4.08585,4.44068,0.989182,0.95845,176.237,123.457,4.08585,4.44068,137759
3942.0,0.755649,0.999224,0.0439199,0.999224,120389,130208,358.734,370.641,391.033,35.4304,32.1068,5322.99,5427.55,8.51251,4.08734,4.43864,0.989176,0.958511,176.129,123.496,4.08734,4.43864,137771
3944.0,0.755647,0.99921,0.0439222,0.99921,120377,130226,358.73,370.656,391.041,35.4381,32.0947,5324.77,5427.55,8.51251,4.088,4.43706,0.989169,0.958572,175.551,123.51,4.088,4.43706,137789
3946.0,0.755606,0.999219,0.0439233,0.999219,120335,130247,358.718,370.667,391.05,35.4393,32.0889,5324.32,5427.55,8.51251,4.08744,4.43641,0.989163,0.958631,174.75,123.484,4.08744,4.43641,137811
3948.0,0.755571,0.999233,0.0439231,0.999233,120299,130271,358.708,370.674,391.059,35.4329,32.0877,5321.24,5427.55,8.51251,4.08609,4.43641,0.989157,0.958689,174.985,123.435,4.08609,4.43641,137834
3950.0,0.755545,0.999248,0.0439215,0.999248,120271,130293,358.701,370.677,391.068,35.4274,32.0875,5318.58,5427.55,8.51251,4.08499,4.43655,0.989151,0.958747,175.06,123.403,4.08499,4.43655,137857
3952.0,0.755534,0.999243,0.043919,0.999243,120256,130312,358.696,370.677,391.076,35.4238,32.0877,5316.63,5427.55,8.51251,4.08431,4.43668,0.989144,0.958806,175.466,123.378,4.08431,4.43668,137875
3954.0,0.755562,0.999214,0.0439169,0.999214,120271,130325,358.701,370.678,391.083,35.4231,32.0836,5315.7,5427.55,8.51251,4.08448,4.43616,0.989138,0.958865,176.369,123.387,4.08448,4.43616,137889
3956.0,0.755611,0.999175,0.043916,0.999175,120301,130332,358.709,370.679,391.088,35.4303,32.0748,5317.55,5427.55,8.51251,4.08582,4.43492,0.989132,0.958925,176.742,123.434,4.08582,4.43492,137895
3958.0,0.755608,0.999234,0.0439162,0.999234,120291,130331,358.707,370.68,391.09,35.4416,32.0639,5320.71,5427.55,8.51251,4.08694,4.43341,0.989125,0.958981,175.246,123.473,4.08694,4.43341,137894
3960.0,0.755562,0.999252,0.0439187,0.999252,120247,130320,358.694,370.683,391.089,35.4427,32.0729,5320.3,5427.55,8.51251,4.08633,4.43454,0.989119,0.959037,174.686,123.435,4.08633,4.43454,137883
3962.0,0.755534,0.999255,0.0439215,0.999255,120219,130305,358.687,370.687,391.088,35.4351,32.0736,5316.9,5427.55,8.51251,4.08498,4.43448,0.989113,0.959093,175.04,123.391,4.08498,4.43448,137869
3964.0,0.755526,0.999258,0.0439234,0.999258,120208,130292,358.683,370.689,391.086,35.431,32.0712,5314.83,5427.55,8.51251,4.08431,4.43401,0.989106,0.95915,175.433,123.371,4.08431,4.43401,137855
3966.0,0.755518,0.999266,0.0439242,0.999266,120196,130280,358.68,370.689,391.085,35.431,32.0689,5314.21,5427.55,8.51251,4.08411,4.43356,0.9891,0.959206,175.363,123.363,4.08411,4.43356,137844
3968.0,0.755505,0.999277,0.0439244,0.999277,120181,130269,358.676,370.688,391.085,35.4307,32.0678,5313.5,5427.55,8.51251,4.08383,4.43328,0.989093,0.959261,175.272,123.351,4.08383,4.43328,137833
3970.0,0.755491,0.999284,0.0439246,0.999284,120165,130258,358.672,370.687,391.084,35.4296,32.0672,5312.52,5427.55,8.51251,4.08343,4.43307,0.989087,0.959317,175.227,123.335,4.08343,4.43307,137821
3972.0,0.755482,0.999285,0.043925,0.999285,120155,130245,358.669,370.687,391.083,35.4281,32.0659,5311.41,5427.55,8.51251,4.08307,4.43275,0.989081,0.959373,175.349,123.321,4.08307,4.43275,137809
3974.0,0.755495,0.999276,0.0439256,0.999276,120160,130231,358.671,370.688,391.081,35.4278,32.0634,5310.76,5427.55,8.51251,4.08313,4.43223,0.989074,0.959429,176.049,123.316,4.08313,4.43223,137795
3976.0,0.755499,0.999264,0.0439265,0.999264,120159,130217,358.67,370.689,391.08,35.4316,32.0588,5311.52,5427.55,8.51251,4.08355,4.43142,0.989068,0.959485,175.624,123.333,4.08355,4.43142,137780
3978.0,0.755506,0.999256,0.0439277,0.999256,120161,130202,358.671,370.691,391.078,35.4338,32.0537,5311.73,5427.55,8.51251,4.08382,4.43055,0.989061,0.959541,175.652,123.341,4.08382,4.43055,137766
3980.0,0.755507,0.999252,0.0439291,0.999252,120157,130188,358.67,370.695,391.077,35.4365,32.0491,5312.11,5427.55,8.51251,4.08409,4.42976,0.989055,0.959596,175.505,123.346,4.08409,4.42976,137752
3982.0,0.755497,0.999253,0.0439303,0.999253,120146,130176,358.667,370.698,391.076,35.4382,32.0455,5312.11,5427.55,8.51251,4.08408,4.42912,0.989048,0.959652,175.308,123.341,4.08408,4.42912,137739
3984.0,0.755483,0.999261,0.0439308,0.999261,120131,130165,358.663,370.702,391.075,35.4377,32.0428,5311.38,5427.55,8.51251,4.08377,4.42862,0.989041,0.959707,175.154,123.327,4.08377,4.42862,137728
3986.0,0.75546,0.999278,0.0439303,0.999278,120111,130155,358.657,370.704,391.075,35.4361,32.0417,5310.29,5427.55,8.51251,4.08324,4.42836,0.989035,0.959761,174.982,123.306,4.08324,4.42836,137719
3988.0,0.755436,0.999297,0.043929,0.999297,120090,130147,358.651,370.705,391.075,35.4329,32.0423,5308.69,5427.55,8.51251,4.08252,4.42836,0.989028,0.959815,174.974,123.277,4.08252,4.42836,137711
3990.0,0.755418,0.999317,0.0439271,0.999317,120074,130140,358.647,370.706,391.075,35.4294,32.0434,5307,5427.55,8.51251,4.08184,4.42844,0.989022,0.959869,175.046,123.254,4.08184,4.42844,137704
3992.0,0.755404,0.999336,0.0439252,0.999336,120061,130132,358.644,370.705,391.075,35.427,32.0447,5305.73,5427.55,8.51251,4.08135,4.42853,0.989015,0.959922,175.086,123.235,4.08135,4.42853,137696
3994.0,0.755391,0.999356,0.0439235,0.999356,120050,130123,358.641,370.704,391.075,35.4252,32.0461,5304.72,5427.55,8.51251,4.08096,4.42863,0.989009,0.959976,175.077,123.22,4.08096,4.42863,137688
3996.0,0.755384,0.999369,0.0439222,0.999369,120044,130113,358.639,370.704,391.075,35.4238,32.0476,5303.84,5427.55,8.51251,4.08068,4.42872,0.989002,0.960029,175.249,123.207,4.08068,4.42872,137677
3998.0,0.755383,0.999376,0.0439215,0.999376,120042,130100,358.639,370.705,391.073,35.4235,32.0477,5303.36,5427.55,8.51251,4.08062,4.42861,0.988995,0.960083,175.331,123.203,4.08062,4.42861,137665
4000.0,0.755385,0.99938,0.0439214,0.99938,120043,130087,358.639,370.707,391.072,35.4244,32.0468,5303.31,5427.55,8.51251,4.08073,4.42833,0.988989,0.960136,175.33,123.205,4.08073,4.42833,137652
4002.0,0.755388,0.999383,0.0439219,0.999383,120045,130074,358.64,370.709,391.071,35.4258,32.0452,5303.44,5427.55,8.51251,4.08092,4.42797,0.988982,0.96019,175.393,123.206,4.08092,4.42797,137639
4004.0,0.755391,0.99939,0.0439226,0.99939,120046,130062,358.64,370.712,391.07,35.4275,32.0436,5303.64,5427.55,8.51251,4.08113,4.42761,0.988975,0.960243,175.388,123.21,4.08113,4.42761,137626
4006.0,0.755389,0.9994,0.0439233,0.9994,120044,130050,358.64,370.716,391.069,35.4292,32.0425,5303.88,5427.55,8.51251,4.0813,4.42734,0.988968,0.960296,175.251,123.212,4.0813,4.42734,137615
4008.0,0.755373,0.999417,0.0439239,0.999417,120031,130041,358.636,370.72,391.068,35.4299,32.0424,5303.77,5427.55,8.51251,4.08116,4.42722,0.988962,0.960348,174.889,123.203,4.08116,4.42722,137606
4010.0,0.755354,0.999439,0.043924,0.999439,120016,130033,358.632,370.723,391.068,35.4278,32.0436,5302.67,5427.55,8.51251,4.08066,4.4273,0.988955,0.9604,174.886,123.18,4.08066,4.4273,137598
4012.0,0.755331,0.999466,0.0439238,0.999466,119998,130026,358.627,370.726,391.069,35.425,32.0458,5301.38,5427.55,8.51251,4.08003,4.42755,0.988948,0.960452,174.748,123.156,4.08003,4.42755,137591
4014.0,0.755306,0.999495,0.0439234,0.999495,119980,130020,358.622,370.727,391.07,35.4213,32.0491,5299.79,5427.55,8.51251,4.07929,4.42794,0.988941,0.960504,174.739,123.127,4.07929,4.42794,137586
4016.0,0.755287,0.999523,0.0439227,0.999523,119966,130015,358.618,370.727,391.07,35.4174,32.053,5298.17,5427.55,8.51251,4.0786,4.42843,0.988935,0.960555,174.789,123.102,4.0786,4.42843,137580
4018.0,0.755273,0.999548,0.0439215,0.999548,119957,130008,358.616,370.727,391.071,35.4142,32.0569,5296.86,5427.55,8.51251,4.07808,4.4289,0.988928,0.960606,174.883,123.082,4.07808,4.4289,137574
4020.0,0.755277,0.999567,0.0439199,0.999567,119962,130000,358.617,370.726,391.071,35.4123,32.0601,5295.99,5427.55,8.51251,4.07794,4.42926,0.988921,0.960657,175.551,123.068,4.07794,4.42926,137566
4022.0,0.755272,0.999581,0.0439185,0.999581,119960,129991,358.617,370.727,391.07,35.4139,32.0624,5296.36,5427.55,8.51251,4.07809,4.42947,0.988914,0.960708,175.065,123.076,4.07809,4.42947,137557
4024.0,0.755274,0.99959,0.0439179,0.99959,119963,129980,358.618,370.729,391.069,35.4137,32.0636,5296.09,5427.55,8.51251,4.07812,4.42952,0.988907,0.960759,175.213,123.074,4.07812,4.42952,137546
4026.0,0.75528,0.999597,0.0439178,0.999597,119969,129969,358.62,370.732,391.069,35.4149,32.0639,5296.3,5427.55,8.51251,4.07835,4.42943,0.9889,0.96081,175.221,123.08,4.07835,4.42943,137535
4028.0,0.75528,0.999606,0.043918,0.999606,119970,129958,358.62,370.736,391.068,35.4168,32.0639,5296.77,5427.55,8.51251,4.0786,4.42932,0.988894,0.960861,175.132,123.083,4.0786,4.42932,137525
4030.0,0.755282,0.99962,0.0439183,0.99962,119973,129949,358.621,370.741,391.068,35.4177,32.0643,5296.86,5427.55,8.51251,4.07874,4.42927,0.988887,0.960912,175.162,123.083,4.07874,4.42927,137516
4032.0,0.755275,0.99964,0.0439181,0.99964,119969,129942,358.62,370.745,391.068,35.4188,32.0656,5297.04,5427.55,8.51251,4.0788,4.42938,0.98888,0.960963,174.947,123.081,4.0788,4.42938,137508
4034.0,0.755268,0.999666,0.0439174,0.999666,119965,129937,358.619,370.75,391.069,35.4183,32.0682,5296.64,5427.55,8.51251,4.07867,4.42968,0.988873,0.961013,175.246,123.064,4.07867,4.42968,137503
4036.0,0.755242,0.999697,0.0439167,0.999697,119946,129933,358.614,370.753,391.07,35.4176,32.0722,5296.23,5427.55,8.51251,4.07828,4.4302,0.988866,0.961062,174.531,123.053,4.07828,4.4302,137500
4038.0,0.755212,0.999731,0.0439158,0.999731,119926,129930,358.608,370.756,391.071,35.4132,32.0774,5294.5,5427.55,8.51251,4.07741,4.4309,0.988859,0.961111,174.46,123.02,4.07741,4.4309,137497
4040.0,0.755185,0.999766,0.0439143,0.999766,119907,129928,358.603,370.757,391.073,35.4079,32.0834,5292.54,5427.55,8.51251,4.07649,4.43169,0.988852,0.96116,174.489,122.986,4.07649,4.43169,137495
4042.0,0.755164,0.999798,0.0439124,0.999798,119894,129925,358.6,370.757,391.074,35.403,32.0894,5290.76,5427.55,8.51251,4.07571,4.4325,0.988845,0.961209,174.57,122.958,4.07571,4.4325,137492
4044.0,0.755151,0.999824,0.0439103,0.999824,119888,129920,358.598,370.757,391.075,35.3993,32.0951,5289.42,5427.55,8.51251,4.07517,4.43324,0.988838,0.961257,174.721,122.937,4.07517,4.43324,137488
4046.0,0.755145,0.999843,0.0439079,0.999843,119887,129914,358.598,370.757,391.075,35.3972,32.0997,5288.65,5427.55,8.51251,4.07491,4.43382,0.988831,0.961306,174.857,122.927,4.07491,4.43382,137482
4048.0,0.755145,0.999855,0.0439061,0.999855,119891,129907,358.599,370.758,391.075,35.3965,32.103,5288.4,5427.55,8.51251,4.07489,4.43418,0.988824,0.961355,174.916,122.924,4.07489,4.43418,137475
4050.0,0.755153,0.999863,0.0439053,0.999863,119901,129897,358.602,370.76,391.075,35.3969,32.1051,5288.51,5427.55,8.51251,4.0751,4.43436,0.988817,0.961404,175.19,122.926,4.0751,4.43436,137465
4052.0,0.75516,0.999868,0.0439054,0.999868,119909,129887,358.605,370.764,391.074,35.3991,32.1062,5289.25,5427.55,8.51251,4.0755,4.4344,0.98881,0.961453,175.065,122.937,4.0755,4.4344,137456
4054.0,0.755163,0.999875,0.0439063,0.999875,119914,129878,358.606,370.769,391.074,35.4009,32.1069,5289.82,5427.55,8.51251,4.07578,4.43439,0.988802,0.961502,174.989,122.942,4.07578,4.43439,137446
4056.0,0.75516,0.999885,0.0439072,0.999885,119915,129870,358.607,370.775,391.074,35.4019,32.1078,5290.12,5427.55,8.51251,4.07592,4.43443,0.988795,0.961551,174.885,122.942,4.07592,4.43443,137439
4058.0,0.755152,0.999902,0.0439079,0.999902,119912,129865,358.606,370.78,391.074,35.4019,32.1095,5290.07,5427.55,8.51251,4.07586,4.4346,0.988788,0.961599,174.766,122.936,4.07586,4.4346,137433
4060.0,0.755132,0.999926,0.0439083,0.999926,119899,129861,358.602,370.785,391.076,35.4007,32.1126,5289.61,5427.55,8.51251,4.07551,4.43498,0.988781,0.961647,174.473,122.919,4.07551,4.43498,137430
4062.0,0.755125,0.999955,0.0439087,0.999955,119898,129860,358.602,370.788,391.077,35.3971,32.1172,5288.31,5427.55,8.51251,4.07506,4.4356,0.988774,0.961694,174.4,122.913,4.07506,4.4356,137428
4064.0,0.755099,0.999988,0.0439085,0.999988,119881,129859,358.597,370.791,391.079,35.3962,32.123,5288.02,5427.55,8.51251,4.07467,4.4364,0.988767,0.961742,174.282,122.885,4.07467,4.4364,137428
4066.0,0.755071,1.00002,0.0439079,1.00002,119864,129859,358.593,370.793,391.081,35.3913,32.1296,5286.29,5427.55,8.51251,4.07381,4.4373,0.988759,0.961788,174.298,122.851,4.07381,4.4373,137428
4068.0,0.75505,1.00005,0.0439069,1.00005,119852,129857,358.589,370.794,391.083,35.3861,32.1364,5284.54,5427.55,8.51251,4.07301,4.43821,0.988752,0.961835,174.396,122.823,4.07301,4.43821,137427
4070.0,0.755054,1.00007,0.0439052,1.00007,119859,129855,358.592,370.794,391.084,35.382,32.1425,5283.23,5427.55,8.51251,4.07267,4.43903,0.988745,0.961882,175.233,122.803,4.07267,4.43903,137424
4072.0,0.755054,1.00009,0.043903,1.00009,119864,129851,358.593,370.795,391.085,35.383,32.1477,5283.66,5427.55,8.51251,4.07286,4.4397,0.988738,0.961929,174.816,122.815,4.07286,4.4397,137421
4074.0,0.755055,1.0001,0.0439012,1.0001,119868,129845,358.595,370.798,391.086,35.3832,32.1516,5283.81,5427.55,8.51251,4.07296,4.44017,0.98873,0.961976,174.81,122.815,4.07296,4.44017,137415
4076.0,0.755058,1.00011,0.0439002,1.00011,119875,129839,358.597,370.801,391.086,35.3835,32.1544,5283.98,5427.55,8.51251,4.07311,4.44047,0.988723,0.962023,174.89,122.817,4.07311,4.44047,137408
4078.0,0.755065,1.00011,0.0438997,1.00011,119884,129832,358.599,370.807,391.086,35.3845,32.1559,5284.39,5427.55,8.51251,4.07336,4.44058,0.988716,0.96207,174.932,122.823,4.07336,4.44058,137402
4080.0,0.755066,1.00012,0.0438993,1.00012,119889,129826,358.601,370.812,391.087,35.386,32.1568,5284.96,5427.55,8.51251,4.07361,4.44064,0.988708,0.962117,174.79,122.828,4.07361,4.44064,137396
4082.0,0.755058,1.00013,0.0438989,1.00013,119887,129822,358.601,370.818,391.088,35.3865,32.1592,5285.17,5427.55,8.51251,4.07363,4.44093,0.988701,0.962163,174.612,122.824,4.07363,4.44093,137393
4084.0,0.755046,1.00015,0.0438983,1.00015,119880,129820,358.599,370.824,391.089,35.3852,32.1627,5284.78,5427.55,8.51251,4.07337,4.44137,0.988694,0.96221,174.475,122.812,4.07337,4.44137,137391
4086.0,0.755027,1.00018,0.0438978,1.00018,119870,129820,358.596,370.828,391.091,35.3828,32.1674,5284.02,5427.55,8.51251,4.07292,4.44201,0.988686,0.962255,174.354,122.793,4.07292,4.44201,137390
4088.0,0.755002,1.00021,0.0438976,1.00021,119855,129821,358.592,370.832,391.093,35.3793,32.174,5282.87,5427.55,8.51251,4.07226,4.44293,0.988679,0.962301,174.194,122.767,4.07226,4.44293,137391
4090.0,0.75498,1.00024,0.0438973,1.00024,119842,129822,358.588,370.834,391.096,35.3744,32.1804,5281.3,5427.55,8.51251,4.07148,4.44382,0.988672,0.962346,174.247,122.738,4.07148,4.44382,137392
4092.0,0.754962,1.00026,0.0438967,1.00026,119834,129822,358.586,370.835,391.098,35.3699,32.1871,5279.88,5427.55,8.51251,4.07082,4.44473,0.988664,0.962391,174.328,122.715,4.07082,4.44473,137393
4094.0,0.754952,1.00028,0.0438957,1.00028,119831,129821,358.586,370.836,391.1,35.3665,32.1936,5278.87,5427.55,8.51251,4.07038,4.44561,0.988657,0.962436,174.45,122.699,4.07038,4.44561,137392
4096.0,0.754949,1.0003,0.0438945,1.0003,119834,129818,358.586,370.838,391.101,35.3644,32.1993,5278.32,5427.55,8.51251,4.07017,4.44635,0.988649,0.962481,174.585,122.691,4.07017,4.44635,137389
4098.0,0.754952,1.0003,0.0438937,1.0003,119841,129814,358.589,370.84,391.102,35.3636,32.2034,5278.26,5427.55,8.51251,4.07021,4.44685,0.988642,0.962526,174.745,122.689,4.07021,4.44685,137385
4100.0,0.75496,1.0003,0.0438936,1.0003,119852,129808,358.592,370.844,391.102,35.3642,32.2057,5278.63,5427.55,8.51251,4.07046,4.44709,0.988634,0.962572,174.816,122.697,4.07046,4.44709,137380
4102.0,0.754969,1.0003,0.0438941,1.0003,119864,129803,358.595,370.849,391.103,35.3658,32.2067,5279.35,5427.55,8.51251,4.07083,4.44715,0.988627,0.962618,174.817,122.707,4.07083,4.44715,137374
4104.0,0.754974,1.00029,0.0438949,1.00029,119872,129798,358.598,370.855,391.103,35.3675,32.2073,5280.11,5427.55,8.51251,4.07117,4.44716,0.988619,0.962663,174.758,122.715,4.07117,4.44716,137369
4106.0,0.754975,1.0003,0.0438958,1.0003,119876,129795,358.599,370.861,391.105,35.3686,32.2081,5280.63,5427.55,8.51251,4.07136,4.4472,0.988612,0.962709,174.644,122.718,4.07136,4.4472,137366
4108.0,0.754967,1.00031,0.0438964,1.00031,119874,129793,358.599,370.868,391.106,35.3687,32.2096,5280.79,5427.55,8.51251,4.07133,4.44737,0.988604,0.962754,174.438,122.713,4.07133,4.44737,137364
4110.0,0.754948,1.00032,0.0438969,1.00032,119863,129794,358.596,370.873,391.108,35.367,32.2128,5280.33,5427.55,8.51251,4.07095,4.44781,0.988596,0.962799,174.159,122.699,4.07095,4.44781,137365
4112.0,0.754944,1.00035,0.0438974,1.00035,119865,129795,358.597,370.878,391.111,35.3632,32.2176,5279.17,5427.55,8.51251,4.07054,4.44848,0.988589,0.962843,174.875,122.674,4.07054,4.44848,137367
4114.0,0.754918,1.00037,0.0438974,1.00037,119849,129798,358.592,370.881,391.114,35.3624,32.2238,5279.06,5427.55,8.51251,4.07017,4.44934,0.988581,0.962887,174.029,122.666,4.07017,4.44934,137370
4116.0,0.754896,1.00039,0.0438972,1.00039,119836,129801,358.589,370.883,391.116,35.3571,32.2305,5277.38,5427.55,8.51251,4.06935,4.45028,0.988574,0.96293,174.154,122.636,4.06935,4.45028,137372
4118.0,0.754881,1.00041,0.0438968,1.00041,119830,129803,358.587,370.885,391.119,35.3524,32.236,5276,5427.55,8.51251,4.0687,4.45104,0.988566,0.962974,174.244,122.615,4.0687,4.45104,137374
4120.0,0.754876,1.00042,0.0438956,1.00042,119831,129803,358.588,370.887,391.121,35.3492,32.241,5275.14,5427.55,8.51251,4.06835,4.45171,0.988558,0.963018,174.439,122.603,4.06835,4.45171,137375
4122.0,0.754873,1.00043,0.0438941,1.00043,119833,129802,358.588,370.889,391.123,35.348,32.2452,5274.94,5427.55,8.51251,4.06824,4.45226,0.988551,0.963062,174.479,122.597,4.06824,4.45226,137374
4124.0,0.754879,1.00043,0.0438928,1.00043,119843,129799,358.591,370.892,391.124,35.347,32.2484,5274.86,5427.55,8.51251,4.06829,4.45265,0.988543,0.963106,174.642,122.599,4.06829,4.45265,137371
4126.0,0.754886,1.00043,0.043892,1.00043,119853,129795,358.594,370.896,391.125,35.3479,32.2506,5275.43,5427.55,8.51251,4.06857,4.45289,0.988535,0.96315,174.654,122.607,4.06857,4.45289,137367
4128.0,0.754891,1.00043,0.0438918,1.00043,119862,129791,358.597,370.901,391.126,35.3491,32.2526,5276.06,5427.55,8.51251,4.06884,4.45311,0.988527,0.963194,174.624,122.614,4.06884,4.45311,137363
4130.0,0.754893,1.00043,0.0438922,1.00043,119867,129788,358.599,370.907,391.127,35.3499,32.2545,5276.55,5427.55,8.51251,4.06903,4.4533,0.98852,0.963238,174.559,122.618,4.06903,4.4533,137360
4132.0,0.75489,1.00043,0.0438926,1.00043,119869,129785,358.599,370.913,391.128,35.3501,32.2567,5276.84,5427.55,8.51251,4.06908,4.45355,0.988512,0.963281,174.446,122.617,4.06908,4.45355,137357
4134.0,0.754884,1.00044,0.043893,1.00044,119868,129785,358.599,370.919,391.13,35.3493,32.2593,5276.74,5427.55,8.51251,4.06896,4.45389,0.988504,0.963325,174.421,122.61,4.06896,4.45389,137357
4136.0,0.754871,1.00045,0.0438933,1.00045,119862,129786,358.598,370.925,391.132,35.3479,32.2627,5276.46,5427.55,8.51251,4.0687,4.45435,0.988496,0.963368,174.188,122.601,4.0687,4.45435,137358
4138.0,0.754851,1.00047,0.0438936,1.00047,119851,129788,358.595,370.929,391.134,35.345,32.2672,5275.69,5427.55,8.51251,4.06818,4.45498,0.988488,0.963411,174.137,122.578,4.06818,4.45498,137360
4140.0,0.754851,1.00049,0.0438935,1.00049,119856,129791,358.596,370.933,391.137,35.3407,32.2725,5274.44,5427.55,8.51251,4.06776,4.45572,0.98848,0.963453,174.795,122.559,4.06776,4.45572,137363
4142.0,0.754832,1.00051,0.043893,1.00051,119845,129794,358.593,370.935,391.14,35.3404,32.2782,5274.58,5427.55,8.51251,4.06754,4.45651,0.988473,0.963496,174.037,122.558,4.06754,4.45651,137366
4144.0,0.754822,1.00052,0.0438926,1.00052,119842,129795,358.593,370.938,391.142,35.3362,32.2837,5273.38,5427.55,8.51251,4.067,4.45727,0.988465,0.963538,174.261,122.538,4.067,4.45727,137368
4146.0,0.754816,1.00053,0.0438917,1.00053,119842,129796,358.593,370.941,391.144,35.3337,32.2886,5272.79,5427.55,8.51251,4.06672,4.45793,0.988457,0.96358,174.286,122.531,4.06672,4.45793,137368
4148.0,0.754816,1.00053,0.0438908,1.00053,119847,129795,358.594,370.944,391.146,35.3322,32.2927,5272.57,5427.55,8.51251,4.06662,4.45846,0.988449,0.963623,174.461,122.525,4.06662,4.45846,137368
4150.0,0.754824,1.00053,0.04389,1.00053,119857,129794,358.598,370.948,391.148,35.3318,32.2958,5272.7,5427.55,8.51251,4.06674,4.45885,0.988441,0.963665,174.551,122.531,4.06674,4.45885,137366
4152.0,0.75483,1.00053,0.0438896,1.00053,119866,129792,358.6,370.953,391.149,35.3329,32.2982,5273.36,5427.55,8.51251,4.06702,4.45913,0.988433,0.963708,174.55,122.538,4.06702,4.45913,137364
4154.0,0.754834,1.00053,0.0438895,1.00053,119873,129790,358.602,370.958,391.15,35.3337,32.3001,5273.9,5427.55,8.51251,4.06723,4.45934,0.988425,0.96375,174.506,122.544,4.06723,4.45934,137362
4156.0,0.754834,1.00053,0.0438896,1.00053,119877,129788,358.604,370.964,391.152,35.3342,32.3019,5274.3,5427.55,8.51251,4.06734,4.45956,0.988417,0.963792,174.427,122.546,4.06734,4.45956,137361
4158.0,0.75483,1.00053,0.0438896,1.00053,119877,129788,358.604,370.97,391.154,35.3338,32.304,5274.43,5427.55,8.51251,4.0673,4.45981,0.988409,0.963835,174.331,122.543,4.0673,4.45981,137361
4160.0,0.754825,1.00054,0.0438895,1.00054,119877,129789,358.604,370.976,391.156,35.3326,32.3067,5274.24,5427.55,8.51251,4.06715,4.46017,0.988401,0.963876,174.292,122.538,4.06715,4.46017,137362
4162.0,0.754812,1.00055,0.0438897,1.00055,119870,129792,358.602,370.981,391.159,35.3312,32.3102,5273.99,5427.55,8.51251,4.06687,4.46065,0.988393,0.963918,174.096,122.527,4.06687,4.46065,137364
4164.0,0.754797,1.00056,0.04389,1.00056,119863,129795,358.6,370.985,391.161,35.3281,32.3144,5273.17,5427.55,8.51251,4.0664,4.46124,0.988385,0.96396,174.11,122.51,4.0664,4.46124,137367
4166.0,0.754785,1.00057,0.0438897,1.00057,119857,129798,358.599,370.989,391.164,35.3248,32.3191,5272.31,5427.55,8.51251,4.06592,4.4619,0.988377,0.964001,174.12,122.494,4.06592,4.4619,137371
4168.0,0.754776,1.00058,0.0438893,1.00058,119855,129801,358.598,370.992,391.167,35.3218,32.3239,5271.55,5427.55,8.51251,4.06552,4.46256,0.988368,0.964042,174.207,122.48,4.06552,4.46256,137373
4170.0,0.754771,1.00059,0.0438883,1.00059,119855,129803,358.599,370.995,391.169,35.3195,32.3284,5271.06,5427.55,8.51251,4.06527,4.46318,0.98836,0.964083,174.229,122.474,4.06527,4.46318,137375
4172.0,0.754772,1.00059,0.0438874,1.00059,119860,129803,358.6,370.998,391.171,35.318,32.3323,5270.86,5427.55,8.51251,4.06517,4.46369,0.988352,0.964124,174.395,122.469,4.06517,4.46369,137376
4174.0,0.75478,1.00059,0.0438868,1.00059,119870,129803,358.603,371.002,391.173,35.3176,32.3353,5271.03,5427.55,8.51251,4.0653,4.46407,0.988344,0.964165,174.49,122.476,4.0653,4.46407,137375
4176.0,0.754788,1.00058,0.0438868,1.00058,119880,129801,358.606,371.007,391.174,35.3187,32.3375,5271.69,5427.55,8.51251,4.06558,4.46433,0.988336,0.964207,174.522,122.484,4.06558,4.46433,137374
4178.0,0.754795,1.00058,0.0438873,1.00058,119888,129800,358.609,371.012,391.176,35.3197,32.3391,5272.33,5427.55,8.51251,4.06584,4.4645,0.988328,0.964248,174.497,122.492,4.06584,4.4645,137372
4180.0,0.754798,1.00057,0.0438879,1.00057,119894,129799,358.611,371.018,391.177,35.3206,32.3403,5272.89,5427.55,8.51251,4.06603,4.46463,0.988319,0.964289,174.427,122.498,4.06603,4.46463,137371
4182.0,0.754797,1.00057,0.0438885,1.00057,119896,129799,358.612,371.025,391.179,35.3208,32.3416,5273.2,5427.55,8.51251,4.06609,4.46478,0.988311,0.96433,174.34,122.498,4.06609,4.46478,137371
4184.0,0.754793,1.00057,0.0438888,1.00057,119896,129801,358.612,371.031,391.182,35.3201,32.3435,5273.22,5427.55,8.51251,4.06601,4.46501,0.988303,0.964371,174.319,122.494,4.06601,4.46501,137373
4186.0,0.754785,1.00057,0.0438894,1.00057,119893,129803,358.611,371.036,391.184,35.3189,32.346,5273.05,5427.55,8.51251,4.06581,4.46536,0.988294,0.964412,174.168,122.489,4.06581,4.46536,137376
4188.0,0.754769,1.00058,0.0438898,1.00058,119884,129807,358.608,371.041,391.187,35.3168,32.3493,5272.58,5427.55,8.51251,4.06541,4.46582,0.988286,0.964452,173.97,122.475,4.06541,4.46582,137380
4190.0,0.754776,1.00059,0.0438897,1.00059,119892,129811,358.611,371.045,391.19,35.313,32.3531,5271.53,5427.55,8.51251,4.06512,4.46637,0.988278,0.964492,174.154,122.477,4.06512,4.46637,137384
4192.0,0.754765,1.0006,0.0438892,1.0006,119887,129815,358.61,371.049,391.193,35.3138,32.3572,5272.11,5427.55,8.51251,4.06511,4.46694,0.988269,0.964532,174.102,122.465,4.06511,4.46694,137387
4194.0,0.754755,1.0006,0.0438888,1.0006,119883,129818,358.609,371.053,391.196,35.311,32.3611,5271.42,5427.55,8.51251,4.06473,4.46747,0.988261,0.964572,174.202,122.451,4.06473,4.46747,137390
4196.0,0.754749,1.0006,0.0438879,1.0006,119881,129820,358.608,371.056,391.198,35.3086,32.3644,5270.87,5427.55,8.51251,4.06442,4.46793,0.988253,0.964612,174.191,122.443,4.06442,4.46793,137392
4198.0,0.754749,1.0006,0.0438869,1.0006,119884,129821,358.61,371.06,391.2,35.3067,32.3672,5270.5,5427.55,8.51251,4.06424,4.46828,0.988244,0.964652,174.336,122.438,4.06424,4.46828,137393
4200.0,0.754759,1.00059,0.0438857,1.00059,119895,129821,358.613,371.065,391.202,35.3061,32.3693,5270.57,5427.55,8.51251,4.06435,4.46854,0.988236,0.964692,174.579,122.443,4.06435,4.46854,137394
4202.0,0.754768,1.00059,0.043885,1.00059,119905,129821,358.616,371.069,391.204,35.3075,32.3709,5271.35,5427.55,8.51251,4.06468,4.46872,0.988227,0.964732,174.513,122.456,4.06468,4.46872,137394
4204.0,0.754772,1.00058,0.0438848,1.00058,119911,129821,358.618,371.075,391.206,35.3088,32.3717,5272.08,5427.55,8.51251,4.06493,4.46881,0.988219,0.964773,174.356,122.464,4.06493,4.46881,137393
4206.0,0.75476,1.00058,0.0438851,1.00058,119904,129821,358.616,371.08,391.208,35.3091,32.3725,5272.42,5427.55,8.51251,4.06483,4.46888,0.98821,0.964812,173.985,122.46,4.06483,4.46888,137393
4208.0,0.754733,1.00059,0.0438857,1.00059,119886,129821,358.611,371.084,391.209,35.306,32.3749,5271.61,5427.55,8.51251,4.06417,4.4692,0.988202,0.964851,173.709,122.435,4.06417,4.4692,137393
4210.0,0.7547,1.00061,0.0438858,1.00061,119863,129821,358.605,371.087,391.211,35.3001,32.3797,5269.82,5427.55,8.51251,4.06311,4.46984,0.988194,0.96489,173.531,122.401,4.06311,4.46984,137393
4212.0,0.754677,1.00064,0.0438854,1.00064,119850,129820,358.601,371.089,391.213,35.2927,32.3865,5267.6,5427.55,8.51251,4.06203,4.47079,0.988185,0.964928,174.026,122.36,4.06203,4.47079,137393
4214.0,0.754702,1.00063,0.0438845,1.00063,119874,129820,358.608,371.092,391.214,35.2875,32.3952,5266.17,5427.55,8.51251,4.06183,4.47195,0.988177,0.964967,174.798,122.367,4.06183,4.47195,137393
4216.0,0.754725,1.00062,0.0438834,1.00062,119894,129821,358.614,371.095,391.216,35.2917,32.3965,5268.02,5427.55,8.51251,4.06266,4.4721,0.988168,0.965006,174.637,122.398,4.06266,4.4721,137393
4218.0,0.75474,1.00061,0.0438829,1.00061,119908,129820,358.618,371.099,391.218,35.2955,32.3966,5269.66,5427.55,8.51251,4.06333,4.47206,0.988159,0.965046,174.555,122.417,4.06333,4.47206,137393
4220.0,0.754753,1.00059,0.0438835,1.00059,119921,129818,358.622,371.105,391.219,35.2979,32.3959,5270.74,5427.55,8.51251,4.06381,4.47191,0.988151,0.965085,174.562,122.433,4.06381,4.47191,137391
4222.0,0.754764,1.00057,0.0438847,1.00057,119931,129816,358.625,371.113,391.22,35.2999,32.3945,5271.71,5427.55,8.51251,4.06421,4.47165,0.988142,0.965125,174.505,122.447,4.06421,4.47165,137388
4224.0,0.75477,1.00055,0.0438859,1.00055,119938,129816,358.627,371.121,391.222,35.3014,32.393,5272.48,5427.55,8.51251,4.0645,4.47139,0.988133,0.965164,174.426,122.456,4.0645,4.47139,137388
4226.0,0.754769,1.00054,0.0438867,1.00054,119938,129818,358.627,371.129,391.224,35.3021,32.3917,5272.95,5427.55,8.51251,4.06458,4.47119,0.988125,0.965204,174.267,122.459,4.06458,4.47119,137389
4228.0,0.754765,1.00054,0.0438872,1.00054,119937,129822,358.627,371.136,391.227,35.3013,32.3922,5272.9,5427.55,8.51251,4.06447,4.47126,0.988116,0.965243,174.204,122.456,4.06447,4.47126,137394
4230.0,0.75475,1.00054,0.0438877,1.00054,119928,129828,358.625,371.142,391.231,35.3,32.394,5272.68,5427.55,8.51251,4.06415,4.47154,0.988107,0.965281,173.956,122.445,4.06415,4.47154,137400
4232.0,0.754755,1.00055,0.0438878,1.00055,119933,129836,358.627,371.147,391.235,35.2966,32.397,5271.71,5427.55,8.51251,4.06385,4.47199,0.988099,0.96532,174.802,122.427,4.06385,4.47199,137408
4234.0,0.754742,1.00055,0.0438875,1.00055,119925,129843,358.624,371.15,391.239,35.297,32.4005,5272.1,5427.55,8.51251,4.06375,4.47252,0.98809,0.965358,173.999,122.434,4.06375,4.47252,137415
4236.0,0.75473,1.00055,0.0438872,1.00055,119917,129849,358.622,371.154,391.242,35.2937,32.404,5271.21,5427.55,8.51251,4.06325,4.47302,0.988081,0.965396,174.089,122.416,4.06325,4.47302,137421
4238.0,0.754727,1.00055,0.0438869,1.00055,119917,129854,358.623,371.157,391.245,35.2906,32.4068,5270.41,5427.55,8.51251,4.06288,4.47342,0.988072,0.965434,174.24,122.408,4.06288,4.47342,137425
4240.0,0.754728,1.00055,0.0438859,1.00055,119920,129856,358.624,371.161,391.248,35.2894,32.4089,5270.25,5427.55,8.51251,4.06278,4.47369,0.988063,0.965473,174.316,122.406,4.06278,4.47369,137428
4242.0,0.75474,1.00054,0.0438849,1.00054,119931,129857,358.627,371.165,391.25,35.2889,32.41,5270.35,5427.55,8.51251,4.06291,4.47382,0.988055,0.965511,174.572,122.413,4.06291,4.47382,137429
4244.0,0.754751,1.00052,0.0438841,1.00052,119941,129857,358.63,371.17,391.251,35.2906,32.4102,5271.22,5427.55,8.51251,4.06328,4.47381,0.988046,0.965549,174.507,122.428,4.06328,4.47381,137429
4246.0,0.75476,1.00051,0.0438837,1.00051,119950,129857,358.633,371.175,391.253,35.2922,32.4098,5272.03,5427.55,8.51251,4.06361,4.4737,0.988037,0.965588,174.464,122.44,4.06361,4.4737,137428
4248.0,0.754763,1.0005,0.0438838,1.0005,119954,129857,358.634,371.182,391.255,35.2935,32.4095,5272.69,5427.55,8.51251,4.06381,4.47363,0.988028,0.965626,174.353,122.446,4.06381,4.47363,137428
4250.0,0.754763,1.00049,0.043884,1.00049,119954,129857,358.634,371.188,391.257,35.2936,32.4096,5272.93,5427.55,8.51251,4.06383,4.47361,0.988019,0.965664,174.29,122.447,4.06383,4.47361,137428
4252.0,0.754763,1.00049,0.0438843,1.00049,119956,129858,358.635,371.194,391.259,35.2929,32.4099,5272.91,5427.55,8.51251,4.06378,4.47362,0.98801,0.965702,174.303,122.447,4.06378,4.47362,137429
4254.0,0.754757,1.00048,0.0438852,1.00048,119952,129861,358.634,371.2,391.261,35.2925,32.4106,5272.98,5427.55,8.51251,4.06366,4.47371,0.988001,0.96574,174.122,122.445,4.06366,4.47371,137432
4256.0,0.754747,1.00047,0.0438861,1.00047,119945,129865,358.632,371.205,391.264,35.2907,32.4119,5272.56,5427.55,8.51251,4.06334,4.47389,0.987992,0.965778,174.093,122.433,4.06334,4.47389,137436
4258.0,0.754743,1.00046,0.0438862,1.00046,119944,129869,358.632,371.21,391.267,35.288,32.412,5271.87,5427.55,8.51251,4.06301,4.4739,0.987983,0.965816,174.172,122.426,4.06301,4.4739,137440
4260.0,0.754739,1.00046,0.0438857,1.00046,119942,129874,358.632,371.215,391.27,35.2867,32.4124,5271.64,5427.55,8.51251,4.06281,4.47396,0.987974,0.965853,174.186,122.42,4.06281,4.47396,137445
4262.0,0.754737,1.00045,0.0438853,1.00045,119942,129878,358.632,371.219,391.273,35.2851,32.4127,5271.34,5427.55,8.51251,4.06263,4.474,0.987965,0.965891,174.263,122.416,4.06263,4.474,137448
4264.0,0.754743,1.00043,0.0438853,1.00043,119947,129880,358.634,371.223,391.275,35.2842,32.4127,5271.27,5427.55,8.51251,4.06262,4.47398,0.987956,0.965929,174.416,122.417,4.06262,4.47398,137451
4266.0,0.754753,1.00042,0.0438856,1.00042,119957,129882,358.637,371.227,391.277,35.2846,32.4122,5271.66,5427.55,8.51251,4.06282,4.47388,0.987947,0.965967,174.476,122.428,4.06282,4.47388,137452
4268.0,0.754763,1.0004,0.0438868,1.0004,119965,129883,358.639,371.232,391.279,35.2862,32.4111,5272.43,5427.55,8.51251,4.06313,4.47369,0.987938,0.966005,174.489,122.439,4.06313,4.47369,137453
4270.0,0.754772,1.00039,0.0438883,1.00039,119973,129883,358.641,371.238,391.281,35.2875,32.4095,5273.07,5427.55,8.51251,4.06341,4.47343,0.987929,0.966043,174.488,122.449,4.06341,4.47343,137453
4272.0,0.754778,1.00037,0.0438899,1.00037,119978,129883,358.643,371.245,391.283,35.2887,32.4076,5273.69,5427.55,8.51251,4.06364,4.47313,0.98792,0.96608,174.445,122.458,4.06364,4.47313,137453
4274.0,0.754782,1.00035,0.0438913,1.00035,119981,129885,358.644,371.251,391.285,35.2895,32.4056,5274.14,5427.55,8.51251,4.06377,4.47282,0.987911,0.966118,174.375,122.464,4.06377,4.47282,137454
4276.0,0.754783,1.00034,0.043893,1.00034,119982,129887,358.645,371.257,391.288,35.2896,32.4039,5274.36,5427.55,8.51251,4.0638,4.47257,0.987901,0.966156,174.385,122.464,4.0638,4.47257,137457
4278.0,0.754783,1.00033,0.0438944,1.00033,119983,129891,358.645,371.263,391.29,35.2893,32.4027,5274.43,5427.55,8.51251,4.06377,4.4724,0.987892,0.966193,174.325,122.466,4.06377,4.4724,137460
4280.0,0.75478,1.00032,0.0438952,1.00032,119981,129895,358.645,371.269,391.293,35.2889,32.4021,5274.43,5427.55,8.51251,4.06368,4.47231,0.987883,0.966231,174.255,122.464,4.06368,4.47231,137464
4282.0,0.754774,1.00031,0.0438957,1.00031,119976,129899,358.644,371.273,391.296,35.2878,32.4018,5274.22,5427.55,8.51251,4.06347,4.47227,0.987874,0.966268,174.179,122.459,4.06347,4.47227,137469
4284.0,0.754767,1.0003,0.0438958,1.0003,119971,129904,358.642,371.278,391.299,35.286,32.4017,5273.77,5427.55,8.51251,4.06319,4.47226,0.987864,0.966305,174.224,122.449,4.06319,4.47226,137473
4286.0,0.754763,1.0003,0.0438954,1.0003,119969,129908,358.642,371.282,391.302,35.2841,32.4015,5273.31,5427.55,8.51251,4.06293,4.47224,0.987855,0.966342,174.186,122.446,4.06293,4.47224,137477
4288.0,0.754759,1.00029,0.0438951,1.00029,119966,129910,358.641,371.286,391.304,35.2828,32.4012,5273.04,5427.55,8.51251,4.06273,4.47219,0.987846,0.966379,174.242,122.439,4.06273,4.47219,137479
4290.0,0.754763,1.00028,0.0438943,1.00028,119970,129912,358.643,371.289,391.307,35.2814,32.4006,5272.77,5427.55,8.51251,4.06263,4.47208,0.987837,0.966417,174.428,122.438,4.06263,4.47208,137481
4292.0,0.754779,1.00026,0.0438937,1.00026,119983,129913,358.647,371.294,391.309,35.2816,32.3995,5273.05,5427.55,8.51251,4.06288,4.47189,0.987827,0.966454,174.706,122.449,4.06288,4.47189,137482
4294.0,0.754794,1.00025,0.0438937,1.00025,119995,129913,358.65,371.298,391.31,35.2843,32.3979,5274.15,5427.55,8.51251,4.06337,4.47163,0.987818,0.966491,174.623,122.469,4.06337,4.47163,137482
4296.0,0.754807,1.00023,0.0438945,1.00023,120004,129913,358.653,371.304,391.312,35.2867,32.396,5275.15,5427.55,8.51251,4.06381,4.47132,0.987809,0.966528,174.608,122.484,4.06381,4.47132,137482
4298.0,0.754816,1.00021,0.0438955,1.00021,120011,129913,358.655,371.311,391.314,35.2888,32.3938,5276.01,5427.55,8.51251,4.06416,4.47098,0.987799,0.966565,174.542,122.497,4.06416,4.47098,137481
4300.0,0.754821,1.0002,0.0438972,1.0002,120014,129914,358.656,371.317,391.315,35.2903,32.3917,5276.63,5427.55,8.51251,4.06438,4.47066,0.98779,0.966602,174.47,122.505,4.06438,4.47066,137482
4302.0,0.754825,1.00019,0.0438986,1.00019,120016,129916,358.657,371.324,391.318,35.2908,32.39,5276.93,5427.55,8.51251,4.06447,4.4704,0.98778,0.966639,174.492,122.508,4.06447,4.4704,137484
4304.0,0.754828,1.00019,0.0438993,1.00019,120018,129919,358.658,371.33,391.32,35.2911,32.389,5277.13,5427.55,8.51251,4.06453,4.47025,0.987771,0.966675,174.452,122.512,4.06453,4.47025,137487
4306.0,0.754828,1.00018,0.0438994,1.00018,120017,129924,358.658,371.336,391.323,35.2913,32.3887,5277.3,5427.55,8.51251,4.06454,4.47023,0.987761,0.966711,174.379,122.514,4.06454,4.47023,137492
4308.0,0.754823,1.00018,0.043899,1.00018,120013,129929,358.657,371.341,391.326,35.291,32.3891,5277.27,5427.55,8.51251,4.06442,4.47029,0.987752,0.966748,174.275,122.512,4.06442,4.47029,137497
4310.0,0.754814,1.00018,0.0438981,1.00018,120005,129934,358.655,371.346,391.33,35.2896,32.3897,5276.9,5427.55,8.51251,4.06413,4.47039,0.987742,0.966784,174.164,122.503,4.06413,4.47039,137502
4312.0,0.754809,1.00018,0.0438968,1.00018,120001,129939,358.654,371.35,391.333,35.2873,32.3903,5276.21,5427.55,8.51251,4.06379,4.47049,0.987733,0.96682,174.307,122.494,4.06379,4.47049,137506
4314.0,0.75481,1.00017,0.0438952,1.00017,120001,129942,358.654,371.354,391.335,35.286,32.3906,5275.89,5427.55,8.51251,4.06364,4.47054,0.987723,0.966856,174.371,122.492,4.06364,4.47054,137510
4316.0,0.754817,1.00017,0.0438934,1.00017,120006,129945,358.656,371.358,391.338,35.2857,32.3906,5275.9,5427.55,8.51251,4.06369,4.47052,0.987714,0.966892,174.574,122.495,4.06369,4.47052,137513
4318.0,0.754834,1.00016,0.043892,1.00016,120019,129946,358.659,371.362,391.34,35.2867,32.3901,5276.37,5427.55,8.51251,4.06401,4.47042,0.987704,0.966928,174.728,122.51,4.06401,4.47042,137514
4320.0,0.754851,1.00015,0.0438917,1.00015,120031,129947,358.663,371.367,391.341,35.2896,32.3889,5277.48,5427.55,8.51251,4.06455,4.47023,0.987694,0.966964,174.786,122.529,4.06455,4.47023,137514
4322.0,0.75487,1.00013,0.0438922,1.00013,120044,129947,358.667,371.373,391.343,35.2928,32.3872,5278.67,5427.55,8.51251,4.06514,4.46996,0.987685,0.967,174.82,122.55,4.06514,4.46996,137514
4324.0,0.754886,1.00012,0.0438931,1.00012,120055,129947,358.67,371.38,391.345,35.2962,32.3851,5279.89,5427.55,8.51251,4.0657,4.46963,0.987675,0.967036,174.782,122.57,4.0657,4.46963,137514
4326.0,0.754896,1.00011,0.0438941,1.00011,120061,129948,358.672,371.387,391.347,35.2991,32.383,5280.93,5427.55,8.51251,4.06614,4.4693,0.987665,0.967072,174.679,122.585,4.06614,4.4693,137515
4328.0,0.7549,1.0001,0.0438955,1.0001,120062,129950,358.673,371.395,391.349,35.301,32.3811,5281.6,5427.55,8.51251,4.06637,4.46903,0.987656,0.967107,174.546,122.593,4.06637,4.46903,137517
4330.0,0.754902,1.00009,0.0438965,1.00009,120062,129954,358.673,371.402,391.352,35.3015,32.38,5281.76,5427.55,8.51251,4.06642,4.46888,0.987646,0.967143,174.522,122.596,4.06642,4.46888,137521
4332.0,0.754895,1.00009,0.0438967,1.00009,120054,129960,358.671,371.408,391.355,35.3017,32.3796,5281.82,5427.55,8.51251,4.06631,4.46885,0.987636,0.967178,174.305,122.594,4.06631,4.46885,137527
4334.0,0.754881,1.00009,0.0438961,1.00009,120042,129966,358.668,371.413,391.358,35.3001,32.3799,5281.28,5427.55,8.51251,4.06592,4.46892,0.987626,0.967214,174.285,122.578,4.06592,4.46892,137533
4336.0,0.754874,1.00009,0.0438948,1.00009,120035,129973,358.666,371.417,391.362,35.2971,32.3805,5280.27,5427.55,8.51251,4.06545,4.46904,0.987616,0.967249,174.28,122.569,4.06545,4.46904,137540
4338.0,0.754867,1.00009,0.0438933,1.00009,120028,129979,358.664,371.421,391.365,35.2954,32.3812,5279.69,5427.55,8.51251,4.06514,4.46915,0.987607,0.967284,174.341,122.559,4.06514,4.46915,137545
4340.0,0.754868,1.00009,0.0438916,1.00009,120028,129983,358.664,371.424,391.368,35.2937,32.3814,5279.18,5427.55,8.51251,4.06495,4.46918,0.987597,0.967319,174.528,122.555,4.06495,4.46918,137549
4342.0,0.754877,1.00008,0.0438899,1.00008,120034,129985,358.666,371.427,391.37,35.2937,32.381,5279.22,5427.55,8.51251,4.06504,4.4691,0.987587,0.967354,174.703,122.56,4.06504,4.4691,137551
4344.0,0.754899,1.00006,0.043889,1.00006,120050,129985,358.671,371.431,391.372,35.2952,32.3795,5279.79,5427.55,8.51251,4.06547,4.46887,0.987577,0.967389,174.953,122.579,4.06547,4.46887,137551
4346.0,0.754925,1.00005,0.0438891,1.00005,120068,129984,358.676,371.436,391.373,35.2994,32.3771,5281.26,5427.55,8.51251,4.06625,4.46848,0.987567,0.967424,175.057,122.607,4.06625,4.46848,137550
4348.0,0.754951,1.00003,0.0438902,1.00003,120085,129982,358.682,371.442,391.374,35.3043,32.3738,5282.97,5427.55,8.51251,4.06711,4.46796,0.987557,0.96746,175.08,122.636,4.06711,4.46796,137548
4350.0,0.754972,1.00001,0.0438919,1.00001,120099,129980,358.686,371.45,391.375,35.3094,32.3701,5284.67,5427.55,8.51251,4.06792,4.46739,0.987547,0.967495,174.998,122.664,4.06792,4.46739,137546
4352.0,0.754983,0.999992,0.043894,0.999992,120104,129980,358.687,371.458,391.377,35.3135,32.3664,5286.03,5427.55,8.51251,4.06849,4.46685,0.987537,0.967531,174.806,122.682,4.06849,4.46685,137546
4354.0,0.754983,0.999981,0.0438961,0.999981,120101,129983,358.687,371.467,391.379,35.3158,32.3633,5286.7,5427.55,8.51251,4.06869,4.4664,0.987527,0.967566,174.591,122.689,4.06869,4.4664,137548
4356.0,0.754974,0.999976,0.0438973,0.999976,120091,129987,358.684,371.474,391.382,35.3159,32.3612,5286.62,5427.55,8.51251,4.06853,4.46613,0.987517,0.967601,174.363,122.684,4.06853,4.46613,137553
4358.0,0.754955,0.999976,0.0438973,0.999976,120073,129994,358.679,371.48,391.386,35.3141,32.3603,5285.89,5427.55,8.51251,4.06801,4.46603,0.987507,0.967635,174.16,122.667,4.06801,4.46603,137560
4360.0,0.754929,0.999978,0.043896,0.999978,120051,130002,358.673,371.485,391.389,35.3101,32.3603,5284.43,5427.55,8.51251,4.06718,4.46607,0.987497,0.96767,174.017,122.64,4.06718,4.46607,137568
4362.0,0.754918,0.99998,0.0438939,0.99998,120042,130009,358.671,371.487,391.393,35.3048,32.3608,5282.57,5427.55,8.51251,4.06641,4.46618,0.987487,0.967704,174.237,122.621,4.06641,4.46618,137575
4364.0,0.754909,0.999978,0.0438916,0.999978,120033,130015,358.668,371.489,391.396,35.3026,32.3612,5281.8,5427.55,8.51251,4.066,4.46625,0.987477,0.967738,174.363,122.605,4.066,4.46625,137581
4366.0,0.754914,0.99997,0.0438895,0.99997,120036,130018,358.669,371.491,391.399,35.3005,32.3608,5281.08,5427.55,8.51251,4.0658,4.4662,0.987467,0.967773,174.711,122.602,4.0658,4.4662,137584
4368.0,0.754936,0.999955,0.0438879,0.999955,120051,130018,358.674,371.493,391.4,35.3014,32.3592,5281.41,5427.55,8.51251,4.06617,4.46594,0.987456,0.967807,175.103,122.617,4.06617,4.46594,137583
4370.0,0.754972,0.999933,0.0438879,0.999933,120077,130015,358.682,371.496,391.401,35.3057,32.3561,5282.88,5427.55,8.51251,4.06709,4.46543,0.987446,0.967842,175.345,122.652,4.06709,4.46543,137580
4372.0,0.755011,0.999906,0.0438896,0.999906,120105,130010,358.69,371.502,391.401,35.3127,32.3515,5285.29,5427.55,8.51251,4.06837,4.46471,0.987436,0.967877,175.448,122.696,4.06837,4.46471,137575
4374.0,0.755038,0.999879,0.0438925,0.999879,120123,130004,358.695,371.51,391.401,35.3206,32.346,5287.93,5427.55,8.51251,4.06957,4.46385,0.987426,0.967912,175.349,122.731,4.06957,4.46385,137569
4376.0,0.755065,0.999855,0.043896,0.999855,120140,130001,358.7,371.519,391.402,35.3262,32.3402,5289.68,5427.55,8.51251,4.0705,4.46297,0.987415,0.967947,175.236,122.766,4.0705,4.46297,137565
4378.0,0.755078,0.999839,0.0438996,0.999839,120145,130000,358.702,371.529,391.403,35.3318,32.335,5291.44,5427.55,8.51251,4.07123,4.4622,0.987405,0.967982,174.944,122.789,4.07123,4.4622,137565
4380.0,0.755072,0.999831,0.0439021,0.999831,120136,130003,358.7,371.539,391.406,35.3345,32.3311,5292.16,5427.55,8.51251,4.07139,4.46166,0.987395,0.968017,174.57,122.793,4.07139,4.46166,137568
4382.0,0.755046,0.999832,0.0439029,0.999832,120112,130010,358.693,371.546,391.409,35.3337,32.329,5291.64,5427.55,8.51251,4.07088,4.46141,0.987384,0.968051,174.116,122.775,4.07088,4.46141,137575
4384.0,0.755028,0.999839,0.0439018,0.999839,120096,130020,358.688,371.552,391.414,35.3287,32.3287,5289.71,5427.55,8.51251,4.07002,4.46143,0.987374,0.968085,174.372,122.747,4.07002,4.46143,137585
4386.0,0.755006,0.999849,0.043899,0.999849,120075,130031,358.683,371.555,391.418,35.3253,32.3297,5288.42,5427.55,8.51251,4.0693,4.46164,0.987363,0.968118,174.054,122.728,4.0693,4.46164,137595
4388.0,0.754989,0.999857,0.0438954,0.999857,120060,130040,358.679,371.557,391.422,35.3209,32.3312,5286.75,5427.55,8.51251,4.06852,4.4619,0.987353,0.968152,174.175,122.704,4.06852,4.4619,137605
4390.0,0.754989,0.999859,0.0438918,0.999859,120059,130047,358.678,371.558,391.426,35.3175,32.3323,5285.52,5427.55,8.51251,4.06811,4.46209,0.987343,0.968185,174.696,122.69,4.06811,4.46209,137611
4392.0,0.754999,0.999852,0.0438889,0.999852,120064,130049,358.68,371.559,391.428,35.3177,32.3322,5285.5,5427.55,8.51251,4.06821,4.46207,0.987332,0.968219,174.919,122.695,4.06821,4.46207,137614
4394.0,0.755023,0.999836,0.0438868,0.999836,120081,130048,358.685,371.561,391.429,35.3196,32.3304,5286.1,5427.55,8.51251,4.06871,4.46177,0.987322,0.968253,175.229,122.715,4.06871,4.46177,137612
4396.0,0.755059,0.999813,0.0438864,0.999813,120106,130043,358.693,371.565,391.429,35.3245,32.3267,5287.71,5427.55,8.51251,4.06971,4.46117,0.987311,0.968287,175.505,122.75,4.06971,4.46117,137607
4398.0,0.755088,0.999787,0.0438876,0.999787,120125,130036,358.698,371.571,391.429,35.332,32.3215,5290.15,5427.55,8.51251,4.07089,4.46035,0.987301,0.968321,175.499,122.785,4.07089,4.46035,137600
4400.0,0.755115,0.999761,0.04389,0.999761,120142,130030,358.703,371.58,391.429,35.3381,32.3154,5292.05,5427.55,8.51251,4.07186,4.45941,0.98729,0.968355,175.145,122.826,4.07186,4.45941,137594
4402.0,0.755138,0.999739,0.0438928,0.999739,120156,130027,358.707,371.589,391.429,35.3437,32.3094,5293.77,5427.55,8.51251,4.07273,4.4585,0.98728,0.96839,175.283,122.849,4.07273,4.4585,137590
4404.0,0.755146,0.999726,0.0438954,0.999726,120157,130026,358.708,371.599,391.431,35.3487,32.3042,5295.23,5427.55,8.51251,4.07333,4.45774,0.987269,0.968424,174.955,122.868,4.07333,4.45774,137590
4406.0,0.755118,0.999721,0.0438976,0.999721,120131,130030,358.701,371.608,391.433,35.3507,32.3005,5295.66,5427.55,8.51251,4.07312,4.45723,0.987258,0.968457,174.233,122.855,4.07312,4.45723,137593
4408.0,0.755083,0.999723,0.0438985,0.999723,120100,130037,358.692,371.615,391.437,35.3455,32.2985,5293.56,5427.55,8.51251,4.072,4.45699,0.987248,0.968491,174.088,122.818,4.072,4.45699,137600
4410.0,0.755053,0.99973,0.0438977,0.99973,120075,130045,358.685,371.619,391.441,35.3388,32.298,5291.03,5427.55,8.51251,4.07079,4.45699,0.987237,0.968524,174.18,122.78,4.07079,4.45699,137609
4412.0,0.755025,0.999738,0.0438955,0.999738,120051,130054,358.679,371.62,391.445,35.3332,32.2985,5288.91,5427.55,8.51251,4.06974,4.45711,0.987226,0.968557,174.159,122.747,4.06974,4.45711,137617
4414.0,0.755006,0.99974,0.043893,0.99974,120034,130061,358.674,371.62,391.448,35.3277,32.2991,5286.91,5427.55,8.51251,4.06883,4.45722,0.987216,0.96859,174.311,122.719,4.06883,4.45722,137624
4416.0,0.75499,0.999734,0.0438911,0.999734,120022,130063,358.671,371.619,391.45,35.324,32.2987,5285.53,5427.55,8.51251,4.06818,4.45716,0.987205,0.968623,174.228,122.703,4.06818,4.45716,137627
4418.0,0.754979,0.999716,0.0438901,0.999716,120012,130061,358.668,371.619,391.451,35.321,32.2965,5284.44,5427.55,8.51251,4.06766,4.45679,0.987195,0.968657,174.434,122.683,4.06766,4.45679,137624
4420.0,0.754986,0.999688,0.0438908,0.999688,120017,130054,358.67,371.62,391.451,35.3186,32.2919,5283.6,5427.55,8.51251,4.06748,4.45605,0.987184,0.96869,174.86,122.679,4.06748,4.45605,137617
4422.0,0.755016,0.999652,0.0438936,0.999652,120040,130044,358.677,371.622,391.45,35.3201,32.2852,5284.08,5427.55,8.51251,4.06802,4.45498,0.987174,0.968725,175.409,122.699,4.06802,4.45498,137607
4424.0,0.755047,0.999613,0.0438979,0.999613,120062,130032,358.683,371.627,391.448,35.3262,32.2767,5286.16,5427.55,8.51251,4.06911,4.45365,0.987163,0.968759,175.468,122.734,4.06911,4.45365,137594
4426.0,0.755073,0.999573,0.0439035,0.999573,120080,130020,358.689,371.633,391.446,35.3326,32.2674,5288.25,5427.55,8.51251,4.07013,4.4522,0.987152,0.968794,175.383,122.767,4.07013,4.4522,137582
4428.0,0.755088,0.999537,0.04391,0.999537,120089,130010,358.691,371.641,391.445,35.3379,32.2579,5289.93,5427.55,8.51251,4.07089,4.45075,0.987141,0.968828,175.159,122.791,4.07089,4.45075,137572
4430.0,0.7551,0.999509,0.0439164,0.999509,120096,130004,358.694,371.649,391.444,35.3412,32.2491,5290.91,5427.55,8.51251,4.07139,4.44942,0.98713,0.968863,174.972,122.811,4.07139,4.44942,137565
4432.0,0.755095,0.99949,0.0439219,0.99949,120089,130001,358.692,371.657,391.445,35.344,32.2416,5291.69,5427.55,8.51251,4.07159,4.44832,0.98712,0.968897,174.555,122.816,4.07159,4.44832,137562
4434.0,0.755063,0.999481,0.0439259,0.999481,120061,130002,358.684,371.664,391.447,35.3432,32.2359,5291.2,5427.55,8.51251,4.07103,4.44752,0.987109,0.968931,173.954,122.795,4.07103,4.44752,137564
4436.0,0.755041,0.99948,0.043928,0.99948,120043,130007,358.679,371.669,391.45,35.337,32.2322,5288.91,5427.55,8.51251,4.07001,4.44701,0.987098,0.968964,174.286,122.76,4.07001,4.44701,137568
4438.0,0.755021,0.999484,0.043928,0.999484,120027,130013,358.675,371.671,391.453,35.3329,32.23,5287.39,5427.55,8.51251,4.06926,4.44674,0.987087,0.968997,174.281,122.736,4.06926,4.44674,137574
4440.0,0.755005,0.999488,0.0439267,0.999488,120014,130018,358.671,371.672,391.456,35.3291,32.2288,5285.99,5427.55,8.51251,4.0686,4.4466,0.987077,0.96903,174.339,122.715,4.0686,4.4466,137580
4442.0,0.754987,0.999489,0.0439248,0.999489,119999,130021,358.667,371.672,391.459,35.326,32.2277,5284.87,5427.55,8.51251,4.06799,4.44646,0.987066,0.969063,174.462,122.69,4.06799,4.44646,137583
4444.0,0.754987,0.999484,0.0439232,0.999484,119999,130021,358.668,371.672,391.46,35.3224,32.2259,5283.58,5427.55,8.51251,4.06758,4.44618,0.987055,0.969096,174.553,122.687,4.06758,4.44618,137582
4446.0,0.754993,0.999472,0.0439223,0.999472,120004,130017,358.669,371.673,391.46,35.3225,32.2229,5283.59,5427.55,8.51251,4.06765,4.4457,0.987044,0.96913,174.764,122.687,4.06765,4.4457,137578
4448.0,0.755017,0.999455,0.0439223,0.999455,120022,130010,358.675,371.675,391.46,35.3237,32.2186,5283.98,5427.55,8.51251,4.0681,4.445,0.987033,0.969163,175.249,122.702,4.0681,4.445,137571
4450.0,0.75504,0.999436,0.0439234,0.999436,120039,130002,358.68,371.679,391.459,35.3286,32.2131,5285.65,5427.55,8.51251,4.06894,4.44414,0.987023,0.969196,175.275,122.729,4.06894,4.44414,137563
4452.0,0.755059,0.999418,0.0439253,0.999418,120052,129993,358.684,371.684,391.458,35.3333,32.2072,5287.2,5427.55,8.51251,4.06971,4.4432,0.987012,0.96923,175.212,122.753,4.06971,4.4432,137554
4454.0,0.75507,0.999404,0.0439277,0.999404,120059,129986,358.686,371.691,391.457,35.3373,32.2014,5288.47,5427.55,8.51251,4.07027,4.4423,0.987001,0.969263,175.02,122.771,4.07027,4.4423,137546
4456.0,0.755079,0.999397,0.0439302,0.999397,120064,129981,358.688,371.699,391.458,35.3397,32.1963,5289.15,5427.55,8.51251,4.07063,4.44154,0.98699,0.969296,174.875,122.786,4.07063,4.44154,137542
4458.0,0.755075,0.999398,0.0439321,0.999398,120059,129979,358.686,371.706,391.459,35.3418,32.1926,5289.74,5427.55,8.51251,4.07079,4.44099,0.986979,0.969329,174.602,122.788,4.07079,4.44099,137540
4460.0,0.755049,0.999407,0.043933,0.999407,120037,129981,358.68,371.712,391.46,35.3412,32.1905,5289.4,5427.55,8.51251,4.07035,4.4407,0.986968,0.969362,174.049,122.773,4.07035,4.4407,137542
4462.0,0.755031,0.999422,0.0439328,0.999422,120023,129985,358.676,371.717,391.463,35.3362,32.1901,5287.54,5427.55,8.51251,4.06952,4.44066,0.986957,0.969394,174.322,122.743,4.06952,4.44066,137546
4464.0,0.755014,0.99944,0.0439313,0.99944,120009,129990,358.673,371.72,391.466,35.3327,32.191,5286.26,5427.55,8.51251,4.06889,4.44082,0.986946,0.969426,174.322,122.723,4.06889,4.44082,137550
4466.0,0.755003,0.999458,0.0439292,0.999458,120001,129994,358.671,371.721,391.469,35.3296,32.1925,5285.12,5427.55,8.51251,4.06838,4.44106,0.986935,0.969457,174.474,122.706,4.06838,4.44106,137555
4468.0,0.75499,0.999472,0.043927,0.999472,119990,129996,358.668,371.722,391.471,35.3275,32.194,5284.36,5427.55,8.51251,4.06796,4.44128,0.986924,0.969489,174.482,122.689,4.06796,4.44128,137558
4470.0,0.754978,0.99948,0.0439253,0.99948,119981,129996,358.666,371.723,391.472,35.3248,32.1949,5283.41,5427.55,8.51251,4.0675,4.44138,0.986913,0.969521,174.359,122.678,4.0675,4.44138,137557
4472.0,0.754975,0.999482,0.0439244,0.999482,119979,129993,358.665,371.724,391.473,35.3225,32.1945,5282.59,5427.55,8.51251,4.06719,4.44129,0.986902,0.969552,174.568,122.668,4.06719,4.44129,137554
4474.0,0.754982,0.999478,0.0439243,0.999478,119986,129988,358.667,371.726,391.473,35.3218,32.1929,5282.39,5427.55,8.51251,4.06722,4.44099,0.986891,0.969584,174.798,122.67,4.06722,4.44099,137549
4476.0,0.755008,0.999471,0.043925,0.999471,120006,129981,358.673,371.73,391.472,35.3233,32.1902,5282.91,5427.55,8.51251,4.06772,4.44053,0.98688,0.969616,175.204,122.689,4.06772,4.44053,137542
4478.0,0.755029,0.999464,0.0439264,0.999464,120022,129973,358.678,371.734,391.471,35.3285,32.1869,5284.72,5427.55,8.51251,4.06859,4.43997,0.986869,0.969648,175.224,122.713,4.06859,4.43997,137534
4480.0,0.755045,0.999457,0.0439288,0.999457,120033,129966,358.682,371.74,391.471,35.3328,32.1833,5286.14,5427.55,8.51251,4.06928,4.43939,0.986858,0.969681,175.129,122.734,4.06928,4.43939,137527
4482.0,0.755054,0.999453,0.0439316,0.999453,120039,129961,358.683,371.747,391.471,35.3362,32.1799,5287.23,5427.55,8.51251,4.06976,4.43885,0.986847,0.969712,174.939,122.75,4.06976,4.43885,137522
4484.0,0.75506,0.999455,0.0439344,0.999455,120043,129958,358.685,371.754,391.471,35.3381,32.1771,5287.78,5427.55,8.51251,4.07004,4.43843,0.986836,0.969744,174.791,122.762,4.07004,4.43843,137519
4486.0,0.755054,0.999463,0.0439363,0.999463,120037,129958,358.683,371.76,391.473,35.3397,32.1754,5288.23,5427.55,8.51251,4.07012,4.43817,0.986825,0.969776,174.512,122.762,4.07012,4.43817,137519
4488.0,0.755036,0.999477,0.0439369,0.999477,120022,129960,358.679,371.766,391.475,35.3387,32.1749,5287.77,5427.55,8.51251,4.06975,4.43811,0.986813,0.969807,174.388,122.744,4.06975,4.43811,137521
4490.0,0.755022,0.999495,0.0439363,0.999495,120011,129964,358.676,371.77,391.477,35.3352,32.1757,5286.48,5427.55,8.51251,4.06915,4.43826,0.986802,0.969838,174.343,122.728,4.06915,4.43826,137526
4492.0,0.755004,0.999516,0.0439344,0.999516,119997,129969,358.673,371.773,391.48,35.3326,32.1776,5285.51,5427.55,8.51251,4.06861,4.43855,0.986791,0.969869,174.318,122.708,4.06861,4.43855,137531
4494.0,0.754993,0.999535,0.0439317,0.999535,119988,129974,358.67,371.775,391.483,35.3291,32.1798,5284.27,5427.55,8.51251,4.06806,4.43889,0.98678,0.969899,174.386,122.691,4.06806,4.43889,137535
4496.0,0.754979,0.999551,0.043929,0.999551,119978,129976,358.668,371.776,391.485,35.3268,32.182,5283.47,5427.55,8.51251,4.06761,4.4392,0.986769,0.96993,174.473,122.672,4.06761,4.4392,137538
4498.0,0.754967,0.999562,0.0439267,0.999562,119969,129976,358.665,371.778,391.486,35.3241,32.1835,5282.52,5427.55,8.51251,4.06715,4.4394,0.986758,0.96996,174.332,122.662,4.06715,4.4394,137538
4500.0,0.754964,0.999567,0.0439251,0.999567,119968,129974,358.665,371.78,391.487,35.3217,32.184,5281.71,5427.55,8.51251,4.06685,4.43944,0.986747,0.969991,174.551,122.652,4.06685,4.43944,137536
4502.0,0.754974,0.999567,0.0439244,0.999567,119976,129970,358.668,371.782,391.487,35.3211,32.1834,5281.55,5427.55,8.51251,4.06692,4.4393,0.986736,0.970022,174.839,122.655,4.06692,4.4393,137531
4504.0,0.754995,0.999564,0.0439246,0.999564,119994,129964,358.673,371.785,391.487,35.323,32.1819,5282.24,5427.55,8.51251,4.06743,4.43901,0.986724,0.970053,174.885,122.679,4.06743,4.43901,137525
4506.0,0.755016,0.99956,0.0439259,0.99956,120010,129958,358.678,371.79,391.487,35.3273,32.1797,5283.76,5427.55,8.51251,4.06819,4.43863,0.986713,0.970084,175.199,122.694,4.06819,4.43863,137519
4508.0,0.755025,0.999557,0.0439281,0.999557,120016,129952,358.68,371.796,391.486,35.3316,32.1773,5285.2,5427.55,8.51251,4.06879,4.43822,0.986702,0.970114,174.783,122.716,4.06879,4.43822,137513
4510.0,0.755044,0.999556,0.0439308,0.999556,120030,129947,358.684,371.803,391.486,35.3335,32.175,5285.8,5427.55,8.51251,4.06924,4.43784,0.986691,0.970145,175.061,122.731,4.06924,4.43784,137508
4512.0,0.755047,0.99956,0.0439334,0.99956,120032,129945,358.685,371.81,391.487,35.3374,32.1732,5287.1,5427.55,8.51251,4.06972,4.43756,0.986679,0.970176,174.784,122.742,4.06972,4.43756,137506
4514.0,0.755045,0.999569,0.0439353,0.999569,120030,129945,358.685,371.816,391.489,35.3383,32.1723,5287.3,5427.55,8.51251,4.06977,4.43742,0.986668,0.970206,174.595,122.745,4.06977,4.43742,137506
4516.0,0.755025,0.999584,0.0439362,0.999584,120013,129948,358.68,371.822,391.491,35.3381,32.1725,5287.14,5427.55,8.51251,4.06946,4.43747,0.986657,0.970236,174.085,122.735,4.06946,4.43747,137509
4518.0,0.755008,0.999603,0.0439359,0.999603,120000,129952,358.677,371.827,391.493,35.3341,32.174,5285.68,5427.55,8.51251,4.06878,4.4377,0.986645,0.970266,174.31,122.709,4.06878,4.4377,137514
4520.0,0.754995,0.999623,0.0439344,0.999623,119990,129957,358.674,371.83,391.496,35.3309,32.1763,5284.57,5427.55,8.51251,4.06825,4.43806,0.986634,0.970296,174.338,122.691,4.06825,4.43806,137519
4522.0,0.754977,0.999643,0.0439321,0.999643,119976,129962,358.67,371.832,391.499,35.3283,32.179,5283.64,5427.55,8.51251,4.06771,4.43847,0.986623,0.970326,174.063,122.677,4.06771,4.43847,137524
4524.0,0.754964,0.999658,0.0439296,0.999658,119967,129965,358.668,371.833,391.501,35.3247,32.1815,5282.4,5427.55,8.51251,4.06714,4.43884,0.986611,0.970355,174.189,122.659,4.06714,4.43884,137527
4526.0,0.754964,0.999669,0.0439274,0.999669,119968,129965,358.668,371.835,391.503,35.3222,32.1835,5281.58,5427.55,8.51251,4.06686,4.4391,0.9866,0.970385,174.493,122.649,4.06686,4.4391,137528
4528.0,0.754967,0.999674,0.043926,0.999674,119971,129964,358.67,371.836,391.504,35.3221,32.1844,5281.57,5427.55,8.51251,4.0669,4.4392,0.986589,0.970414,174.667,122.648,4.0669,4.4392,137526
4530.0,0.754988,0.999674,0.0439254,0.999674,119988,129960,358.675,371.839,391.504,35.3227,32.1842,5281.82,5427.55,8.51251,4.06725,4.43912,0.986577,0.970444,174.891,122.665,4.06725,4.43912,137522
4532.0,0.754999,0.999671,0.043925,0.999671,119998,129954,358.678,371.843,391.504,35.3268,32.183,5283.28,5427.55,8.51251,4.06788,4.43889,0.986566,0.970474,174.805,122.682,4.06788,4.43889,137517
4534.0,0.755017,0.999668,0.043926,0.999668,120011,129949,358.682,371.849,391.503,35.3292,32.1813,5284.09,5427.55,8.51251,4.06837,4.43858,0.986555,0.970504,174.799,122.702,4.06837,4.43858,137511
4536.0,0.755024,0.999666,0.0439281,0.999666,120016,129944,358.683,371.855,391.503,35.3327,32.1794,5285.29,5427.55,8.51251,4.06886,4.43825,0.986543,0.970534,174.849,122.708,4.06886,4.43825,137506
4538.0,0.755032,0.999668,0.0439306,0.999668,120022,129941,358.685,371.862,391.504,35.3342,32.1778,5285.74,5427.55,8.51251,4.06913,4.43799,0.986532,0.970564,174.785,122.72,4.06913,4.43799,137504
4540.0,0.755032,0.999675,0.0439327,0.999675,120021,129941,358.685,371.868,391.505,35.3361,32.177,5286.33,5427.55,8.51251,4.06933,4.43786,0.98652,0.970593,174.607,122.725,4.06933,4.43786,137503
4542.0,0.755015,0.999687,0.043934,0.999687,120007,129943,358.682,371.874,391.507,35.3362,32.1773,5286.3,5427.55,8.51251,4.0691,4.4379,0.986509,0.970622,174.142,122.717,4.0691,4.4379,137505
4544.0,0.754996,0.999704,0.0439343,0.999704,119993,129946,358.678,371.879,391.509,35.3328,32.1786,5285.09,5427.55,8.51251,4.06846,4.43811,0.986497,0.970651,174.266,122.691,4.06846,4.43811,137509
4546.0,0.754982,0.999722,0.0439335,0.999722,119983,129950,358.675,371.882,391.512,35.3291,32.1808,5283.78,5427.55,8.51251,4.06787,4.43845,0.986486,0.97068,174.332,122.673,4.06787,4.43845,137513
4548.0,0.75497,0.999739,0.0439318,0.999739,119974,129954,358.673,371.885,391.514,35.3265,32.1834,5282.87,5427.55,8.51251,4.0674,4.43884,0.986474,0.970709,174.308,122.658,4.0674,4.43884,137517
4550.0,0.754954,0.999754,0.0439298,0.999754,119962,129957,358.67,371.886,391.516,35.324,32.186,5282.02,5427.55,8.51251,4.06692,4.43921,0.986463,0.970738,174.391,122.636,4.06692,4.43921,137520
4552.0,0.754946,0.999764,0.0439281,0.999764,119957,129958,358.668,371.888,391.518,35.3208,32.1881,5280.95,5427.55,8.51251,4.06646,4.43949,0.986451,0.970767,174.523,122.623,4.06646,4.43949,137521
4554.0,0.754946,0.999768,0.0439271,0.999768,119958,129956,358.669,371.889,391.519,35.3191,32.1892,5280.43,5427.55,8.51251,4.06629,4.43962,0.98644,0.970795,174.518,122.622,4.06629,4.43962,137519
4556.0,0.754959,0.999767,0.043927,0.999767,119970,129952,358.673,371.892,391.519,35.319,32.1893,5280.45,5427.55,8.51251,4.06646,4.43957,0.986428,0.970824,174.885,122.627,4.06646,4.43957,137515
4558.0,0.754979,0.999763,0.0439279,0.999763,119986,129947,358.677,371.895,391.519,35.3216,32.1883,5281.41,5427.55,8.51251,4.06703,4.43937,0.986417,0.970854,174.771,122.654,4.06703,4.43937,137510
4560.0,0.754996,0.999757,0.0439298,0.999757,119999,129942,358.681,371.9,391.519,35.3256,32.1866,5282.81,5427.55,8.51251,4.0677,4.43906,0.986405,0.970883,175.064,122.665,4.0677,4.43906,137504
4562.0,0.75501,0.999752,0.0439325,0.999752,120010,129936,358.685,371.906,391.518,35.3289,32.1846,5283.97,5427.55,8.51251,4.06827,4.43871,0.986394,0.970912,175.021,122.683,4.06827,4.43871,137499
4564.0,0.755016,0.999754,0.0439353,0.999754,120014,129933,358.686,371.913,391.519,35.3319,32.1828,5284.95,5427.55,8.51251,4.06867,4.43841,0.986382,0.970941,174.783,122.696,4.06867,4.43841,137495
4566.0,0.755014,0.999763,0.0439376,0.999763,120012,129931,358.686,371.919,391.52,35.3331,32.1822,5285.32,5427.55,8.51251,4.06877,4.43831,0.98637,0.970969,174.474,122.702,4.06877,4.43831,137494
4568.0,0.754988,0.999775,0.0439389,0.999775,119992,129932,358.68,371.925,391.521,35.3328,32.1833,5285.17,5427.55,8.51251,4.06839,4.43845,0.986359,0.970998,173.894,122.688,4.06839,4.43845,137494
4570.0,0.754972,0.999789,0.043939,0.999789,119980,129934,358.677,371.93,391.523,35.3277,32.1849,5283.38,5427.55,8.51251,4.06761,4.43869,0.986347,0.971026,174.268,122.659,4.06761,4.43869,137497
4572.0,0.754955,0.999807,0.0439379,0.999807,119968,129939,358.674,371.933,391.526,35.3246,32.187,5282.33,5427.55,8.51251,4.06704,4.43901,0.986335,0.971054,173.955,122.646,4.06704,4.43901,137502
4574.0,0.754956,0.999824,0.0439358,0.999824,119969,129943,358.675,371.935,391.528,35.3211,32.1899,5281.15,5427.55,8.51251,4.06666,4.43944,0.986324,0.971082,174.803,122.623,4.06666,4.43944,137506
4576.0,0.754948,0.999839,0.0439335,0.999839,119964,129946,358.673,371.936,391.53,35.3212,32.1927,5281.26,5427.55,8.51251,4.06658,4.43985,0.986312,0.97111,174.276,122.628,4.06658,4.43985,137509
4578.0,0.754931,0.999849,0.0439317,0.999849,119952,129946,358.67,371.938,391.532,35.3196,32.1953,5280.72,5427.55,8.51251,4.06618,4.4402,0.9863,0.971138,174.091,122.613,4.06618,4.4402,137509
4580.0,0.754931,0.999854,0.0439307,0.999854,119953,129945,358.671,371.94,391.532,35.3161,32.1968,5279.57,5427.55,8.51251,4.0658,4.44038,0.986289,0.971166,174.404,122.603,4.0658,4.44038,137508
4582.0,0.754937,0.999855,0.0439304,0.999855,119959,129941,358.673,371.943,391.533,35.3159,32.1972,5279.61,5427.55,8.51251,4.06587,4.44039,0.986277,0.971194,174.671,122.602,4.06587,4.44039,137504
4584.0,0.754953,0.999852,0.0439308,0.999852,119973,129937,358.677,371.947,391.533,35.317,32.197,5280.06,5427.55,8.51251,4.06622,4.4403,0.986265,0.971222,174.713,122.62,4.06622,4.4403,137500
4586.0,0.75497,0.999848,0.0439319,0.999848,119987,129932,358.681,371.951,391.533,35.3201,32.1959,5281.21,5427.55,8.51251,4.06682,4.44009,0.986254,0.97125,175.034,122.631,4.06682,4.44009,137495
4588.0,0.754978,0.999846,0.0439337,0.999846,119993,129928,358.683,371.957,391.533,35.3236,32.1948,5282.43,5427.55,8.51251,4.06731,4.43987,0.986242,0.971279,174.648,122.65,4.06731,4.43987,137491
4590.0,0.754986,0.999846,0.0439359,0.999846,119999,129925,358.685,371.963,391.533,35.325,32.1938,5282.92,5427.55,8.51251,4.06758,4.4397,0.98623,0.971307,174.57,122.662,4.06758,4.4397,137488
4592.0,0.754991,0.999851,0.0439379,0.999851,120003,129923,358.687,371.969,391.534,35.3267,32.1934,5283.52,5427.55,8.51251,4.06784,4.43961,0.986218,0.971335,174.635,122.666,4.06784,4.43961,137487
4594.0,0.754991,0.99986,0.0439393,0.99986,120003,129924,358.687,371.975,391.535,35.3277,32.1938,5283.87,5427.55,8.51251,4.06795,4.43966,0.986206,0.971362,174.511,122.669,4.06795,4.43966,137487
4596.0,0.754973,0.999874,0.0439398,0.999874,119989,129926,358.683,371.981,391.537,35.3277,32.1952,5283.85,5427.55,8.51251,4.06771,4.43986,0.986195,0.97139,174.053,122.661,4.06771,4.43986,137490
4598.0,0.754955,0.999892,0.0439395,0.999892,119976,129930,358.68,371.985,391.54,35.3242,32.1977,5282.62,5427.55,8.51251,4.06708,4.44023,0.986183,0.971417,174.112,122.638,4.06708,4.44023,137493
4600.0,0.754946,0.999911,0.0439382,0.999911,119970,129934,358.678,371.988,391.542,35.3206,32.201,5281.4,5427.55,8.51251,4.06655,4.44071,0.986171,0.971444,174.42,122.618,4.06655,4.44071,137497
4602.0,0.75493,0.99993,0.0439361,0.99993,119958,129937,358.675,371.99,391.544,35.3187,32.2046,5280.8,5427.55,8.51251,4.06613,4.44125,0.986159,0.971471,174.291,122.601,4.06613,4.44125,137501
4604.0,0.754919,0.999945,0.0439341,0.999945,119951,129939,358.673,371.993,391.546,35.3153,32.2081,5279.68,5427.55,8.51251,4.06562,4.44175,0.986148,0.971498,174.145,122.593,4.06562,4.44175,137503
4606.0,0.754912,0.999955,0.0439322,0.999955,119947,129940,358.672,371.994,391.547,35.3131,32.2111,5278.99,5427.55,8.51251,4.06529,4.44214,0.986136,0.971525,174.484,122.574,4.06529,4.44214,137504
4608.0,0.754911,0.999959,0.043931,0.999959,119948,129938,358.673,371.996,391.548,35.3115,32.213,5278.54,5427.55,8.51251,4.06512,4.44238,0.986124,0.971552,174.46,122.574,4.06512,4.44238,137502
4610.0,0.754928,0.999959,0.0439306,0.999959,119962,129934,358.677,371.999,391.548,35.3112,32.2138,5278.53,5427.55,8.51251,4.06533,4.44245,0.986112,0.971579,174.915,122.58,4.06533,4.44245,137498
4612.0,0.75494,0.999955,0.043931,0.999955,119972,129930,358.68,372.003,391.548,35.3144,32.2137,5279.74,5427.55,8.51251,4.06586,4.44236,0.9861,0.971606,174.677,122.6,4.06586,4.44236,137494
4614.0,0.754949,0.999951,0.0439324,0.999951,119980,129925,358.683,372.008,391.548,35.3165,32.2129,5280.54,5427.55,8.51251,4.06623,4.44219,0.986088,0.971634,174.665,122.611,4.06623,4.44219,137489
4616.0,0.754965,0.999947,0.0439347,0.999947,119993,129921,358.687,372.014,391.548,35.3183,32.2119,5281.2,5427.55,8.51251,4.06665,4.442,0.986076,0.971661,174.668,122.63,4.06665,4.442,137485
4618.0,0.754973,0.999948,0.0439373,0.999948,119999,129918,358.689,372.02,391.549,35.3214,32.2112,5282.32,5427.55,8.51251,4.06711,4.44186,0.986064,0.971688,174.779,122.636,4.06711,4.44186,137482
4620.0,0.754977,0.999953,0.0439392,0.999953,120002,129917,358.69,372.027,391.55,35.3231,32.2112,5282.88,5427.55,8.51251,4.06734,4.44183,0.986052,0.971715,174.422,122.65,4.06734,4.44183,137481
4622.0,0.754972,0.999963,0.0439405,0.999963,119998,129918,358.689,372.032,391.551,35.3238,32.2121,5283.15,5427.55,8.51251,4.06736,4.44196,0.98604,0.971742,174.365,122.646,4.06736,4.44196,137482
4624.0,0.754953,0.999978,0.043941,0.999978,119984,129921,358.685,372.038,391.553,35.3229,32.2142,5282.81,5427.55,8.51251,4.067,4.44226,0.986028,0.971768,174.136,122.63,4.067,4.44226,137485
4626.0,0.754937,0.999997,0.0439404,0.999997,119972,129925,358.682,372.042,391.556,35.319,32.2173,5281.49,5427.55,8.51251,4.06636,4.44273,0.986016,0.971794,174.197,122.608,4.06636,4.44273,137489
4628.0,0.754925,1.00002,0.0439386,1.00002,119963,129930,358.68,372.044,391.558,35.3157,32.2211,5280.4,5427.55,8.51251,4.06583,4.44329,0.986005,0.971821,174.221,122.593,4.06583,4.44329,137494
4630.0,0.754909,1.00003,0.0439363,1.00003,119952,129933,358.677,372.046,391.56,35.3132,32.2252,5279.6,5427.55,8.51251,4.06535,4.44388,0.985993,0.971847,173.975,122.581,4.06535,4.44388,137498
4632.0,0.754904,1.00005,0.0439339,1.00005,119950,129935,358.677,372.048,391.562,35.3099,32.229,5278.53,5427.55,8.51251,4.06492,4.44441,0.985981,0.971873,174.414,122.562,4.06492,4.44441,137500
4634.0,0.754903,1.00005,0.0439321,1.00005,119950,129935,358.677,372.05,391.563,35.3087,32.232,5278.24,5427.55,8.51251,4.06479,4.44481,0.985969,0.971899,174.391,122.56,4.06479,4.44481,137500
4636.0,0.754915,1.00006,0.043931,1.00006,119961,129933,358.68,372.052,391.564,35.3082,32.2338,5278.15,5427.55,8.51251,4.0649,4.44503,0.985957,0.971925,174.78,122.563,4.0649,4.44503,137498
4638.0,0.75493,1.00005,0.0439308,1.00005,119973,129930,358.684,372.056,391.564,35.3104,32.2344,5279.03,5427.55,8.51251,4.06537,4.44507,0.985945,0.971951,174.71,122.583,4.06537,4.44507,137494
4640.0,0.754942,1.00005,0.0439317,1.00005,119983,129926,358.687,372.06,391.564,35.3133,32.2341,5280.09,5427.55,8.51251,4.06586,4.44496,0.985932,0.971978,174.692,122.597,4.06586,4.44496,137490
4642.0,0.754951,1.00004,0.0439333,1.00004,119991,129922,358.689,372.066,391.564,35.3155,32.2332,5280.92,5427.55,8.51251,4.06624,4.44478,0.98592,0.972004,174.646,122.609,4.06624,4.44478,137486
4644.0,0.754963,1.00004,0.0439351,1.00004,120000,129919,358.692,372.073,391.565,35.3173,32.2323,5281.56,5427.55,8.51251,4.0666,4.44462,0.985908,0.97203,174.557,122.625,4.0666,4.44462,137483
4646.0,0.754967,1.00004,0.0439368,1.00004,120003,129918,358.694,372.079,391.565,35.3196,32.2321,5282.4,5427.55,8.51251,4.06691,4.44456,0.985896,0.972057,174.422,122.634,4.06691,4.44456,137482
4648.0,0.754972,1.00005,0.0439381,1.00005,120007,129919,358.695,372.085,391.567,35.3204,32.233,5282.68,5427.55,8.51251,4.06706,4.44468,0.985884,0.972083,174.637,122.633,4.06706,4.44468,137483
4650.0,0.754987,1.00006,0.0439388,1.00006,120019,129922,358.698,372.091,391.569,35.3214,32.235,5283.02,5427.55,8.51251,4.06737,4.44498,0.985872,0.972108,174.909,122.644,4.06737,4.44498,137486
4652.0,0.755012,1.00008,0.0439388,1.00008,120037,129926,358.704,372.095,391.571,35.3245,32.2382,5284.1,5427.55,8.51251,4.06804,4.44545,0.985859,0.972134,175.102,122.668,4.06804,4.44545,137490
4654.0,0.755048,1.0001,0.0439386,1.0001,120064,129930,358.712,372.1,391.574,35.3296,32.2422,5285.81,5427.55,8.51251,4.06906,4.44604,0.985847,0.972159,175.407,122.7,4.06906,4.44604,137495
4656.0,0.755091,1.00012,0.0439381,1.00012,120095,129935,358.721,372.106,391.576,35.3368,32.2465,5288.22,5427.55,8.51251,4.07041,4.44668,0.985835,0.972184,175.64,122.745,4.07041,4.44668,137500
4658.0,0.755145,1.00014,0.0439377,1.00014,120134,129940,358.732,372.113,391.579,35.3457,32.2511,5291.17,5427.55,8.51251,4.07208,4.44734,0.985822,0.972209,175.903,122.801,4.07208,4.44734,137505
4660.0,0.755205,1.00016,0.0439371,1.00016,120176,129946,358.745,372.121,391.582,35.3568,32.2558,5294.79,5427.55,8.51251,4.07407,4.44804,0.985809,0.972234,176.148,122.866,4.07407,4.44804,137511
4662.0,0.755274,1.00019,0.0439359,1.00019,120225,129953,358.759,372.131,391.585,35.3693,32.261,5298.84,5427.55,8.51251,4.07633,4.44883,0.985797,0.972258,176.457,122.94,4.07633,4.44883,137518
4664.0,0.755353,1.00022,0.0439337,1.00022,120279,129963,358.775,372.143,391.589,35.3839,32.2672,5303.53,5427.55,8.51251,4.07893,4.44979,0.985784,0.972282,176.76,123.025,4.07893,4.44979,137529
4666.0,0.755444,1.00026,0.04393,1.00026,120341,129977,358.793,372.155,391.594,35.4007,32.2751,5308.84,5427.55,8.51251,4.0819,4.451,0.98577,0.972306,177.032,123.125,4.0819,4.451,137542
4668.0,0.755196,1.00029,0.0439244,1.00029,120136,129995,358.734,372.169,391.6,35.4199,32.2829,5314.9,5427.55,8.51251,4.08065,4.45224,0.985758,0.97233,177.607,122.814,4.08065,4.45224,137561
4670.0,0.754618,1.00033,0.0439149,1.00033,119687,130018,358.606,372.179,391.608,35.3712,32.2911,5297.05,5427.55,8.51251,4.06745,4.45359,0.985747,0.972353,162.808,122.548,4.06745,4.45359,137584
4672.0,0.754091,1.00038,0.0438974,1.00038,119293,130043,358.494,372.174,391.616,35.2554,32.3013,5256.9,5427.55,8.51251,4.04751,4.45524,0.985737,0.972376,162.928,121.917,4.04751,4.45524,137609
4674.0,0.754326,1.00042,0.0438696,1.00042,119499,130065,358.553,372.146,391.623,35.1484,32.3125,5220.97,5427.55,8.51251,4.03868,4.45699,0.985725,0.972399,177.951,121.766,4.03868,4.45699,137631
4676.0,0.754545,1.00045,0.0438372,1.00045,119680,130071,358.605,372.106,391.626,35.1932,32.3226,5238.23,5427.55,8.51251,4.04688,4.45844,0.985713,0.972422,177.986,122.025,4.04688,4.45844,137637
4678.0,0.754051,1.00039,0.0438163,1.00039,119304,130048,358.498,372.076,391.621,35.2357,32.3291,5253.66,5427.55,8.51251,4.04543,4.45908,0.985702,0.972448,163.294,121.856,4.04543,4.45908,137615
4680.0,0.754315,1.00023,0.0438189,1.00023,119533,129995,358.563,372.064,391.607,35.1351,32.3189,5219.33,5427.55,8.51251,4.03771,4.45706,0.985691,0.972476,178.642,121.731,4.03771,4.45706,137560
4682.0,0.7546,1.00001,0.0438454,1.00001,119763,129920,358.63,372.066,391.587,35.1858,32.2894,5238.59,5427.55,8.51251,4.04741,4.45212,0.985679,0.972508,179.38,122.048,4.04741,4.45212,137484
4684.0,0.754868,0.999765,0.0438896,0.999765,119975,129840,358.69,372.081,391.565,35.2414,32.2449,5258.51,5427.55,8.51251,4.05735,4.44506,0.985666,0.972542,179.398,122.365,4.05735,4.44506,137403
4686.0,0.755122,0.999539,0.0439451,0.999539,120171,129770,358.747,372.111,391.547,35.2943,32.1947,5277.11,5427.55,8.51251,4.06673,4.43731,0.985653,0.972576,179.741,122.658,4.06673,4.43731,137331
4688.0,0.755364,0.999372,0.0440065,0.999372,120351,129721,358.798,372.151,391.534,35.3453,32.1479,5294.68,5427.55,8.51251,4.07564,4.43027,0.98564,0.97261,179.842,122.942,4.07564,4.43027,137280
4690.0,0.755592,0.999288,0.0440644,0.999288,120517,129701,358.846,372.195,391.53,35.3943,32.1121,5311.19,5427.55,8.51251,4.08408,4.42507,0.985626,0.972642,179.904,123.213,4.08408,4.42507,137260
4692.0,0.755452,0.999285,0.0441104,0.999285,120394,129715,358.811,372.236,391.535,35.4413,32.0925,5326.7,5427.55,8.51251,4.08742,4.42246,0.985613,0.972672,165.46,123.459,4.08742,4.42246,137274
4694.0,0.755334,0.999348,0.0441399,0.999348,120292,129762,358.782,372.268,391.55,35.4146,32.0892,5316.58,5427.55,8.51251,4.08261,4.42243,0.985601,0.972699,180.157,122.899,4.08261,4.42243,137321
4696.0,0.754878,0.999465,0.0441465,0.999465,119931,129835,358.679,372.282,391.572,35.3923,32.0994,5308.03,5427.55,8.51251,4.07395,4.42454,0.985589,0.972725,165.545,122.774,4.07395,4.42454,137395
4698.0,0.754816,0.999619,0.0441285,0.999619,119886,129924,358.667,372.271,391.599,35.3014,32.1208,5276.13,5427.55,8.51251,4.06274,4.42835,0.985577,0.972748,180.533,122.271,4.06274,4.42835,137485
4700.0,0.75476,0.999775,0.0440892,0.999775,119844,130009,358.655,372.24,391.624,35.2887,32.15,5272.02,5427.55,8.51251,4.06056,4.43323,0.985565,0.97277,180.304,122.211,4.06056,4.43323,137571
4702.0,0.755057,0.999905,0.0440382,0.999905,120079,130071,358.723,372.201,391.643,35.277,32.1806,5268.03,5427.55,8.51251,4.06316,4.43807,0.985552,0.972792,180.445,122.559,4.06316,4.43807,137634
4704.0,0.755347,0.999965,0.0439917,0.999965,120300,130097,358.786,372.175,391.651,35.3361,32.2063,5288.88,5427.55,8.51251,4.07368,4.44187,0.985539,0.972815,180.821,122.894,4.07368,4.44187,137659
4706.0,0.75564,0.999963,0.0439616,0.999963,120516,130085,358.848,372.176,391.649,35.3948,32.2183,5308.85,5427.55,8.51251,4.08409,4.4434,0.985525,0.972839,181.419,123.225,4.08409,4.4434,137648
4708.0,0.75594,0.999901,0.0439496,0.999901,120733,130051,358.91,372.204,391.641,35.4546,32.2179,5328.81,5427.55,8.51251,4.09464,4.44299,0.98551,0.972865,182.112,123.564,4.09464,4.44299,137614
4710.0,0.755905,0.999855,0.0439499,0.999855,120686,130020,358.897,372.252,391.633,35.5168,32.2053,5349.18,5427.55,8.51251,4.10102,4.44092,0.985496,0.972892,168.516,123.913,4.10102,4.44092,137582
4712.0,0.755917,0.999893,0.0439501,0.999893,120674,130011,358.893,372.306,391.631,35.5124,32.1955,5346.27,5427.55,8.51251,4.10031,4.43952,0.985482,0.972916,183.962,123.485,4.10031,4.43952,137574
4714.0,0.755919,1,0.0439384,1,120660,130038,358.89,372.348,391.64,35.5172,32.2028,5346.41,5427.55,8.51251,4.10063,4.44084,0.985468,0.972938,169.19,123.911,4.10063,4.44084,137601
4716.0,0.755595,1.0002,0.0439108,1.0002,120390,130099,358.813,372.375,391.659,35.5202,32.2251,5346.36,5427.55,8.51251,4.0964,4.4446,0.985455,0.972957,169.348,123.52,4.0964,4.4446,137664
4718.0,0.755299,1.00043,0.0438693,1.00043,120153,130183,358.746,372.383,391.683,35.4573,32.2647,5323.27,5427.55,8.51251,4.08515,4.45097,0.985442,0.972973,169.42,123.165,4.08515,4.45097,137749
4720.0,0.755371,1.00066,0.043821,1.00066,120211,130269,358.763,372.372,391.709,35.3994,32.3125,5302.65,5427.55,8.51251,4.07944,4.45849,0.985429,0.972989,169.565,123.247,4.07944,4.45849,137837
4722.0,0.755457,1.00087,0.043775,1.00087,120269,130339,358.779,372.35,391.73,35.4148,32.3616,5308.09,5427.55,8.51251,4.08218,4.46605,0.985416,0.973004,184.134,122.933,4.08218,4.46605,137908
4724.0,0.755552,1.00099,0.0437402,1.00099,120331,130379,358.798,372.329,391.742,35.4332,32.4065,5313.66,5427.55,8.51251,4.08535,4.47269,0.985402,0.97302,184.491,123.035,4.08535,4.47269,137949
4726.0,0.755317,1.00103,0.0437239,1.00103,120139,130384,358.743,372.319,391.744,35.4534,32.4354,5319.73,5427.55,8.51251,4.08443,4.47674,0.985389,0.973038,170.671,123.15,4.08443,4.47674,137954
4728.0,0.755472,1.00099,0.0437261,1.00099,120255,130361,358.777,372.321,391.738,35.4077,32.4486,5303.05,5427.55,8.51251,4.08113,4.47831,0.985376,0.973059,185.663,122.906,4.08113,4.47831,137931
4730.0,0.755639,1.00087,0.0437404,1.00087,120374,130323,358.811,372.33,391.729,35.4398,32.4431,5313.75,5427.55,8.51251,4.08684,4.4771,0.985362,0.973083,186.18,123.091,4.08684,4.4771,137892
4732.0,0.755819,1.00074,0.0437605,1.00074,120505,130283,358.848,372.347,391.718,35.4748,32.4241,5324.9,5427.55,8.51251,4.09307,4.474,0.985347,0.973108,172.121,123.708,4.09307,4.474,137851
4734.0,0.755666,1.00061,0.0437844,1.00061,120371,130252,358.81,372.373,391.71,35.5127,32.4003,5337.31,5427.55,8.51251,4.09517,4.47032,0.985334,0.973134,172.802,123.506,4.09517,4.47032,137819
4736.0,0.755536,1.00051,0.0438092,1.00051,120262,130233,358.78,372.402,391.706,35.4841,32.3779,5326.15,5427.55,8.51251,4.09003,4.46694,0.98532,0.973159,173.082,123.343,4.09003,4.46694,137799
4738.0,0.756098,1.00046,0.0438306,1.00046,120694,130230,358.903,372.423,391.706,35.4598,32.3603,5317.01,5427.55,8.51251,4.09451,4.46441,0.985305,0.973185,187.319,123.606,4.09451,4.46441,137795
4740.0,0.755942,1.00042,0.0438479,1.00042,120548,130241,358.862,372.436,391.711,35.5745,32.3504,5356.24,5427.55,8.51251,4.10528,4.46308,0.985291,0.973209,172.899,123.833,4.10528,4.46308,137806
4742.0,0.755796,1.00037,0.0438647,1.00037,120422,130262,358.826,372.45,391.718,35.546,32.3443,5344.39,5427.55,8.51251,4.09985,4.46237,0.985277,0.973234,173.207,123.651,4.09985,4.46237,137827
4744.0,0.755678,1.00033,0.0438818,1.00033,120321,130288,358.798,372.462,391.727,35.5193,32.3375,5334.03,5427.55,8.51251,4.09505,4.46159,0.985263,0.97326,173.489,123.502,4.09505,4.46159,137853
4746.0,0.755585,1.00029,0.0438954,1.00029,120241,130316,358.775,372.464,391.736,35.4977,32.3311,5325.66,5427.55,8.51251,4.09121,4.46088,0.98525,0.973285,173.844,123.381,4.09121,4.46088,137881
4748.0,0.755523,1.00025,0.0439019,1.00025,120188,130342,358.76,372.457,391.744,35.4807,32.3244,5319.07,5427.55,8.51251,4.08835,4.46012,0.985236,0.97331,174.421,123.291,4.08835,4.46012,137906
4750.0,0.755482,1.0002,0.0439007,1.0002,120151,130360,358.75,372.444,391.751,35.47,32.3168,5314.72,5427.55,8.51251,4.08649,4.45916,0.985223,0.973335,174.702,123.233,4.08649,4.45916,137924
4752.0,0.755457,1.00014,0.0438949,1.00014,120129,130365,358.744,372.43,391.753,35.463,32.3069,5311.77,5427.55,8.51251,4.0853,4.45776,0.985209,0.973361,174.895,123.198,4.0853,4.45776,137928
4754.0,0.75612,1.00004,0.0438895,1.00004,120640,130354,358.89,372.421,391.752,35.4594,32.297,5310,5427.55,8.51251,4.09353,4.45618,0.985193,0.973388,189.285,123.576,4.09353,4.45618,137917
4756.0,0.756078,0.999887,0.04389,0.999887,120585,130330,358.874,372.427,391.746,35.5941,32.2755,5356.21,5427.55,8.51251,4.10812,4.45285,0.985179,0.973417,175.39,123.925,4.10812,4.45285,137892
4758.0,0.756059,0.999727,0.0439006,0.999727,120554,130302,358.866,372.452,391.739,35.5887,32.2455,5352.34,5427.55,8.51251,4.10698,4.4483,0.985164,0.973446,176.158,123.88,4.10698,4.4483,137862
4760.0,0.756038,0.999595,0.0439165,0.999595,120524,130280,358.858,372.486,391.734,35.5877,32.2126,5350.63,5427.55,8.51251,4.10634,4.44342,0.98515,0.973476,175.801,123.865,4.10634,4.44342,137839
4762.0,0.75597,0.999532,0.0439294,0.999532,120458,130274,358.839,372.513,391.734,35.5863,32.1846,5348.85,5427.55,8.51251,4.10506,4.43944,0.985135,0.973504,174.562,123.821,4.10506,4.43944,137833
4764.0,0.75585,0.999527,0.0439311,0.999527,120353,130289,358.81,372.528,391.739,35.5756,32.1704,5343.86,5427.55,8.51251,4.10204,4.43757,0.985121,0.97353,173.604,123.705,4.10204,4.43757,137847
4766.0,0.755739,0.99954,0.0439206,0.99954,120259,130319,358.783,372.53,391.749,35.554,32.1676,5335.26,5427.55,8.51251,4.09796,4.43743,0.985107,0.973556,173.721,123.57,4.09796,4.43743,137878
4768.0,0.755658,0.99957,0.0439033,0.99957,120190,130356,358.764,372.523,391.761,35.5341,32.1686,5327.46,5427.55,8.51251,4.09449,4.43788,0.985093,0.973581,174.007,123.464,4.09449,4.43788,137914
4770.0,0.755597,0.999591,0.0438853,0.999591,120140,130384,358.75,372.51,391.77,35.5196,32.1728,5321.72,5427.55,8.51251,4.09196,4.43871,0.985079,0.973606,174.508,123.377,4.09196,4.43871,137943
4772.0,0.755566,0.999603,0.0438723,0.999603,120113,130396,358.743,372.496,391.775,35.5093,32.1756,5317.49,5427.55,8.51251,4.09031,4.43919,0.985065,0.97363,174.991,123.327,4.09031,4.43919,137955
4774.0,0.755568,0.999563,0.0438673,0.999563,120111,130387,358.742,372.484,391.773,35.5047,32.1766,5315.33,5427.55,8.51251,4.08976,4.43919,0.985051,0.973656,175.788,123.305,4.08976,4.43919,137946
4776.0,0.755607,0.999459,0.0438706,0.999459,120139,130362,358.751,372.479,391.767,35.5065,32.1668,5315.4,5427.55,8.51251,4.09043,4.43751,0.985037,0.973683,176.687,123.326,4.09043,4.43751,137919
4778.0,0.755694,0.999318,0.0438813,0.999318,120203,130326,358.769,372.482,391.758,35.5161,32.144,5318.12,5427.55,8.51251,4.0926,4.43391,0.985023,0.973713,177.53,123.405,4.0926,4.43391,137883
4780.0,0.755789,0.999167,0.0438975,0.999167,120271,130289,358.789,372.492,391.749,35.5352,32.1133,5324.06,5427.55,8.51251,4.09595,4.42921,0.985008,0.973743,177.61,123.516,4.09595,4.42921,137845
4782.0,0.755856,0.999029,0.0439169,0.999029,120316,130255,358.802,372.508,391.741,35.5562,32.0798,5330.52,5427.55,8.51251,4.09912,4.42415,0.984993,0.973774,177.168,123.609,4.09912,4.42415,137810
4784.0,0.755888,0.998922,0.0439379,0.998922,120332,130230,358.807,372.527,391.735,35.5719,32.0485,5335.02,5427.55,8.51251,4.10121,4.4195,0.984979,0.973804,176.41,123.669,4.10121,4.4195,137784
4786.0,0.755867,0.99886,0.043958,0.99886,120306,130216,358.8,372.545,391.732,35.5807,32.023,5337.05,5427.55,8.51251,4.10179,4.41579,0.984964,0.973833,175.353,123.674,4.10179,4.41579,137770
4788.0,0.755803,0.998845,0.0439748,0.998845,120249,130214,358.784,372.557,391.733,35.5787,32.0061,5335.34,5427.55,8.51251,4.10059,4.4134,0.98495,0.973861,174.547,123.62,4.10059,4.4134,137767
4790.0,0.755706,0.998868,0.0439868,0.998868,120169,130220,358.761,372.562,391.736,35.5682,31.9986,5330.75,5427.55,8.51251,4.09801,4.41243,0.984936,0.973888,173.759,123.528,4.09801,4.41243,137774
4792.0,0.755607,0.998911,0.0439937,0.998911,120089,130231,358.739,372.559,391.74,35.551,31.9988,5323.97,5427.55,8.51251,4.09466,4.41257,0.984922,0.973913,173.629,123.412,4.09466,4.41257,137785
4794.0,0.755515,0.998951,0.0439963,0.998951,120017,130241,358.718,372.548,391.744,35.5329,32.0032,5317.06,5427.55,8.51251,4.09135,4.41328,0.984908,0.973939,173.752,123.299,4.09135,4.41328,137795
4796.0,0.755471,0.998967,0.0439954,0.998967,119984,130245,358.709,372.533,391.746,35.5161,32.0072,5310.73,5427.55,8.51251,4.08885,4.41385,0.984894,0.973964,174.624,123.221,4.08885,4.41385,137799
4798.0,0.755476,0.998942,0.043993,0.998942,119989,130238,358.711,372.519,391.746,35.5086,32.0062,5307.82,5427.55,8.51251,4.08808,4.41362,0.98488,0.973991,175.637,123.198,4.08808,4.41362,137792
4800.0,0.755514,0.998874,0.0439911,0.998874,120020,130220,358.72,372.509,391.742,35.511,31.9972,5308.28,5427.55,8.51251,4.08886,4.41215,0.984866,0.974018,176.247,123.225,4.08886,4.41215,137774
4802.0,0.755565,0.998774,0.0439911,0.998774,120059,130194,358.732,372.506,391.736,35.52,31.9793,5311,5427.55,8.51251,4.09056,4.40934,0.984851,0.974047,176.344,123.283,4.09056,4.40934,137747
4804.0,0.755632,0.998661,0.0439927,0.998661,120110,130163,358.746,372.511,391.728,35.5316,31.9545,5314.57,5427.55,8.51251,4.09275,4.40554,0.984837,0.974077,177.181,123.338,4.09275,4.40554,137715
4806.0,0.755702,0.998557,0.0439952,0.998557,120161,130133,358.761,372.523,391.721,35.5466,31.9266,5319.22,5427.55,8.51251,4.09534,4.40133,0.984822,0.974108,176.992,123.427,4.09534,4.40133,137685
4808.0,0.755737,0.998484,0.0439995,0.998484,120184,130109,358.768,372.538,391.716,35.5624,31.9002,5324.02,5427.55,8.51251,4.09755,4.3974,0.984808,0.974137,176.558,123.481,4.09755,4.3974,137660
4810.0,0.755742,0.998457,0.0440045,0.998457,120184,130094,358.769,372.554,391.713,35.5715,31.8797,5326.37,5427.55,8.51251,4.09858,4.39439,0.984793,0.974166,175.651,123.513,4.09858,4.39439,137645
4812.0,0.755705,0.998481,0.0440089,0.998481,120150,130089,358.759,372.567,391.712,35.5746,31.8683,5326.67,5427.55,8.51251,4.09837,4.39278,0.984779,0.974193,174.706,123.495,4.09837,4.39278,137640
4814.0,0.75563,0.998547,0.0440117,0.998547,120089,130092,358.742,372.574,391.714,35.569,31.867,5323.98,5427.55,8.51251,4.09668,4.39267,0.984765,0.974219,174.031,123.425,4.09668,4.39267,137644
4816.0,0.755536,0.998639,0.0440124,0.998639,120015,130101,358.721,372.574,391.718,35.5558,31.8745,5318.76,5427.55,8.51251,4.09391,4.39385,0.98475,0.974243,173.622,123.324,4.09391,4.39385,137653
4818.0,0.755444,0.998738,0.0440111,0.998738,119945,130110,358.702,372.568,391.722,35.5387,31.8877,5312.3,5427.55,8.51251,4.09075,4.39582,0.984736,0.974266,173.64,123.213,4.09075,4.39582,137663
4820.0,0.755391,0.998821,0.0440077,0.998821,119908,130115,358.691,372.557,391.724,35.5216,31.9025,5306.03,5427.55,8.51251,4.08814,4.39797,0.984722,0.974289,174.315,123.131,4.08814,4.39797,137669
4822.0,0.755378,0.998871,0.0440031,0.998871,119902,130114,358.69,372.544,391.725,35.5122,31.9145,5302.55,5427.55,8.51251,4.08695,4.39965,0.984708,0.974313,175.133,123.092,4.08695,4.39965,137667
4824.0,0.75541,0.998878,0.0439988,0.998878,119930,130103,358.698,372.534,391.723,35.5108,31.9201,5301.86,5427.55,8.51251,4.08726,4.40032,0.984694,0.974338,176.162,123.1,4.08726,4.40032,137657
4826.0,0.75546,0.998846,0.0439962,0.998846,119971,130084,358.71,372.53,391.719,35.5183,31.9172,5304.23,5427.55,8.51251,4.08882,4.39971,0.98468,0.974364,176.389,123.152,4.08882,4.39971,137637
4828.0,0.755526,0.998787,0.0439957,0.998787,120023,130059,358.726,372.533,391.713,35.5295,31.9062,5307.8,5427.55,8.51251,4.09098,4.39791,0.984665,0.974391,176.79,123.219,4.09098,4.39791,137613
4830.0,0.755584,0.998725,0.0439971,0.998725,120068,130034,358.739,372.543,391.707,35.544,31.8897,5312.44,5427.55,8.51251,4.09341,4.39536,0.984651,0.974418,176.713,123.29,4.09341,4.39536,137587
4832.0,0.755624,0.998683,0.0439996,0.998683,120098,130013,358.747,372.558,391.702,35.5571,31.8724,5316.49,5427.55,8.51251,4.09541,4.39274,0.984636,0.974446,176.205,123.351,4.09541,4.39274,137566
4834.0,0.755634,0.99868,0.0440028,0.99868,120104,129999,358.749,372.574,391.699,35.5667,31.8589,5319.25,5427.55,8.51251,4.09662,4.39075,0.984622,0.974472,175.604,123.381,4.09662,4.39075,137552
4836.0,0.7556,0.998721,0.0440053,0.998721,120075,129995,358.742,372.587,391.699,35.5706,31.853,5320.02,5427.55,8.51251,4.09658,4.38992,0.984607,0.974497,174.708,123.365,4.09658,4.38992,137548
4838.0,0.755525,0.998802,0.0440064,0.998802,120017,129998,358.725,372.595,391.701,35.5654,31.8563,5317.63,5427.55,8.51251,4.09498,4.39046,0.984593,0.974521,173.781,123.302,4.09498,4.39046,137552
4840.0,0.755435,0.99891,0.0440056,0.99891,119948,130007,358.706,372.596,391.705,35.5519,31.8679,5312.48,5427.55,8.51251,4.09226,4.39221,0.984579,0.974543,173.46,123.203,4.09226,4.39221,137561
4842.0,0.755351,0.999025,0.0440032,0.999025,119886,130017,358.688,372.591,391.709,35.5352,31.8851,5306.34,5427.55,8.51251,4.08929,4.39476,0.984565,0.974564,173.522,123.101,4.08929,4.39476,137572
4844.0,0.755287,0.999123,0.0439991,0.999123,119841,130024,358.676,372.581,391.712,35.5195,31.9043,5300.68,5427.55,8.51251,4.08671,4.39754,0.984551,0.974586,173.965,123.011,4.08671,4.39754,137580
4846.0,0.755267,0.999186,0.0439943,0.999186,119832,130024,358.674,372.569,391.713,35.5077,31.9205,5296.47,5427.55,8.51251,4.08519,4.39982,0.984537,0.974608,174.812,122.963,4.08519,4.39982,137580
4848.0,0.755285,0.999205,0.0439901,0.999205,119851,130016,358.679,372.559,391.711,35.5045,31.9301,5295.33,5427.55,8.51251,4.08515,4.40107,0.984522,0.97463,175.515,122.964,4.08515,4.40107,137572
4850.0,0.755335,0.999181,0.0439877,0.999181,119895,130000,358.692,372.554,391.708,35.5089,31.9308,5296.79,5427.55,8.51251,4.08639,4.40099,0.984508,0.974655,176.275,123.001,4.08639,4.40099,137556
4852.0,0.755407,0.999129,0.0439873,0.999129,119954,129978,358.709,372.557,391.703,35.5198,31.9229,5300.45,5427.55,8.51251,4.08864,4.39966,0.984494,0.97468,176.639,123.075,4.08864,4.39966,137534
4854.0,0.755465,0.99907,0.0439888,0.99907,120000,129955,358.723,372.567,391.697,35.5352,31.9092,5305.55,5427.55,8.51251,4.09119,4.39751,0.984479,0.974706,176.63,123.145,4.09119,4.39751,137510
4856.0,0.755511,0.999027,0.043992,0.999027,120036,129935,358.733,372.581,391.693,35.548,31.8938,5309.65,5427.55,8.51251,4.09327,4.39516,0.984465,0.974732,176.248,123.21,4.09327,4.39516,137490
4858.0,0.755534,0.99902,0.0439958,0.99902,120054,129922,358.739,372.597,391.69,35.5585,31.8813,5312.87,5427.55,8.51251,4.09477,4.39331,0.98445,0.974757,175.664,123.254,4.09477,4.39331,137478
4860.0,0.755506,0.999059,0.0439992,0.999059,120032,129918,358.733,372.612,391.69,35.5646,31.8761,5314.53,5427.55,8.51251,4.09509,4.39258,0.984435,0.974781,174.667,123.248,4.09509,4.39258,137474
4862.0,0.755433,0.999141,0.044001,0.999141,119975,129922,358.717,372.621,391.692,35.5605,31.8803,5312.62,5427.55,8.51251,4.09365,4.39325,0.984421,0.974804,173.694,123.189,4.09365,4.39325,137478
4864.0,0.755337,0.999253,0.0440008,0.999253,119904,129932,358.697,372.624,391.696,35.5472,31.8934,5307.63,5427.55,8.51251,4.0909,4.39522,0.984407,0.974825,173.203,123.088,4.0909,4.39522,137489
4866.0,0.755281,0.9993,0.0439989,0.9993,119864,129945,358.686,372.622,391.701,35.5291,31.9129,5301.13,5427.55,8.51251,4.08815,4.39805,0.984393,0.974847,174.34,122.988,4.08815,4.39805,137502
4868.0,0.755276,0.999347,0.0439957,0.999347,119866,129959,358.687,372.616,391.706,35.5186,31.9196,5297.41,5427.55,8.51251,4.08697,4.39912,0.984378,0.974869,175.104,122.96,4.08697,4.39912,137516
4870.0,0.755253,0.999449,0.0439916,0.999449,119853,129966,358.683,372.607,391.709,35.5186,31.9266,5297.34,5427.55,8.51251,4.08673,4.40024,0.984364,0.97489,174.354,122.953,4.08673,4.40024,137525
4872.0,0.755233,0.999492,0.043988,0.999492,119842,129963,358.681,372.6,391.709,35.5147,31.945,5295.89,5427.55,8.51251,4.08611,4.40276,0.98435,0.974911,174.789,122.917,4.08611,4.40276,137522
4874.0,0.755258,0.999488,0.0439857,0.999488,119867,129952,358.688,372.597,391.707,35.5115,31.9516,5294.73,5427.55,8.51251,4.08614,4.40357,0.984335,0.974934,175.603,122.922,4.08614,4.40357,137511
4876.0,0.755308,0.999455,0.0439848,0.999455,119910,129936,358.7,372.6,391.704,35.5171,31.9488,5296.62,5427.55,8.51251,4.08751,4.403,0.984321,0.974958,176.18,122.964,4.08751,4.403,137495
4878.0,0.755364,0.999417,0.043985,0.999417,119956,129920,358.714,372.607,391.7,35.5279,31.9403,5300.27,5427.55,8.51251,4.08954,4.40164,0.984306,0.974982,176.254,123.029,4.08954,4.40164,137478
4880.0,0.755403,0.999391,0.0439864,0.999391,119988,129905,358.723,372.617,391.697,35.5401,31.9304,5304.29,5427.55,8.51251,4.09148,4.40011,0.984292,0.975006,175.902,123.084,4.09148,4.40011,137463
4882.0,0.755422,0.99939,0.0439885,0.99939,120004,129895,358.728,372.63,391.695,35.5489,31.9228,5307.04,5427.55,8.51251,4.09275,4.39896,0.984277,0.97503,175.489,123.118,4.09275,4.39896,137453
4884.0,0.755408,0.999422,0.0439904,0.999422,119993,129890,358.726,372.642,391.695,35.5539,31.9204,5308.43,5427.55,8.51251,4.09314,4.3986,0.984262,0.975053,174.909,123.117,4.09314,4.3986,137449
4886.0,0.755354,0.999488,0.0439914,0.999488,119953,129892,358.714,372.651,391.696,35.5522,31.9247,5307.51,5427.55,8.51251,4.09227,4.39925,0.984248,0.975074,173.985,123.08,4.09227,4.39925,137451
4888.0,0.755279,0.99958,0.043991,0.99958,119898,129898,358.699,372.655,391.699,35.5426,31.9359,5303.92,5427.55,8.51251,4.09022,4.40093,0.984234,0.975095,173.485,123.004,4.09022,4.40093,137458
4890.0,0.755199,0.999682,0.0439888,0.999682,119840,129907,358.683,372.653,391.702,35.5284,31.9527,5298.83,5427.55,8.51251,4.08761,4.40339,0.984219,0.975114,173.396,122.911,4.08761,4.40339,137467
4892.0,0.755134,0.999778,0.0439849,0.999778,119796,129914,358.67,372.647,391.705,35.5132,31.9721,5293.5,5427.55,8.51251,4.0851,4.40621,0.984205,0.975133,173.653,122.826,4.0851,4.40621,137475
4894.0,0.7551,0.999847,0.04398,0.999847,119777,129917,358.665,372.638,391.707,35.5007,31.9904,5289.24,5427.55,8.51251,4.08333,4.4088,0.984191,0.975153,174.293,122.766,4.08333,4.4088,137479
4896.0,0.755107,0.999878,0.0439753,0.999878,119789,129914,358.669,372.629,391.707,35.4943,32.0038,5287.14,5427.55,8.51251,4.08279,4.41064,0.984177,0.975173,175.12,122.75,4.08279,4.41064,137476
4898.0,0.75514,0.999867,0.043972,0.999867,119821,129904,358.678,372.624,391.705,35.4959,32.0095,5287.84,5427.55,8.51251,4.08352,4.41132,0.984162,0.975195,175.686,122.772,4.08352,4.41132,137466
4900.0,0.755201,0.999823,0.0439708,0.999823,119873,129889,358.694,372.625,391.702,35.503,32.0069,5290.36,5427.55,8.51251,4.08521,4.41078,0.984148,0.975218,176.224,122.829,4.08521,4.41078,137450
4902.0,0.755264,0.999766,0.0439719,0.999766,119926,129871,358.709,372.633,391.698,35.5156,31.9977,5294.75,5427.55,8.51251,4.08755,4.40928,0.984133,0.975241,176.167,122.905,4.08755,4.40928,137432
4904.0,0.755317,0.999717,0.0439749,0.999717,119970,129855,358.722,372.646,391.694,35.5289,31.9853,5299.25,5427.55,8.51251,4.08981,4.40739,0.984118,0.975265,176.056,122.971,4.08981,4.40739,137416
4906.0,0.755344,0.999698,0.0439787,0.999698,119992,129844,358.728,372.662,391.692,35.5404,31.9746,5303.03,5427.55,8.51251,4.0915,4.40579,0.984103,0.975288,175.634,123.014,4.0915,4.40579,137405
4908.0,0.75533,0.999722,0.0439821,0.999722,119982,129840,358.726,372.676,391.692,35.5467,31.9698,5304.96,5427.55,8.51251,4.09205,4.4051,0.984089,0.97531,174.617,123.026,4.09205,4.4051,137401
4910.0,0.755264,0.999791,0.0439844,0.999791,119932,129844,358.712,372.687,391.694,35.5448,31.9736,5304.06,5427.55,8.51251,4.09099,4.4057,0.984074,0.975331,173.655,122.974,4.09099,4.4057,137405
4912.0,0.755172,0.999894,0.0439848,0.999894,119864,129853,358.693,372.692,391.698,35.5324,31.9866,5299.55,5427.55,8.51251,4.08841,4.40765,0.98406,0.97535,172.97,122.884,4.08841,4.40765,137415
4914.0,0.755122,0.999917,0.0439836,0.999917,119831,129866,358.684,372.693,391.702,35.5147,32.0069,5293.33,5427.55,8.51251,4.0858,4.41056,0.984045,0.975371,174.248,122.787,4.0858,4.41056,137428
4916.0,0.755132,0.999944,0.0439813,0.999944,119845,129882,358.688,372.69,391.708,35.5052,32.0113,5290.11,5427.55,8.51251,4.08494,4.41132,0.984031,0.975392,175.13,122.774,4.08494,4.41132,137445
4918.0,0.755158,0.999967,0.0439786,0.999967,119869,129896,358.695,372.685,391.713,35.5077,32.0165,5291.06,5427.55,8.51251,4.08564,4.41215,0.984016,0.975413,175.305,122.799,4.08564,4.41215,137458
4920.0,0.755143,1.00004,0.0439761,1.00004,119862,129900,358.694,372.681,391.715,35.5132,32.0212,5293,5427.55,8.51251,4.08615,4.41288,0.984002,0.975432,174.357,122.808,4.08615,4.41288,137463
4922.0,0.755131,1.00005,0.043975,1.00005,119858,129895,358.693,372.68,391.714,35.5108,32.0365,5292.14,5427.55,8.51251,4.08578,4.41494,0.983987,0.975453,174.841,122.779,4.08578,4.41494,137457
4924.0,0.755155,1.00003,0.0439751,1.00003,119881,129884,358.7,372.684,391.712,35.5087,32.039,5291.46,5427.55,8.51251,4.08594,4.41517,0.983972,0.975475,175.683,122.783,4.08594,4.41517,137447
4926.0,0.755191,1.00001,0.0439755,1.00001,119912,129873,358.709,372.691,391.71,35.514,32.0352,5293.32,5427.55,8.51251,4.08707,4.41452,0.983958,0.975496,175.608,122.827,4.08707,4.41452,137436
4928.0,0.755214,0.999997,0.0439758,0.999997,119933,129865,358.715,372.699,391.709,35.5216,32.0305,5295.9,5427.55,8.51251,4.08829,4.41377,0.983943,0.975518,175.33,122.861,4.08829,4.41377,137427
4930.0,0.755224,1.00001,0.043976,1.00001,119943,129859,358.718,372.707,391.708,35.5268,32.0283,5297.6,5427.55,8.51251,4.08905,4.41342,0.983928,0.975539,175.048,122.881,4.08905,4.41342,137422
4932.0,0.755208,1.00004,0.0439759,1.00004,119933,129857,358.716,372.715,391.708,35.5294,32.0303,5298.4,5427.55,8.51251,4.08919,4.41369,0.983913,0.97556,174.615,122.874,4.08919,4.41369,137420
4934.0,0.755165,1.00009,0.0439755,1.00009,119903,129858,358.707,372.722,391.71,35.527,32.0367,5297.46,5427.55,8.51251,4.08839,4.41461,0.983899,0.97558,173.914,122.843,4.08839,4.41461,137421
4936.0,0.75511,1.00015,0.0439747,1.00015,119864,129861,358.697,372.725,391.711,35.5189,32.0472,5294.58,5427.55,8.51251,4.0868,4.41614,0.983884,0.975599,173.7,122.783,4.0868,4.41614,137425
4938.0,0.755063,1.00022,0.0439735,1.00022,119832,129865,358.688,372.725,391.713,35.5084,32.0611,5290.92,5427.55,8.51251,4.08504,4.41814,0.983869,0.975617,173.841,122.721,4.08504,4.41814,137429
4940.0,0.755019,1.00028,0.0439716,1.00028,119804,129869,358.68,372.721,391.715,35.4992,32.0762,5287.82,5427.55,8.51251,4.08349,4.42029,0.983855,0.975636,173.867,122.667,4.08349,4.42029,137433
4942.0,0.754999,1.00033,0.0439694,1.00033,119795,129869,358.678,372.716,391.716,35.4905,32.0899,5284.96,5427.55,8.51251,4.08234,4.42221,0.98384,0.975654,174.392,122.628,4.08234,4.42221,137434
4944.0,0.755009,1.00034,0.0439673,1.00034,119809,129866,358.682,372.712,391.716,35.4867,32.0999,5283.83,5427.55,8.51251,4.08213,4.42357,0.983826,0.975674,174.966,122.623,4.08213,4.42357,137431
4946.0,0.755033,1.00033,0.0439657,1.00033,119834,129858,358.69,372.711,391.715,35.4888,32.1045,5284.75,5427.55,8.51251,4.08279,4.42411,0.983811,0.975694,175.255,122.643,4.08279,4.42411,137423
4948.0,0.755074,1.0003,0.043965,1.0003,119870,129848,358.7,372.714,391.713,35.4937,32.1034,5286.62,5427.55,8.51251,4.08398,4.42383,0.983796,0.975715,175.608,122.681,4.08398,4.42383,137413
4950.0,0.755118,1.00026,0.0439652,1.00026,119908,129837,358.711,372.721,391.711,35.5021,32.0981,5289.62,5427.55,8.51251,4.08557,4.42295,0.983781,0.975736,175.655,122.731,4.08557,4.42295,137402
4952.0,0.755149,1.00023,0.0439661,1.00023,119935,129828,358.719,372.732,391.709,35.5112,32.0914,5292.78,5427.55,8.51251,4.08706,4.42191,0.983766,0.975757,175.387,122.775,4.08706,4.42191,137392
4954.0,0.755164,1.00023,0.0439675,1.00023,119949,129822,358.724,372.744,391.708,35.5177,32.0868,5295.01,5427.55,8.51251,4.08805,4.42121,0.983751,0.975778,175.039,122.803,4.08805,4.42121,137387
4956.0,0.755146,1.00025,0.0439688,1.00025,119936,129821,358.721,372.755,391.709,35.5213,32.0871,5296.18,5427.55,8.51251,4.08825,4.42125,0.983737,0.975798,174.384,122.799,4.08825,4.42125,137386
4958.0,0.75509,1.00031,0.0439693,1.00031,119896,129825,358.709,372.763,391.711,35.518,32.0939,5294.96,5427.55,8.51251,4.08718,4.42227,0.983722,0.975817,173.554,122.756,4.08718,4.42227,137390
4960.0,0.755058,1.0003,0.0439697,1.0003,119875,129832,358.704,372.768,391.714,35.5073,32.1072,5291.22,5427.55,8.51251,4.08558,4.42413,0.983707,0.975837,174.657,122.685,4.08558,4.42413,137397
4962.0,0.755081,1.0003,0.0439702,1.0003,119898,129847,358.71,372.773,391.719,35.5011,32.1051,5289.13,5427.55,8.51251,4.08525,4.42394,0.983692,0.975858,175.315,122.694,4.08525,4.42394,137411
4964.0,0.7551,1.0003,0.04397,1.0003,119915,129862,358.716,372.775,391.724,35.5061,32.1068,5290.95,5427.55,8.51251,4.08611,4.4243,0.983677,0.975878,175.193,122.719,4.08611,4.4243,137427
4966.0,0.755115,1.00031,0.0439698,1.00031,119930,129874,358.72,372.777,391.729,35.5101,32.109,5292.35,5427.55,8.51251,4.08681,4.42468,0.983662,0.975898,175.109,122.739,4.08681,4.42468,137439
4968.0,0.75517,1.0002,0.0439705,1.0002,119975,129884,358.733,372.786,391.733,35.5135,32.1108,5293.5,5427.55,8.51251,4.08796,4.4249,0.983647,0.975922,176.411,122.767,4.08796,4.4249,137448
4970.0,0.755256,1.00015,0.0439722,1.00015,120042,129895,358.753,372.798,391.737,35.525,32.0913,5297.43,5427.55,8.51251,4.09042,4.42225,0.983632,0.975944,176.507,122.865,4.09042,4.42225,137458
4972.0,0.755318,1.00005,0.0439745,1.00005,120089,129904,358.767,372.814,391.741,35.5427,32.0823,5303.42,5427.55,8.51251,4.09324,4.42097,0.983616,0.975968,176.467,122.94,4.09324,4.42097,137466
4974.0,0.755345,1.00006,0.0439775,1.00006,120107,129916,358.772,372.83,391.745,35.5559,32.0621,5307.71,5427.55,8.51251,4.09507,4.41826,0.983601,0.97599,175.455,123,4.09507,4.41826,137478
4976.0,0.755319,1.00006,0.0439804,1.00006,120085,129928,358.766,372.846,391.749,35.5622,32.0634,5309.51,5427.55,8.51251,4.09542,4.41854,0.983585,0.976012,174.604,122.995,4.09542,4.41854,137491
4978.0,0.75529,1.00007,0.0439828,1.00007,120061,129944,358.76,372.859,391.755,35.5581,32.0652,5307.73,5427.55,8.51251,4.09453,4.41892,0.98357,0.976033,174.598,122.959,4.09453,4.41892,137507
4980.0,0.75527,1.00009,0.0439838,1.00009,120044,129965,358.755,372.868,391.762,35.553,32.0678,5305.68,5427.55,8.51251,4.09366,4.41945,0.983555,0.976054,174.758,122.93,4.09366,4.41945,137527
4982.0,0.755258,1.00011,0.0439842,1.00011,120035,129988,358.753,372.873,391.77,35.5498,32.0714,5304.31,5427.55,8.51251,4.09312,4.42013,0.98354,0.976074,174.898,122.912,4.09312,4.42013,137551
4984.0,0.755254,1.00013,0.043984,1.00013,120032,130011,358.752,372.875,391.777,35.5482,32.0756,5303.54,5427.55,8.51251,4.09288,4.42091,0.983524,0.976095,175.058,122.903,4.09288,4.42091,137573
4986.0,0.755247,1.00015,0.0439835,1.00015,120026,130029,358.751,372.876,391.783,35.5483,32.0799,5303.33,5427.55,8.51251,4.09278,4.42166,0.983509,0.976115,175.011,122.895,4.09278,4.42166,137592
4988.0,0.755251,1.00011,0.0439832,1.00011,120028,130040,358.752,372.878,391.787,35.5475,32.0854,5302.85,5427.55,8.51251,4.09273,4.42245,0.983494,0.976137,175.567,122.883,4.09273,4.42245,137603
4990.0,0.755348,1,0.0439841,1,120103,130050,358.774,372.886,391.791,35.5489,32.0778,5303.12,5427.55,8.51251,4.09416,4.42136,0.983478,0.976161,177.476,122.943,4.09416,4.42136,137612
4992.0,0.755467,0.99989,0.0439854,0.99989,120192,130059,358.799,372.898,391.795,35.5692,32.0564,5309.9,5427.55,8.51251,4.098,4.41836,0.983462,0.976186,177.692,123.079,4.098,4.41836,137620
4994.0,0.755571,0.999779,0.0439879,0.999779,120268,130068,358.821,372.916,391.799,35.5941,32.0337,5318.09,5427.55,8.51251,4.10214,4.41519,0.983446,0.976212,177.559,123.207,4.10214,4.41519,137628
4996.0,0.755595,0.99974,0.0439923,0.99974,120279,130077,358.825,372.936,391.803,35.6165,32.0106,5325.21,5427.55,8.51251,4.1049,4.41203,0.98343,0.976235,175.927,123.282,4.1049,4.41203,137637
4998.0,0.755576,0.999771,0.0439979,0.999771,120256,130089,358.819,372.956,391.807,35.623,32.0019,5326.67,5427.55,8.51251,4.10526,4.41094,0.983414,0.976257,174.986,123.286,4.10526,4.41094,137649
5000.0,0.755504,0.999804,0.0440025,0.999804,120194,130103,358.801,372.971,391.812,35.6206,32.0074,5325.12,5427.55,8.51251,4.10393,4.41183,0.983399,0.976279,173.999,123.229,4.10393,4.41183,137663
5002.0,0.755445,0.999841,0.044005,0.999841,120144,130123,358.787,372.98,391.819,35.6078,32.0134,5320.03,5427.55,8.51251,4.1016,4.41284,0.983383,0.9763,174.355,123.147,4.1016,4.41284,137684
5004.0,0.755402,0.999882,0.0440056,0.999882,120108,130148,358.777,372.982,391.827,35.5972,32.0203,5315.83,5427.55,8.51251,4.09977,4.41402,0.983367,0.97632,174.564,123.091,4.09977,4.41402,137708
5006.0,0.755377,0.999921,0.0440044,0.999921,120087,130172,358.772,372.978,391.834,35.59,32.028,5312.89,5427.55,8.51251,4.09856,4.4153,0.983352,0.976341,174.944,123.05,4.09856,4.4153,137732
5008.0,0.755371,0.999956,0.044002,0.999956,120080,130189,358.77,372.972,391.84,35.586,32.0357,5311.15,5427.55,8.51251,4.09799,4.41653,0.983336,0.976361,175.211,123.034,4.09799,4.41653,137750
5010.0,0.755435,0.999844,0.0440006,0.999844,120128,130198,358.784,372.971,391.844,35.5857,32.0427,5310.69,5427.55,8.51251,4.09876,4.41744,0.98332,0.976385,177.244,123.052,4.09876,4.41744,137758
5012.0,0.755571,0.99972,0.0440008,0.99972,120230,130203,358.814,372.977,391.847,35.5997,32.0198,5315.14,5427.55,8.51251,4.10209,4.41418,0.983304,0.97641,178.384,123.181,4.10209,4.41418,137762
5014.0,0.755709,0.999586,0.0440027,0.999586,120330,130203,358.842,372.991,391.848,35.6283,31.994,5324.53,5427.55,8.51251,4.10708,4.41049,0.983288,0.976436,178.487,123.342,4.10708,4.41049,137761
5016.0,0.75582,0.99945,0.0440068,0.99945,120406,130202,358.864,373.013,391.849,35.6577,31.9657,5333.92,5427.55,8.51251,4.11175,4.40642,0.983271,0.976463,178.035,123.487,4.11175,4.40642,137759
5018.0,0.755905,0.999323,0.044014,0.999323,120460,130206,358.88,373.042,391.851,35.6819,31.9363,5341.34,5427.55,8.51251,4.11546,4.40227,0.983255,0.976491,177.705,123.598,4.11546,4.40227,137762
5020.0,0.755885,0.999361,0.0440213,0.999361,120433,130217,358.873,373.067,391.855,35.7013,31.9084,5346.93,5427.55,8.51251,4.11722,4.39853,0.983238,0.976514,175.117,123.65,4.11722,4.39853,137773
5022.0,0.755783,0.999405,0.0440273,0.999405,120342,130233,358.847,373.087,391.861,35.6998,31.9136,5345.27,5427.55,8.51251,4.11551,4.39941,0.983222,0.976536,173.901,123.562,4.11551,4.39941,137790
5024.0,0.75569,0.999454,0.0440308,0.999454,120262,130259,358.825,373.098,391.869,35.6816,31.9201,5337.87,5427.55,8.51251,4.11204,4.40054,0.983206,0.976558,174.282,123.441,4.11204,4.40054,137816
5026.0,0.755541,0.999692,0.0440296,0.999692,120141,130288,358.79,373.093,391.879,35.6651,31.9279,5331.32,5427.55,8.51251,4.10807,4.40207,0.98319,0.976574,172.061,123.326,4.10807,4.40207,137847
5028.0,0.755315,0.999927,0.044024,0.999927,119964,130309,358.74,373.074,391.885,35.6369,31.9744,5320.84,5427.55,8.51251,4.10181,4.40887,0.983175,0.976588,170.791,123.093,4.10181,4.40887,137869
5030.0,0.755214,0.999997,0.044016,0.999997,119889,130318,358.719,373.05,391.889,35.5929,32.0213,5305.2,5427.55,8.51251,4.09548,4.41545,0.983159,0.976606,173.997,122.881,4.09548,4.41545,137878
5032.0,0.755212,1.00012,0.0440081,1.00012,119892,130314,358.721,373.022,391.888,35.5735,32.0353,5298.41,5427.55,8.51251,4.09329,4.41747,0.983144,0.976622,174.934,122.851,4.09329,4.41747,137876
5034.0,0.755205,1.00014,0.044,1.00014,119890,130288,358.72,372.995,391.882,35.5738,32.0598,5298.5,5427.55,8.51251,4.09328,4.42064,0.983128,0.97664,175.061,122.838,4.09328,4.42064,137850
5036.0,0.755303,1.00003,0.0439951,1.00003,119969,130246,358.743,372.981,391.871,35.5729,32.0656,5298.1,5427.55,8.51251,4.09451,4.42096,0.983113,0.976661,177.834,122.875,4.09451,4.42096,137807
5038.0,0.755499,0.999839,0.0439939,0.999839,120121,130197,358.787,372.984,391.858,35.5932,32.0425,5305.01,5427.55,8.51251,4.09943,4.41718,0.983096,0.976686,179.569,123.058,4.09943,4.41718,137756
5040.0,0.755692,0.999652,0.043997,0.999652,120267,130148,358.829,373,391.845,35.6335,32.0048,5318.66,5427.55,8.51251,4.10654,4.41137,0.983079,0.976712,179.408,123.293,4.10654,4.41137,137706
5042.0,0.755805,0.999529,0.0440038,0.999529,120346,130106,358.852,373.028,391.834,35.6739,31.9661,5331.95,5427.55,8.51251,4.11253,4.40556,0.983063,0.976737,177.662,123.477,4.11253,4.40556,137663
5044.0,0.755791,0.999521,0.0440133,0.999521,120325,130077,358.846,373.059,391.827,35.6985,31.9397,5339.52,5427.55,8.51251,4.11501,4.40167,0.983046,0.976759,175.071,123.535,4.11501,4.40167,137634
5046.0,0.75563,0.999652,0.0440214,0.999652,120193,130063,358.809,373.082,391.823,35.6978,31.9363,5338.26,5427.55,8.51251,4.11267,4.40118,0.98303,0.976777,171.996,123.431,4.11267,4.40118,137622
5048.0,0.755467,0.999694,0.0440264,0.999694,120063,130067,358.772,373.096,391.825,35.6677,31.9612,5326.94,5427.55,8.51251,4.10699,4.40468,0.983014,0.976797,172.659,123.218,4.10699,4.40468,137626
5050.0,0.755302,0.999913,0.0440251,0.999913,119935,130089,358.736,373.092,391.832,35.6366,31.9685,5315.62,5427.55,8.51251,4.10123,4.40606,0.982999,0.976812,171.593,123.05,4.10123,4.40606,137649
5052.0,0.755103,1.00014,0.0440182,1.00014,119785,130112,358.693,373.07,391.84,35.6045,32.0121,5304.24,5427.55,8.51251,4.09499,4.41247,0.982983,0.976825,171.059,122.829,4.09499,4.41247,137674
5054.0,0.754962,1.00027,0.0440084,1.00027,119684,130126,358.665,373.039,391.844,35.5654,32.0573,5290.64,5427.55,8.51251,4.08877,4.41894,0.982968,0.976839,172.62,122.616,4.08877,4.41894,137690
5056.0,0.75497,1.00031,0.0439982,1.00031,119700,130127,358.67,373.009,391.845,35.5374,32.0862,5281.18,5427.55,8.51251,4.08581,4.42295,0.982953,0.976856,175.282,122.547,4.08581,4.42295,137691
5058.0,0.754994,1.00037,0.0439891,1.00037,119728,130106,358.678,372.98,391.84,35.5388,32.0951,5282.06,5427.55,8.51251,4.08644,4.42404,0.982938,0.976871,175.216,122.578,4.08644,4.42404,137670
5060.0,0.755109,1.00024,0.0439845,1.00024,119824,130063,358.706,372.966,391.829,35.5438,32.1091,5284.03,5427.55,8.51251,4.08864,4.42548,0.982922,0.976892,177.802,122.64,4.08864,4.42548,137626
5062.0,0.755332,1.00002,0.0439847,1.00002,120001,130011,358.757,372.972,391.815,35.5669,32.0828,5292.21,5427.55,8.51251,4.0943,4.4212,0.982905,0.976916,179.881,122.845,4.0943,4.4212,137573
5064.0,0.755554,0.999806,0.0439896,0.999806,120171,129961,358.806,372.994,391.802,35.6123,32.039,5307.83,5427.55,8.51251,4.1024,4.41454,0.982889,0.976942,179.629,123.115,4.1024,4.41454,137521
5066.0,0.755671,0.999684,0.0439989,0.999684,120256,129921,358.83,373.026,391.791,35.6577,31.9962,5323.09,5427.55,8.51251,4.10907,4.40817,0.982872,0.976966,177.35,123.32,4.10907,4.40817,137480
5068.0,0.755637,0.999699,0.04401,0.999699,120223,129895,358.821,373.061,391.785,35.6828,31.9706,5331.03,5427.55,8.51251,4.1114,4.40443,0.982855,0.976987,174.262,123.368,4.1114,4.40443,137455
5070.0,0.755466,0.999779,0.0440195,0.999779,120086,129887,358.782,373.088,391.783,35.6779,31.9726,5328.51,5427.55,8.51251,4.10849,4.40469,0.982839,0.977005,171.914,123.232,4.10849,4.40469,137447
5072.0,0.75531,0.999913,0.044025,0.999913,119964,129903,358.748,373.104,391.789,35.6453,31.9878,5316.55,5427.55,8.51251,4.10267,4.40704,0.982823,0.977022,171.936,123.045,4.10267,4.40704,137464
5074.0,0.755093,1.00013,0.0440226,1.00013,119800,129934,358.701,373.099,391.798,35.6151,32.0144,5305.81,5427.55,8.51251,4.09639,4.41115,0.982808,0.977036,170.264,122.834,4.09639,4.41115,137497
5076.0,0.754895,1.00035,0.0440147,1.00035,119654,129968,358.66,373.076,391.809,35.5723,32.0589,5290.93,5427.55,8.51251,4.089,4.41777,0.982793,0.977048,170.859,122.58,4.089,4.41777,137532
5078.0,0.754747,1.00057,0.044003,1.00057,119552,129992,358.631,373.041,391.816,35.5327,32.1046,5277.51,5427.55,8.51251,4.0827,4.42447,0.982778,0.977059,171.574,122.383,4.0827,4.42447,137558
5080.0,0.754728,1.00061,0.0439896,1.00061,119550,129995,358.631,373.007,391.818,35.5028,32.151,5267.7,5427.55,8.51251,4.07924,4.43092,0.982763,0.977074,174.481,122.275,4.07924,4.43092,137561
5082.0,0.754764,1.00067,0.0439782,1.00067,119592,129975,358.643,372.975,391.812,35.4982,32.1606,5266.78,5427.55,8.51251,4.0794,4.43212,0.982747,0.977087,175.095,122.3,4.0794,4.43212,137541
5084.0,0.754906,1.00051,0.0439721,1.00051,119713,129931,358.678,372.961,391.801,35.5049,32.1767,5269.7,5427.55,8.51251,4.08222,4.43381,0.982731,0.977107,178.076,122.383,4.08222,4.43381,137497
5086.0,0.75517,1.00026,0.0439719,1.00026,119924,129879,358.739,372.967,391.787,35.533,32.1469,5279.86,5427.55,8.51251,4.08901,4.42901,0.982715,0.977131,180.405,122.629,4.08901,4.42901,137443
5088.0,0.755427,1.00003,0.0439771,1.00003,120123,129828,358.796,372.993,391.773,35.5858,32.0977,5298.31,5427.55,8.51251,4.09847,4.42157,0.982698,0.977156,180.086,122.944,4.09847,4.42157,137390
5090.0,0.755562,0.99989,0.0439876,0.99989,120223,129788,358.825,373.031,391.763,35.638,32.0504,5316.1,5427.55,8.51251,4.10617,4.41458,0.982681,0.977179,177.442,123.18,4.10617,4.41458,137349
5092.0,0.755518,0.999921,0.0439997,0.999921,120183,129764,358.814,373.072,391.757,35.6664,32.0232,5325.29,5427.55,8.51251,4.10875,4.41064,0.982664,0.977199,173.698,123.235,4.10875,4.41064,137325
5094.0,0.755317,1.00002,0.0440093,1.00002,120023,129759,358.769,373.103,391.756,35.6592,32.0291,5322.06,5427.55,8.51251,4.1052,4.4115,0.982648,0.977216,171.168,123.068,4.1052,4.4115,137321
5096.0,0.755093,1.00024,0.0440133,1.00024,119851,129780,358.72,373.118,391.763,35.6202,32.0496,5308.05,5427.55,8.51251,4.09779,4.4147,0.982633,0.977229,170.448,122.821,4.09779,4.4147,137344
5098.0,0.754863,1.00048,0.0440092,1.00048,119680,129818,358.671,373.11,391.774,35.576,32.0945,5292.65,5427.55,8.51251,4.08979,4.42141,0.982617,0.97724,169.97,122.56,4.08979,4.42141,137383
5100.0,0.754639,1.00074,0.0439982,1.00074,119518,129859,358.625,373.082,391.787,35.53,32.1441,5277.01,5427.55,8.51251,4.08175,4.42884,0.982602,0.97725,169.877,122.295,4.08175,4.42884,137427
5102.0,0.754497,1.00096,0.0439835,1.00096,119423,129889,358.598,373.042,391.795,35.4845,32.1998,5261.85,5427.55,8.51251,4.07492,4.43696,0.982588,0.977259,171.488,122.079,4.07492,4.43696,137458
5104.0,0.754437,1.00107,0.043968,1.00107,119395,129893,358.59,372.999,391.797,35.455,32.2468,5252.53,5427.55,8.51251,4.07105,4.44356,0.982573,0.97727,173.198,121.959,4.07105,4.44356,137462
5106.0,0.754499,1.00108,0.0439552,1.00108,119460,129868,358.609,372.965,391.791,35.4418,32.2732,5248.96,5427.55,8.51251,4.07063,4.447,0.982557,0.977283,175.532,121.964,4.07063,4.447,137438
5108.0,0.754719,1.00085,0.0439492,1.00085,119644,129820,358.663,372.951,391.778,35.4527,32.2801,5253.72,5427.55,8.51251,4.075,4.44732,0.982542,0.977303,179.389,122.114,4.075,4.44732,137388
5110.0,0.754952,1.00073,0.0439482,1.00073,119833,129761,358.717,372.955,391.761,35.4958,32.238,5269.36,5427.55,8.51251,4.08314,4.44089,0.982525,0.977321,178.577,122.413,4.08314,4.44089,137328
5112.0,0.755079,1.00059,0.0439531,1.00059,119935,129695,358.746,372.977,391.743,35.542,32.2168,5285.68,5427.55,8.51251,4.09016,4.43727,0.982509,0.977341,176.947,122.61,4.09016,4.43727,137262
5114.0,0.75517,1.00039,0.0439643,1.00039,120006,129639,358.767,373.013,391.728,35.5675,32.1919,5294.5,5427.55,8.51251,4.0943,4.43318,0.982492,0.977363,177.043,122.715,4.0943,4.43318,137204
5116.0,0.755226,1.00036,0.0439764,1.00036,120049,129612,358.78,373.054,391.721,35.586,32.1529,5300.8,5427.55,8.51251,4.09717,4.42754,0.982476,0.977382,175.45,122.827,4.09717,4.42754,137177
5118.0,0.755146,1.00036,0.043986,1.00036,119986,129611,358.762,373.087,391.722,35.5979,32.1487,5304.72,5427.55,8.51251,4.09745,4.42693,0.982459,0.9774,172.891,122.804,4.09745,4.42693,137176
5120.0,0.754959,1.00055,0.0439905,1.00055,119843,129636,358.721,373.105,391.73,35.5824,32.1492,5299.13,5427.55,8.51251,4.09324,4.42739,0.982444,0.977413,170.307,122.655,4.09324,4.42739,137202
5122.0,0.754723,1.00078,0.0439889,1.00078,119667,129675,358.672,373.104,391.742,35.5451,32.1912,5286.23,5427.55,8.51251,4.08597,4.43371,0.982428,0.977423,169.496,122.397,4.08597,4.43371,137243
5124.0,0.754568,1.00089,0.0439828,1.00089,119559,129721,358.641,373.091,391.755,35.4977,32.2403,5270.16,5427.55,8.51251,4.07867,4.44094,0.982413,0.977436,171.551,122.153,4.07867,4.44094,137289
5126.0,0.754511,1.00106,0.0439724,1.00106,119529,129764,358.633,373.066,391.768,35.4657,32.2644,5259.81,5427.55,8.51251,4.07449,4.44477,0.982398,0.977447,172.667,122.053,4.07449,4.44477,137333
5128.0,0.754438,1.00118,0.0439613,1.00118,119486,129784,358.621,373.034,391.774,35.4533,32.303,5256.37,5427.55,8.51251,4.07232,4.45037,0.982382,0.977457,172.625,121.966,4.07232,4.45037,137355
5130.0,0.75447,1.00117,0.0439521,1.00117,119526,129781,358.632,373.01,391.774,35.4373,32.3319,5251.67,5427.55,8.51251,4.07116,4.45432,0.982367,0.977471,174.749,121.942,4.07116,4.45432,137352
5132.0,0.754541,1.00116,0.0439454,1.00116,119594,129755,358.652,372.995,391.767,35.4423,32.3361,5254.35,5427.55,8.51251,4.07288,4.45465,0.982351,0.977484,175.442,122.006,4.07288,4.45465,137326
5134.0,0.7547,1.00099,0.0439439,1.00099,119728,129714,358.691,372.996,391.756,35.4552,32.3385,5259.61,5427.55,8.51251,4.07662,4.45446,0.982335,0.977503,177.772,122.127,4.07662,4.45446,137283
5136.0,0.754901,1.0008,0.0439462,1.0008,119889,129672,358.737,373.013,391.745,35.4862,32.3072,5270.93,5427.55,8.51251,4.08291,4.4496,0.982319,0.977523,178.455,122.346,4.08291,4.4496,137240
5138.0,0.755027,1.00069,0.0439517,1.00069,119989,129637,358.766,373.04,391.736,35.5258,32.273,5285,5427.55,8.51251,4.08915,4.44448,0.982302,0.977542,176.548,122.55,4.08915,4.44448,137205
5140.0,0.755003,1.0007,0.0439596,1.0007,119970,129614,358.761,373.07,391.73,35.551,32.2537,5293.75,5427.55,8.51251,4.09173,4.44164,0.982286,0.977558,173.357,122.611,4.09173,4.44164,137182
5142.0,0.754861,1.00076,0.0439662,1.00076,119862,129605,358.73,373.095,391.728,35.5463,32.2601,5292.02,5427.55,8.51251,4.08934,4.44249,0.98227,0.977573,171.638,122.491,4.08934,4.44249,137173
5144.0,0.754745,1.00087,0.0439699,1.00087,119777,129619,358.707,373.112,391.733,35.5178,32.2748,5282.23,5427.55,8.51251,4.08462,4.44472,0.982254,0.977586,171.762,122.349,4.08462,4.44472,137188
5146.0,0.754563,1.00106,0.0439678,1.00106,119644,129645,358.669,373.111,391.741,35.4941,32.2999,5274.4,5427.55,8.51251,4.07964,4.44857,0.982238,0.977596,170.171,122.178,4.07964,4.44857,137215
5148.0,0.754386,1.00124,0.0439612,1.00124,119519,129677,358.633,373.095,391.75,35.4569,32.3426,5262.05,5427.55,8.51251,4.07325,4.45488,0.982223,0.977605,170.394,121.96,4.07325,4.45488,137248
5150.0,0.754257,1.00143,0.0439512,1.00143,119434,129702,358.609,373.069,391.758,35.4202,32.3844,5250.17,5427.55,8.51251,4.06759,4.46102,0.982208,0.977613,171.139,121.784,4.06759,4.46102,137275
5152.0,0.754242,1.00144,0.0439419,1.00144,119439,129713,358.611,373.042,391.762,35.3926,32.4274,5241.68,5427.55,8.51251,4.0645,4.46704,0.982193,0.977625,173.868,121.688,4.0645,4.46704,137285
5154.0,0.754331,1.0014,0.0439341,1.0014,119523,129707,358.636,373.021,391.761,35.3878,32.4346,5241.17,5427.55,8.51251,4.06537,4.46794,0.982177,0.977638,175.533,121.745,4.06537,4.46794,137280
5156.0,0.754415,1.00137,0.0439289,1.00137,119601,129681,358.658,373.008,391.754,35.4037,32.4339,5247.75,5427.55,8.51251,4.0685,4.46759,0.982162,0.977651,175.328,121.849,4.0685,4.46759,137254
5158.0,0.754562,1.00119,0.0439291,1.00119,119725,129642,358.694,373.013,391.743,35.4189,32.4332,5253.87,5427.55,8.51251,4.07234,4.46698,0.982145,0.977668,177.323,121.966,4.07234,4.46698,137214
5160.0,0.754745,1.00101,0.0439332,1.00101,119873,129604,358.737,373.033,391.733,35.4471,32.4021,5264.33,5427.55,8.51251,4.07807,4.4622,0.982129,0.977687,177.695,122.172,4.07807,4.4622,137174
5162.0,0.754842,1.00092,0.0439406,1.00092,119951,129573,358.759,373.061,391.725,35.4828,32.3707,5277.15,5427.55,8.51251,4.08348,4.45751,0.982112,0.977704,175.658,122.345,4.08348,4.45751,137143
5164.0,0.754793,1.00097,0.043949,1.00097,119913,129555,358.749,373.089,391.721,35.5017,32.3565,5283.89,5427.55,8.51251,4.08502,4.45545,0.982096,0.977718,172.499,122.376,4.08502,4.45545,137125
5166.0,0.754702,1.00094,0.0439563,1.00094,119846,129554,358.73,373.115,391.721,35.4913,32.3702,5280.43,5427.55,8.51251,4.08268,4.45728,0.98208,0.977734,172.707,122.261,4.08268,4.45728,137123
5168.0,0.75462,1.00103,0.04396,1.00103,119788,129576,358.714,373.132,391.728,35.4726,32.3678,5274.22,5427.55,8.51251,4.07954,4.45721,0.982064,0.977747,171.947,122.185,4.07954,4.45721,137146
5170.0,0.75445,1.00121,0.0439585,1.00121,119663,129609,358.678,373.131,391.738,35.4554,32.3906,5268.76,5427.55,8.51251,4.07545,4.46078,0.982049,0.977756,170.201,122.032,4.07545,4.46078,137180
5172.0,0.754281,1.00138,0.0439524,1.00138,119543,129644,358.644,373.118,391.748,35.4203,32.4305,5257.16,5427.55,8.51251,4.06937,4.46673,0.982033,0.977765,170.248,121.829,4.06937,4.46673,137216
5174.0,0.754144,1.00156,0.0439433,1.00156,119451,129671,358.618,373.095,391.757,35.3847,32.4709,5245.76,5427.55,8.51251,4.06374,4.4727,0.982018,0.977772,170.695,121.653,4.06374,4.4727,137245
5176.0,0.754123,1.00156,0.0439336,1.00156,119451,129684,358.619,373.071,391.761,35.3554,32.5132,5236.72,5427.55,8.51251,4.06036,4.47862,0.982003,0.977783,173.579,121.544,4.06036,4.47862,137258
5178.0,0.75421,1.00153,0.0439249,1.00153,119533,129682,358.643,373.052,391.761,35.3489,32.5193,5235.72,5427.55,8.51251,4.06099,4.47941,0.981987,0.977796,175.272,121.598,4.06099,4.47941,137256
5180.0,0.754267,1.00154,0.0439187,1.00154,119589,129661,358.659,373.038,391.755,35.3641,32.5186,5242.14,5427.55,8.51251,4.06368,4.47914,0.981972,0.977807,174.386,121.69,4.06368,4.47914,137235
5182.0,0.75437,1.00139,0.0439171,1.00139,119679,129626,358.685,373.04,391.746,35.3736,32.528,5246.38,5427.55,8.51251,4.06629,4.47998,0.981956,0.977822,176.269,121.757,4.06629,4.47998,137198
5184.0,0.754533,1.00123,0.0439202,1.00123,119814,129589,358.724,373.056,391.736,35.3924,32.5033,5253.75,5427.55,8.51251,4.07072,4.4761,0.981939,0.977839,177.107,121.927,4.07072,4.4761,137161
5186.0,0.754629,1.00114,0.0439258,1.00114,119892,129560,358.747,373.079,391.728,35.4238,32.4755,5265.3,5427.55,8.51251,4.07563,4.47192,0.981923,0.977855,175.402,122.088,4.07563,4.47192,137130
5188.0,0.754601,1.00116,0.0439328,1.00116,119873,129540,358.741,373.104,391.723,35.4418,32.462,5271.95,5427.55,8.51251,4.07738,4.46992,0.981907,0.977868,172.675,122.133,4.07738,4.46992,137111
5190.0,0.754531,1.00112,0.0439394,1.00112,119822,129535,358.727,373.127,391.722,35.4354,32.4727,5270.05,5427.55,8.51251,4.07578,4.4713,0.98189,0.977883,172.714,122.048,4.07578,4.4713,137106
5192.0,0.754488,1.00113,0.0439438,1.00113,119794,129551,358.72,373.145,391.728,35.4203,32.469,5265.27,5427.55,8.51251,4.07356,4.47092,0.981874,0.977896,173.035,121.987,4.07356,4.47092,137122
5194.0,0.754367,1.0013,0.0439442,1.0013,119706,129581,358.695,373.148,391.737,35.4104,32.4743,5262.44,5427.55,8.51251,4.07094,4.47205,0.981859,0.977905,170.607,121.911,4.07094,4.47205,137153
5196.0,0.754192,1.00146,0.0439406,1.00146,119580,129611,358.659,373.14,391.746,35.3847,32.5138,5254.19,5427.55,8.51251,4.06585,4.4779,0.981843,0.977914,169.906,121.723,4.06585,4.4779,137184
5198.0,0.754052,1.00162,0.0439339,1.00162,119485,129637,358.632,373.122,391.753,35.3479,32.5519,5242.34,5427.55,8.51251,4.06001,4.48351,0.981828,0.977921,170.459,121.54,4.06001,4.48351,137211
5200.0,0.754029,1.00161,0.043926,1.00161,119481,129651,358.631,373.103,391.758,35.3177,32.5916,5233.03,5427.55,8.51251,4.05647,4.48909,0.981813,0.977931,173.352,121.428,4.05647,4.48909,137225
5202.0,0.754108,1.00158,0.0439185,1.00158,119557,129655,358.653,373.087,391.76,35.3104,32.596,5231.8,5427.55,8.51251,4.0569,4.48968,0.981797,0.977943,174.963,121.475,4.0569,4.48968,137229
5204.0,0.754205,1.00151,0.0439139,1.00151,119643,129645,358.678,373.077,391.758,35.3238,32.5955,5237.66,5427.55,8.51251,4.05989,4.48946,0.981781,0.977956,175.367,121.578,4.05989,4.48946,137219
5206.0,0.754268,1.00147,0.043912,1.00147,119700,129621,358.695,373.076,391.751,35.3411,32.5884,5244.64,5427.55,8.51251,4.06284,4.48823,0.981765,0.977968,174.438,121.678,4.06284,4.48823,137194
5208.0,0.754341,1.00135,0.043914,1.00135,119764,129590,358.714,373.088,391.743,35.3517,32.587,5249.17,5427.55,8.51251,4.06513,4.48765,0.981749,0.977983,175.097,121.745,4.06513,4.48765,137163
5210.0,0.754411,1.00128,0.0439185,1.00128,119824,129563,358.731,373.107,391.736,35.3645,32.5684,5254.39,5427.55,8.51251,4.06761,4.48478,0.981733,0.977997,174.77,121.837,4.06761,4.48478,137135
5212.0,0.754393,1.00131,0.0439226,1.00131,119815,129545,358.729,373.126,391.731,35.377,32.5589,5259.37,5427.55,8.51251,4.06888,4.48334,0.981717,0.978008,172.753,121.873,4.06888,4.48334,137117
5214.0,0.754357,1.00125,0.0439267,1.00125,119791,129539,358.723,373.143,391.73,35.372,32.5701,5258.2,5427.55,8.51251,4.06789,4.48476,0.981701,0.978022,173.164,121.817,4.06789,4.48476,137111
5216.0,0.754354,1.00122,0.04393,1.00122,119795,129552,358.724,373.158,391.734,35.363,32.5625,5255.74,5427.55,8.51251,4.06692,4.48378,0.981685,0.978035,173.553,121.802,4.06692,4.48378,137123
5218.0,0.754309,1.0013,0.0439309,1.0013,119766,129577,358.716,373.165,391.742,35.3608,32.5626,5255.69,5427.55,8.51251,4.06617,4.48407,0.981669,0.978046,172.009,121.793,4.06617,4.48407,137149
5220.0,0.754187,1.00138,0.0439296,1.00138,119678,129602,358.691,373.163,391.749,35.3502,32.5838,5252.73,5427.55,8.51251,4.06346,4.48728,0.981653,0.978055,171.046,121.674,4.06346,4.48728,137174
5222.0,0.754105,1.00146,0.0439259,1.00146,119623,129624,358.676,373.156,391.756,35.3238,32.6061,5244.39,5427.55,8.51251,4.0595,4.49061,0.981638,0.978065,171.918,121.551,4.0595,4.49061,137197
5224.0,0.754109,1.00145,0.0439221,1.00145,119637,129642,358.68,373.15,391.762,35.3051,32.628,5238.92,5427.55,8.51251,4.05759,4.49376,0.981622,0.978076,173.568,121.508,4.05759,4.49376,137215
5226.0,0.754158,1.00143,0.0439182,1.00143,119684,129653,358.694,373.143,391.766,35.3037,32.6319,5239.53,5427.55,8.51251,4.05822,4.49436,0.981606,0.978087,174.266,121.546,4.05822,4.49436,137226
5228.0,0.754216,1.00138,0.0439153,1.00138,119737,129656,358.709,373.14,391.767,35.3113,32.6326,5243.14,5427.55,8.51251,4.05997,4.49443,0.98159,0.9781,174.5,121.607,4.05997,4.49443,137228
5230.0,0.754273,1.00132,0.043914,1.00132,119787,129650,358.724,373.144,391.766,35.3207,32.6293,5247.3,5427.55,8.51251,4.0619,4.49385,0.981574,0.978113,174.533,121.673,4.0619,4.49385,137222
5232.0,0.754324,1.00125,0.0439149,1.00125,119832,129641,358.737,373.154,391.764,35.3302,32.6226,5251.37,5427.55,8.51251,4.06373,4.49278,0.981558,0.978126,174.486,121.734,4.06373,4.49278,137212
5234.0,0.754366,1.00118,0.0439172,1.00118,119868,129632,358.748,373.169,391.762,35.3386,32.614,5254.98,5427.55,8.51251,4.0653,4.49143,0.981542,0.978139,174.341,121.787,4.0653,4.49143,137203
5236.0,0.754395,1.00113,0.0439203,1.00113,119893,129629,358.755,373.186,391.762,35.3453,32.6051,5257.9,5427.55,8.51251,4.06648,4.49013,0.981525,0.978153,174.205,121.825,4.06648,4.49013,137200
5238.0,0.754399,1.00111,0.043923,1.00111,119899,129636,358.757,373.201,391.764,35.3495,32.5985,5259.95,5427.55,8.51251,4.06706,4.48923,0.981509,0.978166,173.559,121.848,4.06706,4.48923,137206
5240.0,0.754378,1.0011,0.0439249,1.0011,119884,129651,358.754,373.214,391.769,35.3489,32.5985,5260.28,5427.55,8.51251,4.06674,4.48935,0.981493,0.978178,173.089,121.835,4.06674,4.48935,137221
5242.0,0.75435,1.0011,0.0439263,1.0011,119866,129673,358.749,373.223,391.776,35.343,32.6011,5258.79,5427.55,8.51251,4.06574,4.48989,0.981477,0.978191,172.993,121.805,4.06574,4.48989,137243
5244.0,0.754267,1.00119,0.0439258,1.00119,119805,129696,358.732,373.225,391.783,35.3359,32.6069,5256.94,5427.55,8.51251,4.0639,4.49095,0.981461,0.9782,171.692,121.743,4.0639,4.49095,137266
5246.0,0.75423,1.0012,0.0439241,1.0012,119781,129717,358.725,373.224,391.79,35.3175,32.6296,5251.22,5427.55,8.51251,4.06137,4.49427,0.981445,0.978211,172.978,121.66,4.06137,4.49427,137288
5248.0,0.754243,1.00119,0.0439216,1.00119,119797,129737,358.73,373.222,391.796,35.308,32.6364,5248.74,5427.55,8.51251,4.06055,4.49535,0.981429,0.978223,173.808,121.652,4.06055,4.49535,137308
5250.0,0.754267,1.00117,0.0439192,1.00117,119821,129751,358.737,373.219,391.801,35.3088,32.6394,5249.79,5427.55,8.51251,4.06102,4.49586,0.981413,0.978235,173.958,121.676,4.06102,4.49586,137322
5252.0,0.754298,1.00114,0.0439172,1.00114,119849,129759,358.746,373.219,391.803,35.3117,32.6402,5251.56,5427.55,8.51251,4.06183,4.49599,0.981397,0.978247,174.096,121.708,4.06183,4.49599,137329
5254.0,0.754334,1.00109,0.0439165,1.00109,119880,129759,358.755,373.224,391.804,35.3161,32.6384,5253.78,5427.55,8.51251,4.06285,4.49569,0.98138,0.978259,174.247,121.746,4.06285,4.49569,137329
5256.0,0.754372,1.00103,0.0439171,1.00103,119911,129756,358.764,373.232,391.804,35.3215,32.6333,5256.29,5427.55,8.51251,4.064,4.4949,0.981364,0.978272,174.317,121.788,4.064,4.4949,137326
5258.0,0.754404,1.00098,0.0439186,1.00098,119937,129754,358.772,373.243,391.804,35.3274,32.6261,5258.9,5427.55,8.51251,4.06511,4.49382,0.981348,0.978286,174.22,121.828,4.06511,4.49382,137322
5260.0,0.754432,1.00092,0.0439207,1.00092,119960,129754,358.779,373.255,391.804,35.3322,32.6186,5261.1,5427.55,8.51251,4.06604,4.49273,0.981331,0.978299,174.173,121.863,4.06604,4.49273,137322
5262.0,0.754446,1.00089,0.0439229,1.00089,119971,129760,358.782,373.267,391.807,35.3364,32.6122,5263.04,5427.55,8.51251,4.0667,4.49185,0.981315,0.978312,173.909,121.886,4.0667,4.49185,137328
5264.0,0.754448,1.00086,0.0439251,1.00086,119973,129771,358.783,373.278,391.811,35.3377,32.6081,5263.94,5427.55,8.51251,4.06687,4.49135,0.981298,0.978325,173.711,121.894,4.06687,4.49135,137339
5266.0,0.754447,1.00084,0.0439269,1.00084,119972,129786,358.783,373.287,391.816,35.3367,32.6064,5264.03,5427.55,8.51251,4.06675,4.49122,0.981282,0.978337,173.639,121.895,4.06675,4.49122,137354
5268.0,0.754434,1.00083,0.0439285,1.00083,119962,129805,358.781,373.294,391.821,35.3352,32.6067,5263.95,5427.55,8.51251,4.06639,4.49139,0.981265,0.97835,173.411,121.884,4.06639,4.49139,137372
5270.0,0.754421,1.00083,0.0439294,1.00083,119953,129823,358.778,373.298,391.827,35.331,32.6083,5262.94,5427.55,8.51251,4.06575,4.49175,0.981249,0.978362,173.448,121.868,4.06575,4.49175,137391
5272.0,0.754416,1.00082,0.0439296,1.00082,119949,129841,358.778,373.302,391.833,35.3271,32.6102,5262.06,5427.55,8.51251,4.06524,4.49214,0.981233,0.978374,173.585,121.858,4.06524,4.49214,137408
5274.0,0.754422,1.0008,0.043929,1.0008,119954,129855,358.779,373.304,391.838,35.3246,32.6116,5261.66,5427.55,8.51251,4.06502,4.49244,0.981216,0.978386,173.813,121.857,4.06502,4.49244,137423
5276.0,0.754441,1.00078,0.0439279,1.00078,119970,129867,358.784,373.307,391.841,35.3243,32.6119,5262.03,5427.55,8.51251,4.06524,4.49254,0.9812,0.978399,174.017,121.874,4.06524,4.49254,137433
5278.0,0.754462,1.00075,0.0439268,1.00075,119986,129874,358.789,373.31,391.844,35.3267,32.6105,5263.34,5427.55,8.51251,4.06579,4.49237,0.981183,0.978411,174.164,121.894,4.06579,4.49237,137441
5280.0,0.754485,1.00071,0.0439261,1.00071,120002,129879,358.794,373.315,391.846,35.3295,32.6072,5264.74,5427.55,8.51251,4.06638,4.49191,0.981167,0.978424,174.199,121.919,4.06638,4.49191,137445
5282.0,0.754506,1.00067,0.0439261,1.00067,120018,129882,358.799,373.322,391.848,35.3326,32.6026,5266.22,5427.55,8.51251,4.06701,4.49126,0.98115,0.978437,174.211,121.945,4.06701,4.49126,137448
5284.0,0.754525,1.00063,0.0439264,1.00063,120031,129886,358.803,373.33,391.849,35.3357,32.5973,5267.64,5427.55,8.51251,4.06757,4.4905,0.981133,0.97845,174.17,121.968,4.06757,4.4905,137451
5286.0,0.754538,1.0006,0.043927,1.0006,120039,129890,358.806,373.338,391.851,35.3382,32.5918,5268.84,5427.55,8.51251,4.06799,4.48975,0.981117,0.978463,174.037,121.986,4.06799,4.48975,137456
5288.0,0.754537,1.00058,0.0439275,1.00058,120037,129896,358.806,373.346,391.854,35.3396,32.5886,5269.62,5427.55,8.51251,4.06811,4.48933,0.9811,0.978475,173.826,121.991,4.06811,4.48933,137462
5290.0,0.754526,1.00057,0.0439279,1.00057,120026,129904,358.803,373.352,391.856,35.3383,32.5877,5269.47,5427.55,8.51251,4.06777,4.48925,0.981084,0.978487,173.58,121.984,4.06777,4.48925,137469
5292.0,0.754514,1.00056,0.0439282,1.00056,120016,129913,358.8,373.357,391.859,35.3348,32.5875,5268.57,5427.55,8.51251,4.06719,4.48927,0.981067,0.9785,173.581,121.97,4.06719,4.48927,137478
5294.0,0.754506,1.00055,0.0439283,1.00055,120008,129922,358.798,373.361,391.863,35.3314,32.5877,5267.69,5427.55,8.51251,4.06665,4.48936,0.98105,0.978512,173.622,121.958,4.06665,4.48936,137487
5296.0,0.75451,1.00052,0.0439279,1.00052,120010,129931,358.799,373.363,391.866,35.3284,32.588,5267,5427.55,8.51251,4.06634,4.48944,0.981034,0.978524,173.944,121.954,4.06634,4.48944,137496
5298.0,0.754526,1.00049,0.0439274,1.00049,120022,129938,358.803,373.366,391.868,35.328,32.5851,5267.22,5427.55,8.51251,4.06648,4.48907,0.981017,0.978536,174.148,121.967,4.06648,4.48907,137503
5300.0,0.754547,1.00046,0.043927,1.00046,120036,129944,358.807,373.369,391.871,35.33,32.5816,5268.27,5427.55,8.51251,4.06695,4.48859,0.981001,0.978549,174.265,121.988,4.06695,4.48859,137508
5302.0,0.75457,1.00042,0.0439273,1.00042,120052,129947,358.812,373.374,391.872,35.333,32.577,5269.61,5427.55,8.51251,4.06755,4.48794,0.980984,0.978562,174.324,122.013,4.06755,4.48794,137511
5304.0,0.754588,1.00038,0.0439283,1.00038,120064,129949,358.816,373.38,391.873,35.3365,32.5714,5271.07,5427.55,8.51251,4.06815,4.48713,0.980967,0.978575,174.259,122.037,4.06815,4.48713,137513
5306.0,0.754606,1.00034,0.0439299,1.00034,120074,129951,358.819,373.387,391.874,35.3392,32.5649,5272.25,5427.55,8.51251,4.06863,4.4862,0.98095,0.978588,174.275,122.056,4.06863,4.4862,137514
5308.0,0.75462,1.0003,0.0439316,1.0003,120082,129954,358.822,373.395,391.876,35.3416,32.5581,5273.3,5427.55,8.51251,4.06904,4.48524,0.980933,0.978601,174.212,122.075,4.06904,4.48524,137517
5310.0,0.754629,1.00027,0.0439332,1.00027,120086,129958,358.824,373.402,391.878,35.3435,32.5516,5274.17,5427.55,8.51251,4.06931,4.48434,0.980917,0.978614,174.107,122.088,4.06931,4.48434,137521
5312.0,0.754636,1.00024,0.0439345,1.00024,120088,129965,358.824,373.409,391.88,35.3443,32.5458,5274.63,5427.55,8.51251,4.06944,4.48356,0.9809,0.978627,174.152,122.095,4.06944,4.48356,137527
5314.0,0.754646,1.00021,0.0439355,1.00021,120092,129973,358.826,373.415,391.883,35.3448,32.5408,5274.97,5427.55,8.51251,4.06956,4.48291,0.980883,0.97864,174.195,122.105,4.06956,4.48291,137535
5316.0,0.754648,1.00019,0.0439361,1.00019,120091,129982,358.826,373.42,391.886,35.3459,32.5365,5275.51,5427.55,8.51251,4.06965,4.48235,0.980866,0.978652,174.047,122.112,4.06965,4.48235,137544
5318.0,0.754647,1.00016,0.0439364,1.00016,120086,129991,358.825,373.425,391.889,35.3455,32.5324,5275.52,5427.55,8.51251,4.06952,4.48184,0.980849,0.978665,173.928,122.113,4.06952,4.48184,137552
5320.0,0.754646,1.00014,0.0439367,1.00014,120082,129999,358.824,373.43,391.892,35.3444,32.5283,5275.29,5427.55,8.51251,4.06932,4.48131,0.980832,0.978678,173.907,122.113,4.06932,4.48131,137560
5322.0,0.754649,1.00011,0.0439368,1.00011,120081,130006,358.824,373.434,391.895,35.3433,32.524,5275.1,5427.55,8.51251,4.06918,4.48074,0.980816,0.978691,174.004,122.113,4.06918,4.48074,137567
5324.0,0.754652,1.00008,0.0439367,1.00008,120081,130012,358.825,373.438,391.897,35.343,32.5193,5275.14,5427.55,8.51251,4.06912,4.48011,0.980799,0.978704,174.071,122.114,4.06912,4.48011,137573
5326.0,0.754665,1.00005,0.0439368,1.00005,120088,130017,358.827,373.441,391.899,35.3427,32.5142,5275.22,5427.55,8.51251,4.06921,4.4794,0.980782,0.978717,174.347,122.122,4.06921,4.4794,137577
5328.0,0.75468,1.00002,0.0439373,1.00002,120096,130020,358.83,373.445,391.901,35.3445,32.5085,5276,5427.55,8.51251,4.06955,4.4786,0.980765,0.97873,174.332,122.14,4.06955,4.4786,137581
5330.0,0.754696,0.999986,0.0439386,0.999986,120105,130022,358.832,373.45,391.902,35.3468,32.5022,5276.9,5427.55,8.51251,4.06994,4.47771,0.980748,0.978743,174.36,122.157,4.06994,4.47771,137583
5332.0,0.754711,0.999951,0.0439402,0.999951,120112,130024,358.835,373.455,391.903,35.3491,32.4955,5277.84,5427.55,8.51251,4.07034,4.47675,0.980731,0.978756,174.36,122.175,4.07034,4.47675,137584
5334.0,0.754724,0.999916,0.0439423,0.999916,120118,130026,358.837,373.461,391.904,35.3514,32.4884,5278.71,5427.55,8.51251,4.07069,4.47575,0.980714,0.978769,174.334,122.191,4.07069,4.47575,137585
5336.0,0.754726,0.9999,0.0439444,0.9999,120116,130028,358.837,373.466,391.905,35.3533,32.4811,5279.44,5427.55,8.51251,4.07087,4.47474,0.980697,0.978782,174.116,122.2,4.07087,4.47474,137587
5338.0,0.754714,0.999884,0.0439463,0.999884,120102,130030,358.833,373.471,391.906,35.3531,32.4776,5279.45,5427.55,8.51251,4.07061,4.47425,0.98068,0.978794,173.826,122.193,4.07061,4.47425,137589
5340.0,0.754702,0.99987,0.0439479,0.99987,120090,130032,358.83,373.475,391.908,35.35,32.4741,5278.44,5427.55,8.51251,4.07004,4.47377,0.980663,0.978807,173.832,122.179,4.07004,4.47377,137592
5342.0,0.754693,0.999857,0.0439487,0.999857,120079,130035,358.827,373.478,391.909,35.3469,32.471,5277.48,5427.55,8.51251,4.0695,4.47333,0.980646,0.978819,173.854,122.167,4.0695,4.47333,137594
5344.0,0.754695,0.999829,0.0439491,0.999829,120078,130038,358.827,373.48,391.911,35.3443,32.4679,5276.69,5427.55,8.51251,4.06917,4.47291,0.98063,0.978832,174.167,122.16,4.06917,4.47291,137597
5346.0,0.754707,0.9998,0.0439492,0.9998,120084,130041,358.829,373.481,391.912,35.344,32.4617,5276.7,5427.55,8.51251,4.06923,4.47203,0.980613,0.978845,174.387,122.168,4.06923,4.47203,137600
5348.0,0.754726,0.999768,0.0439492,0.999768,120096,130042,358.833,373.484,391.913,35.3456,32.4552,5277.41,5427.55,8.51251,4.06962,4.47111,0.980596,0.978858,174.473,122.188,4.06962,4.47111,137601
5350.0,0.754747,0.999733,0.0439494,0.999733,120108,130042,358.837,373.487,391.913,35.3489,32.4481,5278.62,5427.55,8.51251,4.07019,4.47008,0.980579,0.978871,174.522,122.211,4.07019,4.47008,137600
5352.0,0.754768,0.999696,0.0439503,0.999696,120120,130040,358.841,373.493,391.914,35.3524,32.4402,5279.91,5427.55,8.51251,4.07079,4.46894,0.980562,0.978884,174.541,122.235,4.07079,4.46894,137598
5354.0,0.754784,0.99966,0.0439516,0.99966,120129,130039,358.844,373.499,391.914,35.3559,32.4317,5281.18,5427.55,8.51251,4.07134,4.46771,0.980544,0.978898,174.46,122.257,4.07134,4.46771,137597
5356.0,0.754795,0.999626,0.0439532,0.999626,120133,130039,358.845,373.505,391.914,35.3587,32.4232,5282.19,5427.55,8.51251,4.07173,4.46649,0.980527,0.978911,174.371,122.272,4.07173,4.46649,137596
5358.0,0.754803,0.999598,0.0439548,0.999598,120135,130040,358.846,373.512,391.915,35.3604,32.4151,5282.76,5427.55,8.51251,4.07194,4.46535,0.98051,0.978924,174.387,122.281,4.07194,4.46535,137597
5360.0,0.754808,0.999576,0.043956,0.999576,120134,130043,358.846,373.518,391.917,35.3616,32.408,5283.16,5427.55,8.51251,4.07205,4.46437,0.980493,0.978937,174.242,122.29,4.07205,4.46437,137600
5362.0,0.754802,0.999558,0.043957,0.999558,120125,130048,358.844,373.523,391.919,35.362,32.4019,5283.3,5427.55,8.51251,4.07194,4.46355,0.980476,0.97895,174.084,122.287,4.07194,4.46355,137605
5364.0,0.754796,0.999545,0.0439578,0.999545,120116,130054,358.842,373.527,391.921,35.3604,32.3968,5282.72,5427.55,8.51251,4.07161,4.46288,0.980459,0.978963,174.072,122.281,4.07161,4.46288,137611
5366.0,0.754793,0.999532,0.0439581,0.999532,120109,130060,358.84,373.53,391.924,35.3588,32.3924,5282.17,5427.55,8.51251,4.0713,4.46229,0.980442,0.978976,174.108,122.275,4.0713,4.46229,137617
5368.0,0.754792,0.999518,0.0439581,0.999518,120105,130065,358.839,373.533,391.926,35.3575,32.3881,5281.76,5427.55,8.51251,4.07108,4.46172,0.980425,0.978989,174.169,122.272,4.07108,4.46172,137622
5370.0,0.754792,0.999502,0.0439581,0.999502,120101,130069,358.839,373.535,391.927,35.3569,32.3836,5281.55,5427.55,8.51251,4.07094,4.4611,0.980408,0.979002,174.118,122.273,4.07094,4.4611,137625
5372.0,0.754802,0.999483,0.0439583,0.999483,120106,130070,358.84,373.537,391.928,35.3564,32.3785,5281.43,5427.55,8.51251,4.07096,4.46039,0.980391,0.979014,174.417,122.277,4.07096,4.46039,137627
5374.0,0.754822,0.99946,0.0439585,0.99946,120117,130070,358.844,373.54,391.929,35.3581,32.3727,5282.01,5427.55,8.51251,4.07132,4.45956,0.980374,0.979027,174.519,122.296,4.07132,4.45956,137627
5376.0,0.754839,0.999435,0.0439588,0.999435,120126,130069,358.847,373.544,391.929,35.3614,32.3661,5283.19,5427.55,8.51251,4.07186,4.45861,0.980356,0.97904,174.582,122.315,4.07186,4.45861,137625
5378.0,0.754856,0.999409,0.0439597,0.999409,120135,130068,358.85,373.548,391.929,35.3645,32.359,5284.24,5427.55,8.51251,4.07236,4.45757,0.980339,0.979054,174.575,122.335,4.07236,4.45757,137623
5380.0,0.754868,0.999383,0.0439609,0.999383,120140,130066,358.852,373.554,391.929,35.3675,32.3514,5285.23,5427.55,8.51251,4.07278,4.45649,0.980322,0.979067,174.475,122.352,4.07278,4.45649,137621
5382.0,0.754877,0.99936,0.0439623,0.99936,120142,130066,358.853,373.56,391.93,35.3696,32.344,5285.88,5427.55,8.51251,4.07305,4.45542,0.980305,0.97908,174.508,122.361,4.07305,4.45542,137621
5384.0,0.754874,0.999359,0.0439637,0.999359,120135,130066,358.851,373.565,391.931,35.3711,32.3369,5286.33,5427.55,8.51251,4.0731,4.45444,0.980288,0.979092,174.077,122.37,4.0731,4.45444,137621
5386.0,0.754852,0.99936,0.0439648,0.99936,120114,130068,358.845,373.569,391.932,35.3703,32.3342,5285.96,5427.55,8.51251,4.07264,4.45408,0.980271,0.979105,173.799,122.352,4.07264,4.45408,137623
5388.0,0.754831,0.999364,0.0439653,0.999364,120094,130069,358.84,373.571,391.933,35.3657,32.3321,5284.32,5427.55,8.51251,4.07178,4.45379,0.980253,0.979117,173.837,122.326,4.07178,4.45379,137625
5390.0,0.754817,0.999368,0.0439651,0.999368,120080,130071,358.836,373.572,391.934,35.3612,32.3304,5282.73,5427.55,8.51251,4.071,4.45358,0.980236,0.979129,173.927,122.306,4.071,4.45358,137627
5392.0,0.754811,0.999362,0.0439644,0.999362,120072,130073,358.834,373.572,391.935,35.3579,32.3289,5281.6,5427.55,8.51251,4.07049,4.45337,0.980219,0.979142,174.109,122.293,4.07049,4.45337,137628
5394.0,0.754819,0.999345,0.0439637,0.999345,120076,130073,358.836,373.572,391.935,35.3562,32.3253,5281.05,5427.55,8.51251,4.07036,4.45284,0.980202,0.979154,174.385,122.295,4.07036,4.45284,137628
5396.0,0.754845,0.999323,0.0439633,0.999323,120093,130071,358.841,373.573,391.935,35.3575,32.3193,5281.55,5427.55,8.51251,4.07079,4.45198,0.980185,0.979167,174.702,122.316,4.07079,4.45198,137626
5398.0,0.75487,0.999297,0.0439633,0.999297,120110,130067,358.846,373.575,391.935,35.3622,32.3124,5283.19,5427.55,8.51251,4.0716,4.45095,0.980168,0.97918,174.767,122.344,4.0716,4.45095,137622
5400.0,0.754894,0.999268,0.043964,0.999268,120124,130062,358.851,373.58,391.934,35.367,32.3044,5284.85,5427.55,8.51251,4.07239,4.44977,0.980151,0.979193,174.722,122.373,4.07239,4.44977,137616
5402.0,0.754914,0.999239,0.0439654,0.999239,120135,130057,358.854,373.586,391.933,35.3715,32.2957,5286.33,5427.55,8.51251,4.07308,4.4485,0.980133,0.979206,174.715,122.396,4.07308,4.4485,137611
5404.0,0.754927,0.999214,0.0439672,0.999214,120141,130053,358.856,373.593,391.933,35.3752,32.287,5287.54,5427.55,8.51251,4.07361,4.44724,0.980116,0.979219,174.557,122.417,4.07361,4.44724,137607
5406.0,0.754933,0.999196,0.0439691,0.999196,120140,130052,358.857,373.6,391.933,35.3777,32.2791,5288.3,5427.55,8.51251,4.07389,4.4461,0.980099,0.979232,174.485,122.425,4.07389,4.4461,137606
5408.0,0.754926,0.999186,0.0439707,0.999186,120131,130054,358.854,373.607,391.934,35.3787,32.2724,5288.52,5427.55,8.51251,4.07384,4.44519,0.980081,0.979245,174.106,122.428,4.07384,4.44519,137608
5410.0,0.754915,0.999183,0.0439718,0.999183,120118,130059,358.851,373.611,391.936,35.3773,32.2673,5287.93,5427.55,8.51251,4.07345,4.44451,0.980064,0.979258,174.089,122.415,4.07345,4.44451,137612
5412.0,0.754902,0.999185,0.0439722,0.999185,120105,130064,358.847,373.615,391.938,35.3749,32.2636,5286.99,5427.55,8.51251,4.07294,4.44404,0.980047,0.97927,174.058,122.401,4.07294,4.44404,137618
5414.0,0.754892,0.999188,0.043972,0.999188,120093,130070,358.845,373.617,391.941,35.3722,32.2608,5285.98,5427.55,8.51251,4.07243,4.44369,0.98003,0.979282,174.102,122.387,4.07243,4.44369,137624
5416.0,0.754887,0.999188,0.0439714,0.999188,120086,130075,358.843,373.617,391.943,35.37,32.2582,5285.15,5427.55,8.51251,4.07205,4.44337,0.980013,0.979295,174.214,122.378,4.07205,4.44337,137629
5418.0,0.75489,0.999185,0.0439709,0.999185,120086,130078,358.843,373.618,391.944,35.3688,32.2552,5284.71,5427.55,8.51251,4.0719,4.44296,0.979996,0.979307,174.374,122.376,4.0719,4.44296,137632
5420.0,0.754898,0.999176,0.0439708,0.999176,120089,130078,358.844,373.619,391.944,35.3692,32.2514,5284.81,5427.55,8.51251,4.07199,4.44242,0.979978,0.97932,174.498,122.382,4.07199,4.44242,137631
5422.0,0.754917,0.999162,0.0439713,0.999162,120100,130075,358.848,373.621,391.944,35.3705,32.2464,5285.24,5427.55,8.51251,4.07233,4.44169,0.979961,0.979332,174.624,122.4,4.07233,4.44169,137629
5424.0,0.754933,0.999144,0.0439724,0.999144,120109,130071,358.851,373.624,391.944,35.374,32.2404,5286.39,5427.55,8.51251,4.07287,4.44081,0.979944,0.979345,174.657,122.418,4.07287,4.44081,137625
5426.0,0.754948,0.999126,0.043974,0.999126,120117,130067,358.854,373.628,391.943,35.3771,32.2336,5287.38,5427.55,8.51251,4.07336,4.43981,0.979926,0.979358,174.651,122.436,4.07336,4.43981,137620
5428.0,0.75496,0.999109,0.0439759,0.999109,120122,130063,358.855,373.634,391.942,35.38,32.2266,5288.29,5427.55,8.51251,4.07378,4.43877,0.979909,0.979371,174.59,122.451,4.07378,4.43877,137616
5430.0,0.75497,0.999095,0.0439776,0.999095,120126,130060,358.857,373.639,391.942,35.3823,32.2197,5288.97,5427.55,8.51251,4.0741,4.43778,0.979892,0.979384,174.656,122.461,4.0741,4.43778,137613
5432.0,0.754971,0.999085,0.0439789,0.999085,120123,130059,358.856,373.644,391.943,35.3843,32.2134,5289.54,5427.55,8.51251,4.07428,4.4369,0.979874,0.979396,174.415,122.469,4.07428,4.4369,137613
5434.0,0.754955,0.999102,0.0439796,0.999102,120106,130061,358.852,373.649,391.944,35.3846,32.208,5289.49,5427.55,8.51251,4.07402,4.43616,0.979857,0.979408,173.964,122.462,4.07402,4.43616,137614
5436.0,0.754927,0.99912,0.0439795,0.99912,120083,130062,358.846,373.651,391.945,35.3812,32.2077,5288.19,5427.55,8.51251,4.07322,4.43615,0.97984,0.97942,173.771,122.435,4.07322,4.43615,137615
5438.0,0.754906,0.999139,0.0439788,0.999139,120063,130064,358.84,373.652,391.946,35.3757,32.208,5286.23,5427.55,8.51251,4.07226,4.43621,0.979823,0.979432,173.89,122.405,4.07226,4.43621,137617
5440.0,0.754892,0.999157,0.0439775,0.999157,120051,130064,358.837,373.651,391.946,35.3712,32.2086,5284.65,5427.55,8.51251,4.07152,4.4363,0.979806,0.979444,174.03,122.385,4.07152,4.4363,137618
5442.0,0.754888,0.999161,0.0439761,0.999161,120046,130064,358.836,373.65,391.947,35.3683,32.2089,5283.65,5427.55,8.51251,4.0711,4.43633,0.979789,0.979455,174.242,122.374,4.0711,4.43633,137617
5444.0,0.754904,0.999151,0.0439751,0.999151,120057,130061,358.84,373.65,391.947,35.3672,32.2065,5283.32,5427.55,8.51251,4.07115,4.43596,0.979771,0.979468,174.672,122.38,4.07115,4.43596,137615
5446.0,0.754929,0.999136,0.0439749,0.999136,120074,130057,358.845,373.65,391.946,35.3701,32.2012,5284.32,5427.55,8.51251,4.07177,4.43518,0.979754,0.97948,174.828,122.405,4.07177,4.43518,137610
5448.0,0.754955,0.999117,0.0439753,0.999117,120092,130051,358.85,373.653,391.945,35.375,32.1949,5285.98,5427.55,8.51251,4.07262,4.43424,0.979737,0.979493,174.864,122.435,4.07262,4.43424,137604
5450.0,0.754975,0.999097,0.0439764,0.999097,120104,130044,358.854,373.658,391.943,35.3802,32.1878,5287.7,5427.55,8.51251,4.07342,4.43316,0.979719,0.979505,174.735,122.462,4.07342,4.43316,137597
5452.0,0.75499,0.999079,0.0439779,0.999079,120112,130038,358.857,373.665,391.942,35.3841,32.1802,5288.95,5427.55,8.51251,4.074,4.43205,0.979702,0.979518,174.667,122.481,4.074,4.43205,137591
5454.0,0.754996,0.999068,0.0439797,0.999068,120113,130034,358.858,373.672,391.942,35.3871,32.1731,5289.85,5427.55,8.51251,4.07436,4.43102,0.979685,0.97953,174.493,122.493,4.07436,4.43102,137587
5456.0,0.754998,0.999064,0.0439815,0.999064,120110,130034,358.857,373.678,391.942,35.3884,32.1672,5290.15,5427.55,8.51251,4.07445,4.43019,0.979667,0.979543,174.377,122.498,4.07445,4.43019,137587
5458.0,0.754984,0.999069,0.0439827,0.999069,120096,130037,358.854,373.684,391.943,35.3887,32.1628,5290.11,5427.55,8.51251,4.07425,4.4296,0.97965,0.979555,174.162,122.488,4.07425,4.4296,137590
5460.0,0.754971,0.999079,0.0439833,0.999079,120083,130041,358.85,373.687,391.945,35.3861,32.1601,5289.08,5427.55,8.51251,4.07372,4.42927,0.979633,0.979567,174.095,122.473,4.07372,4.42927,137594
5462.0,0.754957,0.999092,0.0439831,0.999092,120070,130047,358.847,373.69,391.948,35.3834,32.1586,5288.02,5427.55,8.51251,4.07318,4.42912,0.979615,0.979579,174.101,122.457,4.07318,4.42912,137600
5464.0,0.754948,0.999105,0.0439825,0.999105,120060,130052,358.844,373.69,391.95,35.3807,32.1578,5287.01,5427.55,8.51251,4.0727,4.42905,0.979598,0.979591,174.17,122.443,4.0727,4.42905,137605
5466.0,0.754945,0.999114,0.0439818,0.999114,120056,130055,358.844,373.691,391.951,35.3787,32.1569,5286.27,5427.55,8.51251,4.0724,4.42895,0.979581,0.979603,174.311,122.436,4.0724,4.42895,137608
5468.0,0.754948,0.999118,0.0439814,0.999118,120056,130056,358.844,373.691,391.952,35.3781,32.1553,5286.01,5427.55,8.51251,4.07233,4.42873,0.979564,0.979615,174.368,122.437,4.07233,4.42873,137609
5470.0,0.754961,0.999117,0.0439814,0.999117,120064,130054,358.847,373.692,391.952,35.3786,32.1527,5286.13,5427.55,8.51251,4.07251,4.42835,0.979546,0.979627,174.687,122.442,4.07251,4.42835,137607
5472.0,0.754976,0.99911,0.0439821,0.99911,120074,130050,358.85,373.694,391.951,35.381,32.149,5286.92,5427.55,8.51251,4.07295,4.42779,0.979529,0.979639,174.683,122.461,4.07295,4.42779,137603
5474.0,0.754992,0.9991,0.0439832,0.9991,120084,130045,358.853,373.698,391.95,35.3841,32.1442,5287.92,5427.55,8.51251,4.07346,4.42707,0.979512,0.979651,174.695,122.479,4.07346,4.42707,137599
5476.0,0.755005,0.999091,0.0439848,0.999091,120091,130041,358.855,373.702,391.95,35.3873,32.1388,5288.91,5427.55,8.51251,4.07394,4.42628,0.979494,0.979663,174.66,122.495,4.07394,4.42628,137594
5478.0,0.755014,0.999083,0.0439865,0.999083,120095,130037,358.857,373.708,391.949,35.39,32.1334,5289.72,5427.55,8.51251,4.07431,4.42548,0.979477,0.979676,174.565,122.508,4.07431,4.42548,137590
5480.0,0.755018,0.999079,0.043988,0.999079,120096,130035,358.858,373.713,391.949,35.3918,32.1283,5290.22,5427.55,8.51251,4.07453,4.42475,0.97946,0.979688,174.555,122.513,4.07453,4.42475,137588
5482.0,0.755019,0.99908,0.043989,0.99908,120093,130035,358.857,373.718,391.95,35.3929,32.124,5290.47,5427.55,8.51251,4.0746,4.42415,0.979442,0.9797,174.389,122.518,4.0746,4.42415,137588
5484.0,0.75501,0.999085,0.0439896,0.999085,120083,130037,358.855,373.722,391.951,35.3931,32.1206,5290.41,5427.55,8.51251,4.07445,4.4237,0.979425,0.979712,174.286,122.51,4.07445,4.4237,137590
5486.0,0.754999,0.999107,0.0439897,0.999107,120072,130040,358.852,373.725,391.952,35.3914,32.1181,5289.68,5427.55,8.51251,4.07407,4.42339,0.979407,0.979724,174.111,122.502,4.07407,4.42339,137594
5488.0,0.754972,0.99914,0.0439891,0.99914,120049,130043,358.846,373.726,391.954,35.3893,32.119,5288.85,5427.55,8.51251,4.07343,4.42355,0.97939,0.979735,173.783,122.479,4.07343,4.42355,137596
5490.0,0.75495,0.99917,0.043988,0.99917,120030,130044,358.841,373.726,391.954,35.384,32.1223,5286.92,5427.55,8.51251,4.07249,4.42404,0.979373,0.979746,173.916,122.448,4.07249,4.42404,137598
5492.0,0.754937,0.999196,0.0439867,0.999196,120020,130043,358.838,373.725,391.955,35.3794,32.1251,5285.29,5427.55,8.51251,4.07178,4.42444,0.979356,0.979757,174.089,122.428,4.07178,4.42444,137597
5494.0,0.754934,0.999205,0.0439854,0.999205,120017,130041,358.837,373.724,391.954,35.3768,32.1272,5284.37,5427.55,8.51251,4.07142,4.42471,0.979339,0.979768,174.332,122.417,4.07142,4.42471,137594
5496.0,0.754952,0.999199,0.0439846,0.999199,120029,130036,358.842,373.723,391.954,35.3761,32.126,5284.14,5427.55,8.51251,4.07155,4.42449,0.979321,0.97978,174.727,122.426,4.07155,4.42449,137590
5498.0,0.754976,0.999189,0.0439846,0.999189,120047,130031,358.847,373.724,391.953,35.3795,32.1216,5285.32,5427.55,8.51251,4.07223,4.42382,0.979304,0.979792,174.829,122.452,4.07223,4.42382,137585
5500.0,0.754999,0.999176,0.0439853,0.999176,120063,130024,358.852,373.727,391.951,35.3843,32.1165,5286.94,5427.55,8.51251,4.07305,4.42304,0.979287,0.979804,174.817,122.479,4.07305,4.42304,137578
5502.0,0.755017,0.999164,0.0439868,0.999164,120075,130017,358.856,373.732,391.95,35.3889,32.1109,5288.45,5427.55,8.51251,4.07377,4.42218,0.979269,0.979816,174.743,122.502,4.07377,4.42218,137570
5504.0,0.755028,0.999156,0.0439886,0.999156,120081,130011,358.858,373.739,391.949,35.3926,32.1052,5289.62,5427.55,8.51251,4.0743,4.42134,0.979252,0.979828,174.618,122.519,4.0743,4.42134,137565
5506.0,0.75503,0.999154,0.0439904,0.999154,120080,130008,358.858,373.745,391.948,35.395,32.1002,5290.32,5427.55,8.51251,4.07455,4.42062,0.979234,0.97984,174.437,122.526,4.07455,4.42062,137562
5508.0,0.755022,0.99916,0.0439916,0.99916,120071,130008,358.856,373.751,391.949,35.3956,32.0966,5290.39,5427.55,8.51251,4.07446,4.42011,0.979217,0.979852,174.138,122.524,4.07446,4.42011,137561
5510.0,0.75501,0.999173,0.0439922,0.999173,120059,130011,358.853,373.756,391.95,35.3939,32.0946,5289.69,5427.55,8.51251,4.07407,4.41986,0.9792,0.979863,174.152,122.509,4.07407,4.41986,137564
5512.0,0.754996,0.999192,0.0439921,0.999192,120047,130015,358.849,373.759,391.952,35.3916,32.0941,5288.79,5427.55,8.51251,4.07359,4.41985,0.979182,0.979874,174.102,122.493,4.07359,4.41985,137569
5514.0,0.754983,0.999213,0.0439915,0.999213,120035,130020,358.847,373.76,391.954,35.3889,32.0948,5287.76,5427.55,8.51251,4.07308,4.42,0.979165,0.979886,174.117,122.477,4.07308,4.42,137574
5516.0,0.754975,0.999232,0.0439906,0.999232,120028,130024,358.845,373.76,391.956,35.3864,32.0959,5286.84,5427.55,8.51251,4.07266,4.42019,0.979148,0.979897,174.209,122.464,4.07266,4.42019,137578
5518.0,0.754974,0.999247,0.0439898,0.999247,120026,130027,358.845,373.76,391.957,35.3848,32.0968,5286.23,5427.55,8.51251,4.07244,4.42034,0.979131,0.979908,174.354,122.459,4.07244,4.42034,137581
5520.0,0.754973,0.999256,0.0439894,0.999256,120025,130026,358.845,373.761,391.957,35.3846,32.0969,5286.13,5427.55,8.51251,4.07238,4.42035,0.979113,0.979919,174.347,122.458,4.07238,4.42035,137580
5522.0,0.754983,0.999261,0.0439895,0.999261,120032,130024,358.847,373.762,391.957,35.3844,32.0959,5286.04,5427.55,8.51251,4.07248,4.42019,0.979096,0.979931,174.634,122.461,4.07248,4.42019,137578
5524.0,0.754996,0.999261,0.0439901,0.999261,120040,130019,358.85,373.764,391.956,35.3865,32.094,5286.71,5427.55,8.51251,4.07285,4.41988,0.979079,0.979942,174.618,122.476,4.07285,4.41988,137574
5526.0,0.755008,0.99926,0.0439911,0.99926,120048,130014,358.852,373.767,391.955,35.3891,32.0912,5287.54,5427.55,8.51251,4.07327,4.41945,0.979061,0.979954,174.61,122.49,4.07327,4.41945,137569
5528.0,0.755018,0.999259,0.0439925,0.999259,120054,130010,358.855,373.772,391.955,35.3915,32.0881,5288.31,5427.55,8.51251,4.07365,4.41898,0.979044,0.979965,174.577,122.502,4.07365,4.41898,137564
5530.0,0.755023,0.99926,0.0439938,0.99926,120057,130006,358.856,373.776,391.954,35.3935,32.0851,5288.94,5427.55,8.51251,4.07392,4.41852,0.979026,0.979977,174.487,122.511,4.07392,4.41852,137560
5532.0,0.755026,0.999265,0.043995,0.999265,120058,130004,358.856,373.781,391.954,35.3947,32.0825,5289.24,5427.55,8.51251,4.07406,4.41815,0.979009,0.979988,174.394,122.517,4.07406,4.41815,137558
5534.0,0.75502,0.999274,0.0439959,0.999274,120051,130004,358.855,373.785,391.955,35.3955,32.0807,5289.44,5427.55,8.51251,4.07404,4.41789,0.978992,0.98,174.212,122.515,4.07404,4.41789,137558
5536.0,0.755013,0.999286,0.0439963,0.999286,120044,130005,358.853,373.789,391.956,35.3944,32.0796,5288.95,5427.55,8.51251,4.07379,4.41776,0.978974,0.980011,174.256,122.505,4.07379,4.41776,137560
5538.0,0.755006,0.9993,0.0439963,0.9993,120037,130008,358.852,373.791,391.957,35.3932,32.0793,5288.42,5427.55,8.51251,4.07353,4.41774,0.978957,0.980022,174.24,122.497,4.07353,4.41774,137562
5540.0,0.755,0.999316,0.0439957,0.999316,120032,130010,358.85,373.793,391.958,35.3918,32.0795,5287.89,5427.55,8.51251,4.07327,4.4178,0.97894,0.980033,174.264,122.489,4.07327,4.4178,137565
5542.0,0.754984,0.999358,0.0439949,0.999358,120018,130012,358.847,373.794,391.959,35.3907,32.08,5287.43,5427.55,8.51251,4.07291,4.41792,0.978923,0.980044,173.944,122.478,4.07291,4.41792,137567
5544.0,0.754962,0.999393,0.0439939,0.999393,120000,130011,358.842,373.794,391.959,35.3876,32.086,5286.29,5427.55,8.51251,4.07224,4.41875,0.978905,0.980054,173.88,122.453,4.07224,4.41875,137566
5546.0,0.754947,0.999423,0.0439929,0.999423,119988,130009,358.839,373.793,391.959,35.3831,32.0908,5284.72,5427.55,8.51251,4.07152,4.41942,0.978888,0.980064,174.014,122.431,4.07152,4.41942,137564
5548.0,0.754939,0.999448,0.0439918,0.999448,119983,130004,358.838,373.792,391.958,35.3799,32.0946,5283.64,5427.55,8.51251,4.07106,4.41993,0.978871,0.980075,174.151,122.417,4.07106,4.41993,137560
5550.0,0.754949,0.999444,0.0439912,0.999444,119991,129999,358.84,373.792,391.957,35.3784,32.0974,5283.14,5427.55,8.51251,4.071,4.42026,0.978854,0.980086,174.553,122.417,4.071,4.42026,137554
5552.0,0.754973,0.999439,0.043991,0.999439,120009,129993,358.846,373.793,391.956,35.3802,32.0946,5283.8,5427.55,8.51251,4.07152,4.4198,0.978836,0.980097,174.8,122.437,4.07152,4.4198,137549
5554.0,0.754995,0.999433,0.0439914,0.999433,120026,129987,358.851,373.796,391.955,35.3849,32.0914,5285.43,5427.55,8.51251,4.07233,4.4193,0.978819,0.980108,174.767,122.465,4.07233,4.4193,137542
5556.0,0.755012,0.999427,0.0439926,0.999427,120038,129981,358.855,373.8,391.953,35.3894,32.0881,5286.96,5427.55,8.51251,4.07305,4.41878,0.978802,0.980119,174.678,122.487,4.07305,4.41878,137536
5558.0,0.755022,0.999424,0.0439941,0.999424,120045,129976,358.857,373.806,391.953,35.3928,32.0847,5288.08,5427.55,8.51251,4.07355,4.41827,0.978784,0.98013,174.563,122.502,4.07355,4.41827,137531
5560.0,0.755025,0.999427,0.0439955,0.999427,120045,129973,358.858,373.812,391.952,35.395,32.082,5288.75,5427.55,8.51251,4.0738,4.41786,0.978767,0.980141,174.405,122.509,4.0738,4.41786,137529
5562.0,0.755021,0.999436,0.0439964,0.999436,120041,129973,358.857,373.818,391.953,35.3956,32.0803,5288.86,5427.55,8.51251,4.0738,4.41763,0.978749,0.980152,174.255,122.509,4.0738,4.41763,137529
5564.0,0.755011,0.999453,0.0439968,0.999453,120031,129975,358.855,373.822,391.954,35.3951,32.0801,5288.58,5427.55,8.51251,4.07357,4.41763,0.978732,0.980163,174.147,122.499,4.07357,4.41763,137531
5566.0,0.754997,0.999475,0.0439966,0.999475,120020,129980,358.852,373.825,391.956,35.393,32.0814,5287.81,5427.55,8.51251,4.07314,4.41785,0.978715,0.980174,174.086,122.484,4.07314,4.41785,137536
5568.0,0.754985,0.999499,0.0439958,0.999499,120010,129985,358.849,373.827,391.958,35.3905,32.0838,5286.86,5427.55,8.51251,4.07267,4.41824,0.978698,0.980184,174.094,122.469,4.07267,4.41824,137541
5570.0,0.754976,0.999522,0.0439948,0.999522,120003,129989,358.848,373.828,391.959,35.388,32.0867,5285.97,5427.55,8.51251,4.07225,4.41869,0.97868,0.980195,174.158,122.456,4.07225,4.41869,137546
5572.0,0.754973,0.999541,0.0439937,0.999541,120000,129992,358.847,373.828,391.961,35.3862,32.0895,5285.33,5427.55,8.51251,4.072,4.41912,0.978663,0.980205,174.282,122.448,4.072,4.41912,137549
5574.0,0.754972,0.999555,0.043993,0.999555,120000,129993,358.848,373.829,391.961,35.3856,32.0917,5285.12,5427.55,8.51251,4.07191,4.41943,0.978646,0.980216,174.397,122.444,4.07191,4.41943,137550
5576.0,0.754984,0.999565,0.0439926,0.999565,120009,129992,358.85,373.83,391.962,35.3855,32.0929,5285.06,5427.55,8.51251,4.07204,4.41959,0.978628,0.980226,174.641,122.45,4.07204,4.41959,137548
5578.0,0.754994,0.99957,0.0439927,0.99957,120016,129989,358.853,373.832,391.961,35.3878,32.0932,5285.87,5427.55,8.51251,4.07243,4.4196,0.978611,0.980237,174.536,122.465,4.07243,4.4196,137545
5580.0,0.755004,0.999573,0.0439933,0.999573,120023,129985,358.855,373.835,391.961,35.3899,32.0926,5286.57,5427.55,8.51251,4.07278,4.41948,0.978594,0.980247,174.547,122.476,4.07278,4.41948,137542
5582.0,0.755013,0.999575,0.0439943,0.999575,120029,129981,358.857,373.839,391.96,35.3919,32.0916,5287.23,5427.55,8.51251,4.07311,4.4193,0.978576,0.980258,174.541,122.486,4.07311,4.4193,137538
5584.0,0.755018,0.999579,0.0439954,0.999579,120032,129978,358.859,373.844,391.96,35.3938,32.0905,5287.82,5427.55,8.51251,4.07337,4.41913,0.978559,0.980269,174.448,122.494,4.07337,4.41913,137535
5586.0,0.755022,0.999586,0.0439964,0.999586,120034,129977,358.86,373.848,391.96,35.3949,32.0898,5288.13,5427.55,8.51251,4.07353,4.41902,0.978542,0.98028,174.36,122.501,4.07353,4.41902,137534
5588.0,0.755018,0.999597,0.043997,0.999597,120030,129978,358.859,373.853,391.96,35.3958,32.0896,5288.36,5427.55,8.51251,4.07355,4.419,0.978524,0.98029,174.244,122.499,4.07355,4.419,137534
5590.0,0.75501,0.99961,0.0439973,0.99961,120023,129979,358.857,373.856,391.961,35.3951,32.0902,5288.05,5427.55,8.51251,4.07336,4.4191,0.978507,0.980301,174.207,122.491,4.07336,4.4191,137536
5592.0,0.755002,0.999626,0.0439973,0.999626,120016,129982,358.856,373.859,391.963,35.3937,32.0915,5287.5,5427.55,8.51251,4.07307,4.41931,0.97849,0.980311,174.189,122.481,4.07307,4.41931,137539
5594.0,0.754995,0.999642,0.0439967,0.999642,120011,129985,358.854,373.861,391.964,35.3921,32.0932,5286.91,5427.55,8.51251,4.07278,4.41958,0.978472,0.980321,174.21,122.472,4.07278,4.41958,137542
5596.0,0.754991,0.999658,0.0439961,0.999658,120007,129988,358.854,373.862,391.965,35.3908,32.0952,5286.41,5427.55,8.51251,4.07257,4.41988,0.978455,0.980332,174.276,122.465,4.07257,4.41988,137545
5598.0,0.754989,0.999672,0.0439955,0.999672,120005,129989,358.854,373.864,391.966,35.3901,32.0971,5286.14,5427.55,8.51251,4.07245,4.42017,0.978438,0.980342,174.253,122.463,4.07245,4.42017,137546
5600.0,0.754983,0.999698,0.0439951,0.999698,120000,129989,358.852,373.865,391.967,35.3897,32.0988,5285.99,5427.55,8.51251,4.07231,4.42041,0.978421,0.980352,174.11,122.459,4.07231,4.42041,137547
5602.0,0.754967,0.999731,0.0439947,0.999731,119988,129987,358.849,373.866,391.966,35.3884,32.1028,5285.52,5427.55,8.51251,4.07195,4.42097,0.978403,0.980362,173.93,122.445,4.07195,4.42097,137545
5604.0,0.75495,0.999758,0.0439944,0.999758,119975,129983,358.846,373.866,391.966,35.3853,32.1085,5284.43,5427.55,8.51251,4.07137,4.42174,0.978386,0.980371,173.95,122.424,4.07137,4.42174,137541
5606.0,0.75494,0.999782,0.0439941,0.999782,119968,129978,358.844,373.866,391.965,35.3819,32.1131,5283.27,5427.55,8.51251,4.07085,4.42235,0.978369,0.980381,174.055,122.408,4.07085,4.42235,137536
5608.0,0.754937,0.999789,0.0439939,0.999789,119967,129972,358.844,373.866,391.964,35.3796,32.1171,5282.55,5427.55,8.51251,4.07057,4.42285,0.978352,0.980391,174.288,122.398,4.07057,4.42285,137530
5610.0,0.754953,0.999784,0.043994,0.999784,119980,129967,358.849,373.867,391.963,35.3791,32.1178,5282.43,5427.55,8.51251,4.07073,4.4229,0.978334,0.980401,174.67,122.406,4.07073,4.4229,137526
5612.0,0.754976,0.999779,0.0439946,0.999779,119998,129963,358.854,373.869,391.962,35.3822,32.116,5283.55,5427.55,8.51251,4.07138,4.4226,0.978317,0.980411,174.717,122.43,4.07138,4.4226,137521
5614.0,0.754993,0.999775,0.0439958,0.999775,120011,129958,358.858,373.873,391.961,35.3867,32.1143,5285.1,5427.55,8.51251,4.07211,4.42232,0.9783,0.980422,174.625,122.453,4.07211,4.42232,137516
5616.0,0.755004,0.999772,0.0439973,0.999772,120019,129954,358.861,373.877,391.96,35.3901,32.1127,5286.28,5427.55,8.51251,4.07264,4.42205,0.978282,0.980432,174.527,122.468,4.07264,4.42205,137512
5618.0,0.755008,0.999772,0.0439988,0.999772,120022,129952,358.862,373.883,391.96,35.3924,32.1113,5287.03,5427.55,8.51251,4.07294,4.42183,0.978265,0.980442,174.394,122.477,4.07294,4.42183,137510
5620.0,0.755007,0.999778,0.044,0.999778,120020,129951,358.862,373.888,391.96,35.3933,32.1106,5287.29,5427.55,8.51251,4.073,4.42172,0.978248,0.980453,174.295,122.477,4.073,4.42172,137509
5622.0,0.754997,0.999789,0.0440007,0.999789,120012,129953,358.86,373.893,391.961,35.3931,32.111,5287.15,5427.55,8.51251,4.07283,4.42179,0.97823,0.980463,174.144,122.47,4.07283,4.42179,137511
5624.0,0.754986,0.999807,0.0440006,0.999807,120003,129956,358.858,373.896,391.963,35.3913,32.1126,5286.49,5427.55,8.51251,4.07247,4.42205,0.978213,0.980473,174.067,122.458,4.07247,4.42205,137514
5626.0,0.754973,0.999827,0.0439999,0.999827,119993,129961,358.855,373.899,391.964,35.389,32.1154,5285.7,5427.55,8.51251,4.07204,4.42249,0.978196,0.980483,174.046,122.443,4.07204,4.42249,137519
5628.0,0.754963,0.999847,0.0439988,0.999847,119985,129965,358.853,373.9,391.966,35.3865,32.1188,5284.84,5427.55,8.51251,4.07161,4.42301,0.978179,0.980492,174.071,122.429,4.07161,4.42301,137524
5630.0,0.754957,0.999865,0.0439976,0.999865,119981,129969,358.853,373.9,391.968,35.3843,32.1224,5284.1,5427.55,8.51251,4.07129,4.42354,0.978161,0.980502,174.178,122.419,4.07129,4.42354,137527
5632.0,0.754955,0.999879,0.0439965,0.999879,119981,129970,358.853,373.901,391.968,35.3832,32.1256,5283.72,5427.55,8.51251,4.07113,4.424,0.978144,0.980512,174.204,122.416,4.07113,4.424,137529
5634.0,0.75496,0.999888,0.0439959,0.999888,119984,129970,358.854,373.902,391.969,35.3828,32.128,5283.62,5427.55,8.51251,4.07115,4.42433,0.978127,0.980522,174.405,122.415,4.07115,4.42433,137529
5636.0,0.754973,0.999893,0.0439958,0.999893,119995,129968,358.858,373.903,391.969,35.3836,32.1295,5283.92,5427.55,8.51251,4.07142,4.42452,0.97811,0.980531,174.486,122.428,4.07142,4.42452,137527
5638.0,0.754983,0.999895,0.0439961,0.999895,120003,129965,358.86,373.906,391.968,35.3863,32.1302,5284.88,5427.55,8.51251,4.07185,4.42458,0.978092,0.980541,174.49,122.44,4.07185,4.42458,137523
5640.0,0.754993,0.999897,0.043997,0.999897,120010,129961,358.863,373.91,391.968,35.3883,32.1304,5285.56,5427.55,8.51251,4.0722,4.42458,0.978075,0.980551,174.499,122.45,4.0722,4.42458,137520
5642.0,0.754999,0.9999,0.0439981,0.9999,120014,129959,358.864,373.914,391.967,35.3903,32.1304,5286.22,5427.55,8.51251,4.07249,4.42455,0.978058,0.980561,174.409,122.459,4.07249,4.42455,137517
5644.0,0.755002,0.999905,0.0439991,0.999905,120016,129957,358.865,373.919,391.967,35.3915,32.1307,5286.6,5427.55,8.51251,4.07266,4.42457,0.97804,0.980571,174.434,122.462,4.07266,4.42457,137516
5646.0,0.755006,0.999913,0.0439999,0.999913,120019,129957,358.866,373.923,391.968,35.3923,32.1314,5286.83,5427.55,8.51251,4.07278,4.42468,0.978023,0.980581,174.381,122.468,4.07278,4.42468,137516
5648.0,0.755001,0.999924,0.0440002,0.999924,120015,129959,358.865,373.927,391.969,35.393,32.1328,5287.06,5427.55,8.51251,4.0728,4.42489,0.978006,0.980591,174.173,122.468,4.0728,4.42489,137518
5650.0,0.754992,0.999938,0.0440003,0.999938,120007,129962,358.864,373.93,391.97,35.3922,32.1349,5286.72,5427.55,8.51251,4.07257,4.42521,0.977988,0.980601,174.126,122.458,4.07257,4.42521,137521
5652.0,0.754983,0.999953,0.044,0.999953,120000,129965,358.862,373.932,391.972,35.3904,32.1376,5286.07,5427.55,8.51251,4.07224,4.42562,0.977971,0.98061,174.129,122.447,4.07224,4.42562,137525
5654.0,0.754977,0.999968,0.0439992,0.999968,119995,129968,358.861,373.934,391.973,35.3887,32.1406,5285.46,5427.55,8.51251,4.07195,4.42606,0.977954,0.98062,174.167,122.437,4.07195,4.42606,137528
5656.0,0.754974,0.999982,0.0439994,0.999982,119993,129971,358.861,373.939,391.974,35.3874,32.1436,5285,5427.55,8.51251,4.07176,4.4265,0.977937,0.980629,174.243,122.431,4.07176,4.4265,137530
5658.0,0.754968,0.999994,0.043998,0.999994,119989,129972,358.86,373.941,391.975,35.3868,32.1464,5284.81,5427.55,8.51251,4.07162,4.4269,0.977919,0.980639,174.157,122.427,4.07162,4.4269,137532
5660.0,0.754973,1,0.0439969,1,119993,129972,358.861,373.942,391.975,35.3857,32.1488,5284.42,5427.55,8.51251,4.07155,4.42724,0.977902,0.980648,174.384,122.426,4.07155,4.42724,137532
5662.0,0.754983,1.00001,0.0439963,1.00001,120001,129971,358.864,373.944,391.976,35.3866,32.1507,5284.76,5427.55,8.51251,4.07178,4.42749,0.977885,0.980658,174.446,122.435,4.07178,4.42749,137531
5664.0,0.754987,1.00003,0.0439962,1.00003,120003,129969,358.865,373.946,391.975,35.3887,32.1521,5285.47,5427.55,8.51251,4.07205,4.42768,0.977868,0.980667,174.268,122.444,4.07205,4.42768,137529
5666.0,0.754972,1.00006,0.0439967,1.00006,119992,129966,358.862,373.948,391.975,35.3894,32.1561,5285.7,5427.55,8.51251,4.07193,4.42822,0.97785,0.980676,173.808,122.439,4.07193,4.42822,137526
5668.0,0.754951,1.00008,0.0439972,1.00008,119976,129962,358.858,373.95,391.974,35.3864,32.1622,5284.64,5427.55,8.51251,4.07131,4.42905,0.977833,0.980685,173.839,122.413,4.07131,4.42905,137522
5670.0,0.754933,1.00011,0.0439974,1.00011,119963,129958,358.855,373.951,391.973,35.3822,32.1679,5283.2,5427.55,8.51251,4.07061,4.42982,0.977816,0.980694,173.877,122.39,4.07061,4.42982,137519
5672.0,0.754923,1.00012,0.0439972,1.00012,119956,129955,358.853,373.951,391.973,35.3786,32.1735,5282.02,5427.55,8.51251,4.07007,4.43057,0.977799,0.980702,174.084,122.372,4.07007,4.43057,137516
5674.0,0.754934,1.00012,0.0439968,1.00012,119966,129953,358.856,373.952,391.973,35.3764,32.1762,5281.34,5427.55,8.51251,4.06998,4.4309,0.977782,0.980712,174.498,122.373,4.06998,4.4309,137513
5676.0,0.754952,1.00011,0.0439965,1.00011,119980,129951,358.861,373.953,391.973,35.3785,32.1763,5282.14,5427.55,8.51251,4.07046,4.43089,0.977764,0.980721,174.566,122.391,4.07046,4.43089,137512
5678.0,0.754967,1.00011,0.0439965,1.00011,119992,129949,358.865,373.955,391.972,35.3819,32.1764,5283.36,5427.55,8.51251,4.07105,4.43088,0.977747,0.980731,174.539,122.409,4.07105,4.43088,137509
5680.0,0.754979,1.0001,0.043997,1.0001,120002,129946,358.868,373.959,391.972,35.3849,32.1762,5284.43,5427.55,8.51251,4.07155,4.43081,0.97773,0.98074,174.509,122.424,4.07155,4.43081,137506
5682.0,0.754988,1.0001,0.0439979,1.0001,120009,129943,358.87,373.963,391.972,35.3874,32.1756,5285.28,5427.55,8.51251,4.07194,4.4307,0.977712,0.98075,174.442,122.437,4.07194,4.4307,137503
5684.0,0.754992,1.0001,0.0439988,1.0001,120011,129941,358.871,373.968,391.972,35.3892,32.1751,5285.89,5427.55,8.51251,4.07218,4.43061,0.977695,0.980759,174.332,122.443,4.07218,4.43061,137502
5686.0,0.754995,1.0001,0.0439996,1.0001,120013,129942,358.872,373.973,391.972,35.3899,32.1752,5286.1,5427.55,8.51251,4.0723,4.43062,0.977678,0.980769,174.345,122.447,4.0723,4.43062,137502
5688.0,0.754988,1.00011,0.044,1.00011,120008,129944,358.871,373.978,391.973,35.3906,32.1764,5286.34,5427.55,8.51251,4.07228,4.4308,0.977661,0.980778,174.077,122.446,4.07228,4.4308,137504
5690.0,0.754977,1.00012,0.044,1.00012,119999,129948,358.869,373.981,391.975,35.3893,32.1787,5285.86,5427.55,8.51251,4.07197,4.43116,0.977643,0.980787,174.036,122.433,4.07197,4.43116,137508
5692.0,0.754965,1.00014,0.0439997,1.00014,119990,129952,358.867,373.983,391.976,35.387,32.182,5285.04,5427.55,8.51251,4.07155,4.43166,0.977626,0.980796,174.029,122.419,4.07155,4.43166,137513
5694.0,0.754955,1.00015,0.0439989,1.00015,119982,129957,358.865,373.984,391.978,35.3847,32.1858,5284.24,5427.55,8.51251,4.07115,4.43224,0.977609,0.980805,174.055,122.406,4.07115,4.43224,137517
5696.0,0.754951,1.00017,0.0439979,1.00017,119979,129960,358.864,373.985,391.979,35.3827,32.1897,5283.57,5427.55,8.51251,4.07086,4.4328,0.977592,0.980814,174.156,122.397,4.07086,4.4328,137521
5698.0,0.754949,1.00018,0.0439969,1.00018,119979,129962,358.865,373.986,391.98,35.3816,32.1931,5283.25,5427.55,8.51251,4.07073,4.43329,0.977574,0.980823,174.189,122.394,4.07073,4.43329,137523
5700.0,0.754955,1.00018,0.0439963,1.00018,119984,129962,358.866,373.987,391.981,35.3813,32.1958,5283.18,5427.55,8.51251,4.07078,4.43367,0.977557,0.980832,174.414,122.394,4.07078,4.43367,137523
5702.0,0.754965,1.00018,0.0439962,1.00018,119992,129961,358.869,373.989,391.981,35.3825,32.1977,5283.61,5427.55,8.51251,4.07103,4.43391,0.97754,0.980841,174.443,122.404,4.07103,4.43391,137522
5704.0,0.754976,1.00018,0.0439965,1.00018,120000,129958,358.872,373.992,391.981,35.3844,32.1988,5284.28,5427.55,8.51251,4.07138,4.43403,0.977523,0.98085,174.467,122.415,4.07138,4.43403,137519
5706.0,0.754984,1.00018,0.0439974,1.00018,120007,129956,358.874,373.995,391.98,35.3864,32.1993,5285,5427.55,8.51251,4.07173,4.43407,0.977505,0.98086,174.436,122.426,4.07173,4.43407,137517
5708.0,0.754989,1.00018,0.0439984,1.00018,120010,129954,358.875,373.999,391.98,35.3882,32.1996,5285.61,5427.55,8.51251,4.07199,4.43408,0.977488,0.980869,174.36,122.434,4.07199,4.43408,137515
5710.0,0.754993,1.00017,0.0439995,1.00017,120013,129953,358.876,374.004,391.98,35.3892,32.1999,5285.94,5427.55,8.51251,4.07214,4.43411,0.977471,0.980878,174.395,122.437,4.07214,4.43411,137514
5712.0,0.754998,1.00018,0.0440005,1.00018,120016,129954,358.878,374.008,391.981,35.39,32.2007,5286.17,5427.55,8.51251,4.07227,4.43421,0.977453,0.980887,174.377,122.442,4.07227,4.43421,137515
5714.0,0.754997,1.00018,0.0440012,1.00018,120015,129956,358.878,374.011,391.982,35.391,32.202,5286.48,5427.55,8.51251,4.07236,4.43441,0.977436,0.980896,174.229,122.445,4.07236,4.43441,137517
5716.0,0.754987,1.00019,0.0440016,1.00019,120007,129958,358.876,374.014,391.983,35.3908,32.204,5286.39,5427.55,8.51251,4.0722,4.43471,0.977419,0.980905,174.109,122.437,4.0722,4.43471,137519
5718.0,0.754979,1.0002,0.0440017,1.0002,120001,129962,358.874,374.017,391.985,35.389,32.2064,5285.73,5427.55,8.51251,4.07188,4.43507,0.977402,0.980914,174.113,122.427,4.07188,4.43507,137523
5720.0,0.754973,1.00021,0.0440012,1.00021,119996,129965,358.874,374.019,391.986,35.3874,32.209,5285.17,5427.55,8.51251,4.07162,4.43547,0.977384,0.980923,174.161,122.418,4.07162,4.43547,137526
5722.0,0.754969,1.00022,0.0440004,1.00022,119993,129968,358.873,374.02,391.987,35.3862,32.2117,5284.77,5427.55,8.51251,4.07142,4.43586,0.977367,0.980932,174.112,122.414,4.07142,4.43586,137529
5724.0,0.754971,1.00022,0.0439996,1.00022,119995,129969,358.874,374.022,391.988,35.3853,32.2142,5284.46,5427.55,8.51251,4.07134,4.43621,0.97735,0.980941,174.287,122.411,4.07134,4.43621,137531
5726.0,0.754981,1.00022,0.0439991,1.00022,120002,129970,358.876,374.024,391.989,35.3857,32.2162,5284.61,5427.55,8.51251,4.07151,4.43649,0.977333,0.98095,174.51,122.415,4.07151,4.43649,137531
5728.0,0.754983,1.00022,0.0439988,1.00022,120004,129970,358.877,374.026,391.989,35.3876,32.2177,5285.29,5427.55,8.51251,4.07175,4.43668,0.977315,0.980958,174.279,122.424,4.07175,4.43668,137531
5730.0,0.754985,1.00022,0.043999,1.00022,120005,129968,358.878,374.028,391.989,35.3881,32.2186,5285.45,5427.55,8.51251,4.07183,4.4368,0.977298,0.980967,174.284,122.426,4.07183,4.4368,137530
5732.0,0.754975,1.00022,0.0439996,1.00022,119998,129967,358.876,374.03,391.989,35.3886,32.2196,5285.59,5427.55,8.51251,4.07174,4.43692,0.977281,0.980976,173.968,122.423,4.07174,4.43692,137528
5734.0,0.754956,1.00026,0.0440001,1.00026,119983,129964,358.872,374.032,391.989,35.3866,32.2211,5284.9,5427.55,8.51251,4.07126,4.43713,0.977264,0.980984,173.786,122.405,4.07126,4.43713,137526
5736.0,0.754933,1.0003,0.0440001,1.0003,119966,129961,358.868,374.033,391.988,35.3827,32.2299,5283.56,5427.55,8.51251,4.07052,4.43833,0.977246,0.980992,173.74,122.378,4.07052,4.43833,137523
5738.0,0.754914,1.00033,0.0439995,1.00033,119952,129958,358.864,374.033,391.987,35.378,32.238,5281.98,5427.55,8.51251,4.06975,4.43945,0.977229,0.981,173.805,122.354,4.06975,4.43945,137520
5740.0,0.7549,1.00035,0.0439984,1.00035,119943,129955,358.862,374.031,391.987,35.3742,32.2452,5280.72,5427.55,8.51251,4.06913,4.44044,0.977212,0.981008,173.862,122.335,4.06913,4.44044,137517
5742.0,0.754892,1.00034,0.0439971,1.00034,119938,129951,358.861,374.03,391.986,35.3711,32.2517,5279.77,5427.55,8.51251,4.0687,4.44128,0.977195,0.981016,173.988,122.321,4.0687,4.44128,137513
5744.0,0.754891,1.00033,0.0439959,1.00033,119939,129947,358.862,374.028,391.986,35.3694,32.2506,5279.27,5427.55,8.51251,4.0685,4.44108,0.977178,0.981025,174.007,122.319,4.0685,4.44108,137509
5746.0,0.754883,1.00032,0.0439951,1.00032,119934,129942,358.861,374.028,391.984,35.3689,32.2502,5279.22,5427.55,8.51251,4.06836,4.44096,0.977161,0.981033,173.903,122.312,4.06836,4.44096,137504
5748.0,0.754875,1.00032,0.0439948,1.00032,119930,129935,358.86,374.027,391.983,35.367,32.2507,5278.71,5427.55,8.51251,4.06808,4.44097,0.977144,0.981042,173.858,122.303,4.06808,4.44097,137497
5750.0,0.75487,1.00032,0.0439947,1.00032,119928,129926,358.859,374.028,391.981,35.3652,32.2519,5278.21,5427.55,8.51251,4.06782,4.44106,0.977127,0.98105,173.951,122.293,4.06782,4.44106,137488
5752.0,0.75486,1.00033,0.0439947,1.00033,119922,129918,358.858,374.028,391.979,35.3638,32.2538,5277.87,5427.55,8.51251,4.06756,4.44125,0.97711,0.981058,173.907,122.282,4.06756,4.44125,137480
5754.0,0.754853,1.00034,0.0439947,1.00034,119918,129911,358.858,374.029,391.977,35.3615,32.2564,5277.21,5427.55,8.51251,4.06723,4.44156,0.977093,0.981066,173.893,122.273,4.06723,4.44156,137473
5756.0,0.754844,1.00035,0.0439946,1.00035,119914,129904,358.857,374.029,391.975,35.3598,32.26,5276.78,5427.55,8.51251,4.06696,4.442,0.977076,0.981074,173.85,122.264,4.06696,4.442,137466
5758.0,0.754835,1.00037,0.0439944,1.00037,119909,129897,358.856,374.03,391.974,35.3578,32.2641,5276.27,5427.55,8.51251,4.06664,4.44253,0.977059,0.981082,173.815,122.254,4.06664,4.44253,137460
5760.0,0.754826,1.00039,0.0439943,1.00039,119905,129892,358.855,374.03,391.973,35.3556,32.2688,5275.67,5427.55,8.51251,4.06629,4.44313,0.977042,0.98109,173.801,122.242,4.06629,4.44313,137454
5762.0,0.754816,1.0004,0.043994,1.0004,119899,129886,358.854,374.03,391.971,35.3533,32.2737,5275.08,5427.55,8.51251,4.06594,4.44378,0.977025,0.981097,173.771,122.231,4.06594,4.44378,137449
5764.0,0.754805,1.00042,0.0439937,1.00042,119894,129881,358.852,374.03,391.97,35.3509,32.2787,5274.46,5427.55,8.51251,4.06557,4.44443,0.977008,0.981105,173.619,122.222,4.06557,4.44443,137444
5766.0,0.754798,1.00043,0.0439932,1.00043,119891,129876,358.852,374.03,391.969,35.3483,32.2837,5273.79,5427.55,8.51251,4.06522,4.44509,0.976991,0.981112,173.87,122.205,4.06522,4.44509,137439
5768.0,0.754788,1.00045,0.0439926,1.00045,119887,129871,358.851,374.03,391.968,35.3464,32.2888,5273.35,5427.55,8.51251,4.06491,4.44575,0.976975,0.98112,173.85,122.194,4.06491,4.44575,137434
5770.0,0.754781,1.00047,0.0439919,1.00047,119884,129865,358.851,374.03,391.967,35.3439,32.2939,5272.74,5427.55,8.51251,4.06459,4.44642,0.976958,0.981127,173.754,122.187,4.06459,4.44642,137429
5772.0,0.754773,1.00048,0.0439911,1.00048,119882,129860,358.85,374.03,391.966,35.342,32.2989,5272.33,5427.55,8.51251,4.06431,4.44708,0.976941,0.981135,173.748,122.178,4.06431,4.44708,137423
5774.0,0.754766,1.0005,0.0439902,1.0005,119879,129855,358.85,374.03,391.964,35.34,32.3041,5271.89,5427.55,8.51251,4.06404,4.44775,0.976924,0.981142,173.736,122.169,4.06404,4.44775,137418
5776.0,0.754759,1.00051,0.0439894,1.00051,119877,129849,358.85,374.03,391.963,35.338,32.3093,5271.47,5427.55,8.51251,4.06377,4.44844,0.976907,0.981149,173.7,122.161,4.06377,4.44844,137413
5778.0,0.754749,1.00053,0.0439886,1.00053,119872,129844,358.849,374.031,391.962,35.336,32.3146,5271.06,5427.55,8.51251,4.06345,4.44913,0.97689,0.981156,173.758,122.147,4.06345,4.44913,137408
5780.0,0.754735,1.00054,0.0439876,1.00054,119865,129839,358.847,374.031,391.961,35.3333,32.32,5270.4,5427.55,8.51251,4.06301,4.44984,0.976874,0.981163,173.624,122.133,4.06301,4.44984,137403
5782.0,0.754725,1.00056,0.0439865,1.00056,119861,129835,358.846,374.031,391.96,35.3299,32.3256,5269.52,5427.55,8.51251,4.06255,4.45058,0.976857,0.98117,173.628,122.121,4.06255,4.45058,137399
5784.0,0.754716,1.00058,0.0439852,1.00058,119858,129830,358.846,374.032,391.959,35.3274,32.3313,5268.97,5427.55,8.51251,4.0622,4.45134,0.97684,0.981177,173.602,122.11,4.0622,4.45134,137394
5786.0,0.754706,1.00059,0.043984,1.00059,119854,129826,358.845,374.032,391.958,35.3249,32.3371,5268.41,5427.55,8.51251,4.06184,4.45212,0.976823,0.981184,173.586,122.099,4.06184,4.45212,137390
5788.0,0.754697,1.00061,0.0439829,1.00061,119851,129822,358.844,374.032,391.957,35.3222,32.3429,5267.84,5427.55,8.51251,4.06147,4.4529,0.976807,0.981191,173.567,122.088,4.06147,4.4529,137386
5790.0,0.754687,1.00063,0.0439819,1.00063,119847,129817,358.844,374.032,391.956,35.3196,32.3487,5267.28,5427.55,8.51251,4.0611,4.45367,0.97679,0.981197,173.535,122.076,4.0611,4.45367,137382
5792.0,0.754677,1.00064,0.0439812,1.00064,119843,129813,358.843,374.032,391.955,35.3168,32.3544,5266.67,5427.55,8.51251,4.06071,4.45443,0.976773,0.981204,173.529,122.063,4.06071,4.45443,137378
5794.0,0.754664,1.00066,0.0439806,1.00066,119838,129808,358.842,374.032,391.954,35.314,32.3602,5266.08,5427.55,8.51251,4.0603,4.45519,0.976757,0.981211,173.378,122.052,4.0603,4.45519,137373
5796.0,0.754655,1.00067,0.0439801,1.00067,119836,129804,358.842,374.032,391.953,35.3107,32.366,5265.31,5427.55,8.51251,4.05987,4.45596,0.97674,0.981217,173.515,122.037,4.05987,4.45596,137369
5798.0,0.754643,1.00069,0.0439796,1.00069,119830,129799,358.84,374.032,391.952,35.3081,32.3717,5264.83,5427.55,8.51251,4.05948,4.45672,0.976724,0.981224,173.479,122.023,4.05948,4.45672,137364
5800.0,0.754631,1.0007,0.043979,1.0007,119826,129795,358.839,374.032,391.951,35.3047,32.3775,5264.06,5427.55,8.51251,4.05901,4.45749,0.976707,0.98123,173.337,122.012,4.05901,4.45749,137360
5802.0,0.754619,1.00071,0.0439785,1.00071,119822,129790,358.839,374.032,391.95,35.3014,32.3833,5263.36,5427.55,8.51251,4.05855,4.45826,0.97669,0.981236,173.324,121.998,4.05855,4.45826,137355
5804.0,0.754608,1.00073,0.0439779,1.00073,119818,129785,358.838,374.032,391.949,35.2982,32.3891,5262.68,5427.55,8.51251,4.05811,4.45904,0.976674,0.981243,173.306,121.984,4.05811,4.45904,137351
5806.0,0.754596,1.00074,0.0439774,1.00074,119814,129781,358.837,374.032,391.948,35.2949,32.3949,5262.01,5427.55,8.51251,4.05766,4.4598,0.976657,0.981249,173.292,121.97,4.05766,4.4598,137346
5808.0,0.754586,1.00075,0.043977,1.00075,119811,129776,358.837,374.032,391.947,35.2916,32.4007,5261.34,5427.55,8.51251,4.05723,4.46056,0.976641,0.981255,173.302,121.957,4.05723,4.46056,137342
5810.0,0.754577,1.00077,0.0439766,1.00077,119809,129772,358.836,374.032,391.946,35.2885,32.4064,5260.74,5427.55,8.51251,4.05683,4.46132,0.976624,0.981261,173.318,121.944,4.05683,4.46132,137337
5812.0,0.754566,1.00078,0.0439762,1.00078,119805,129767,358.836,374.032,391.945,35.2856,32.4121,5260.22,5427.55,8.51251,4.05643,4.46208,0.976608,0.981268,173.377,121.929,4.05643,4.46208,137333
5814.0,0.754556,1.00079,0.0439759,1.00079,119803,129762,358.835,374.032,391.944,35.2824,32.4178,5259.58,5427.55,8.51251,4.05601,4.46283,0.976592,0.981274,173.366,121.917,4.05601,4.46283,137328
5816.0,0.754544,1.0008,0.0439756,1.0008,119799,129758,358.834,374.032,391.943,35.2793,32.4235,5258.99,5427.55,8.51251,4.05558,4.46358,0.976575,0.98128,173.239,121.906,4.05558,4.46358,137324
5818.0,0.754537,1.00081,0.0439753,1.00081,119799,129753,358.835,374.032,391.942,35.2757,32.4293,5258.29,5427.55,8.51251,4.05517,4.46434,0.976559,0.981286,173.314,121.894,4.05517,4.46434,137319
5820.0,0.754528,1.00083,0.0439749,1.00083,119797,129749,358.835,374.032,391.941,35.2732,32.435,5257.93,5427.55,8.51251,4.05485,4.46511,0.976542,0.981292,173.285,121.884,4.05485,4.46511,137315
5822.0,0.754518,1.00084,0.0439746,1.00084,119795,129745,358.834,374.032,391.94,35.2703,32.4408,5257.46,5427.55,8.51251,4.05447,4.46587,0.976526,0.981298,173.228,121.873,4.05447,4.46587,137311
5824.0,0.754507,1.00088,0.0439742,1.00088,119792,129740,358.834,374.033,391.939,35.2671,32.4465,5256.87,5427.55,8.51251,4.05404,4.46666,0.97651,0.981303,173.247,121.859,4.05404,4.46666,137307
5826.0,0.754495,1.00092,0.0439736,1.00092,119788,129735,358.833,374.033,391.938,35.2637,32.4588,5256.24,5427.55,8.51251,4.05357,4.46834,0.976493,0.981308,173.2,121.845,4.05357,4.46834,137302
5828.0,0.754482,1.00094,0.043973,1.00094,119783,129730,358.832,374.033,391.936,35.2599,32.4694,5255.51,5427.55,8.51251,4.05306,4.46978,0.976477,0.981313,173.188,121.829,4.05306,4.46978,137298
5830.0,0.754471,1.00096,0.0439721,1.00096,119781,129726,358.832,374.033,391.935,35.256,32.4782,5254.73,5427.55,8.51251,4.05256,4.47097,0.976461,0.981318,173.107,121.818,4.05256,4.47097,137293
5832.0,0.754459,1.00098,0.0439712,1.00098,119778,129722,358.831,374.032,391.935,35.2526,32.486,5254.13,5427.55,8.51251,4.05211,4.47203,0.976445,0.981323,173.169,121.802,4.05211,4.47203,137289
5834.0,0.754449,1.00099,0.0439703,1.00099,119775,129718,358.831,374.032,391.934,35.2488,32.4933,5253.44,5427.55,8.51251,4.05164,4.473,0.976428,0.981328,173.171,121.789,4.05164,4.473,137286
5836.0,0.754489,1.00097,0.0439699,1.00097,119812,129715,358.842,374.035,391.933,35.2454,32.5002,5252.86,5427.55,8.51251,4.05186,4.4739,0.976412,0.981334,174.538,121.797,4.05186,4.4739,137282
5838.0,0.754548,1.00094,0.0439703,1.00094,119862,129714,358.856,374.04,391.933,35.2521,32.4995,5255.79,5427.55,8.51251,4.05346,4.47377,0.976396,0.981341,174.508,121.866,4.05346,4.47377,137282
5840.0,0.754578,1.0009,0.0439715,1.0009,119889,129716,358.864,374.046,391.934,35.2626,32.4974,5259.93,5427.55,8.51251,4.0551,4.47345,0.976379,0.981347,174,121.916,4.0551,4.47345,137283
5842.0,0.754594,1.00087,0.0439735,1.00087,119903,129719,358.869,374.055,391.935,35.2676,32.4943,5262.06,5427.55,8.51251,4.05591,4.47301,0.976363,0.981354,173.808,121.94,4.05591,4.47301,137286
5844.0,0.754599,1.00085,0.0439755,1.00085,119910,129725,358.871,374.064,391.937,35.2697,32.4918,5263.19,5427.55,8.51251,4.05626,4.47269,0.976346,0.981361,173.649,121.95,4.05626,4.47269,137291
5846.0,0.754598,1.00084,0.0439773,1.00084,119911,129734,358.872,374.073,391.94,35.2698,32.4911,5263.6,5427.55,8.51251,4.05629,4.47265,0.976329,0.981367,173.536,121.952,4.05629,4.47265,137300
5848.0,0.754602,1.00083,0.0439786,1.00083,119916,129747,358.874,374.08,391.944,35.2685,32.4917,5263.55,5427.55,8.51251,4.05622,4.47283,0.976313,0.981374,173.667,121.952,4.05622,4.47283,137313
5850.0,0.754601,1.00082,0.043979,1.00082,119917,129763,358.874,374.086,391.949,35.2683,32.4933,5263.84,5427.55,8.51251,4.05621,4.47317,0.976296,0.98138,173.57,121.952,4.05621,4.47317,137329
5852.0,0.754599,1.00083,0.0439788,1.00083,119918,129780,358.875,374.09,391.954,35.2671,32.4963,5263.8,5427.55,8.51251,4.05608,4.47373,0.97628,0.981386,173.536,121.951,4.05608,4.47373,137346
5854.0,0.754598,1.00083,0.043978,1.00083,119919,129797,358.876,374.093,391.959,35.2658,32.4999,5263.76,5427.55,8.51251,4.05594,4.47437,0.976264,0.981393,173.542,121.949,4.05594,4.47437,137363
5856.0,0.754601,1.00082,0.0439771,1.00082,119923,129812,358.877,374.096,391.964,35.2645,32.5035,5263.67,5427.55,8.51251,4.05586,4.47498,0.976247,0.981399,173.673,121.948,4.05586,4.47498,137378
5858.0,0.754606,1.00082,0.0439762,1.00082,119929,129824,358.879,374.098,391.968,35.2641,32.5065,5263.92,5427.55,8.51251,4.0559,4.47548,0.976231,0.981405,173.69,121.953,4.0559,4.47548,137390
5860.0,0.754615,1.00081,0.0439752,1.00081,119938,129833,358.882,374.101,391.971,35.2641,32.5086,5264.28,5427.55,8.51251,4.05604,4.47583,0.976214,0.981412,173.803,121.96,4.05604,4.47583,137399
5862.0,0.754626,1.0008,0.0439745,1.0008,119947,129840,358.885,374.105,391.973,35.265,32.5098,5264.95,5427.55,8.51251,4.0563,4.47604,0.976198,0.981418,173.822,121.972,4.0563,4.47604,137406
5864.0,0.754637,1.00078,0.0439741,1.00078,119957,129846,358.888,374.109,391.975,35.2663,32.511,5265.71,5427.55,8.51251,4.0566,4.47624,0.976181,0.981424,173.84,121.984,4.0566,4.47624,137412
5866.0,0.754649,1.00077,0.0439741,1.00077,119966,129851,358.891,374.114,391.977,35.2675,32.5115,5266.45,5427.55,8.51251,4.05689,4.47632,0.976164,0.981431,173.877,121.996,4.05689,4.47632,137417
5868.0,0.75466,1.00075,0.0439744,1.00075,119975,129856,358.894,374.119,391.978,35.2689,32.5115,5267.24,5427.55,8.51251,4.0572,4.47635,0.976148,0.981437,173.872,122.009,4.0572,4.47635,137422
5870.0,0.754668,1.00074,0.043975,1.00074,119982,129862,358.896,374.124,391.98,35.2703,32.5114,5267.98,5427.55,8.51251,4.05747,4.47637,0.976131,0.981444,173.833,122.02,4.05747,4.47637,137427
5872.0,0.754674,1.00072,0.0439756,1.00072,119987,129869,358.898,374.129,391.983,35.2712,32.5114,5268.55,5427.55,8.51251,4.05764,4.47641,0.976115,0.98145,173.791,122.028,4.05764,4.47641,137434
5874.0,0.754678,1.00071,0.0439763,1.00071,119990,129876,358.899,374.133,391.985,35.2716,32.5117,5268.93,5427.55,8.51251,4.05773,4.47649,0.976098,0.981457,173.76,122.033,4.05773,4.47649,137441
5876.0,0.754684,1.0007,0.043977,1.0007,119994,129884,358.901,374.138,391.988,35.2715,32.5121,5269.17,5427.55,8.51251,4.0578,4.4766,0.976082,0.981463,173.759,122.04,4.0578,4.4766,137449
5878.0,0.75469,1.00068,0.0439776,1.00068,119998,129892,358.902,374.142,391.99,35.272,32.5127,5269.55,5427.55,8.51251,4.05791,4.47672,0.976065,0.98147,173.766,122.046,4.05791,4.47672,137457
5880.0,0.754697,1.00067,0.0439781,1.00067,120003,129900,358.904,374.145,391.993,35.2724,32.5131,5269.93,5427.55,8.51251,4.05803,4.47683,0.976048,0.981476,173.787,122.053,4.05803,4.47683,137464
5882.0,0.754703,1.00066,0.0439787,1.00066,120007,129907,358.906,374.149,391.995,35.2729,32.5133,5270.33,5427.55,8.51251,4.05816,4.47691,0.976032,0.981483,173.919,122.057,4.05816,4.47691,137472
5884.0,0.754709,1.00064,0.0439792,1.00064,120011,129914,358.907,374.153,391.997,35.2735,32.5132,5270.74,5427.55,8.51251,4.05829,4.47693,0.976015,0.981489,173.852,122.065,4.05829,4.47693,137478
5886.0,0.754716,1.00062,0.0439797,1.00062,120015,129920,358.909,374.156,392,35.2739,32.5127,5271.08,5427.55,8.51251,4.05841,4.47688,0.975999,0.981496,173.887,122.071,4.05841,4.47688,137485
5888.0,0.754723,1.0006,0.0439802,1.0006,120020,129926,358.911,374.16,392.002,35.2746,32.5117,5271.5,5427.55,8.51251,4.05856,4.47678,0.975982,0.981503,173.914,122.08,4.05856,4.47678,137490
5890.0,0.754732,1.00058,0.0439806,1.00058,120026,129932,358.912,374.164,392.003,35.2755,32.5104,5271.98,5427.55,8.51251,4.05874,4.47662,0.975965,0.981509,173.933,122.088,4.05874,4.47662,137496
5892.0,0.75474,1.00056,0.043981,1.00056,120031,129937,358.914,374.168,392.005,35.2765,32.5089,5272.49,5427.55,8.51251,4.05894,4.47643,0.975949,0.981516,173.944,122.097,4.05894,4.47643,137501
5894.0,0.754748,1.00054,0.0439814,1.00054,120036,129942,358.916,374.172,392.007,35.2775,32.5071,5272.99,5427.55,8.51251,4.05913,4.4762,0.975932,0.981523,173.95,122.106,4.05913,4.4762,137506
5896.0,0.754756,1.00052,0.043982,1.00052,120040,129948,358.918,374.176,392.009,35.2785,32.5052,5273.5,5427.55,8.51251,4.05932,4.47595,0.975916,0.98153,173.952,122.115,4.05932,4.47595,137511
5898.0,0.754763,1.0005,0.0439827,1.0005,120044,129953,358.919,374.18,392.011,35.2794,32.5032,5273.97,5427.55,8.51251,4.05948,4.4757,0.975899,0.981537,173.955,122.123,4.05948,4.4757,137516
5900.0,0.754769,1.00048,0.0439835,1.00048,120048,129958,358.921,374.184,392.013,35.2802,32.5011,5274.39,5427.55,8.51251,4.05963,4.47543,0.975882,0.981543,173.959,122.131,4.05963,4.47543,137521
5902.0,0.754779,1.00046,0.0439843,1.00046,120054,129964,358.922,374.188,392.014,35.281,32.499,5274.79,5427.55,8.51251,4.05981,4.47516,0.975866,0.98155,174.095,122.138,4.05981,4.47516,137526
5904.0,0.754786,1.00044,0.0439852,1.00044,120056,129969,358.924,374.192,392.016,35.2824,32.4968,5275.38,5427.55,8.51251,4.06002,4.47488,0.975849,0.981557,173.971,122.149,4.06002,4.47488,137532
5906.0,0.754752,1.00042,0.0439862,1.00042,120028,129974,358.916,374.196,392.018,35.2832,32.4946,5275.73,5427.55,8.51251,4.05963,4.4746,0.975833,0.981564,172.814,122.142,4.05963,4.4746,137537
5908.0,0.754753,1.0004,0.0439873,1.0004,120028,129979,358.916,374.199,392.02,35.276,32.4923,5273.32,5427.55,8.51251,4.05878,4.4743,0.975816,0.981571,173.995,122.108,4.05878,4.4743,137542
5910.0,0.754769,1.00038,0.043991,1.00038,120039,129984,358.92,374.201,392.022,35.2755,32.4899,5273.3,5427.55,8.51251,4.0589,4.47399,0.9758,0.981578,174.19,122.121,4.0589,4.47399,137546
5912.0,0.754783,1.00035,0.0439955,1.00035,120048,129988,358.923,374.202,392.023,35.2781,32.4874,5274.36,5427.55,8.51251,4.05936,4.47364,0.975783,0.981585,174.112,122.14,4.05936,4.47364,137550
5914.0,0.754798,1.00033,0.0439985,1.00033,120058,129991,358.926,374.204,392.024,35.2804,32.4845,5275.25,5427.55,8.51251,4.05978,4.47324,0.975766,0.981592,174.159,122.156,4.05978,4.47324,137553
5916.0,0.754813,1.0003,0.0440007,1.0003,120067,129992,358.929,374.21,392.025,35.2829,32.4812,5276.19,5427.55,8.51251,4.06021,4.47276,0.97575,0.981599,174.179,122.173,4.06021,4.47276,137554
5918.0,0.75482,1.0003,0.0440003,1.0003,120070,129993,358.93,374.214,392.025,35.2855,32.4773,5277.13,5427.55,8.51251,4.06056,4.47223,0.975733,0.981606,173.9,122.189,4.06056,4.47223,137554
5920.0,0.754801,1.00031,0.043999,1.00031,120053,129992,358.926,374.217,392.025,35.2865,32.4777,5277.54,5427.55,8.51251,4.06038,4.47227,0.975717,0.981612,173.34,122.183,4.06038,4.47227,137553
5922.0,0.754773,1.00032,0.0439971,1.00032,120029,129991,358.919,374.219,392.025,35.2823,32.4814,5276.13,5427.55,8.51251,4.05949,4.47279,0.9757,0.981618,173.271,122.15,4.05949,4.47279,137552
5924.0,0.754749,1.00033,0.0439947,1.00033,120010,129990,358.914,374.22,392.025,35.2761,32.485,5274.08,5427.55,8.51251,4.05845,4.47327,0.975684,0.981624,173.337,122.12,4.05845,4.47327,137551
5926.0,0.754752,1.00031,0.0439922,1.00031,120011,129990,358.915,374.22,392.026,35.2708,32.4888,5272.38,5427.55,8.51251,4.05785,4.47377,0.975667,0.981631,174,122.103,4.05785,4.47377,137551
5928.0,0.754773,1.00028,0.0439897,1.00028,120027,129991,358.92,374.219,392.026,35.2707,32.4847,5272.5,5427.55,8.51251,4.0581,4.4732,0.975651,0.981637,174.303,122.12,4.0581,4.4732,137553
5930.0,0.754798,1.00026,0.0439882,1.00026,120045,129992,358.925,374.22,392.027,35.2745,32.4814,5273.97,5427.55,8.51251,4.05883,4.47271,0.975634,0.981644,174.321,122.149,4.05883,4.47271,137553
5932.0,0.754821,1.00023,0.0439879,1.00023,120060,129991,358.93,374.222,392.027,35.2789,32.4777,5275.6,5427.55,8.51251,4.05959,4.47216,0.975618,0.981651,174.313,122.175,4.05959,4.47216,137552
5934.0,0.754842,1.0002,0.0439889,1.0002,120074,129988,358.934,374.227,392.027,35.2829,32.4732,5277.06,5427.55,8.51251,4.06029,4.47149,0.975601,0.981658,174.324,122.2,4.06029,4.47149,137549
5936.0,0.754859,1.00017,0.0439909,1.00017,120085,129986,358.937,374.233,392.026,35.2868,32.468,5278.42,5427.55,8.51251,4.0609,4.47073,0.975585,0.981665,174.256,122.222,4.0609,4.47073,137547
5938.0,0.754869,1.00015,0.0439929,1.00015,120089,129986,358.939,374.24,392.026,35.2899,32.463,5279.51,5427.55,8.51251,4.06134,4.47,0.975568,0.981672,174.122,122.237,4.06134,4.47,137546
5940.0,0.754874,1.00013,0.0439948,1.00013,120090,129988,358.94,374.246,392.027,35.2916,32.4589,5280.09,5427.55,8.51251,4.06153,4.46943,0.975551,0.981679,174.064,122.244,4.06153,4.46943,137548
5942.0,0.754869,1.00012,0.043996,1.00012,120083,129993,358.938,374.251,392.029,35.2922,32.4563,5280.29,5427.55,8.51251,4.06149,4.4691,0.975535,0.981686,173.794,122.246,4.06149,4.4691,137553
5944.0,0.75486,1.00012,0.0439967,1.00012,120074,129999,358.936,374.255,392.031,35.2911,32.4552,5279.87,5427.55,8.51251,4.06119,4.469,0.975518,0.981693,173.753,122.236,4.06119,4.469,137559
5946.0,0.754851,1.00012,0.0439967,1.00012,120065,130007,358.933,374.257,392.034,35.289,32.4553,5279.16,5427.55,8.51251,4.06079,4.46907,0.975502,0.981699,173.755,122.225,4.06079,4.46907,137567
5948.0,0.754845,1.00012,0.0439961,1.00012,120058,130014,358.932,374.258,392.036,35.2868,32.4559,5278.45,5427.55,8.51251,4.06042,4.4692,0.975485,0.981706,173.821,122.216,4.06042,4.4692,137574
5950.0,0.754845,1.00011,0.0439953,1.00011,120056,130019,358.932,374.259,392.038,35.2853,32.4562,5277.98,5427.55,8.51251,4.06021,4.46928,0.975469,0.981712,173.93,122.212,4.06021,4.46928,137579
5952.0,0.754846,1.0001,0.0439945,1.0001,120055,130023,358.932,374.259,392.039,35.2849,32.4557,5277.87,5427.55,8.51251,4.06013,4.46923,0.975452,0.981719,173.973,122.212,4.06013,4.46923,137583
5954.0,0.75486,1.00009,0.0439942,1.00009,120063,130024,358.935,374.26,392.04,35.2848,32.454,5277.87,5427.55,8.51251,4.06026,4.46899,0.975436,0.981725,174.287,122.219,4.06026,4.46899,137584
5956.0,0.754876,1.00006,0.0439942,1.00006,120074,130024,358.938,374.262,392.04,35.2872,32.4511,5278.75,5427.55,8.51251,4.0607,4.46855,0.975419,0.981732,174.283,122.238,4.0607,4.46855,137584
5958.0,0.754893,1.00004,0.0439951,1.00004,120084,130023,358.941,374.266,392.04,35.2901,32.4471,5279.78,5427.55,8.51251,4.06121,4.46796,0.975403,0.981739,174.312,122.257,4.06121,4.46796,137582
5960.0,0.754907,1.00001,0.0439965,1.00001,120092,130021,358.944,374.27,392.04,35.2933,32.4423,5280.84,5427.55,8.51251,4.0617,4.46726,0.975386,0.981746,174.27,122.275,4.0617,4.46726,137580
5962.0,0.754917,0.999988,0.0439982,0.999988,120096,130020,358.945,374.274,392.04,35.2959,32.4374,5281.72,5427.55,8.51251,4.06208,4.46654,0.97537,0.981753,174.189,122.288,4.06208,4.46654,137579
5964.0,0.754924,0.999968,0.0439999,0.999968,120099,130021,358.947,374.279,392.041,35.2977,32.4326,5282.28,5427.55,8.51251,4.06232,4.46586,0.975353,0.98176,174.214,122.296,4.06232,4.46586,137579
5966.0,0.754931,0.999951,0.0440014,0.999951,120101,130023,358.947,374.284,392.041,35.2991,32.4284,5282.68,5427.55,8.51251,4.0625,4.46529,0.975337,0.981767,174.139,122.306,4.0625,4.46529,137581
5968.0,0.75493,0.999939,0.0440025,0.999939,120097,130026,358.946,374.287,392.043,35.3002,32.4251,5283,5427.55,8.51251,4.06255,4.46484,0.97532,0.981774,173.972,122.309,4.06255,4.46484,137585
5970.0,0.754923,0.99993,0.0440031,0.99993,120088,130031,358.945,374.291,392.044,35.2999,32.4226,5282.8,5427.55,8.51251,4.06237,4.46452,0.975304,0.981781,173.961,122.301,4.06237,4.46452,137589
5972.0,0.754921,0.999922,0.0440033,0.999922,120084,130035,358.944,374.293,392.046,35.2985,32.4206,5282.25,5427.55,8.51251,4.06213,4.46427,0.975287,0.981788,173.981,122.298,4.06213,4.46427,137594
5974.0,0.75492,0.999914,0.0440029,0.999914,120080,130040,358.943,374.295,392.048,35.2978,32.4188,5281.98,5427.55,8.51251,4.06199,4.46405,0.975271,0.981795,174.016,122.295,4.06199,4.46405,137598
5976.0,0.75492,0.999904,0.0440024,0.999904,120077,130043,358.942,374.296,392.049,35.2975,32.417,5281.83,5427.55,8.51251,4.0619,4.46381,0.975254,0.981801,174.09,122.292,4.0619,4.46381,137601
5978.0,0.754924,0.999892,0.044002,0.999892,120078,130046,358.943,374.297,392.05,35.2973,32.4148,5281.7,5427.55,8.51251,4.06188,4.46351,0.975238,0.981808,174.135,122.296,4.06188,4.46351,137604
5980.0,0.754937,0.999877,0.0440018,0.999877,120085,130046,358.945,374.299,392.05,35.298,32.412,5281.89,5427.55,8.51251,4.06208,4.46311,0.975221,0.981815,174.356,122.305,4.06208,4.46311,137604
5982.0,0.754949,0.99986,0.044002,0.99986,120092,130046,358.948,374.301,392.051,35.3005,32.4086,5282.7,5427.55,8.51251,4.06246,4.46263,0.975205,0.981822,174.284,122.32,4.06246,4.46263,137604
5984.0,0.754959,0.999841,0.0440029,0.999841,120097,130045,358.949,374.304,392.051,35.3027,32.4047,5283.39,5427.55,8.51251,4.0628,4.46206,0.975188,0.981829,174.276,122.333,4.0628,4.46206,137603
5986.0,0.754968,0.999822,0.0440041,0.999822,120100,130044,358.951,374.308,392.051,35.3048,32.4004,5284.02,5427.55,8.51251,4.06309,4.46144,0.975172,0.981836,174.243,122.344,4.06309,4.46144,137602
5988.0,0.754977,0.999804,0.0440055,0.999804,120104,130044,358.952,374.312,392.051,35.3064,32.3961,5284.49,5427.55,8.51251,4.06333,4.46081,0.975155,0.981843,174.204,122.355,4.06333,4.46081,137601
5990.0,0.754984,0.999788,0.0440069,0.999788,120106,130044,358.953,374.316,392.051,35.3082,32.3918,5285.01,5427.55,8.51251,4.06358,4.46021,0.975139,0.98185,174.255,122.362,4.06358,4.46021,137602
5992.0,0.754988,0.999774,0.0440081,0.999774,120106,130046,358.953,374.319,392.052,35.3098,32.3879,5285.42,5427.55,8.51251,4.06375,4.45966,0.975122,0.981857,174.171,122.369,4.06375,4.45966,137603
5994.0,0.754986,0.999763,0.0440089,0.999763,120101,130048,358.952,374.322,392.053,35.3106,32.3844,5285.58,5427.55,8.51251,4.06374,4.45918,0.975106,0.981864,174.021,122.37,4.06374,4.45918,137605
5996.0,0.754984,0.999754,0.0440095,0.999754,120097,130051,358.951,374.325,392.054,35.3101,32.3813,5285.28,5427.55,8.51251,4.06361,4.45877,0.975089,0.981871,174.086,122.366,4.06361,4.45877,137608
5998.0,0.754981,0.999745,0.0440096,0.999745,120091,130054,358.95,374.327,392.056,35.3098,32.3786,5285.1,5427.55,8.51251,4.06348,4.4584,0.975073,0.981878,173.971,122.365,4.06348,4.4584,137611
6000.0,0.754979,0.999737,0.0440092,0.999737,120087,130057,358.949,374.329,392.057,35.3091,32.376,5284.76,5427.55,8.51251,4.06332,4.45805,0.975056,0.981884,174.014,122.361,4.06332,4.45805,137613
6002.0,0.754981,0.999728,0.0440089,0.999728,120086,130059,358.95,374.331,392.058,35.3088,32.3734,5284.56,5427.55,8.51251,4.06326,4.4577,0.97504,0.981891,174.125,122.361,4.06326,4.4577,137615
6004.0,0.754985,0.999718,0.0440086,0.999718,120087,130060,358.95,374.332,392.058,35.3092,32.3706,5284.64,5427.55,8.51251,4.06332,4.45731,0.975023,0.981898,174.209,122.363,4.06332,4.45731,137617
6006.0,0.754995,0.999706,0.0440085,0.999706,120091,130060,358.952,374.334,392.059,35.3101,32.3676,5284.82,5427.55,8.51251,4.06349,4.45688,0.975007,0.981905,174.342,122.37,4.06349,4.45688,137617
6008.0,0.755003,0.999693,0.0440088,0.999693,120095,130059,358.953,374.336,392.059,35.312,32.3642,5285.41,5427.55,8.51251,4.06377,4.4564,0.97499,0.981912,174.298,122.381,4.06377,4.4564,137616
6010.0,0.754994,0.999723,0.0440093,0.999723,120085,130057,358.951,374.337,392.058,35.3138,32.3606,5285.89,5427.55,8.51251,4.0638,4.45591,0.974974,0.981918,173.721,122.386,4.0638,4.45591,137614
6012.0,0.754965,0.999747,0.0440099,0.999747,120059,130053,358.944,374.338,392.057,35.312,32.3656,5285.14,5427.55,8.51251,4.06316,4.45658,0.974958,0.981924,173.488,122.358,4.06316,4.45658,137610
6014.0,0.75494,0.999767,0.0440102,0.999767,120039,130049,358.938,374.338,392.056,35.3061,32.3694,5283,5427.55,8.51251,4.06213,4.45708,0.974941,0.98193,173.584,122.326,4.06213,4.45708,137606
6016.0,0.754943,0.999741,0.0440101,0.999741,120040,130045,358.939,374.337,392.056,35.3012,32.3726,5281.25,5427.55,8.51251,4.06157,4.45745,0.974925,0.981936,174.265,122.31,4.06157,4.45745,137602
6018.0,0.754965,0.99972,0.0440097,0.99972,120055,130042,358.943,374.337,392.055,35.3017,32.3666,5281.41,5427.55,8.51251,4.06188,4.45658,0.974909,0.981943,174.526,122.327,4.06188,4.45658,137599
6020.0,0.754985,0.999699,0.0440095,0.999699,120069,130040,358.948,374.337,392.055,35.3059,32.3614,5282.82,5427.55,8.51251,4.06259,4.45582,0.974892,0.98195,174.47,122.353,4.06259,4.45582,137596
6022.0,0.755001,0.999676,0.0440099,0.999676,120079,130037,358.951,374.339,392.054,35.31,32.3561,5284.18,5427.55,8.51251,4.06323,4.45504,0.974876,0.981957,174.421,122.373,4.06323,4.45504,137593
6024.0,0.755015,0.999652,0.0440111,0.999652,120087,130033,358.954,374.343,392.053,35.3133,32.3504,5285.21,5427.55,8.51251,4.06374,4.45419,0.97486,0.981964,174.407,122.39,4.06374,4.45419,137589
6026.0,0.755026,0.999631,0.0440126,0.999631,120092,130029,358.956,374.348,392.053,35.3162,32.3443,5286.07,5427.55,8.51251,4.06415,4.4533,0.974843,0.981971,174.346,122.404,4.06415,4.4533,137585
6028.0,0.755034,0.999614,0.0440142,0.999614,120095,130027,358.957,374.353,392.052,35.3184,32.3386,5286.73,5427.55,8.51251,4.06446,4.45248,0.974827,0.981978,174.348,122.413,4.06446,4.45248,137583
6030.0,0.755037,0.999605,0.0440154,0.999605,120095,130027,358.957,374.357,392.053,35.3201,32.334,5287.15,5427.55,8.51251,4.06463,4.45182,0.97481,0.981985,174.178,122.421,4.06463,4.45182,137583
6032.0,0.755029,0.999604,0.0440163,0.999604,120085,130030,358.955,374.361,392.054,35.3209,32.3307,5287.26,5427.55,8.51251,4.06456,4.45139,0.974794,0.981991,173.986,122.416,4.06456,4.45139,137585
6034.0,0.755019,0.999607,0.0440167,0.999607,120075,130033,358.952,374.363,392.055,35.3194,32.3289,5286.61,5427.55,8.51251,4.06421,4.45117,0.974778,0.981998,173.939,122.405,4.06421,4.45117,137589
6036.0,0.755009,0.999613,0.0440164,0.999613,120065,130037,358.95,374.365,392.057,35.3175,32.3282,5285.82,5427.55,8.51251,4.06382,4.45111,0.974761,0.982005,173.944,122.394,4.06382,4.45111,137593
6038.0,0.755002,0.999618,0.0440157,0.999618,120058,130041,358.948,374.365,392.058,35.3157,32.3279,5285.09,5427.55,8.51251,4.06349,4.4511,0.974745,0.982011,173.995,122.383,4.06349,4.4511,137597
6040.0,0.755001,0.99962,0.0440148,0.99962,120055,130043,358.947,374.365,392.059,35.3144,32.3276,5284.54,5427.55,8.51251,4.06328,4.45107,0.974729,0.982017,174.105,122.378,4.06328,4.45107,137599
6042.0,0.754999,0.999618,0.0440141,0.999618,120052,130044,358.947,374.365,392.059,35.3141,32.3266,5284.37,5427.55,8.51251,4.06319,4.45093,0.974712,0.982024,174.09,122.376,4.06319,4.45093,137600
6044.0,0.755006,0.999611,0.0440137,0.999611,120056,130043,358.948,374.366,392.059,35.3138,32.3247,5284.18,5427.55,8.51251,4.06322,4.45066,0.974696,0.98203,174.318,122.378,4.06322,4.45066,137599
6046.0,0.755021,0.9996,0.0440137,0.9996,120066,130041,358.951,374.367,392.059,35.3153,32.3219,5284.62,5427.55,8.51251,4.06355,4.45023,0.97468,0.982037,174.393,122.394,4.06355,4.45023,137596
6048.0,0.755034,0.999587,0.0440141,0.999587,120073,130037,358.954,374.37,392.058,35.3185,32.3182,5285.62,5427.55,8.51251,4.06404,4.44968,0.974664,0.982044,174.401,122.408,4.06404,4.44968,137593
6050.0,0.755045,0.999573,0.0440152,0.999573,120080,130034,358.956,374.373,392.058,35.3212,32.314,5286.42,5427.55,8.51251,4.06445,4.44906,0.974647,0.982051,174.381,122.421,4.06445,4.44906,137590
6052.0,0.755052,0.999561,0.0440166,0.999561,120083,130031,358.957,374.376,392.057,35.3236,32.3097,5287.11,5427.55,8.51251,4.06477,4.44843,0.974631,0.982057,174.303,122.432,4.06477,4.44843,137587
6054.0,0.755061,0.999553,0.0440181,0.999553,120087,130030,358.959,374.38,392.057,35.3252,32.3057,5287.52,5427.55,8.51251,4.06502,4.44785,0.974614,0.982064,174.349,122.44,4.06502,4.44785,137585
6056.0,0.755063,0.999548,0.0440194,0.999548,120086,130030,358.959,374.384,392.058,35.3271,32.3023,5288.05,5427.55,8.51251,4.06522,4.44737,0.974598,0.982071,174.209,122.447,4.06522,4.44737,137585
6058.0,0.755055,0.999548,0.0440203,0.999548,120077,130031,358.957,374.387,392.058,35.3278,32.2997,5288.16,5427.55,8.51251,4.06515,4.44702,0.974582,0.982078,173.961,122.444,4.06515,4.44702,137587
6060.0,0.755048,0.99955,0.0440207,0.99955,120070,130034,358.955,374.389,392.059,35.3264,32.298,5287.51,5427.55,8.51251,4.06485,4.44679,0.974566,0.982084,174.053,122.433,4.06485,4.44679,137589
6062.0,0.755042,0.999554,0.0440205,0.999554,120063,130036,358.954,374.391,392.06,35.3252,32.2968,5286.98,5427.55,8.51251,4.06461,4.44666,0.974549,0.98209,174.055,122.425,4.06461,4.44666,137592
6064.0,0.755039,0.999559,0.0440198,0.999559,120059,130039,358.953,374.392,392.061,35.3242,32.296,5286.51,5427.55,8.51251,4.06441,4.44657,0.974533,0.982097,174.107,122.42,4.06441,4.44657,137594
6066.0,0.755037,0.999561,0.044019,0.999561,120055,130041,358.952,374.392,392.062,35.3237,32.2952,5286.21,5427.55,8.51251,4.06428,4.44647,0.974517,0.982103,174.074,122.417,4.06428,4.44647,137596
6068.0,0.755034,0.999562,0.0440182,0.999562,120052,130041,358.951,374.393,392.063,35.3234,32.2941,5286.01,5427.55,8.51251,4.06419,4.44632,0.974501,0.98211,174.118,122.413,4.06419,4.44632,137596
6070.0,0.755037,0.999559,0.0440177,0.999559,120052,130040,358.952,374.394,392.063,35.3231,32.2925,5285.79,5427.55,8.51251,4.06415,4.44609,0.974484,0.982116,174.243,122.412,4.06415,4.44609,137596
6072.0,0.755048,0.999554,0.0440176,0.999554,120059,130038,358.954,374.395,392.062,35.3238,32.2904,5285.93,5427.55,8.51251,4.06434,4.44576,0.974468,0.982123,174.433,122.42,4.06434,4.44576,137594
6074.0,0.755057,0.999547,0.0440177,0.999547,120064,130036,358.956,374.397,392.062,35.3262,32.2877,5286.64,5427.55,8.51251,4.0647,4.44536,0.974452,0.982129,174.354,122.432,4.0647,4.44536,137591
6076.0,0.755065,0.99954,0.0440186,0.99954,120069,130033,358.958,374.4,392.061,35.3282,32.2846,5287.2,5427.55,8.51251,4.065,4.44491,0.974436,0.982136,174.349,122.442,4.065,4.44491,137588
6078.0,0.755073,0.999533,0.0440198,0.999533,120073,130031,358.959,374.403,392.061,35.33,32.2815,5287.7,5427.55,8.51251,4.06527,4.44444,0.974419,0.982142,174.403,122.45,4.06527,4.44444,137586
6080.0,0.755077,0.999528,0.0440212,0.999528,120073,130029,358.96,374.406,392.061,35.3319,32.2784,5288.19,5427.55,8.51251,4.06549,4.44399,0.974403,0.982149,174.299,122.457,4.06549,4.44399,137584
6082.0,0.755077,0.999525,0.0440225,0.999525,120072,130028,358.959,374.409,392.061,35.3329,32.2756,5288.38,5427.55,8.51251,4.06557,4.44359,0.974387,0.982156,174.189,122.46,4.06557,4.44359,137583
6084.0,0.75507,0.999524,0.0440234,0.999524,120064,130028,358.958,374.412,392.061,35.3332,32.2732,5288.33,5427.55,8.51251,4.06547,4.44326,0.974371,0.982162,174.013,122.456,4.06547,4.44326,137584
6086.0,0.755066,0.999526,0.0440239,0.999526,120059,130030,358.956,374.414,392.062,35.332,32.2713,5287.75,5427.55,8.51251,4.06524,4.44301,0.974354,0.982169,174.119,122.447,4.06524,4.44301,137585
6088.0,0.755063,0.999529,0.0440237,0.999529,120055,130031,358.956,374.415,392.063,35.3314,32.2699,5287.4,5427.55,8.51251,4.0651,4.44282,0.974338,0.982175,174.142,122.443,4.0651,4.44282,137586
6090.0,0.755059,0.999532,0.0440233,0.999532,120050,130033,358.955,374.416,392.063,35.3311,32.2687,5287.16,5427.55,8.51251,4.06497,4.44266,0.974322,0.982181,174.171,122.437,4.06497,4.44266,137588
6092.0,0.755055,0.999534,0.0440229,0.999534,120046,130033,358.954,374.417,392.064,35.3305,32.2676,5286.83,5427.55,8.51251,4.06483,4.44251,0.974306,0.982188,174.103,122.434,4.06483,4.44251,137589
6094.0,0.755054,0.999536,0.0440225,0.999536,120043,130033,358.953,374.418,392.064,35.33,32.2663,5286.52,5427.55,8.51251,4.06472,4.44234,0.97429,0.982194,174.168,122.431,4.06472,4.44234,137588
6096.0,0.755058,0.999535,0.0440223,0.999535,120045,130032,358.954,374.419,392.064,35.33,32.2649,5286.4,5427.55,8.51251,4.06475,4.44213,0.974274,0.9822,174.289,122.432,4.06475,4.44213,137587
6098.0,0.755069,0.999534,0.0440223,0.999534,120052,130030,358.957,374.42,392.064,35.331,32.2631,5286.65,5427.55,8.51251,4.06498,4.44186,0.974257,0.982207,174.439,122.44,4.06498,4.44186,137585
6100.0,0.755076,0.999531,0.0440227,0.999531,120056,130028,358.958,374.422,392.063,35.3334,32.261,5287.35,5427.55,8.51251,4.06531,4.44155,0.974241,0.982213,174.336,122.451,4.06531,4.44155,137583
6102.0,0.755084,0.999528,0.0440238,0.999528,120060,130025,358.96,374.425,392.063,35.3351,32.2587,5287.79,5427.55,8.51251,4.06557,4.4412,0.974225,0.98222,174.411,122.458,4.06557,4.4412,137580
6104.0,0.755082,0.99955,0.0440249,0.99955,120057,130023,358.959,374.427,392.063,35.3369,32.2563,5288.29,5427.55,8.51251,4.06573,4.44087,0.974209,0.982226,174.054,122.465,4.06573,4.44087,137578
6106.0,0.755045,0.999591,0.0440258,0.999591,120027,130019,358.951,374.427,392.062,35.3368,32.259,5288.09,5427.55,8.51251,4.06519,4.44124,0.974193,0.982231,173.356,122.441,4.06519,4.44124,137575
6108.0,0.755006,0.99963,0.0440257,0.99963,119996,130015,358.942,374.427,392.061,35.3296,32.2657,5285.46,5427.55,8.51251,4.06385,4.44217,0.974177,0.982236,173.354,122.394,4.06385,4.44217,137571
6110.0,0.754999,0.999619,0.0440249,0.999619,119991,130012,358.941,374.426,392.06,35.3219,32.2722,5282.75,5427.55,8.51251,4.06287,4.44301,0.974161,0.982242,174.155,122.363,4.06287,4.44301,137567
6112.0,0.75502,0.999613,0.0440234,0.999613,120007,130010,358.946,374.424,392.06,35.3206,32.2686,5282.28,5427.55,8.51251,4.06299,4.4425,0.974145,0.982248,174.589,122.374,4.06299,4.4425,137566
6114.0,0.755038,0.999607,0.044022,0.999607,120021,130008,358.951,374.423,392.06,35.3248,32.2661,5283.73,5427.55,8.51251,4.0637,4.44212,0.974129,0.982254,174.468,122.399,4.0637,4.44212,137564
6116.0,0.755054,0.999597,0.0440213,0.999597,120032,130005,358.954,374.424,392.059,35.3287,32.2634,5284.99,5427.55,8.51251,4.06433,4.44171,0.974113,0.982261,174.459,122.418,4.06433,4.44171,137560
6118.0,0.755069,0.999582,0.0440217,0.999582,120043,130000,358.957,374.427,392.058,35.332,32.2598,5286.03,5427.55,8.51251,4.06487,4.44115,0.974097,0.982267,174.469,122.435,4.06487,4.44115,137555
6120.0,0.755082,0.999568,0.0440229,0.999568,120052,129995,358.96,374.431,392.057,35.3352,32.2554,5287.02,5427.55,8.51251,4.06539,4.44049,0.97408,0.982274,174.449,122.451,4.06539,4.44049,137550
6122.0,0.755089,0.999559,0.0440244,0.999559,120056,129991,358.962,374.436,392.056,35.3381,32.2509,5287.92,5427.55,8.51251,4.06579,4.43983,0.974064,0.98228,174.324,122.463,4.06579,4.43983,137547
6124.0,0.755089,0.999557,0.0440257,0.999557,120055,129990,358.962,374.441,392.056,35.3398,32.2474,5288.41,5427.55,8.51251,4.06597,4.43933,0.974048,0.982286,174.203,122.466,4.06597,4.43933,137545
6126.0,0.755078,0.999565,0.0440265,0.999565,120044,129991,358.959,374.445,392.057,35.3402,32.2455,5288.37,5427.55,8.51251,4.06582,4.43908,0.974032,0.982293,173.89,122.461,4.06582,4.43908,137547
6128.0,0.755065,0.999579,0.0440267,0.999579,120033,129994,358.956,374.447,392.058,35.3382,32.2454,5287.53,5427.55,8.51251,4.0654,4.4391,0.974016,0.982299,173.911,122.444,4.0654,4.4391,137550
6130.0,0.755051,0.999598,0.0440262,0.999598,120022,129998,358.954,374.449,392.059,35.3358,32.2467,5286.62,5427.55,8.51251,4.06494,4.43933,0.974,0.982304,173.89,122.428,4.06494,4.43933,137554
6132.0,0.75504,0.999615,0.0440251,0.999615,120013,130002,358.951,374.449,392.061,35.3333,32.2489,5285.67,5427.55,8.51251,4.06449,4.43967,0.973984,0.98231,173.931,122.413,4.06449,4.43967,137558
6134.0,0.755035,0.99963,0.0440239,0.99963,120009,130005,358.95,374.448,392.062,35.3312,32.2511,5284.89,5427.55,8.51251,4.06417,4.44001,0.973968,0.982316,174.056,122.403,4.06417,4.44001,137561
6136.0,0.755035,0.999638,0.0440228,0.999638,120008,130006,358.951,374.447,392.062,35.3303,32.2526,5284.52,5427.55,8.51251,4.06406,4.44023,0.973952,0.982322,174.129,122.401,4.06406,4.44023,137562
6138.0,0.755043,0.999641,0.0440222,0.999641,120014,130005,358.953,374.447,392.062,35.3305,32.253,5284.53,5427.55,8.51251,4.06418,4.44027,0.973936,0.982327,174.353,122.404,4.06418,4.44027,137561
6140.0,0.755054,0.999638,0.0440221,0.999638,120023,130002,358.955,374.448,392.062,35.3323,32.2522,5285.08,5427.55,8.51251,4.06451,4.44013,0.97392,0.982333,174.38,122.416,4.06451,4.44013,137558
6142.0,0.755066,0.999632,0.0440226,0.999632,120031,129998,358.958,374.45,392.061,35.3347,32.2503,5285.83,5427.55,8.51251,4.06493,4.43982,0.973904,0.98234,174.397,122.429,4.06493,4.43982,137554
6144.0,0.755077,0.999625,0.0440237,0.999625,120038,129994,358.961,374.453,392.06,35.3373,32.2477,5286.61,5427.55,8.51251,4.06534,4.43943,0.973888,0.982346,174.388,122.441,4.06534,4.43943,137550
6146.0,0.755083,0.999621,0.0440249,0.999621,120042,129991,358.962,374.457,392.059,35.3397,32.245,5287.32,5427.55,8.51251,4.06567,4.43902,0.973872,0.982352,174.299,122.451,4.06567,4.43902,137547
6148.0,0.755087,0.99962,0.0440261,0.99962,120044,129989,358.963,374.46,392.059,35.3412,32.2427,5287.73,5427.55,8.51251,4.06587,4.43869,0.973856,0.982358,174.197,122.458,4.06587,4.43869,137545
6150.0,0.755083,0.999624,0.0440269,0.999624,120039,129989,358.962,374.464,392.059,35.3423,32.2412,5287.96,5427.55,8.51251,4.06591,4.43848,0.97384,0.982364,174.072,122.457,4.06591,4.43848,137545
6152.0,0.755072,0.999632,0.0440274,0.999632,120030,129991,358.96,374.467,392.06,35.3417,32.2406,5287.64,5427.55,8.51251,4.06569,4.43841,0.973824,0.98237,174.012,122.445,4.06569,4.43841,137547
6154.0,0.755064,0.999643,0.0440275,0.999643,120022,129993,358.958,374.468,392.061,35.3399,32.2409,5286.88,5427.55,8.51251,4.06535,4.43847,0.973808,0.982376,173.996,122.435,4.06535,4.43847,137549
6156.0,0.75505,0.999656,0.0440269,0.999656,120012,129996,358.955,374.469,392.062,35.3384,32.2418,5286.26,5427.55,8.51251,4.06499,4.43863,0.973792,0.982382,173.784,122.425,4.06499,4.43863,137552
6158.0,0.755039,0.999667,0.044026,0.999667,120003,129998,358.953,374.469,392.063,35.336,32.243,5285.34,5427.55,8.51251,4.06456,4.43883,0.973776,0.982387,173.981,122.406,4.06456,4.43883,137554
6160.0,0.755034,0.999675,0.044025,0.999675,119999,129999,358.952,374.468,392.064,35.3339,32.2441,5284.55,5427.55,8.51251,4.06425,4.43898,0.973761,0.982393,173.947,122.401,4.06425,4.43898,137555
6162.0,0.755032,0.99968,0.044024,0.99968,119997,129999,358.952,374.468,392.064,35.3331,32.2446,5284.23,5427.55,8.51251,4.06412,4.43905,0.973745,0.982399,173.999,122.396,4.06412,4.43905,137555
6164.0,0.755027,0.999682,0.0440234,0.999682,119994,129996,358.951,374.467,392.063,35.3327,32.2444,5284.05,5427.55,8.51251,4.06401,4.439,0.973729,0.982405,173.969,122.39,4.06401,4.439,137553
6166.0,0.755034,0.99968,0.0440232,0.99968,119999,129993,358.953,374.468,392.063,35.3319,32.2435,5283.73,5427.55,8.51251,4.06401,4.43885,0.973713,0.98241,174.46,122.384,4.06401,4.43885,137549
6168.0,0.755057,0.999678,0.0440234,0.999678,120017,129988,358.959,374.47,392.062,35.3335,32.2421,5284.22,5427.55,8.51251,4.06448,4.43861,0.973697,0.982416,174.548,122.409,4.06448,4.43861,137545
6170.0,0.75507,0.999676,0.0440243,0.999676,120027,129984,358.962,374.472,392.061,35.3382,32.2405,5285.8,5427.55,8.51251,4.06518,4.43834,0.973681,0.982422,174.405,122.428,4.06518,4.43834,137540
6172.0,0.755078,0.999677,0.0440256,0.999677,120032,129980,358.964,374.476,392.06,35.3412,32.239,5286.72,5427.55,8.51251,4.0656,4.4381,0.973665,0.982428,174.313,122.44,4.0656,4.4381,137536
6174.0,0.755083,0.999679,0.0440272,0.999679,120035,129977,358.965,374.48,392.059,35.343,32.2379,5287.24,5427.55,8.51251,4.06586,4.43793,0.973649,0.982434,174.317,122.445,4.06586,4.43793,137534
6176.0,0.755085,0.999684,0.0440287,0.999684,120036,129977,358.965,374.484,392.059,35.3443,32.2373,5287.55,5427.55,8.51251,4.06601,4.43784,0.973633,0.98244,174.203,122.451,4.06601,4.43784,137533
6178.0,0.755079,0.999692,0.0440298,0.999692,120029,129978,358.964,374.487,392.06,35.345,32.2372,5287.68,5427.55,8.51251,4.06598,4.43783,0.973617,0.982446,173.998,122.448,4.06598,4.43783,137534
6180.0,0.755071,0.999702,0.0440305,0.999702,120022,129980,358.962,374.49,392.061,35.3439,32.2376,5287.18,5427.55,8.51251,4.06574,4.43792,0.973602,0.982451,174.017,122.438,4.06574,4.43792,137537
6182.0,0.755063,0.999714,0.0440305,0.999714,120016,129984,358.961,374.491,392.062,35.3426,32.2386,5286.61,5427.55,8.51251,4.06547,4.43809,0.973586,0.982457,174.016,122.428,4.06547,4.43809,137540
6184.0,0.755057,0.999727,0.0440298,0.999727,120011,129987,358.96,374.492,392.063,35.3413,32.24,5286.09,5427.55,8.51251,4.06523,4.43832,0.97357,0.982463,174.03,122.42,4.06523,4.43832,137544
6186.0,0.755051,0.999737,0.0440289,0.999737,120006,129990,358.959,374.493,392.064,35.3403,32.2414,5285.64,5427.55,8.51251,4.06502,4.43855,0.973554,0.982468,173.984,122.414,4.06502,4.43855,137547
6188.0,0.75505,0.999746,0.0440278,0.999746,120006,129992,358.959,374.493,392.065,35.3393,32.2426,5285.23,5427.55,8.51251,4.0649,4.43873,0.973538,0.982474,174.114,122.409,4.0649,4.43873,137549
6190.0,0.755054,0.999751,0.0440269,0.999751,120009,129992,358.96,374.494,392.065,35.3394,32.2434,5285.21,5427.55,8.51251,4.06495,4.43884,0.973522,0.982479,174.25,122.409,4.06495,4.43884,137549
6192.0,0.755062,0.999754,0.0440264,0.999754,120015,129991,358.962,374.495,392.065,35.3403,32.2436,5285.49,5427.55,8.51251,4.06516,4.43886,0.973507,0.982485,174.284,122.417,4.06516,4.43886,137547
6194.0,0.755069,0.999755,0.0440262,0.999755,120019,129989,358.964,374.496,392.065,35.3421,32.2434,5286.06,5427.55,8.51251,4.06544,4.4388,0.973491,0.982491,174.289,122.424,4.06544,4.4388,137545
6196.0,0.755077,0.999755,0.0440267,0.999755,120025,129986,358.966,374.499,392.065,35.3437,32.2427,5286.49,5427.55,8.51251,4.06571,4.43869,0.973475,0.982496,174.389,122.431,4.06571,4.43869,137543
6198.0,0.755083,0.999755,0.0440275,0.999755,120029,129984,358.967,374.502,392.064,35.3456,32.2419,5287.06,5427.55,8.51251,4.06599,4.43855,0.973459,0.982502,174.336,122.439,4.06599,4.43855,137541
6200.0,0.755084,0.999757,0.0440283,0.999757,120029,129983,358.968,374.505,392.064,35.347,32.2411,5287.45,5427.55,8.51251,4.06615,4.43843,0.973443,0.982508,174.219,122.443,4.06615,4.43843,137540
6202.0,0.755082,0.99976,0.0440291,0.99976,120027,129983,358.967,374.507,392.064,35.3475,32.2405,5287.5,5427.55,8.51251,4.06616,4.43835,0.973427,0.982513,174.116,122.443,4.06616,4.43835,137539
6204.0,0.755074,0.999765,0.0440296,0.999765,120020,129983,358.966,374.51,392.065,35.3473,32.2404,5287.33,5427.55,8.51251,4.06602,4.43833,0.973412,0.982519,173.989,122.437,4.06602,4.43833,137540
6206.0,0.755069,0.999772,0.0440298,0.999772,120016,129985,358.965,374.512,392.066,35.346,32.2406,5286.77,5427.55,8.51251,4.0658,4.43838,0.973396,0.982525,174.086,122.429,4.0658,4.43838,137542
6208.0,0.755063,0.999779,0.0440294,0.999779,120011,129987,358.964,374.513,392.066,35.3454,32.2411,5286.46,5427.55,8.51251,4.06564,4.43847,0.97338,0.98253,174.1,122.421,4.06564,4.43847,137544
6210.0,0.75506,0.999787,0.0440288,0.999787,120008,129989,358.963,374.514,392.067,35.3445,32.2419,5286.05,5427.55,8.51251,4.06548,4.4386,0.973364,0.982536,174.142,122.415,4.06548,4.4386,137546
6212.0,0.755059,0.999794,0.0440282,0.999794,120007,129990,358.963,374.515,392.068,35.344,32.2427,5285.81,5427.55,8.51251,4.0654,4.43872,0.973349,0.982541,174.137,122.414,4.0654,4.43872,137547
6214.0,0.755035,0.999856,0.0440275,0.999856,119988,129989,358.958,374.514,392.068,35.344,32.2434,5285.73,5427.55,8.51251,4.06508,4.43887,0.973333,0.982545,173.448,122.404,4.06508,4.43887,137547
6216.0,0.755019,0.999851,0.0440268,0.999851,119977,129986,358.955,374.514,392.067,35.3393,32.2553,5284.04,5427.55,8.51251,4.06434,4.44047,0.973317,0.982551,173.973,122.37,4.06434,4.44047,137544
6218.0,0.755032,0.999846,0.0440265,0.999846,119988,129983,358.959,374.514,392.066,35.3363,32.2539,5282.97,5427.55,8.51251,4.06418,4.44024,0.973302,0.982556,174.42,122.373,4.06418,4.44024,137541
6220.0,0.75505,0.999841,0.0440266,0.999841,120002,129980,358.963,374.514,392.066,35.3391,32.2525,5283.93,5427.55,8.51251,4.06472,4.44001,0.973286,0.982562,174.452,122.392,4.06472,4.44001,137538
6222.0,0.755063,0.999835,0.0440269,0.999835,120012,129977,358.966,374.516,392.065,35.3428,32.2509,5285.14,5427.55,8.51251,4.06531,4.43976,0.97327,0.982568,174.405,122.409,4.06531,4.43976,137535
6224.0,0.755074,0.999828,0.044028,0.999828,120020,129974,358.969,374.518,392.065,35.3458,32.2491,5286.1,5427.55,8.51251,4.06579,4.43947,0.973254,0.982573,174.36,122.423,4.06579,4.43947,137531
6226.0,0.755081,0.999822,0.0440293,0.999822,120025,129971,358.971,374.522,392.064,35.3481,32.2471,5286.82,5427.55,8.51251,4.06613,4.43916,0.973238,0.982579,174.285,122.432,4.06613,4.43916,137528
6228.0,0.755084,0.999819,0.0440307,0.999819,120026,129969,358.972,374.526,392.064,35.3497,32.2453,5287.27,5427.55,8.51251,4.06634,4.4389,0.973223,0.982585,174.255,122.437,4.06634,4.4389,137527
6230.0,0.755081,0.999823,0.0440317,0.999823,120024,129969,358.971,374.53,392.064,35.3506,32.2443,5287.47,5427.55,8.51251,4.06639,4.43876,0.973207,0.98259,174.081,122.438,4.06639,4.43876,137526
6232.0,0.75507,0.999833,0.0440323,0.999833,120015,129971,358.969,374.533,392.065,35.3504,32.2444,5287.28,5427.55,8.51251,4.06621,4.4388,0.973191,0.982596,173.949,122.429,4.06621,4.4388,137528
6234.0,0.755058,0.999847,0.0440323,0.999847,120005,129973,358.966,374.534,392.066,35.3485,32.2458,5286.51,5427.55,8.51251,4.06582,4.43902,0.973176,0.982601,173.899,122.415,4.06582,4.43902,137531
6236.0,0.755051,0.999864,0.0440241,0.999864,119999,129976,358.965,374.536,392.067,35.3463,32.2482,5285.67,5427.55,8.51251,4.06546,4.43939,0.97316,0.982606,174.065,122.401,4.06546,4.43939,137534
6238.0,0.755042,0.999879,0.044032,0.999879,119993,129979,358.964,374.535,392.068,35.345,32.2511,5285.16,5427.55,8.51251,4.0652,4.43981,0.973144,0.982611,173.887,122.396,4.0652,4.43981,137537
6240.0,0.755038,0.99989,0.0440301,0.99989,119990,129980,358.963,374.535,392.068,35.3435,32.2537,5284.59,5427.55,8.51251,4.06497,4.4402,0.973129,0.982616,174.065,122.385,4.06497,4.4402,137538
6242.0,0.755037,0.999897,0.0440289,0.999897,119989,129980,358.963,374.535,392.069,35.3428,32.2557,5284.3,5427.55,8.51251,4.06488,4.44048,0.973113,0.982621,174.114,122.382,4.06488,4.44048,137538
6244.0,0.755045,0.999899,0.0440281,0.999899,119996,129979,358.965,374.535,392.069,35.3427,32.2568,5284.24,5427.55,8.51251,4.06497,4.44061,0.973097,0.982627,174.32,122.385,4.06497,4.44061,137537
6246.0,0.75506,0.999897,0.0440224,0.999897,120008,129977,358.969,374.538,392.068,35.3444,32.257,5284.8,5427.55,8.51251,4.06537,4.44061,0.973082,0.982632,174.41,122.401,4.06537,4.44061,137535
6248.0,0.755069,0.999894,0.0440259,0.999894,120015,129974,358.972,374.54,392.068,35.3478,32.2563,5285.89,5427.55,8.51251,4.06586,4.44049,0.973066,0.982637,174.305,122.414,4.06586,4.44049,137532
6250.0,0.755074,0.99989,0.0440283,0.99989,120018,129971,358.973,374.543,392.067,35.3498,32.2553,5286.49,5427.55,8.51251,4.06615,4.44031,0.97305,0.982643,174.247,122.421,4.06615,4.44031,137529
6252.0,0.755081,0.999889,0.04403,0.999889,120023,129969,358.975,374.546,392.067,35.3511,32.2542,5286.85,5427.55,8.51251,4.06637,4.44015,0.973035,0.982648,174.282,122.427,4.06637,4.44015,137527
6254.0,0.755081,0.999891,0.0440314,0.999891,120023,129969,358.975,374.549,392.067,35.3526,32.2537,5287.28,5427.55,8.51251,4.06654,4.44007,0.973019,0.982654,174.137,122.431,4.06654,4.44007,137527
6256.0,0.755072,0.999898,0.0440323,0.999898,120015,129970,358.973,374.552,392.067,35.353,32.2539,5287.31,5427.55,8.51251,4.06644,4.4401,0.973003,0.982659,173.924,122.426,4.06644,4.4401,137528
6258.0,0.755062,0.999908,0.0440329,0.999908,120007,129972,358.971,374.554,392.068,35.3514,32.2549,5286.68,5427.55,8.51251,4.06613,4.44027,0.972988,0.982664,173.945,122.413,4.06613,4.44027,137530
6260.0,0.755052,0.99992,0.0440327,0.99992,120000,129974,358.969,374.555,392.069,35.3496,32.2567,5286.02,5427.55,8.51251,4.0658,4.44055,0.972972,0.982669,173.935,122.401,4.0658,4.44055,137532
6262.0,0.755044,0.999932,0.044032,0.999932,119994,129977,358.968,374.556,392.07,35.3479,32.2589,5285.35,5427.55,8.51251,4.06549,4.44088,0.972957,0.982674,173.98,122.391,4.06549,4.44088,137535
6264.0,0.755038,0.999942,0.044031,0.999942,119990,129978,358.967,374.556,392.071,35.3465,32.2612,5284.84,5427.55,8.51251,4.06526,4.44121,0.972941,0.982679,173.952,122.384,4.06526,4.44121,137537
6266.0,0.755038,0.999949,0.04403,0.999949,119990,129979,358.967,374.556,392.071,35.3455,32.2631,5284.44,5427.55,8.51251,4.06514,4.44148,0.972925,0.982684,174.089,122.379,4.06514,4.44148,137537
6268.0,0.755042,0.999952,0.0440293,0.999952,119994,129978,358.969,374.556,392.071,35.3456,32.2643,5284.42,5427.55,8.51251,4.0652,4.44164,0.97291,0.98269,174.226,122.38,4.0652,4.44164,137536
6270.0,0.755051,0.999951,0.0440288,0.999951,120001,129976,358.971,374.557,392.071,35.3466,32.2648,5284.75,5427.55,8.51251,4.06544,4.44169,0.972894,0.982695,174.276,122.389,4.06544,4.44169,137535
6272.0,0.755059,0.999949,0.0440288,0.999949,120007,129974,358.973,374.559,392.07,35.3486,32.2647,5285.39,5427.55,8.51251,4.06576,4.44164,0.972879,0.9827,174.288,122.397,4.06576,4.44164,137532
6274.0,0.755066,0.999946,0.0440295,0.999946,120012,129971,358.975,374.561,392.07,35.3504,32.2641,5285.93,5427.55,8.51251,4.06604,4.44153,0.972863,0.982705,174.264,122.405,4.06604,4.44153,137529
6276.0,0.755071,0.999944,0.0440303,0.999944,120016,129969,358.977,374.564,392.07,35.3519,32.2634,5286.38,5427.55,8.51251,4.06628,4.44141,0.972848,0.982711,174.293,122.411,4.06628,4.44141,137527
6278.0,0.755076,0.999944,0.0440313,0.999944,120019,129968,358.978,374.567,392.069,35.3533,32.2629,5286.76,5427.55,8.51251,4.06649,4.44133,0.972832,0.982716,174.228,122.418,4.06649,4.44133,137526
6280.0,0.755074,0.999947,0.0440321,0.999947,120017,129968,358.978,374.57,392.07,35.3545,32.2628,5287.07,5427.55,8.51251,4.06659,4.44132,0.972816,0.982721,174.085,122.419,4.06659,4.44132,137526
6282.0,0.755064,0.999954,0.0440325,0.999954,120009,129969,358.976,374.572,392.07,35.3544,32.2634,5286.94,5427.55,8.51251,4.06643,4.44142,0.972801,0.982726,173.903,122.412,4.06643,4.44142,137527
6284.0,0.755057,0.999962,0.0440326,0.999962,120003,129971,358.974,374.574,392.071,35.3526,32.2646,5286.23,5427.55,8.51251,4.06612,4.4416,0.972785,0.982731,173.986,122.4,4.06612,4.4416,137529
6286.0,0.75505,0.999972,0.0440321,0.999972,119998,129973,358.973,374.575,392.072,35.3513,32.2664,5285.72,5427.55,8.51251,4.06589,4.44186,0.97277,0.982736,174.004,122.392,4.06589,4.44186,137531
6288.0,0.755044,0.999982,0.0440313,0.999982,119994,129975,358.972,374.576,392.073,35.3503,32.2683,5285.29,5427.55,8.51251,4.06568,4.44216,0.972754,0.982741,173.952,122.386,4.06568,4.44216,137533
6290.0,0.755042,0.99999,0.0440303,0.99999,119992,129976,358.972,374.576,392.073,35.3492,32.2703,5284.87,5427.55,8.51251,4.06553,4.44244,0.972739,0.982746,174.049,122.38,4.06553,4.44244,137535
6292.0,0.755042,0.999995,0.0440294,0.999995,119993,129976,358.973,374.577,392.074,35.349,32.272,5284.74,5427.55,8.51251,4.06551,4.44268,0.972723,0.982751,174.137,122.377,4.06551,4.44268,137535
6294.0,0.755049,0.999998,0.0440289,0.999998,119998,129976,358.974,374.578,392.074,35.3492,32.2732,5284.78,5427.55,8.51251,4.06562,4.44284,0.972708,0.982756,174.266,122.381,4.06562,4.44284,137534
6296.0,0.755057,0.999999,0.0440286,0.999999,120005,129974,358.977,374.579,392.073,35.3506,32.2739,5285.22,5427.55,8.51251,4.06589,4.44292,0.972692,0.982761,174.247,122.391,4.06589,4.44292,137532
6298.0,0.755062,0.999998,0.044029,0.999998,120008,129972,358.978,374.581,392.073,35.3526,32.2742,5285.83,5427.55,8.51251,4.06617,4.44293,0.972677,0.982766,174.223,122.397,4.06617,4.44293,137530
6300.0,0.755068,0.999997,0.0440298,0.999997,120012,129970,358.98,374.584,392.073,35.3538,32.2741,5286.17,5427.55,8.51251,4.06637,4.44291,0.972661,0.982771,174.191,122.404,4.06637,4.44291,137528
6302.0,0.755071,0.999997,0.0440307,0.999997,120015,129968,358.981,374.586,392.072,35.3551,32.274,5286.54,5427.55,8.51251,4.06656,4.44288,0.972646,0.982777,174.209,122.408,4.06656,4.44288,137527
6304.0,0.755071,0.999998,0.0440312,0.999998,120014,129968,358.981,374.589,392.072,35.3561,32.2741,5286.79,5427.55,8.51251,4.06666,4.44287,0.97263,0.982782,174.113,122.409,4.06666,4.44287,137526
6306.0,0.755065,1,0.0440316,1,120009,129968,358.98,374.592,392.073,35.3562,32.2744,5286.75,5427.55,8.51251,4.06659,4.44293,0.972615,0.982787,173.998,122.405,4.06659,4.44293,137527
6308.0,0.755057,1.00001,0.0440319,1.00001,120003,129970,358.978,374.594,392.074,35.3553,32.2752,5286.34,5427.55,8.51251,4.06637,4.44304,0.972599,0.982792,174.02,122.395,4.06637,4.44304,137528
6310.0,0.75505,1.00001,0.0440315,1.00001,119998,129972,358.977,374.595,392.074,35.3539,32.2763,5285.8,5427.55,8.51251,4.06612,4.44322,0.972584,0.982797,173.939,122.389,4.06612,4.44322,137530
6312.0,0.755046,1.00002,0.0440309,1.00002,119995,129973,358.977,374.596,392.075,35.3528,32.2777,5285.35,5427.55,8.51251,4.06593,4.44343,0.972568,0.982801,173.985,122.382,4.06593,4.44343,137532
6314.0,0.755041,1.00002,0.0440302,1.00002,119991,129975,358.976,374.597,392.076,35.3521,32.2792,5285.04,5427.55,8.51251,4.06578,4.44365,0.972553,0.982806,174.022,122.374,4.06578,4.44365,137533
6316.0,0.755041,1.00003,0.0440296,1.00003,119991,129975,358.976,374.597,392.076,35.3513,32.2806,5284.73,5427.55,8.51251,4.06569,4.44384,0.972537,0.982811,174.116,122.371,4.06569,4.44384,137534
6318.0,0.755046,1.00003,0.0440292,1.00003,119996,129975,358.978,374.598,392.076,35.3514,32.2817,5284.72,5427.55,8.51251,4.06577,4.44399,0.972522,0.982816,174.233,122.373,4.06577,4.44399,137533
6320.0,0.755053,1.00003,0.0440291,1.00003,120001,129973,358.98,374.599,392.076,35.3526,32.2825,5285.09,5427.55,8.51251,4.066,4.44409,0.972506,0.982821,174.222,122.382,4.066,4.44409,137532
6322.0,0.75506,1.00003,0.0440296,1.00003,120007,129971,358.982,374.601,392.076,35.3542,32.2829,5285.61,5427.55,8.51251,4.06627,4.44413,0.972491,0.982826,174.311,122.387,4.06627,4.44413,137530
6324.0,0.755065,1.00003,0.0440306,1.00003,120011,129969,358.983,374.603,392.075,35.3559,32.2831,5286.1,5427.55,8.51251,4.06652,4.44412,0.972476,0.982831,174.271,122.394,4.06652,4.44412,137528
6326.0,0.755071,1.00003,0.0440316,1.00003,120015,129968,358.985,374.606,392.075,35.3571,32.2831,5286.45,5427.55,8.51251,4.06673,4.44411,0.97246,0.982836,174.245,122.401,4.06673,4.44411,137527
6328.0,0.755073,1.00003,0.0440327,1.00003,120017,129967,358.985,374.609,392.075,35.3585,32.2831,5286.87,5427.55,8.51251,4.06691,4.4441,0.972445,0.982841,174.163,122.406,4.06691,4.4441,137526
6330.0,0.75507,1.00003,0.0440335,1.00003,120014,129967,358.985,374.611,392.075,35.3592,32.2833,5287.02,5427.55,8.51251,4.06694,4.44412,0.972429,0.982846,174.049,122.404,4.06694,4.44412,137526
6332.0,0.755061,1.00003,0.0440338,1.00003,120007,129968,358.983,374.614,392.076,35.3588,32.2837,5286.79,5427.55,8.51251,4.06677,4.44419,0.972414,0.982851,173.937,122.397,4.06677,4.44419,137527
6334.0,0.755087,0.999975,0.0440344,0.999975,120027,129971,358.989,374.617,392.077,35.3573,32.2844,5286.2,5427.55,8.51251,4.06692,4.44425,0.972398,0.982857,174.939,122.398,4.06692,4.44425,137530
6336.0,0.755138,0.999922,0.0440348,0.999922,120065,129977,359.001,374.622,392.079,35.3627,32.2729,5287.99,5427.55,8.51251,4.06819,4.44267,0.972383,0.982864,175.286,122.449,4.06819,4.44267,137535
6338.0,0.755172,0.999914,0.0440353,0.999914,120090,129985,359.008,374.628,392.082,35.3732,32.2622,5291.53,5427.55,8.51251,4.06982,4.44124,0.972367,0.982869,174.704,122.506,4.06982,4.44124,137543
6340.0,0.75515,0.999943,0.044036,0.999943,120071,129990,359.003,374.633,392.083,35.3806,32.2604,5293.86,5427.55,8.51251,4.07033,4.44106,0.972351,0.982874,173.702,122.508,4.07033,4.44106,137548
6342.0,0.755114,0.999967,0.0440369,0.999967,120040,129994,358.995,374.638,392.084,35.3767,32.2661,5292.26,5427.55,8.51251,4.06937,4.44189,0.972336,0.982879,173.536,122.469,4.06937,4.44189,137552
6344.0,0.755086,0.999991,0.0440371,0.999991,120018,129997,358.989,374.641,392.086,35.3698,32.2708,5289.68,5427.55,8.51251,4.0682,4.44259,0.97232,0.982884,173.673,122.432,4.0682,4.44259,137556
6346.0,0.755065,1.00002,0.0440363,1.00002,120001,130002,358.984,374.641,392.087,35.3646,32.2758,5287.76,5427.55,8.51251,4.06731,4.44334,0.972305,0.982888,173.733,122.404,4.06731,4.44334,137561
6348.0,0.755047,1.00004,0.0440346,1.00004,119988,130007,358.981,374.638,392.089,35.3605,32.2814,5286.28,5427.55,8.51251,4.06662,4.44417,0.97229,0.982892,173.798,122.382,4.06662,4.44417,137566
6350.0,0.755038,1.00006,0.044033,1.00006,119982,130010,358.979,374.635,392.09,35.3573,32.2869,5285.11,5427.55,8.51251,4.06613,4.44497,0.972274,0.982897,173.964,122.366,4.06613,4.44497,137569
6352.0,0.755039,1.00007,0.0440316,1.00007,119983,130010,358.98,374.631,392.09,35.3557,32.2912,5284.51,5427.55,8.51251,4.06596,4.44556,0.972259,0.982901,174.117,122.362,4.06596,4.44556,137569
6354.0,0.755054,1.00007,0.0440306,1.00007,119995,130006,358.984,374.63,392.089,35.3559,32.2931,5284.56,5427.55,8.51251,4.06618,4.44578,0.972244,0.982906,174.516,122.368,4.06618,4.44578,137565
6356.0,0.755074,1.00005,0.0440305,1.00005,120011,130000,358.989,374.63,392.088,35.3591,32.2924,5285.63,5427.55,8.51251,4.06682,4.44562,0.972228,0.982911,174.563,122.39,4.06682,4.44562,137559
6358.0,0.755095,1.00003,0.0440312,1.00003,120027,129992,358.993,374.632,392.086,35.3635,32.2896,5287.05,5427.55,8.51251,4.06757,4.44515,0.972213,0.982916,174.585,122.414,4.06757,4.44515,137551
6360.0,0.755112,1.00001,0.0440326,1.00001,120039,129985,358.997,374.637,392.084,35.368,32.2858,5288.49,5427.55,8.51251,4.06829,4.44454,0.972197,0.982922,174.512,122.436,4.06829,4.44454,137544
6362.0,0.755121,0.999996,0.0440343,0.999996,120044,129980,358.999,374.642,392.083,35.3716,32.282,5289.64,5427.55,8.51251,4.0688,4.44396,0.972182,0.982927,174.338,122.45,4.0688,4.44396,137538
6364.0,0.75512,0.999992,0.0440361,0.999992,120043,129977,358.999,374.647,392.082,35.3737,32.2794,5290.19,5427.55,8.51251,4.069,4.44357,0.972166,0.982932,174.181,122.453,4.069,4.44357,137536
6366.0,0.755106,0.999997,0.0440372,0.999997,120031,129978,358.996,374.651,392.083,35.3739,32.2786,5290.09,5427.55,8.51251,4.06882,4.44346,0.972151,0.982937,173.843,122.446,4.06882,4.44346,137536
6368.0,0.755089,1.00001,0.0440376,1.00001,120017,129981,358.992,374.654,392.084,35.3715,32.2798,5289.11,5427.55,8.51251,4.06831,4.44366,0.972136,0.982942,173.836,122.426,4.06831,4.44366,137539
6370.0,0.755071,1.00003,0.0440373,1.00003,120003,129985,358.989,374.655,392.085,35.3685,32.2827,5287.96,5427.55,8.51251,4.06772,4.44412,0.97212,0.982946,173.788,122.406,4.06772,4.44412,137544
6372.0,0.755055,1.00005,0.0440363,1.00005,119991,129990,358.985,374.654,392.087,35.3651,32.2867,5286.71,5427.55,8.51251,4.06712,4.44473,0.972105,0.982951,173.815,122.385,4.06712,4.44473,137548
6374.0,0.755045,1.00006,0.0440351,1.00006,119984,129993,358.984,374.652,392.088,35.3621,32.2909,5285.59,5427.55,8.51251,4.06665,4.44533,0.97209,0.982955,173.956,122.37,4.06665,4.44533,137552
6376.0,0.755042,1.00007,0.0440338,1.00007,119982,129993,358.984,374.651,392.088,35.3604,32.2943,5284.97,5427.55,8.51251,4.06642,4.44581,0.972075,0.98296,174.025,122.363,4.06642,4.44581,137552
6378.0,0.755047,1.00007,0.0440331,1.00007,119986,129992,358.985,374.649,392.088,35.36,32.2963,5284.78,5427.55,8.51251,4.06643,4.44607,0.972059,0.982964,174.246,122.362,4.06643,4.44607,137551
6380.0,0.75506,1.00007,0.0440327,1.00007,119997,129988,358.988,374.649,392.087,35.361,32.2967,5285.12,5427.55,8.51251,4.06673,4.44609,0.972044,0.982969,174.36,122.374,4.06673,4.44609,137547
6382.0,0.755073,1.00005,0.0440329,1.00005,120007,129983,358.992,374.651,392.086,35.3639,32.2958,5286.05,5427.55,8.51251,4.06722,4.44591,0.972029,0.982974,174.39,122.388,4.06722,4.44591,137542
6384.0,0.755084,1.00004,0.0440336,1.00004,120015,129977,358.994,374.653,392.084,35.3667,32.294,5286.94,5427.55,8.51251,4.06768,4.44559,0.972013,0.982979,174.371,122.401,4.06768,4.44559,137536
6386.0,0.755092,1.00003,0.0440346,1.00003,120021,129973,358.996,374.657,392.083,35.3692,32.2919,5287.71,5427.55,8.51251,4.06806,4.44526,0.971998,0.982984,174.298,122.412,4.06806,4.44526,137532
6388.0,0.755095,1.00003,0.0440356,1.00003,120023,129970,358.997,374.661,392.083,35.371,32.2902,5288.24,5427.55,8.51251,4.0683,4.44499,0.971983,0.982989,174.253,122.417,4.0683,4.44499,137529
6390.0,0.755093,1.00003,0.0440365,1.00003,120020,129969,358.997,374.664,392.083,35.372,32.2894,5288.47,5427.55,8.51251,4.06837,4.44486,0.971967,0.982994,174.075,122.419,4.06837,4.44486,137528
6392.0,0.755082,1.00003,0.0440369,1.00003,120012,129970,358.995,374.667,392.083,35.3718,32.2896,5288.29,5427.55,8.51251,4.06819,4.44491,0.971952,0.982998,173.953,122.41,4.06819,4.44491,137529
6394.0,0.755071,1.00004,0.0440371,1.00004,120003,129972,358.992,374.669,392.084,35.37,32.2911,5287.55,5427.55,8.51251,4.06783,4.44513,0.971937,0.983003,173.909,122.397,4.06783,4.44513,137531
6396.0,0.755059,1.00006,0.0440365,1.00006,119994,129975,358.99,374.669,392.085,35.368,32.2934,5286.77,5427.55,8.51251,4.06744,4.44549,0.971922,0.983007,173.901,122.383,4.06744,4.44549,137534
6398.0,0.755051,1.00007,0.0440358,1.00007,119988,129978,358.989,374.669,392.086,35.3659,32.2962,5285.99,5427.55,8.51251,4.0671,4.4459,0.971906,0.983012,173.966,122.371,4.0671,4.4459,137537
6400.0,0.755046,1.00008,0.0440348,1.00008,119985,129979,358.988,374.669,392.087,35.3645,32.2989,5285.44,5427.55,8.51251,4.06687,4.44629,0.971891,0.983016,173.965,122.364,4.06687,4.44629,137538
6402.0,0.755043,1.00008,0.0440339,1.00008,119983,129979,358.988,374.668,392.087,35.3636,32.3011,5285.1,5427.55,8.51251,4.06674,4.4466,0.971876,0.983021,174.065,122.358,4.06674,4.4466,137538
6404.0,0.755048,1.00008,0.0440332,1.00008,119988,129978,358.99,374.668,392.087,35.3632,32.3026,5284.92,5427.55,8.51251,4.06677,4.44678,0.971861,0.983025,174.239,122.358,4.06677,4.44678,137537
6406.0,0.755058,1.00008,0.0440328,1.00008,119996,129975,358.993,374.669,392.086,35.3644,32.3032,5285.33,5427.55,8.51251,4.06704,4.44683,0.971846,0.98303,174.269,122.369,4.06704,4.44683,137534
6408.0,0.755065,1.00007,0.0440328,1.00007,120002,129971,358.995,374.671,392.085,35.3666,32.303,5286.05,5427.55,8.51251,4.06739,4.44678,0.97183,0.983034,174.267,122.377,4.06739,4.44678,137531
6410.0,0.755071,1.00007,0.0440334,1.00007,120007,129968,358.996,374.673,392.084,35.3684,32.3024,5286.59,5427.55,8.51251,4.06766,4.44666,0.971815,0.983039,174.243,122.385,4.06766,4.44666,137527
6412.0,0.755077,1.00006,0.0440343,1.00006,120011,129965,358.998,374.676,392.084,35.3698,32.3017,5287.01,5427.55,8.51251,4.06789,4.44653,0.9718,0.983044,174.176,122.393,4.06789,4.44653,137524
6414.0,0.755078,1.00006,0.0440351,1.00006,120012,129964,358.998,374.679,392.084,35.3711,32.3012,5287.39,5427.55,8.51251,4.06806,4.44644,0.971785,0.983048,174.153,122.395,4.06806,4.44644,137523
6416.0,0.755074,1.00006,0.0440359,1.00006,120008,129964,358.998,374.682,392.084,35.3717,32.3012,5287.51,5427.55,8.51251,4.06805,4.44644,0.971769,0.983053,174.004,122.393,4.06805,4.44644,137523
6418.0,0.755064,1.00007,0.0440363,1.00007,120000,129965,358.996,374.684,392.084,35.371,32.3018,5287.17,5427.55,8.51251,4.06784,4.44653,0.971754,0.983058,173.956,122.382,4.06784,4.44653,137524
6420.0,0.755055,1.00007,0.0440364,1.00007,119994,129966,358.994,374.685,392.085,35.3693,32.3031,5286.51,5427.55,8.51251,4.06753,4.44672,0.971739,0.983062,173.946,122.372,4.06753,4.44672,137525
6422.0,0.755048,1.00008,0.0440359,1.00008,119989,129968,358.993,374.686,392.086,35.3679,32.3048,5285.94,5427.55,8.51251,4.06727,4.44698,0.971724,0.983066,173.968,122.363,4.06727,4.44698,137528
6424.0,0.755042,1.00009,0.0440352,1.00009,119985,129970,358.992,374.686,392.087,35.3666,32.3068,5285.46,5427.55,8.51251,4.06705,4.44727,0.971709,0.983071,173.939,122.356,4.06705,4.44727,137529
6426.0,0.755037,1.00009,0.0440345,1.00009,119981,129971,358.991,374.686,392.087,35.3656,32.3086,5285.05,5427.55,8.51251,4.06686,4.44754,0.971694,0.983075,173.989,122.347,4.06686,4.44754,137530
6428.0,0.755036,1.0001,0.0440338,1.0001,119981,129971,358.992,374.686,392.087,35.3647,32.3102,5284.7,5427.55,8.51251,4.06676,4.44774,0.971679,0.983079,174.097,122.343,4.06676,4.44774,137530
6430.0,0.755042,1.0001,0.0440334,1.0001,119986,129969,358.994,374.687,392.087,35.3647,32.3112,5284.7,5427.55,8.51251,4.06684,4.44787,0.971663,0.983084,174.22,122.346,4.06684,4.44787,137528
6432.0,0.755049,1.00009,0.0440332,1.00009,119993,129967,358.996,374.688,392.086,35.366,32.3117,5285.1,5427.55,8.51251,4.06709,4.44792,0.971648,0.983088,174.204,122.355,4.06709,4.44792,137526
6434.0,0.755057,1.00009,0.0440334,1.00009,119998,129964,358.998,374.69,392.086,35.3677,32.3118,5285.64,5427.55,8.51251,4.06738,4.4479,0.971633,0.983093,174.298,122.361,4.06738,4.4479,137523
6436.0,0.755063,1.00009,0.0440341,1.00009,120003,129961,358.999,374.692,392.085,35.3694,32.3116,5286.17,5427.55,8.51251,4.06765,4.44784,0.971618,0.983097,174.261,122.368,4.06765,4.44784,137521
6438.0,0.755064,1.00008,0.044035,1.00008,120004,129959,359,374.694,392.085,35.3708,32.3113,5286.57,5427.55,8.51251,4.06782,4.44778,0.971603,0.983102,174.164,122.373,4.06782,4.44778,137519
6440.0,0.755063,1.00008,0.0440358,1.00008,120003,129958,359,374.697,392.085,35.3714,32.3111,5286.69,5427.55,8.51251,4.06787,4.44774,0.971588,0.983106,174.072,122.374,4.06787,4.44774,137518
6442.0,0.755057,1.00008,0.0440363,1.00008,119999,129958,358.999,374.699,392.085,35.3714,32.3113,5286.62,5427.55,8.51251,4.06778,4.44777,0.971573,0.983111,173.961,122.369,4.06778,4.44777,137518
6444.0,0.755049,1.00009,0.0440365,1.00009,119992,129960,358.998,374.701,392.086,35.3703,32.3119,5286.2,5427.55,8.51251,4.06756,4.44785,0.971557,0.983115,173.969,122.359,4.06756,4.44785,137519
6446.0,0.755041,1.00009,0.0440361,1.00009,119987,129961,358.996,374.702,392.086,35.3689,32.3129,5285.64,5427.55,8.51251,4.06729,4.448,0.971542,0.983119,173.889,122.351,4.06729,4.448,137520
6448.0,0.755035,1.00009,0.0440353,1.00009,119983,129963,358.996,374.703,392.087,35.3675,32.3142,5285.12,5427.55,8.51251,4.06706,4.4482,0.971527,0.983124,173.929,122.343,4.06706,4.4482,137522
6450.0,0.75503,1.0001,0.0440345,1.0001,119979,129964,358.995,374.703,392.087,35.3665,32.3156,5284.74,5427.55,8.51251,4.06688,4.44841,0.971512,0.983128,173.97,122.335,4.06688,4.44841,137524
6452.0,0.755029,1.0001,0.0440338,1.0001,119979,129965,358.995,374.704,392.088,35.3656,32.317,5284.39,5427.55,8.51251,4.06676,4.4486,0.971497,0.983132,174.06,122.33,4.06676,4.4486,137524
6454.0,0.755032,1.0001,0.0440333,1.0001,119983,129964,358.996,374.704,392.088,35.3655,32.3181,5284.33,5427.55,8.51251,4.0668,4.44874,0.971482,0.983137,174.162,122.331,4.0668,4.44874,137523
6456.0,0.75504,1.0001,0.0440331,1.0001,119989,129963,358.999,374.705,392.088,35.3664,32.3189,5284.61,5427.55,8.51251,4.06702,4.44884,0.971467,0.983141,174.254,122.338,4.06702,4.44884,137522
6458.0,0.755047,1.0001,0.0440334,1.0001,119995,129960,359.001,374.707,392.087,35.3681,32.3194,5285.19,5427.55,8.51251,4.06731,4.44888,0.971452,0.983145,174.258,122.345,4.06731,4.44888,137520
6460.0,0.755051,1.0001,0.0440343,1.0001,119998,129958,359.002,374.709,392.087,35.3696,32.3195,5285.66,5427.55,8.51251,4.06753,4.44888,0.971437,0.98315,174.208,122.351,4.06753,4.44888,137517
6462.0,0.755056,1.0001,0.0440352,1.0001,120002,129956,359.003,374.711,392.086,35.3707,32.3196,5285.98,5427.55,8.51251,4.06771,4.44886,0.971422,0.983154,174.167,122.357,4.06771,4.44886,137515
6464.0,0.755065,1.00006,0.0440362,1.00006,120009,129955,359.006,374.714,392.086,35.3717,32.3195,5286.27,5427.55,8.51251,4.06795,4.44881,0.971407,0.983159,174.485,122.359,4.06795,4.44881,137514
6466.0,0.755113,0.999993,0.0440374,0.999993,120046,129958,359.017,374.72,392.087,35.3739,32.3126,5286.95,5427.55,8.51251,4.06881,4.44781,0.971392,0.983165,175.287,122.393,4.06881,4.44781,137516
6468.0,0.755169,0.999932,0.0440389,0.999932,120088,129964,359.029,374.727,392.089,35.3838,32.2994,5290.28,5427.55,8.51251,4.07064,4.44599,0.971376,0.983171,175.342,122.457,4.07064,4.44599,137522
6470.0,0.755197,0.999906,0.0440407,0.999906,120107,129973,359.035,374.735,392.092,35.3954,32.2871,5294.1,5427.55,8.51251,4.07229,4.44433,0.971361,0.983177,174.734,122.507,4.07229,4.44433,137530
6472.0,0.75517,0.999952,0.0440425,0.999952,120084,129980,359.028,374.742,392.095,35.4015,32.2817,5295.97,5427.55,8.51251,4.0726,4.44369,0.971345,0.983181,173.507,122.51,4.0726,4.44369,137538
6474.0,0.755114,0.999989,0.0440437,0.999989,120038,129987,359.016,374.747,392.097,35.3968,32.2908,5294.06,5427.55,8.51251,4.07128,4.44504,0.97133,0.983185,173.104,122.455,4.07128,4.44504,137545
6476.0,0.755066,1.00003,0.0440434,1.00003,120001,129994,359.005,374.749,392.099,35.3859,32.2984,5290.13,5427.55,8.51251,4.0694,4.44617,0.971315,0.983189,173.246,122.393,4.0694,4.44617,137553
6478.0,0.75507,0.999994,0.0440421,0.999994,120004,130004,359.007,374.75,392.102,35.3766,32.3065,5286.84,5427.55,8.51251,4.06839,4.44733,0.9713,0.983194,174.504,122.362,4.06839,4.44733,137562
6480.0,0.75508,1,0.04404,1,120012,130014,359.009,374.747,392.105,35.3777,32.2995,5287.17,5427.55,8.51251,4.06864,4.44647,0.971285,0.983198,174.377,122.377,4.06864,4.44647,137573
6482.0,0.75511,0.999993,0.0440383,0.999993,120035,130023,359.016,374.745,392.108,35.3799,32.3019,5287.88,5427.55,8.51251,4.06928,4.44685,0.97127,0.983203,174.733,122.402,4.06928,4.44685,137581
6484.0,0.755109,1.00001,0.0440374,1.00001,120033,130026,359.016,374.744,392.109,35.3863,32.2997,5289.99,5427.55,8.51251,4.06997,4.44658,0.971255,0.983207,174.015,122.42,4.06997,4.44658,137584
6486.0,0.755102,1.00001,0.0440376,1.00001,120027,130023,359.014,374.745,392.108,35.3863,32.3041,5289.84,5427.55,8.51251,4.06987,4.44716,0.97124,0.983212,174.075,122.41,4.06987,4.44716,137581
6488.0,0.755106,1,0.0440385,1,120030,130017,359.015,374.747,392.107,35.3853,32.3042,5289.37,5427.55,8.51251,4.06979,4.44711,0.971225,0.983216,174.338,122.407,4.06979,4.44711,137575
6490.0,0.755119,0.99999,0.0440395,0.99999,120039,130011,359.018,374.75,392.105,35.3865,32.3021,5289.65,5427.55,8.51251,4.07007,4.44676,0.971209,0.983221,174.432,122.419,4.07007,4.44676,137569
6492.0,0.755125,0.999983,0.0440404,0.999983,120042,130007,359.02,374.753,392.104,35.3893,32.2997,5290.51,5427.55,8.51251,4.07045,4.44638,0.971194,0.983226,174.296,122.43,4.07045,4.44638,137565
6494.0,0.755125,0.999982,0.0440412,0.999982,120042,130005,359.02,374.756,392.104,35.3909,32.2983,5290.9,5427.55,8.51251,4.07062,4.44617,0.971179,0.98323,174.179,122.434,4.07062,4.44617,137563
6496.0,0.755114,0.999986,0.0440417,0.999986,120032,130004,359.017,374.758,392.104,35.3914,32.2982,5290.92,5427.55,8.51251,4.07052,4.44615,0.971164,0.983235,173.924,122.427,4.07052,4.44615,137562
6498.0,0.755102,0.999994,0.0440421,0.999994,120022,130004,359.015,374.759,392.104,35.3896,32.2991,5290.13,5427.55,8.51251,4.07013,4.44628,0.971149,0.983239,173.94,122.412,4.07013,4.44628,137563
6500.0,0.755091,1,0.0440419,1,120013,130005,359.013,374.76,392.104,35.3875,32.3007,5289.28,5427.55,8.51251,4.06973,4.44652,0.971134,0.983243,173.958,122.398,4.06973,4.44652,137563
6502.0,0.755083,1.00001,0.0440414,1.00001,120007,130005,359.011,374.76,392.105,35.3856,32.3027,5288.52,5427.55,8.51251,4.0694,4.4468,0.971119,0.983247,174.009,122.387,4.0694,4.4468,137564
6504.0,0.755077,1.00002,0.0440409,1.00002,120002,130005,359.01,374.759,392.105,35.3844,32.3046,5287.97,5427.55,8.51251,4.06917,4.44706,0.971104,0.983251,173.984,122.38,4.06917,4.44706,137564
6506.0,0.755075,1.00002,0.0440403,1.00002,120001,130004,359.01,374.759,392.105,35.3834,32.3061,5287.54,5427.55,8.51251,4.06903,4.44726,0.971089,0.983256,174.096,122.374,4.06903,4.44726,137563
6508.0,0.755078,1.00002,0.0440399,1.00002,120003,130002,359.011,374.759,392.104,35.3833,32.3069,5287.45,5427.55,8.51251,4.06905,4.44734,0.971074,0.98326,174.216,122.373,4.06905,4.44734,137560
6510.0,0.755086,1.00001,0.0440397,1.00001,120009,129999,359.013,374.759,392.104,35.3841,32.3068,5287.63,5427.55,8.51251,4.06925,4.44729,0.971059,0.983264,174.338,122.38,4.06925,4.44729,137557
6512.0,0.755095,1.00001,0.0440396,1.00001,120016,129995,359.015,374.76,392.103,35.386,32.3059,5288.21,5427.55,8.51251,4.06958,4.44713,0.971044,0.983269,174.383,122.388,4.06958,4.44713,137553
6514.0,0.755101,0.999999,0.0440402,0.999999,120020,129991,359.017,374.762,392.102,35.3881,32.3045,5288.82,5427.55,8.51251,4.06988,4.4469,0.971029,0.983273,174.274,122.398,4.06988,4.4469,137549
6516.0,0.755109,0.999993,0.0440408,0.999993,120026,129987,359.019,374.765,392.101,35.3896,32.3031,5289.21,5427.55,8.51251,4.07014,4.44666,0.971014,0.983278,174.336,122.405,4.07014,4.44666,137545
6518.0,0.755112,0.99999,0.0440415,0.99999,120027,129985,359.02,374.767,392.1,35.3915,32.302,5289.77,5427.55,8.51251,4.07039,4.44649,0.970999,0.983282,174.214,122.412,4.07039,4.44649,137543
6520.0,0.755106,0.999991,0.0440421,0.999991,120022,129984,359.019,374.77,392.1,35.3925,32.3015,5289.97,5427.55,8.51251,4.07041,4.44641,0.970984,0.983286,174.023,122.41,4.07041,4.44641,137542
6522.0,0.755095,0.999996,0.0440423,0.999996,120013,129984,359.016,374.772,392.101,35.3917,32.3018,5289.56,5427.55,8.51251,4.07015,4.44645,0.970969,0.98329,173.958,122.398,4.07015,4.44645,137542
6524.0,0.755084,1,0.0440421,1,120004,129985,359.014,374.773,392.101,35.3897,32.3029,5288.75,5427.55,8.51251,4.06977,4.44662,0.970954,0.983295,173.928,122.386,4.06977,4.44662,137543
6526.0,0.755074,1.00001,0.0440412,1.00001,119997,129986,359.012,374.773,392.102,35.3878,32.3047,5288,5427.55,8.51251,4.06942,4.44688,0.970939,0.983299,173.946,122.373,4.06942,4.44688,137544
6528.0,0.755067,1.00002,0.0440401,1.00002,119992,129987,359.011,374.773,392.102,35.3861,32.3068,5287.33,5427.55,8.51251,4.06914,4.44718,0.970924,0.983303,174.006,122.363,4.06914,4.44718,137545
6530.0,0.75506,1.00003,0.0440389,1.00003,119986,129987,359.01,374.773,392.102,35.3851,32.3088,5286.89,5427.55,8.51251,4.06892,4.44746,0.970909,0.983307,173.967,122.355,4.06892,4.44746,137545
6532.0,0.755057,1.00003,0.0440378,1.00003,119985,129986,359.01,374.772,392.102,35.3838,32.3104,5286.38,5427.55,8.51251,4.06874,4.44767,0.970894,0.983311,174.072,122.348,4.06874,4.44767,137544
6534.0,0.755061,1.00003,0.0440371,1.00003,119988,129983,359.011,374.772,392.102,35.3834,32.3113,5286.21,5427.55,8.51251,4.06875,4.44777,0.970879,0.983315,174.219,122.348,4.06875,4.44777,137542
6536.0,0.755072,1.00003,0.0440367,1.00003,119997,129980,359.014,374.773,392.101,35.3844,32.3114,5286.52,5427.55,8.51251,4.06901,4.44775,0.970865,0.983319,174.355,122.356,4.06901,4.44775,137539
6538.0,0.755078,1.00002,0.0440368,1.00002,120002,129976,359.016,374.774,392.1,35.3868,32.3109,5287.27,5427.55,8.51251,4.06937,4.44764,0.97085,0.983323,174.25,122.367,4.06937,4.44764,137535
6540.0,0.755085,1.00002,0.0440376,1.00002,120008,129972,359.018,374.776,392.099,35.3884,32.31,5287.73,5427.55,8.51251,4.06963,4.44748,0.970835,0.983327,174.309,122.373,4.06963,4.44748,137531
6542.0,0.755088,1.00001,0.0440386,1.00001,120010,129969,359.019,374.779,392.098,35.39,32.3091,5288.21,5427.55,8.51251,4.06986,4.44731,0.97082,0.983331,174.219,122.379,4.06986,4.44731,137528
6544.0,0.755088,1.00001,0.0440396,1.00001,120009,129967,359.019,374.781,392.098,35.3909,32.3083,5288.43,5427.55,8.51251,4.06995,4.44719,0.970805,0.983336,174.104,122.381,4.06995,4.44719,137526
6546.0,0.75508,1.00001,0.0440404,1.00001,120003,129967,359.017,374.784,392.098,35.3911,32.3081,5288.4,5427.55,8.51251,4.06986,4.44716,0.97079,0.98334,173.946,122.376,4.06986,4.44716,137525
6548.0,0.755069,1.00002,0.0440408,1.00002,119995,129967,359.015,374.785,392.098,35.3899,32.3086,5287.87,5427.55,8.51251,4.06957,4.44722,0.970775,0.983344,173.936,122.363,4.06957,4.44722,137526
6550.0,0.75506,1.00002,0.0440405,1.00002,119988,129968,359.014,374.786,392.099,35.3879,32.3097,5287.11,5427.55,8.51251,4.06923,4.44739,0.97076,0.983348,173.931,122.352,4.06923,4.44739,137527
6552.0,0.755053,1.00003,0.0440399,1.00003,119983,129970,359.013,374.787,392.099,35.3864,32.3112,5286.52,5427.55,8.51251,4.06896,4.44762,0.970745,0.983352,173.962,122.342,4.06896,4.44762,137528
6554.0,0.755046,1.00004,0.044039,1.00004,119979,129970,359.012,374.786,392.1,35.3852,32.313,5286.06,5427.55,8.51251,4.06875,4.44787,0.970731,0.983355,174.011,122.333,4.06875,4.44787,137529
6556.0,0.755043,1.00004,0.0440382,1.00004,119977,129970,359.011,374.786,392.1,35.3841,32.3145,5285.64,5427.55,8.51251,4.06858,4.44808,0.970716,0.983359,174.016,122.328,4.06858,4.44808,137529
6558.0,0.755044,1.00004,0.0440375,1.00004,119978,129969,359.012,374.786,392.1,35.3835,32.3157,5285.41,5427.55,8.51251,4.06853,4.44822,0.970701,0.983363,174.112,122.326,4.06853,4.44822,137528
6560.0,0.755049,1.00004,0.0440372,1.00004,119983,129967,359.014,374.786,392.099,35.3839,32.3162,5285.5,5427.55,8.51251,4.06865,4.44828,0.970686,0.983367,174.212,122.329,4.06865,4.44828,137525
6562.0,0.755056,1.00004,0.044037,1.00004,119989,129964,359.016,374.787,392.099,35.3852,32.3162,5285.91,5427.55,8.51251,4.0689,4.44825,0.970671,0.983371,174.178,122.337,4.0689,4.44825,137522
6564.0,0.755062,1.00003,0.0440375,1.00003,119995,129961,359.018,374.789,392.098,35.3867,32.3158,5286.42,5427.55,8.51251,4.06916,4.44816,0.970656,0.983375,174.168,122.344,4.06916,4.44816,137519
6566.0,0.755067,1.00003,0.0440382,1.00003,119999,129958,359.019,374.791,392.097,35.3881,32.3153,5286.88,5427.55,8.51251,4.0694,4.44805,0.970642,0.983379,174.205,122.349,4.0694,4.44805,137516
6568.0,0.755069,1.00003,0.044039,1.00003,120000,129956,359.02,374.794,392.097,35.3895,32.3148,5287.28,5427.55,8.51251,4.06956,4.44796,0.970627,0.983383,174.107,122.353,4.06956,4.44796,137514
6570.0,0.755064,1.00003,0.0440396,1.00003,119997,129955,359.019,374.796,392.097,35.39,32.3146,5287.38,5427.55,8.51251,4.06955,4.44792,0.970612,0.983387,173.974,122.351,4.06955,4.44792,137513
6572.0,0.755053,1.00003,0.0440398,1.00003,119988,129955,359.017,374.798,392.097,35.3892,32.3148,5287.04,5427.55,8.51251,4.06932,4.44796,0.970597,0.983391,173.842,122.341,4.06932,4.44796,137514
6574.0,0.755045,1.00003,0.0440397,1.00003,119983,129956,359.016,374.799,392.097,35.3872,32.3156,5286.3,5427.55,8.51251,4.06899,4.44807,0.970582,0.983395,173.922,122.329,4.06899,4.44807,137515
6576.0,0.755036,1.00004,0.0440389,1.00004,119977,129957,359.015,374.8,392.098,35.3858,32.3167,5285.79,5427.55,8.51251,4.06873,4.44825,0.970568,0.983399,173.851,122.32,4.06873,4.44825,137516
6578.0,0.75503,1.00005,0.044038,1.00005,119973,129959,359.014,374.8,392.099,35.3842,32.3182,5285.22,5427.55,8.51251,4.06848,4.44846,0.970553,0.983403,173.907,122.311,4.06848,4.44846,137518
6580.0,0.755025,1.00005,0.044037,1.00005,119970,129959,359.013,374.8,392.099,35.3832,32.3197,5284.84,5427.55,8.51251,4.0683,4.44868,0.970538,0.983406,173.962,122.303,4.0683,4.44868,137518
6582.0,0.755024,1.00005,0.0440362,1.00005,119971,129959,359.014,374.8,392.099,35.3823,32.321,5284.53,5427.55,8.51251,4.06821,4.44885,0.970524,0.98341,174.053,122.299,4.06821,4.44885,137518
6584.0,0.755028,1.00006,0.0440357,1.00006,119975,129957,359.015,374.8,392.099,35.3823,32.3219,5284.53,5427.55,8.51251,4.06827,4.44897,0.970509,0.983414,174.137,122.301,4.06827,4.44897,137516
6586.0,0.755035,1.00005,0.0440355,1.00005,119981,129955,359.017,374.801,392.098,35.3832,32.3224,5284.82,5427.55,8.51251,4.06847,4.44901,0.970494,0.983418,174.203,122.307,4.06847,4.44901,137514
6588.0,0.755041,1.00005,0.0440359,1.00005,119986,129952,359.019,374.803,392.098,35.3848,32.3225,5285.33,5427.55,8.51251,4.06873,4.449,0.970479,0.983421,174.125,122.316,4.06873,4.449,137511
6590.0,0.755047,1.00005,0.0440368,1.00005,119991,129950,359.021,374.805,392.097,35.3861,32.3224,5285.76,5427.55,8.51251,4.06896,4.44895,0.970465,0.983425,174.17,122.321,4.06896,4.44895,137508
6592.0,0.755049,1.00005,0.0440377,1.00005,119992,129947,359.021,374.807,392.097,35.3874,32.3221,5286.15,5427.55,8.51251,4.06913,4.44889,0.97045,0.983429,174.094,122.325,4.06913,4.44889,137506
6594.0,0.755046,1.00005,0.0440385,1.00005,119990,129946,359.021,374.809,392.096,35.388,32.322,5286.3,5427.55,8.51251,4.06915,4.44885,0.970435,0.983433,173.985,122.324,4.06915,4.44885,137505
6596.0,0.755038,1.00005,0.0440389,1.00005,119985,129946,359.02,374.811,392.097,35.3875,32.322,5286.1,5427.55,8.51251,4.069,4.44886,0.97042,0.983437,173.88,122.317,4.069,4.44886,137505
6598.0,0.755029,1.00005,0.044039,1.00005,119978,129947,359.018,374.813,392.097,35.3861,32.3225,5285.56,5427.55,8.51251,4.06873,4.44893,0.970406,0.983441,173.915,122.305,4.06873,4.44893,137506
6600.0,0.755021,1.00005,0.0440383,1.00005,119973,129949,359.017,374.814,392.098,35.3845,32.3232,5284.97,5427.55,8.51251,4.06845,4.44904,0.970391,0.983444,173.931,122.295,4.06845,4.44904,137507
6602.0,0.755014,1.00006,0.0440374,1.00006,119968,129950,359.016,374.814,392.098,35.3831,32.3242,5284.46,5427.55,8.51251,4.0682,4.44919,0.970376,0.983448,173.885,122.287,4.0682,4.44919,137509
6604.0,0.75501,1.00006,0.0440364,1.00006,119966,129951,359.016,374.814,392.099,35.3817,32.3254,5283.99,5427.55,8.51251,4.068,4.44936,0.970362,0.983452,173.951,122.28,4.068,4.44936,137510
6606.0,0.75501,1.00006,0.0440356,1.00006,119968,129951,359.017,374.814,392.099,35.381,32.3264,5283.74,5427.55,8.51251,4.06794,4.44951,0.970347,0.983455,174.04,122.277,4.06794,4.44951,137510
6608.0,0.755014,1.00006,0.0440351,1.00006,119972,129950,359.018,374.815,392.099,35.3812,32.3273,5283.81,5427.55,8.51251,4.06803,4.44962,0.970332,0.983459,174.118,122.28,4.06803,4.44962,137509
6610.0,0.755036,1.00002,0.0440308,1.00002,119989,129948,359.023,374.817,392.098,35.3821,32.3279,5284.14,5427.55,8.51251,4.06842,4.44964,0.970318,0.983463,174.641,122.29,4.06842,4.44964,137507
6612.0,0.755099,0.999949,0.0440301,0.999949,120038,129949,359.038,374.823,392.099,35.3865,32.3204,5285.64,5427.55,8.51251,4.06974,4.44854,0.970303,0.983469,175.572,122.337,4.06974,4.44854,137507
6614.0,0.755165,0.999878,0.0440356,0.999878,120088,129953,359.052,374.83,392.1,35.3993,32.3053,5290.01,5427.55,8.51251,4.07206,4.44643,0.970288,0.983475,175.503,122.418,4.07206,4.44643,137510
6616.0,0.755215,0.999812,0.0440405,0.999812,120124,129959,359.063,374.84,392.102,35.4131,32.2908,5294.6,5427.55,8.51251,4.07423,4.44442,0.970273,0.98348,175.241,122.484,4.07423,4.44442,137516
6618.0,0.75521,0.999839,0.0440446,0.999839,120117,129967,359.061,374.851,392.105,35.4235,32.277,5297.92,5427.55,8.51251,4.07531,4.44261,0.970257,0.983485,173.882,122.518,4.07531,4.44261,137524
6620.0,0.755188,0.999824,0.0440482,0.999824,120096,129976,359.056,374.861,392.108,35.4233,32.2818,5297.52,5427.55,8.51251,4.07493,4.44333,0.970242,0.98349,173.892,122.49,4.07493,4.44333,137533
6622.0,0.755162,0.99984,0.0440503,0.99984,120074,129989,359.05,374.869,392.112,35.4193,32.2782,5295.88,5427.55,8.51251,4.0741,4.44295,0.970228,0.983494,173.701,122.465,4.0741,4.44295,137546
6624.0,0.755126,0.999873,0.0440507,0.999873,120045,130004,359.042,374.872,392.116,35.4147,32.2811,5294.06,5427.55,8.51251,4.07307,4.44349,0.970213,0.983498,173.497,122.428,4.07307,4.44349,137561
6626.0,0.755094,0.999905,0.0440496,0.999905,120019,130020,359.035,374.871,392.121,35.408,32.2871,5291.56,5427.55,8.51251,4.07187,4.44449,0.970198,0.983501,173.573,122.388,4.07187,4.44449,137577
6628.0,0.755074,0.999928,0.0440475,0.999928,120003,130034,359.03,374.867,392.125,35.402,32.2934,5289.35,5427.55,8.51251,4.0709,4.44548,0.970183,0.983505,173.807,122.356,4.0709,4.44548,137591
6630.0,0.755083,0.999924,0.0440454,0.999924,120010,130044,359.033,374.863,392.128,35.3982,32.2978,5287.96,5427.55,8.51251,4.07058,4.44617,0.970169,0.983509,174.348,122.351,4.07058,4.44617,137601
6632.0,0.755085,0.99995,0.0440435,0.99995,120012,130047,359.034,374.858,392.129,35.4002,32.2968,5288.59,5427.55,8.51251,4.07084,4.44607,0.970154,0.983513,174.112,122.36,4.07084,4.44607,137605
6634.0,0.755088,0.999948,0.0440424,0.999948,120013,130043,359.034,374.856,392.128,35.4011,32.3019,5288.77,5427.55,8.51251,4.07095,4.44674,0.970139,0.983517,174.25,122.359,4.07095,4.44674,137601
6636.0,0.755105,0.999928,0.0440422,0.999928,120027,130035,359.038,374.856,392.126,35.4018,32.3014,5288.91,5427.55,8.51251,4.07125,4.44658,0.970124,0.983521,174.569,122.37,4.07125,4.44658,137593
6638.0,0.755131,0.999903,0.0440427,0.999903,120046,130026,359.044,374.858,392.123,35.4057,32.2974,5290.16,5427.55,8.51251,4.07201,4.44593,0.97011,0.983525,174.712,122.396,4.07201,4.44593,137583
6640.0,0.75515,0.999879,0.0440438,0.999879,120060,130017,359.048,374.862,392.121,35.4111,32.292,5291.89,5427.55,8.51251,4.07287,4.44508,0.970095,0.98353,174.581,122.422,4.07287,4.44508,137574
6642.0,0.755159,0.999863,0.0440452,0.999863,120065,130010,359.05,374.866,392.119,35.4154,32.2869,5293.23,5427.55,8.51251,4.07345,4.4443,0.97008,0.983534,174.372,122.439,4.07345,4.4443,137567
6644.0,0.755156,0.999858,0.0440467,0.999858,120061,130006,359.049,374.871,392.119,35.4177,32.2833,5293.81,5427.55,8.51251,4.07363,4.44377,0.970065,0.983539,174.152,122.441,4.07363,4.44377,137563
6646.0,0.75514,0.999864,0.0440478,0.999864,120048,130006,359.046,374.875,392.119,35.4176,32.2818,5293.57,5427.55,8.51251,4.07339,4.44356,0.97005,0.983543,173.894,122.429,4.07339,4.44356,137563
6648.0,0.755119,0.99988,0.0440482,0.99988,120030,130008,359.041,374.877,392.119,35.4149,32.2827,5292.45,5427.55,8.51251,4.07278,4.44371,0.970035,0.983546,173.758,122.408,4.07278,4.44371,137565
6650.0,0.755096,0.999902,0.0440479,0.999902,120012,130011,359.036,374.877,392.12,35.411,32.2855,5290.97,5427.55,8.51251,4.07202,4.44415,0.970021,0.98355,173.697,122.382,4.07202,4.44415,137568
6652.0,0.755075,0.999924,0.0440469,0.999924,119996,130014,359.032,374.876,392.121,35.4067,32.2896,5289.36,5427.55,8.51251,4.07125,4.44476,0.970006,0.983553,173.742,122.355,4.07125,4.44476,137571
6654.0,0.755063,0.999941,0.0440455,0.999941,119986,130016,359.03,374.873,392.122,35.4029,32.2938,5287.95,5427.55,8.51251,4.07065,4.44536,0.969992,0.983557,173.898,122.336,4.07065,4.44536,137573
6656.0,0.755061,0.999949,0.0440441,0.999949,119985,130015,359.03,374.87,392.122,35.4006,32.297,5287.11,5427.55,8.51251,4.07036,4.4458,0.969977,0.98356,174.094,122.327,4.07036,4.4458,137573
6658.0,0.755066,0.999947,0.044043,0.999947,119990,130012,359.031,374.867,392.121,35.4004,32.2985,5286.97,5427.55,8.51251,4.07041,4.44598,0.969962,0.983564,174.259,122.328,4.07041,4.44598,137569
6660.0,0.75508,0.999936,0.0440424,0.999936,120001,130006,359.035,374.867,392.12,35.4017,32.2981,5287.37,5427.55,8.51251,4.07074,4.44586,0.969948,0.983568,174.389,122.341,4.07074,4.44586,137564
6662.0,0.755094,0.999921,0.0440425,0.999921,120012,129999,359.038,374.867,392.118,35.4047,32.2959,5288.37,5427.55,8.51251,4.07128,4.44548,0.969933,0.983572,174.433,122.356,4.07128,4.44548,137556
6664.0,0.755107,0.999905,0.0440432,0.999905,120022,129992,359.041,374.87,392.116,35.408,32.2926,5289.38,5427.55,8.51251,4.07181,4.44495,0.969918,0.983576,174.402,122.372,4.07181,4.44495,137549
6666.0,0.755116,0.999892,0.0440443,0.999892,120028,129985,359.043,374.873,392.114,35.4108,32.2891,5290.26,5427.55,8.51251,4.07223,4.4444,0.969904,0.98358,174.315,122.384,4.07223,4.4444,137543
6668.0,0.755117,0.999886,0.0440455,0.999886,120028,129981,359.044,374.877,392.113,35.4129,32.2863,5290.82,5427.55,8.51251,4.07247,4.44396,0.969889,0.983584,174.205,122.389,4.07247,4.44396,137538
6670.0,0.755109,0.999887,0.0440465,0.999887,120022,129979,359.042,374.881,392.113,35.4136,32.2846,5290.93,5427.55,8.51251,4.07243,4.44372,0.969874,0.983588,173.955,122.386,4.07243,4.44372,137536
6672.0,0.755093,0.999896,0.044047,0.999896,120008,129979,359.039,374.883,392.113,35.4124,32.2846,5290.38,5427.55,8.51251,4.07207,4.44372,0.96986,0.983592,173.84,122.369,4.07207,4.44372,137537
6674.0,0.755076,0.99991,0.0440469,0.99991,119995,129981,359.035,374.884,392.114,35.4094,32.286,5289.23,5427.55,8.51251,4.0715,4.44395,0.969845,0.983596,173.78,122.351,4.0715,4.44395,137539
6676.0,0.75506,0.999926,0.0440462,0.999926,119983,129983,359.032,374.883,392.115,35.4063,32.2887,5288.07,5427.55,8.51251,4.07094,4.44434,0.969831,0.983599,173.789,122.331,4.07094,4.44434,137541
6678.0,0.755049,0.999941,0.0440451,0.999941,119975,129985,359.03,374.882,392.115,35.4033,32.2918,5286.98,5427.55,8.51251,4.07045,4.4448,0.969816,0.983602,173.88,122.315,4.07045,4.4448,137543
6680.0,0.755042,0.999951,0.0440439,0.999951,119971,129985,359.029,374.88,392.116,35.4013,32.2946,5286.24,5427.55,8.51251,4.07014,4.4452,0.969802,0.983606,173.906,122.305,4.07014,4.4452,137543
6682.0,0.75504,0.999955,0.0440429,0.999955,119970,129983,359.029,374.878,392.115,35.4001,32.2966,5285.79,5427.55,8.51251,4.06998,4.44545,0.969787,0.983609,174.051,122.298,4.06998,4.44545,137541
6684.0,0.755046,0.999953,0.0440422,0.999953,119976,129980,359.031,374.877,392.114,35.3998,32.2973,5285.68,5427.55,8.51251,4.07005,4.44552,0.969773,0.983613,174.233,122.3,4.07005,4.44552,137538
6686.0,0.755057,0.999947,0.044042,0.999947,119985,129975,359.034,374.878,392.113,35.4013,32.2968,5286.16,5427.55,8.51251,4.07037,4.4454,0.969758,0.983617,174.257,122.312,4.07037,4.4454,137532
6688.0,0.755065,0.999938,0.0440422,0.999938,119992,129969,359.037,374.879,392.112,35.4036,32.2955,5286.93,5427.55,8.51251,4.07074,4.44515,0.969744,0.98362,174.242,122.321,4.07074,4.44515,137527
6690.0,0.755074,0.999931,0.0440429,0.999931,119999,129964,359.039,374.881,392.11,35.4055,32.2937,5287.5,5427.55,8.51251,4.07107,4.44485,0.969729,0.983624,174.316,122.329,4.07107,4.44485,137521
6692.0,0.755078,0.999926,0.0440437,0.999926,120002,129959,359.04,374.884,392.109,35.4074,32.292,5288.11,5427.55,8.51251,4.07134,4.44458,0.969714,0.983628,174.206,122.337,4.07134,4.44458,137517
6694.0,0.755077,0.999925,0.0440446,0.999925,120001,129957,359.04,374.887,392.109,35.4085,32.2909,5288.41,5427.55,8.51251,4.07145,4.4444,0.9697,0.983632,174.05,122.34,4.07145,4.4444,137514
6696.0,0.755067,0.999929,0.0440453,0.999929,119994,129956,359.038,374.889,392.108,35.4086,32.2906,5288.35,5427.55,8.51251,4.07132,4.44435,0.969685,0.983635,173.85,122.333,4.07132,4.44435,137513
6698.0,0.755055,0.999938,0.0440456,0.999938,119985,129956,359.036,374.891,392.109,35.4068,32.2912,5287.65,5427.55,8.51251,4.07096,4.44445,0.969671,0.983639,173.836,122.319,4.07096,4.44445,137514
6700.0,0.755042,0.999949,0.0440452,0.999949,119976,129958,359.034,374.891,392.109,35.4047,32.2928,5286.85,5427.55,8.51251,4.07055,4.44469,0.969656,0.983642,173.807,122.304,4.07055,4.44469,137516
6702.0,0.755031,0.999962,0.0440444,0.999962,119968,129959,359.032,374.891,392.11,35.4023,32.295,5285.99,5427.55,8.51251,4.07015,4.44502,0.969642,0.983646,173.845,122.29,4.07015,4.44502,137517
6704.0,0.755022,0.999973,0.0440433,0.999973,119963,129960,359.031,374.89,392.11,35.4003,32.2975,5285.29,5427.55,8.51251,4.06982,4.44537,0.969628,0.983649,173.823,122.28,4.06982,4.44537,137518
6706.0,0.755019,0.99998,0.0440421,0.99998,119961,129960,359.031,374.889,392.111,35.3987,32.2997,5284.72,5427.55,8.51251,4.06961,4.44568,0.969613,0.983652,173.943,122.272,4.06961,4.44568,137518
6708.0,0.755019,0.999984,0.0440411,0.999984,119963,129959,359.031,374.889,392.11,35.3981,32.3013,5284.53,5427.55,8.51251,4.06956,4.44589,0.969599,0.983655,174.052,122.269,4.06956,4.44589,137517
6710.0,0.755025,0.999985,0.0440404,0.999985,119968,129956,359.033,374.888,392.11,35.3983,32.3021,5284.59,5427.55,8.51251,4.06967,4.44598,0.969584,0.983659,174.159,122.272,4.06967,4.44598,137514
6712.0,0.755034,0.999982,0.0440401,0.999982,119976,129952,359.036,374.889,392.109,35.3996,32.3022,5285.03,5427.55,8.51251,4.06995,4.44596,0.96957,0.983662,174.223,122.28,4.06995,4.44596,137510
6714.0,0.75504,0.999979,0.0440404,0.999979,119981,129948,359.038,374.891,392.108,35.4015,32.3018,5285.68,5427.55,8.51251,4.07025,4.44586,0.969556,0.983666,174.197,122.287,4.07025,4.44586,137506
6716.0,0.755046,0.999976,0.0440411,0.999976,119987,129944,359.039,374.893,392.107,35.4028,32.3012,5286.1,5427.55,8.51251,4.07049,4.44573,0.969541,0.983669,174.166,122.295,4.07049,4.44573,137502
6718.0,0.755047,0.999975,0.0440417,0.999975,119988,129942,359.04,374.895,392.106,35.4042,32.3006,5286.56,5427.55,8.51251,4.07067,4.44563,0.969527,0.983673,174.049,122.299,4.07067,4.44563,137500
6720.0,0.755041,0.999977,0.0440423,0.999977,119984,129940,359.039,374.898,392.106,35.4046,32.3005,5286.65,5427.55,8.51251,4.07064,4.4456,0.969512,0.983676,173.899,122.296,4.07064,4.4456,137498
6722.0,0.755029,0.999982,0.0440426,0.999982,119975,129940,359.037,374.9,392.106,35.4036,32.3009,5286.25,5427.55,8.51251,4.07037,4.44566,0.969498,0.98368,173.761,122.285,4.07037,4.44566,137498
6724.0,0.755019,0.99999,0.0440425,0.99999,119968,129941,359.035,374.901,392.107,35.4013,32.302,5285.42,5427.55,8.51251,4.06998,4.44583,0.969484,0.983683,173.825,122.271,4.06998,4.44583,137500
6726.0,0.75501,0.999999,0.0440417,0.999999,119962,129943,359.034,374.901,392.107,35.3995,32.3036,5284.78,5427.55,8.51251,4.06967,4.44607,0.969469,0.983686,173.831,122.26,4.06967,4.44607,137501
6728.0,0.755001,1.00001,0.0440407,1.00001,119957,129944,359.033,374.901,392.108,35.3978,32.3056,5284.2,5427.55,8.51251,4.06938,4.44637,0.969455,0.983689,173.873,122.248,4.06938,4.44637,137503
6730.0,0.754995,1.00002,0.0440395,1.00002,119953,129945,359.032,374.9,392.108,35.3961,32.3076,5283.64,5427.55,8.51251,4.06912,4.44665,0.969441,0.983692,173.865,122.24,4.06912,4.44665,137503
6732.0,0.754993,1.00002,0.0440385,1.00002,119953,129944,359.032,374.9,392.108,35.3949,32.3094,5283.24,5427.55,8.51251,4.06897,4.44689,0.969426,0.983696,173.96,122.235,4.06897,4.44689,137503
6734.0,0.754996,1.00002,0.0440379,1.00002,119957,129943,359.034,374.9,392.108,35.3946,32.3106,5283.17,5427.55,8.51251,4.069,4.44704,0.969412,0.983699,174.055,122.235,4.069,4.44704,137501
6736.0,0.755003,1.00002,0.0440377,1.00002,119964,129940,359.036,374.9,392.107,35.3952,32.3112,5283.42,5427.55,8.51251,4.06917,4.4471,0.969398,0.983702,174.126,122.241,4.06917,4.4471,137498
6738.0,0.755008,1.00002,0.0440379,1.00002,119969,129936,359.038,374.901,392.106,35.3966,32.3114,5283.92,5427.55,8.51251,4.06942,4.44709,0.969383,0.983705,174.054,122.249,4.06942,4.44709,137495
6740.0,0.755014,1.00002,0.0440388,1.00002,119974,129933,359.04,374.903,392.105,35.3978,32.3112,5284.33,5427.55,8.51251,4.06964,4.44704,0.969369,0.983709,174.103,122.254,4.06964,4.44704,137492
6742.0,0.755016,1.00002,0.0440396,1.00002,119977,129931,359.041,374.905,392.105,35.399,32.3109,5284.76,5427.55,8.51251,4.06982,4.44697,0.969355,0.983712,174.032,122.258,4.06982,4.44697,137489
6744.0,0.755013,1.00002,0.0440405,1.00002,119976,129929,359.041,374.907,392.105,35.3996,32.3108,5284.98,5427.55,8.51251,4.06986,4.44694,0.96934,0.983715,173.919,122.258,4.06986,4.44694,137487
6746.0,0.755005,1.00002,0.044041,1.00002,119971,129929,359.039,374.909,392.105,35.3991,32.311,5284.83,5427.55,8.51251,4.06972,4.44696,0.969326,0.983719,173.809,122.251,4.06972,4.44696,137487
6748.0,0.754994,1.00002,0.0440413,1.00002,119963,129929,359.037,374.911,392.105,35.3976,32.3116,5284.31,5427.55,8.51251,4.0694,4.44705,0.969312,0.983722,173.724,122.239,4.0694,4.44705,137488
6750.0,0.754984,1.00003,0.0440408,1.00003,119957,129931,359.036,374.912,392.105,35.3953,32.3126,5283.53,5427.55,8.51251,4.06903,4.44721,0.969298,0.983725,173.736,122.227,4.06903,4.44721,137489
6752.0,0.754977,1.00004,0.0440399,1.00004,119953,129933,359.035,374.912,392.106,35.3934,32.314,5282.93,5427.55,8.51251,4.06875,4.44742,0.969284,0.983728,173.785,122.217,4.06875,4.44742,137491
6754.0,0.754971,1.00004,0.0440388,1.00004,119950,129934,359.035,374.912,392.107,35.3921,32.3156,5282.5,5427.55,8.51251,4.06853,4.44765,0.969269,0.983731,173.835,122.208,4.06853,4.44765,137492
6756.0,0.75497,1.00005,0.0440379,1.00005,119950,129934,359.035,374.911,392.107,35.3909,32.3171,5282.14,5427.55,8.51251,4.0684,4.44786,0.969255,0.983734,173.919,122.203,4.0684,4.44786,137493
6758.0,0.754972,1.00005,0.0440372,1.00005,119954,129933,359.036,374.911,392.107,35.3906,32.3183,5282.09,5427.55,8.51251,4.06842,4.44802,0.969241,0.983737,173.998,122.204,4.06842,4.44802,137492
6760.0,0.754978,1.00005,0.044037,1.00005,119959,129931,359.038,374.912,392.106,35.3911,32.3192,5282.32,5427.55,8.51251,4.06856,4.44812,0.969227,0.98374,174.05,122.208,4.06856,4.44812,137490
6762.0,0.754984,1.00005,0.0440371,1.00005,119965,129929,359.04,374.913,392.106,35.3921,32.3197,5282.71,5427.55,8.51251,4.06877,4.44816,0.969213,0.983744,174.074,122.214,4.06877,4.44816,137487
6764.0,0.754989,1.00005,0.0440379,1.00005,119970,129926,359.042,374.915,392.105,35.3933,32.3199,5283.17,5427.55,8.51251,4.06899,4.44817,0.969198,0.983747,174.048,122.22,4.06899,4.44817,137485
6766.0,0.754991,1.00005,0.0440387,1.00005,119972,129924,359.043,374.917,392.105,35.3944,32.3199,5283.56,5427.55,8.51251,4.06915,4.44815,0.969184,0.98375,173.975,122.224,4.06915,4.44815,137482
6768.0,0.754988,1.00005,0.0440394,1.00005,119971,129923,359.043,374.919,392.104,35.3948,32.32,5283.7,5427.55,8.51251,4.06916,4.44815,0.96917,0.983753,173.881,122.223,4.06916,4.44815,137481
6770.0,0.754981,1.00005,0.0440399,1.00005,119966,129922,359.042,374.921,392.104,35.3942,32.3202,5283.53,5427.55,8.51251,4.06902,4.44818,0.969156,0.983756,173.796,122.217,4.06902,4.44818,137481
6772.0,0.754971,1.00005,0.04404,1.00005,119960,129923,359.04,374.922,392.105,35.3929,32.3208,5283.09,5427.55,8.51251,4.06875,4.44826,0.969142,0.983759,173.731,122.207,4.06875,4.44826,137482
6774.0,0.754961,1.00005,0.0440394,1.00005,119953,129925,359.039,374.923,392.105,35.391,32.3216,5282.45,5427.55,8.51251,4.06842,4.44839,0.969128,0.983762,173.723,122.195,4.06842,4.44839,137483
6776.0,0.754954,1.00006,0.0440384,1.00006,119949,129926,359.038,374.924,392.106,35.3889,32.3227,5281.79,5427.55,8.51251,4.0681,4.44856,0.969113,0.983765,173.767,122.184,4.0681,4.44856,137485
6778.0,0.754992,0.99998,0.0440377,0.99998,119980,129929,359.047,374.926,392.107,35.3873,32.324,5281.3,5427.55,8.51251,4.06844,4.44868,0.969099,0.98377,175.13,122.19,4.06844,4.44868,137487
6780.0,0.755067,0.999905,0.0440379,0.999905,120038,129935,359.064,374.931,392.109,35.395,32.3083,5284,5427.55,8.51251,4.0703,4.4465,0.969085,0.983775,175.587,122.266,4.0703,4.4465,137492
6782.0,0.755134,0.999835,0.0440393,0.999835,120089,129942,359.079,374.938,392.111,35.4102,32.2932,5289.22,5427.55,8.51251,4.07289,4.44441,0.96907,0.98378,175.433,122.349,4.07289,4.44441,137499
6784.0,0.755184,0.999782,0.0440424,0.999782,120124,129950,359.089,374.949,392.114,35.4239,32.2787,5293.81,5427.55,8.51251,4.07506,4.44242,0.969055,0.983786,175.094,122.418,4.07506,4.44242,137507
6786.0,0.75521,0.999732,0.0440464,0.999732,120140,129960,359.094,374.963,392.117,35.4343,32.2673,5297.16,5427.55,8.51251,4.07653,4.44088,0.969041,0.983791,174.764,122.458,4.07653,4.44088,137516
6788.0,0.755217,0.999725,0.0440502,0.999725,120142,129973,359.095,374.976,392.121,35.4401,32.2564,5298.85,5427.55,8.51251,4.07722,4.43948,0.969026,0.983796,174.28,122.48,4.07722,4.43948,137529
6790.0,0.755179,0.99976,0.0440531,0.99976,120110,129988,359.086,374.986,392.125,35.4422,32.2541,5299.28,5427.55,8.51251,4.07691,4.43931,0.969011,0.983799,173.331,122.461,4.07691,4.43931,137544
6792.0,0.755128,0.999796,0.0440546,0.999796,120069,130005,359.075,374.991,392.13,35.4352,32.2601,5296.58,5427.55,8.51251,4.07541,4.44032,0.968997,0.983803,173.231,122.404,4.07541,4.44032,137562
6794.0,0.755089,0.999834,0.0440543,0.999834,120039,130024,359.066,374.992,392.136,35.4255,32.2667,5293.12,5427.55,8.51251,4.07378,4.44142,0.968983,0.983806,173.444,122.351,4.07378,4.44142,137581
6796.0,0.755064,0.999871,0.0440527,0.999871,120019,130042,359.061,374.988,392.141,35.4181,32.2737,5290.51,5427.55,8.51251,4.07258,4.44257,0.968968,0.983809,173.643,122.315,4.07258,4.44257,137599
6798.0,0.755049,0.999897,0.0440501,0.999897,120007,130056,359.058,374.982,392.145,35.4132,32.2807,5288.79,5427.55,8.51251,4.07182,4.44366,0.968954,0.983812,173.853,122.291,4.07182,4.44366,137613
6800.0,0.755051,0.999916,0.0440475,0.999916,120008,130064,359.059,374.976,392.148,35.4105,32.2856,5287.76,5427.55,8.51251,4.07152,4.44442,0.96894,0.983815,174.085,122.287,4.07152,4.44442,137621
6802.0,0.755051,0.999928,0.0440454,0.999928,120008,130062,359.059,374.971,392.148,35.4111,32.2893,5287.9,5427.55,8.51251,4.07158,4.44492,0.968926,0.983818,174.096,122.286,4.07158,4.44492,137620
6804.0,0.755069,0.999912,0.0440444,0.999912,120022,130055,359.063,374.969,392.145,35.4113,32.2914,5287.89,5427.55,8.51251,4.07183,4.44514,0.968911,0.983822,174.578,122.293,4.07183,4.44514,137612
6806.0,0.755099,0.999882,0.0440445,0.999882,120044,130043,359.07,374.97,392.142,35.4151,32.288,5289.13,5427.55,8.51251,4.07264,4.44454,0.968897,0.983826,174.745,122.323,4.07264,4.44454,137600
6808.0,0.75513,0.99985,0.0440456,0.99985,120066,130032,359.076,374.973,392.139,35.4213,32.2817,5291.13,5427.55,8.51251,4.07372,4.44354,0.968883,0.98383,174.785,122.359,4.07372,4.44354,137588
6810.0,0.755152,0.999823,0.0440475,0.999823,120081,130022,359.081,374.978,392.137,35.4279,32.2748,5293.26,5427.55,8.51251,4.07474,4.44248,0.968868,0.983834,174.606,122.39,4.07474,4.44248,137578
6812.0,0.755159,0.999808,0.0440497,0.999808,120084,130015,359.082,374.984,392.135,35.4328,32.2689,5294.72,5427.55,8.51251,4.07534,4.44159,0.968854,0.983838,174.297,122.407,4.07534,4.44159,137571
6814.0,0.755151,0.999809,0.0440518,0.999809,120076,130012,359.08,374.99,392.134,35.4347,32.2653,5295.13,5427.55,8.51251,4.07541,4.44107,0.968839,0.983842,173.96,122.406,4.07541,4.44107,137569
6816.0,0.755128,0.999824,0.0440529,0.999824,120058,130013,359.075,374.994,392.135,35.4335,32.2647,5294.52,5427.55,8.51251,4.07496,4.44101,0.968825,0.983845,173.679,122.387,4.07496,4.44101,137570
6818.0,0.755097,0.999851,0.044053,0.999851,120034,130017,359.069,374.995,392.136,35.4293,32.2672,5293.01,5427.55,8.51251,4.07408,4.44141,0.968811,0.983848,173.506,122.355,4.07408,4.44141,137573
6820.0,0.755066,0.999883,0.044052,0.999883,120010,130021,359.062,374.994,392.137,35.4235,32.2722,5290.97,5427.55,8.51251,4.073,4.44216,0.968797,0.983851,173.473,122.318,4.073,4.44216,137578
6822.0,0.75504,0.999913,0.0440502,0.999913,119991,130025,359.057,374.99,392.139,35.4175,32.2783,5288.9,5427.55,8.51251,4.07199,4.44306,0.968782,0.983854,173.589,122.284,4.07199,4.44306,137583
6824.0,0.755027,0.999933,0.0440479,0.999933,119982,130027,359.055,374.986,392.139,35.4126,32.2839,5287.23,5427.55,8.51251,4.07127,4.44387,0.968768,0.983857,173.84,122.261,4.07127,4.44387,137585
6826.0,0.755027,0.999939,0.0440456,0.999939,119982,130026,359.055,374.982,392.139,35.4102,32.2878,5286.39,5427.55,8.51251,4.07098,4.44439,0.968754,0.98386,174.038,122.254,4.07098,4.44439,137583
6828.0,0.755041,0.999933,0.0440439,0.999933,119993,130021,359.059,374.979,392.138,35.4102,32.289,5286.33,5427.55,8.51251,4.07116,4.4445,0.96874,0.983863,174.403,122.26,4.07116,4.4445,137578
6830.0,0.755062,0.999916,0.0440431,0.999916,120009,130013,359.063,374.978,392.136,35.4131,32.2875,5287.31,5427.55,8.51251,4.07177,4.44422,0.968726,0.983867,174.507,122.282,4.07177,4.44422,137570
6832.0,0.755084,0.999894,0.0440433,0.999894,120026,130004,359.068,374.979,392.133,35.4175,32.2839,5288.76,5427.55,8.51251,4.07255,4.44362,0.968712,0.98387,174.54,122.307,4.07255,4.44362,137561
6834.0,0.755102,0.999873,0.0440445,0.999873,120038,129995,359.072,374.983,392.131,35.4222,32.2792,5290.26,5427.55,8.51251,4.0733,4.44288,0.968698,0.983874,174.458,122.33,4.0733,4.44288,137552
6836.0,0.755111,0.999858,0.0440462,0.999858,120044,129987,359.074,374.987,392.129,35.4261,32.2746,5291.43,5427.55,8.51251,4.07384,4.44217,0.968683,0.983878,174.296,122.345,4.07384,4.44217,137544
6838.0,0.75511,0.999853,0.0440479,0.999853,120042,129983,359.074,374.992,392.128,35.4283,32.2711,5292.04,5427.55,8.51251,4.07405,4.44165,0.968669,0.983881,174.094,122.349,4.07405,4.44165,137540
6840.0,0.755095,0.999859,0.0440492,0.999859,120030,129982,359.071,374.996,392.128,35.4284,32.2697,5291.9,5427.55,8.51251,4.07386,4.44144,0.968655,0.983885,173.756,122.341,4.07386,4.44144,137539
6842.0,0.755075,0.999876,0.0440497,0.999876,120015,129984,359.067,374.998,392.128,35.4258,32.2706,5290.93,5427.55,8.51251,4.07329,4.4416,0.968641,0.983888,173.666,122.319,4.07329,4.4416,137541
6844.0,0.755051,0.9999,0.0440493,0.9999,119998,129987,359.062,374.998,392.129,35.422,32.2736,5289.59,5427.55,8.51251,4.07255,4.44206,0.968627,0.983891,173.596,122.293,4.07255,4.44206,137545
6846.0,0.75503,0.999924,0.0440483,0.999924,119982,129991,359.058,374.997,392.13,35.4176,32.278,5288.07,5427.55,8.51251,4.07178,4.44272,0.968613,0.983893,173.619,122.266,4.07178,4.44272,137548
6848.0,0.755016,0.999943,0.0440467,0.999943,119973,129993,359.056,374.994,392.131,35.4135,32.2826,5286.68,5427.55,8.51251,4.07115,4.44339,0.968599,0.983896,173.766,122.245,4.07115,4.44339,137551
6850.0,0.75501,0.999954,0.044045,0.999954,119970,129993,359.055,374.991,392.131,35.4108,32.2864,5285.81,5427.55,8.51251,4.07079,4.44392,0.968585,0.983899,173.869,122.235,4.07079,4.44392,137551
6852.0,0.755012,0.999956,0.0440435,0.999956,119972,129990,359.056,374.988,392.131,35.4097,32.2886,5285.49,5427.55,8.51251,4.07069,4.4442,0.968571,0.983902,174.095,122.231,4.07069,4.4442,137548
6854.0,0.755026,0.99995,0.0440427,0.99995,119982,129985,359.059,374.987,392.129,35.4102,32.289,5285.62,5427.55,8.51251,4.07092,4.4442,0.968557,0.983905,174.325,122.239,4.07092,4.4442,137543
6856.0,0.755039,0.999939,0.0440425,0.999939,119993,129979,359.063,374.987,392.128,35.413,32.2877,5286.52,5427.55,8.51251,4.07141,4.44396,0.968543,0.983908,174.302,122.256,4.07141,4.44396,137536
6858.0,0.755051,0.999927,0.044043,0.999927,120002,129972,359.066,374.989,392.126,35.4158,32.2854,5287.43,5427.55,8.51251,4.07189,4.44356,0.968529,0.983912,174.278,122.27,4.07189,4.44356,137529
6860.0,0.755059,0.999916,0.044044,0.999916,120008,129965,359.068,374.992,392.124,35.4184,32.2827,5288.22,5427.55,8.51251,4.07228,4.44312,0.968514,0.983915,174.208,122.282,4.07228,4.44312,137523
6862.0,0.755065,0.999911,0.0440451,0.999911,120012,129961,359.069,374.995,392.123,35.4203,32.2804,5288.76,5427.55,8.51251,4.07255,4.44276,0.9685,0.983918,174.15,122.29,4.07255,4.44276,137518
6864.0,0.755061,0.999912,0.0440461,0.999912,120009,129959,359.069,374.998,392.123,35.4217,32.279,5289.11,5427.55,8.51251,4.07266,4.44256,0.968486,0.983921,173.925,122.291,4.07266,4.44256,137516
6866.0,0.755046,0.99992,0.0440467,0.99992,119998,129958,359.066,375.001,392.123,35.421,32.2791,5288.89,5427.55,8.51251,4.0724,4.44257,0.968472,0.983925,173.694,122.279,4.0724,4.44257,137516
6868.0,0.75503,0.999934,0.0440468,0.999934,119987,129960,359.063,375.002,392.123,35.4182,32.2805,5287.92,5427.55,8.51251,4.07188,4.44279,0.968458,0.983927,173.693,122.26,4.07188,4.44279,137518
6870.0,0.755014,0.99995,0.0440462,0.99995,119975,129962,359.06,375.002,392.124,35.4152,32.2831,5286.89,5427.55,8.51251,4.07133,4.44318,0.968444,0.98393,173.673,122.24,4.07133,4.44318,137520
6872.0,0.755001,0.999966,0.0440451,0.999966,119967,129964,359.058,375.001,392.125,35.4121,32.2863,5285.85,5427.55,8.51251,4.07083,4.44365,0.96843,0.983933,173.742,122.223,4.07083,4.44365,137522
6874.0,0.754992,0.999979,0.0440437,0.999979,119962,129965,359.057,374.999,392.125,35.4096,32.2895,5285.07,5427.55,8.51251,4.07046,4.44411,0.968417,0.983936,173.763,122.211,4.07046,4.44411,137523
6876.0,0.754988,0.999987,0.0440423,0.999987,119960,129964,359.056,374.997,392.125,35.4079,32.2921,5284.55,5427.55,8.51251,4.07023,4.44447,0.968403,0.983938,173.902,122.202,4.07023,4.44447,137522
6878.0,0.754992,0.999989,0.0440413,0.999989,119965,129962,359.058,374.996,392.124,35.4071,32.2938,5284.36,5427.55,8.51251,4.07022,4.44467,0.968389,0.983941,174.059,122.202,4.07022,4.44467,137520
6880.0,0.755002,0.999986,0.0440408,0.999986,119974,129958,359.061,374.996,392.123,35.4079,32.2943,5284.71,5427.55,8.51251,4.07046,4.4447,0.968375,0.983944,174.18,122.21,4.07046,4.4447,137516
6882.0,0.755009,0.999981,0.0440407,0.999981,119981,129953,359.063,374.997,392.122,35.4099,32.2938,5285.47,5427.55,8.51251,4.0708,4.4446,0.968361,0.983947,174.101,122.219,4.0708,4.4446,137511
6884.0,0.755016,0.999976,0.0440413,0.999976,119988,129948,359.065,374.999,392.121,35.4114,32.2929,5286.01,5427.55,8.51251,4.07107,4.44442,0.968347,0.98395,174.17,122.226,4.07107,4.44442,137506
6886.0,0.75502,0.999972,0.0440421,0.999972,119992,129944,359.067,375.001,392.12,35.413,32.2918,5286.59,5427.55,8.51251,4.07132,4.44423,0.968333,0.983953,174.083,122.233,4.07132,4.44423,137502
6888.0,0.75502,0.999972,0.0440431,0.999972,119992,129941,359.067,375.004,392.119,35.4139,32.2911,5286.93,5427.55,8.51251,4.07143,4.44411,0.968319,0.983956,173.951,122.236,4.07143,4.44411,137499
6890.0,0.755012,0.999976,0.0440438,0.999976,119986,129941,359.066,375.006,392.119,35.414,32.2911,5286.95,5427.55,8.51251,4.07133,4.44411,0.968305,0.983959,173.785,122.231,4.07133,4.44411,137498
6892.0,0.754999,0.999985,0.0440441,0.999985,119978,129941,359.064,375.008,392.119,35.4124,32.292,5286.44,5427.55,8.51251,4.07101,4.44423,0.968291,0.983962,173.737,122.217,4.07101,4.44423,137499
6894.0,0.754987,0.999996,0.0440438,0.999996,119970,129943,359.062,375.008,392.12,35.41,32.2937,5285.63,5427.55,8.51251,4.07059,4.44449,0.968278,0.983965,173.705,122.203,4.07059,4.44449,137501
6896.0,0.754977,1.00001,0.044043,1.00001,119963,129944,359.06,375.008,392.121,35.4077,32.296,5284.86,5427.55,8.51251,4.0702,4.44484,0.968264,0.983967,173.723,122.189,4.0702,4.44484,137503
6898.0,0.754968,1.00002,0.0440419,1.00002,119957,129946,359.059,375.007,392.121,35.4055,32.2987,5284.17,5427.55,8.51251,4.06985,4.44522,0.96825,0.98397,173.717,122.178,4.06985,4.44522,137504
6900.0,0.754961,1.00003,0.0440407,1.00003,119954,129946,359.058,375.006,392.121,35.4037,32.3011,5283.62,5427.55,8.51251,4.06959,4.44557,0.968236,0.983972,173.803,122.168,4.06959,4.44557,137504
6902.0,0.754961,1.00003,0.0440397,1.00003,119955,129945,359.059,375.006,392.121,35.4025,32.3031,5283.26,5427.55,8.51251,4.06946,4.44584,0.968223,0.983975,173.92,122.164,4.06946,4.44584,137503
6904.0,0.754966,1.00003,0.044039,1.00003,119961,129943,359.061,375.005,392.121,35.4023,32.3044,5283.3,5427.55,8.51251,4.06953,4.44599,0.968209,0.983978,174.027,122.167,4.06953,4.44599,137501
6906.0,0.754975,1.00003,0.0440386,1.00003,119969,129940,359.063,375.006,392.12,35.4033,32.3049,5283.72,5427.55,8.51251,4.06978,4.44604,0.968195,0.983981,174.099,122.174,4.06978,4.44604,137498
6908.0,0.754981,1.00003,0.0440389,1.00003,119975,129936,359.065,375.007,392.119,35.4051,32.3049,5284.37,5427.55,8.51251,4.07007,4.446,0.968181,0.983983,174.074,122.182,4.07007,4.446,137494
6910.0,0.754987,1.00003,0.0440396,1.00003,119980,129933,359.067,375.009,392.118,35.4063,32.3046,5284.83,5427.55,8.51251,4.07029,4.44593,0.968167,0.983986,174.042,122.189,4.07029,4.44593,137491
6912.0,0.754988,1.00003,0.0440404,1.00003,119982,129930,359.068,375.011,392.117,35.4075,32.3043,5285.29,5427.55,8.51251,4.07046,4.44586,0.968154,0.983989,173.935,122.194,4.07046,4.44586,137489
6914.0,0.754983,1.00003,0.0440411,1.00003,119979,129929,359.067,375.013,392.117,35.4078,32.3043,5285.41,5427.55,8.51251,4.07044,4.44585,0.96814,0.983992,173.805,122.191,4.07044,4.44585,137487
6916.0,0.754973,1.00003,0.0440415,1.00003,119972,129929,359.066,375.015,392.117,35.4068,32.3048,5285.1,5427.55,8.51251,4.0702,4.44593,0.968126,0.983994,173.692,122.182,4.0702,4.44593,137487
6918.0,0.754961,1.00004,0.0440414,1.00004,119964,129930,359.064,375.016,392.118,35.4047,32.306,5284.43,5427.55,8.51251,4.06983,4.4461,0.968112,0.983997,173.706,122.167,4.06983,4.4461,137489
6920.0,0.754951,1.00005,0.0440406,1.00005,119957,129932,359.062,375.017,392.118,35.4024,32.3077,5283.68,5427.55,8.51251,4.06944,4.44636,0.968099,0.984,173.635,122.156,4.06944,4.44636,137490
6922.0,0.754943,1.00006,0.0440395,1.00006,119952,129934,359.061,375.016,392.119,35.4002,32.3098,5282.99,5427.55,8.51251,4.0691,4.44667,0.968085,0.984002,173.691,122.144,4.0691,4.44667,137492
6924.0,0.754937,1.00007,0.0440383,1.00007,119949,129935,359.06,375.016,392.119,35.3985,32.312,5282.49,5427.55,8.51251,4.06885,4.44698,0.968071,0.984005,173.762,122.135,4.06885,4.44698,137493
6926.0,0.754936,1.00007,0.0440373,1.00007,119950,129934,359.061,375.015,392.12,35.3972,32.3139,5282.14,5427.55,8.51251,4.06872,4.44725,0.968058,0.984007,173.86,122.131,4.06872,4.44725,137493
6928.0,0.75494,1.00007,0.0440366,1.00007,119955,129933,359.063,375.015,392.119,35.397,32.3154,5282.13,5427.55,8.51251,4.06875,4.44744,0.968044,0.98401,173.947,122.132,4.06875,4.44744,137492
6930.0,0.754946,1.00007,0.0440364,1.00007,119961,129931,359.065,375.015,392.119,35.3976,32.3162,5282.43,5427.55,8.51251,4.06893,4.44754,0.96803,0.984012,174.007,122.138,4.06893,4.44754,137489
6932.0,0.754954,1.00007,0.0440366,1.00007,119968,129928,359.067,375.016,392.118,35.3988,32.3166,5282.94,5427.55,8.51251,4.06919,4.44756,0.968017,0.984015,174.023,122.146,4.06919,4.44756,137486
6934.0,0.75496,1.00007,0.0440374,1.00007,119974,129925,359.069,375.018,392.117,35.4002,32.3167,5283.51,5427.55,8.51251,4.06944,4.44754,0.968003,0.984017,173.994,122.153,4.06944,4.44754,137483
6936.0,0.754962,1.00007,0.0440383,1.00007,119977,129922,359.07,375.02,392.117,35.4014,32.3166,5283.99,5427.55,8.51251,4.06961,4.4475,0.967989,0.98402,173.901,122.158,4.06961,4.4475,137481
6938.0,0.754958,1.00007,0.0440392,1.00007,119975,129921,359.07,375.022,392.116,35.4017,32.3167,5284.16,5427.55,8.51251,4.06961,4.4475,0.967976,0.984023,173.79,122.156,4.06961,4.4475,137480
6940.0,0.75495,1.00007,0.0440396,1.00007,119969,129921,359.069,375.024,392.117,35.401,32.3171,5283.95,5427.55,8.51251,4.06943,4.44756,0.967962,0.984025,173.696,122.149,4.06943,4.44756,137480
6942.0,0.754939,1.00007,0.0440397,1.00007,119962,129922,359.067,375.026,392.117,35.3993,32.3179,5283.42,5427.55,8.51251,4.06911,4.44769,0.967948,0.984028,173.627,122.137,4.06911,4.44769,137481
6944.0,0.754929,1.00008,0.044039,1.00008,119956,129924,359.065,375.026,392.118,35.397,32.3193,5282.69,5427.55,8.51251,4.06874,4.44789,0.967935,0.98403,173.631,122.126,4.06874,4.44789,137483
6946.0,0.75492,1.00009,0.0440379,1.00009,119950,129926,359.064,375.026,392.118,35.395,32.321,5282.1,5427.55,8.51251,4.06841,4.44814,0.967921,0.984033,173.654,122.114,4.06841,4.44814,137485
6948.0,0.754915,1.00009,0.0440367,1.00009,119948,129928,359.063,375.026,392.119,35.393,32.3228,5281.5,5427.55,8.51251,4.06813,4.44842,0.967908,0.984035,173.734,122.105,4.06813,4.44842,137486
6950.0,0.754914,1.0001,0.0440356,1.0001,119949,129928,359.064,375.025,392.119,35.3918,32.3245,5281.18,5427.55,8.51251,4.068,4.44866,0.967894,0.984038,173.829,122.101,4.068,4.44866,137487
6952.0,0.754918,1.0001,0.0440349,1.0001,119953,129927,359.066,375.025,392.119,35.3915,32.3259,5281.2,5427.55,8.51251,4.06805,4.44885,0.967881,0.98404,173.906,122.103,4.06805,4.44885,137486
6954.0,0.754924,1.0001,0.0440346,1.0001,119959,129926,359.068,375.026,392.119,35.3921,32.3269,5281.5,5427.55,8.51251,4.06821,4.44897,0.967867,0.984043,173.954,122.108,4.06821,4.44897,137484
6956.0,0.754931,1.0001,0.044035,1.0001,119966,129923,359.07,375.027,392.118,35.3932,32.3275,5281.97,5427.55,8.51251,4.06844,4.44902,0.967854,0.984045,173.972,122.115,4.06844,4.44902,137482
6958.0,0.754936,1.0001,0.0440358,1.0001,119971,129920,359.072,375.028,392.117,35.3944,32.3277,5282.47,5427.55,8.51251,4.06866,4.44903,0.96784,0.984048,173.936,122.122,4.06866,4.44903,137479
6960.0,0.754938,1.00009,0.0440368,1.00009,119973,129918,359.072,375.03,392.117,35.3954,32.3278,5282.86,5427.55,8.51251,4.06879,4.44902,0.967826,0.98405,173.855,122.126,4.06879,4.44902,137477
6962.0,0.754935,1.00009,0.0440377,1.00009,119971,129917,359.072,375.032,392.117,35.3955,32.3279,5282.97,5427.55,8.51251,4.06878,4.44902,0.967813,0.984053,173.765,122.124,4.06878,4.44902,137476
6964.0,0.754928,1.00009,0.0440382,1.00009,119967,129917,359.071,375.034,392.117,35.3948,32.3282,5282.78,5427.55,8.51251,4.06862,4.44906,0.967799,0.984055,173.693,122.118,4.06862,4.44906,137476
6966.0,0.754919,1.0001,0.0440384,1.0001,119961,129919,359.07,375.036,392.117,35.3934,32.3288,5282.35,5427.55,8.51251,4.06836,4.44915,0.967786,0.984058,173.643,122.109,4.06836,4.44915,137477
6968.0,0.754911,1.0001,0.0440378,1.0001,119955,129920,359.069,375.036,392.118,35.3915,32.3298,5281.78,5427.55,8.51251,4.06804,4.4493,0.967772,0.98406,173.634,122.098,4.06804,4.4493,137479
6970.0,0.754904,1.0001,0.0440367,1.0001,119951,129922,359.068,375.036,392.119,35.3896,32.331,5281.19,5427.55,8.51251,4.06775,4.4495,0.967759,0.984062,173.676,122.089,4.06775,4.4495,137481
6972.0,0.754901,1.00011,0.0440357,1.00011,119950,129924,359.068,375.036,392.119,35.388,32.3324,5280.76,5427.55,8.51251,4.06755,4.4497,0.967746,0.984065,173.75,122.083,4.06755,4.4497,137483
6974.0,0.754902,1.00011,0.0440347,1.00011,119953,129925,359.069,375.036,392.119,35.3872,32.3337,5280.6,5427.55,8.51251,4.06749,4.44989,0.967732,0.984067,173.826,122.081,4.06749,4.44989,137484
6976.0,0.754919,1.00007,0.0440342,1.00007,119967,129924,359.073,375.037,392.12,35.3873,32.3349,5280.71,5427.55,8.51251,4.06773,4.45,0.967719,0.98407,174.433,122.084,4.06773,4.45,137483
6978.0,0.754992,0.999976,0.044035,0.999976,120023,129927,359.09,375.042,392.12,35.3905,32.3262,5281.92,5427.55,8.51251,4.06905,4.44873,0.967705,0.984075,175.579,122.138,4.06905,4.44873,137485
6980.0,0.755074,0.999892,0.0440371,0.999892,120084,129932,359.107,375.05,392.122,35.4051,32.3084,5286.92,5427.55,8.51251,4.07175,4.44625,0.967691,0.98408,175.621,122.234,4.07175,4.44625,137490
6982.0,0.755124,0.999864,0.0440404,0.999864,120119,129940,359.118,375.06,392.125,35.4217,32.2912,5292.44,5427.55,8.51251,4.07424,4.44392,0.967677,0.984084,174.733,122.317,4.07424,4.44392,137497
6984.0,0.755143,0.999784,0.0440447,0.999784,120131,129948,359.121,375.073,392.127,35.4319,32.2852,5295.72,5427.55,8.51251,4.0756,4.44307,0.967663,0.984089,174.678,122.341,4.0756,4.44307,137504
6986.0,0.755164,0.99977,0.0440488,0.99977,120143,129961,359.125,375.087,392.131,35.4362,32.2686,5296.96,5427.55,8.51251,4.0763,4.44088,0.967649,0.984093,174.418,122.373,4.0763,4.44088,137517
6988.0,0.75513,0.999797,0.044052,0.999797,120113,129977,359.117,375.097,392.136,35.4408,32.2649,5298.34,5427.55,8.51251,4.07632,4.44052,0.967635,0.984096,173.26,122.366,4.07632,4.44052,137533
6990.0,0.755083,0.999825,0.0440537,0.999825,120074,129995,359.106,375.103,392.141,35.4344,32.2696,5295.85,5427.55,8.51251,4.07492,4.44134,0.967621,0.984099,173.223,122.311,4.07492,4.44134,137551
6992.0,0.755049,0.999855,0.0440536,0.999855,120046,130015,359.098,375.105,392.147,35.4254,32.2747,5292.58,5427.55,8.51251,4.07342,4.44224,0.967607,0.984102,173.447,122.264,4.07342,4.44224,137572
6994.0,0.755028,0.999886,0.0440521,0.999886,120029,130034,359.094,375.102,392.153,35.4188,32.2803,5290.19,5427.55,8.51251,4.07236,4.44319,0.967594,0.984105,173.639,122.233,4.07236,4.44319,137591
6996.0,0.755014,0.999915,0.0440494,0.999915,120018,130050,359.091,375.097,392.157,35.4147,32.286,5288.73,5427.55,8.51251,4.0717,4.44414,0.96758,0.984107,173.728,122.214,4.0717,4.44414,137607
6998.0,0.755042,0.999868,0.0440469,0.999868,120039,130060,359.097,375.093,392.16,35.4121,32.2916,5287.78,5427.55,8.51251,4.07176,4.44494,0.967567,0.984111,174.869,122.215,4.07176,4.44494,137616
7000.0,0.75506,0.999902,0.0440451,0.999902,120052,130063,359.101,375.09,392.161,35.4179,32.2818,5289.75,5427.55,8.51251,4.07264,4.44365,0.967553,0.984113,174.161,122.256,4.07264,4.44365,137620
7002.0,0.755061,0.999897,0.0440446,0.999897,120051,130058,359.101,375.089,392.16,35.4217,32.2885,5290.97,5427.55,8.51251,4.07305,4.44453,0.967539,0.984116,174.129,122.257,4.07305,4.44453,137615
7004.0,0.755078,0.999874,0.0440452,0.999874,120063,130050,359.105,375.091,392.158,35.422,32.2872,5290.95,5427.55,8.51251,4.07328,4.44425,0.967525,0.98412,174.516,122.266,4.07328,4.44425,137606
7006.0,0.7551,0.999849,0.0440465,0.999849,120078,130041,359.109,375.095,392.155,35.4258,32.2822,5292.13,5427.55,8.51251,4.07395,4.44347,0.967512,0.984123,174.519,122.291,4.07395,4.44347,137597
7008.0,0.755113,0.999831,0.0440482,0.999831,120086,130034,359.112,375.099,392.154,35.4303,32.2766,5293.56,5427.55,8.51251,4.07461,4.44262,0.967498,0.984127,174.338,122.312,4.07461,4.44262,137590
7010.0,0.755113,0.999826,0.0440498,0.999826,120084,130030,359.112,375.103,392.153,35.4333,32.2725,5294.43,5427.55,8.51251,4.07491,4.44201,0.967484,0.98413,174.085,122.319,4.07491,4.44201,137586
7012.0,0.755096,0.999833,0.0440511,0.999833,120068,130029,359.107,375.107,392.152,35.4337,32.2709,5294.37,5427.55,8.51251,4.07469,4.44178,0.96747,0.984133,173.687,122.31,4.07469,4.44178,137585
7014.0,0.755073,0.999851,0.0440518,0.999851,120049,130030,359.102,375.108,392.153,35.4307,32.2719,5293.15,5427.55,8.51251,4.07401,4.44195,0.967457,0.984136,173.605,122.285,4.07401,4.44195,137586
7016.0,0.755048,0.999875,0.0440515,0.999875,120029,130032,359.097,375.108,392.154,35.4264,32.275,5291.53,5427.55,8.51251,4.07317,4.44241,0.967443,0.984138,173.534,122.257,4.07317,4.44241,137589
7018.0,0.755027,0.999898,0.0440504,0.999898,120011,130034,359.092,375.106,392.154,35.4216,32.2793,5289.78,5427.55,8.51251,4.07233,4.44304,0.96743,0.984141,173.605,122.229,4.07233,4.44304,137591
7020.0,0.755015,0.999915,0.0440487,0.999915,120002,130035,359.09,375.102,392.155,35.4174,32.2836,5288.29,5427.55,8.51251,4.07169,4.44366,0.967416,0.984143,173.787,122.209,4.07169,4.44366,137592
7022.0,0.755012,0.999922,0.0440468,0.999922,120000,130033,359.089,375.099,392.154,35.4151,32.2868,5287.46,5427.55,8.51251,4.07138,4.44409,0.967403,0.984146,173.919,122.202,4.07138,4.44409,137591
7024.0,0.755019,0.999917,0.0440453,0.999917,120006,130029,359.091,375.096,392.153,35.4146,32.288,5287.26,5427.55,8.51251,4.07142,4.44421,0.967389,0.984148,174.197,122.202,4.07142,4.44421,137587
7026.0,0.755037,0.999902,0.0440446,0.999902,120019,130023,359.095,375.095,392.152,35.4163,32.2868,5287.8,5427.55,8.51251,4.07183,4.44398,0.967376,0.984151,174.349,122.219,4.07183,4.44398,137580
7028.0,0.755056,0.999882,0.0440447,0.999882,120033,130015,359.1,375.096,392.15,35.42,32.2836,5289.03,5427.55,8.51251,4.07249,4.44346,0.967362,0.984155,174.396,122.239,4.07249,4.44346,137572
7030.0,0.755072,0.999861,0.0440457,0.999861,120045,130008,359.103,375.098,392.148,35.4239,32.2792,5290.33,5427.55,8.51251,4.07313,4.44277,0.967349,0.984158,174.349,122.259,4.07313,4.44277,137564
7032.0,0.755081,0.999846,0.0440471,0.999846,120051,130001,359.105,375.102,392.146,35.4273,32.2747,5291.42,5427.55,8.51251,4.07362,4.44208,0.967335,0.984161,174.227,122.274,4.07362,4.44208,137558
7034.0,0.755085,0.999839,0.0440487,0.999839,120052,129997,359.106,375.106,392.145,35.4295,32.2711,5292.06,5427.55,8.51251,4.07389,4.44153,0.967321,0.984164,174.083,122.282,4.07389,4.44153,137554
7036.0,0.755073,0.999843,0.0440501,0.999843,120042,129995,359.103,375.109,392.144,35.4305,32.2692,5292.26,5427.55,8.51251,4.07382,4.44127,0.967308,0.984167,173.756,122.277,4.07382,4.44127,137552
7038.0,0.755053,0.999857,0.0440509,0.999857,120026,129996,359.099,375.112,392.145,35.4284,32.2695,5291.41,5427.55,8.51251,4.07331,4.44133,0.967294,0.98417,173.617,122.257,4.07331,4.44133,137553
7040.0,0.75503,0.999878,0.044051,0.999878,120007,129998,359.094,375.112,392.145,35.4247,32.2719,5290.04,5427.55,8.51251,4.07257,4.44169,0.967281,0.984172,173.535,122.232,4.07257,4.44169,137555
7042.0,0.755009,0.999901,0.0440501,0.999901,119991,130000,359.09,375.11,392.146,35.4203,32.2758,5288.44,5427.55,8.51251,4.07177,4.44226,0.967268,0.984174,173.561,122.206,4.07177,4.44226,137557
7044.0,0.754995,0.999921,0.0440487,0.999921,119981,130002,359.087,375.107,392.147,35.4161,32.2801,5286.97,5427.55,8.51251,4.07112,4.44288,0.967254,0.984177,173.697,122.185,4.07112,4.44288,137559
7046.0,0.754991,0.999932,0.0440469,0.999932,119978,130001,359.086,375.104,392.147,35.4134,32.2837,5286.01,5427.55,8.51251,4.07075,4.44339,0.967241,0.984179,173.879,122.174,4.07075,4.44339,137559
7048.0,0.754993,0.999933,0.0440452,0.999933,119980,129999,359.088,375.101,392.146,35.4125,32.2859,5285.72,5427.55,8.51251,4.07069,4.44366,0.967228,0.984182,174.033,122.172,4.07069,4.44366,137556
7050.0,0.755007,0.999926,0.0440441,0.999926,119991,129994,359.091,375.1,392.145,35.4131,32.286,5285.93,5427.55,8.51251,4.07094,4.44363,0.967215,0.984184,174.261,122.181,4.07094,4.44363,137551
7052.0,0.755021,0.999913,0.0440436,0.999913,120003,129987,359.094,375.1,392.143,35.4159,32.2844,5286.88,5427.55,8.51251,4.07144,4.44333,0.967201,0.984187,174.255,122.198,4.07144,4.44333,137544
7054.0,0.755034,0.999898,0.0440441,0.999898,120013,129980,359.098,375.102,392.141,35.4189,32.2815,5287.88,5427.55,8.51251,4.07195,4.44286,0.967188,0.98419,174.237,122.214,4.07195,4.44286,137537
7056.0,0.755044,0.999885,0.0440451,0.999885,120019,129974,359.1,375.105,392.139,35.4216,32.2782,5288.78,5427.55,8.51251,4.07238,4.44234,0.967174,0.984193,174.16,122.227,4.07238,4.44234,137531
7058.0,0.755049,0.999879,0.0440463,0.999879,120023,129969,359.101,375.108,392.138,35.4236,32.2753,5289.41,5427.55,8.51251,4.07267,4.4419,0.967161,0.984196,174.08,122.235,4.07267,4.4419,137526
7060.0,0.755043,0.999881,0.0440474,0.999881,120018,129967,359.1,375.111,392.138,35.425,32.2737,5289.78,5427.55,8.51251,4.07272,4.44166,0.967147,0.984199,173.822,122.235,4.07272,4.44166,137524
7062.0,0.755027,0.999891,0.0440482,0.999891,120005,129967,359.097,375.114,392.138,35.4239,32.2738,5289.34,5427.55,8.51251,4.07238,4.44168,0.967134,0.984201,173.656,122.22,4.07238,4.44168,137524
7064.0,0.755008,0.999908,0.0440484,0.999908,119991,129968,359.093,375.114,392.138,35.4208,32.2755,5288.22,5427.55,8.51251,4.07178,4.44195,0.967121,0.984203,173.575,122.2,4.07178,4.44195,137525
7066.0,0.75499,0.999928,0.0440478,0.999928,119977,129970,359.089,375.114,392.139,35.4172,32.2787,5286.93,5427.55,8.51251,4.07112,4.44241,0.967108,0.984206,173.561,122.178,4.07112,4.44241,137528
7068.0,0.754976,0.999946,0.0440467,0.999946,119967,129972,359.086,375.112,392.14,35.4136,32.2825,5285.66,5427.55,8.51251,4.07053,4.44297,0.967094,0.984208,173.647,122.159,4.07053,4.44297,137530
7070.0,0.754969,0.99996,0.0440452,0.99996,119962,129973,359.086,375.109,392.14,35.4108,32.2861,5284.71,5427.55,8.51251,4.07013,4.44348,0.967081,0.98421,173.787,122.146,4.07013,4.44348,137530
7072.0,0.754967,0.999966,0.0440437,0.999966,119962,129971,359.086,375.107,392.14,35.4094,32.2888,5284.28,5427.55,8.51251,4.06997,4.44384,0.967068,0.984212,173.886,122.141,4.06997,4.44384,137529
7074.0,0.754974,0.999965,0.0440426,0.999965,119969,129968,359.088,375.105,392.139,35.4091,32.29,5284.21,5427.55,8.51251,4.07004,4.44398,0.967055,0.984215,174.061,122.144,4.07004,4.44398,137525
7076.0,0.754985,0.999958,0.044042,0.999958,119978,129963,359.091,375.105,392.137,35.4104,32.2898,5284.71,5427.55,8.51251,4.07035,4.44389,0.967042,0.984217,174.101,122.156,4.07035,4.44389,137520
7078.0,0.754995,0.999948,0.0440421,0.999948,119986,129957,359.093,375.106,392.136,35.4127,32.2883,5285.51,5427.55,8.51251,4.07073,4.44364,0.967029,0.98422,174.098,122.167,4.07073,4.44364,137514
7080.0,0.755004,0.999939,0.0440429,0.999939,119993,129951,359.096,375.108,392.134,35.4146,32.2863,5286.17,5427.55,8.51251,4.07107,4.44331,0.967015,0.984223,174.142,122.176,4.07107,4.44331,137509
7082.0,0.755008,0.999934,0.0440438,0.999934,119997,129947,359.097,375.111,392.133,35.4165,32.2844,5286.81,5427.55,8.51251,4.07134,4.443,0.967002,0.984225,174.026,122.184,4.07134,4.443,137504
7084.0,0.755006,0.999934,0.0440447,0.999934,119995,129944,359.097,375.114,392.133,35.4174,32.2832,5287.11,5427.55,8.51251,4.07142,4.44281,0.966989,0.984228,173.853,122.186,4.07142,4.44281,137502
7086.0,0.754995,0.99994,0.0440455,0.99994,119987,129943,359.095,375.116,392.132,35.4171,32.2831,5286.97,5427.55,8.51251,4.07123,4.44279,0.966976,0.98423,173.654,122.178,4.07123,4.44279,137501
7088.0,0.754979,0.999952,0.0440459,0.999952,119975,129944,359.092,375.117,392.133,35.4149,32.2842,5286.19,5427.55,8.51251,4.07078,4.44295,0.966963,0.984233,173.615,122.16,4.07078,4.44295,137502
7090.0,0.754965,0.999966,0.0440455,0.999966,119965,129946,359.089,375.117,392.133,35.4118,32.2864,5285.11,5427.55,8.51251,4.07024,4.44329,0.966949,0.984235,173.589,122.143,4.07024,4.44329,137503
7092.0,0.754953,0.999982,0.0440447,0.999982,119956,129947,359.087,375.116,392.134,35.4089,32.2894,5284.14,5427.55,8.51251,4.06976,4.44372,0.966936,0.984237,173.631,122.127,4.06976,4.44372,137505
7094.0,0.754944,0.999994,0.0440435,0.999994,119951,129948,359.086,375.114,392.134,35.4064,32.2925,5283.34,5427.55,8.51251,4.06938,4.44417,0.966923,0.984239,173.65,122.116,4.06938,4.44417,137506
7096.0,0.754939,1,0.0440423,1,119949,129948,359.085,375.113,392.134,35.4046,32.2951,5282.77,5427.55,8.51251,4.06913,4.44453,0.96691,0.984241,173.773,122.107,4.06913,4.44453,137506
7098.0,0.754942,1.00001,0.0440413,1.00001,119953,129945,359.087,375.111,392.134,35.4036,32.2969,5282.5,5427.55,8.51251,4.06908,4.44476,0.966897,0.984243,173.922,122.106,4.06908,4.44476,137503
7100.0,0.754951,1,0.0440407,1,119960,129942,359.089,375.111,392.133,35.4041,32.2976,5282.75,5427.55,8.51251,4.06926,4.44482,0.966884,0.984246,174.026,122.112,4.06926,4.44482,137500
7102.0,0.75496,0.999998,0.0440404,0.999998,119968,129937,359.092,375.111,392.132,35.4057,32.2973,5283.37,5427.55,8.51251,4.06957,4.44474,0.966871,0.984248,173.984,122.123,4.06957,4.44474,137495
7104.0,0.754967,0.999993,0.0440411,0.999993,119975,129933,359.094,375.113,392.13,35.4074,32.2964,5284,5427.55,8.51251,4.06987,4.44458,0.966858,0.98425,173.967,122.132,4.06987,4.44458,137491
7106.0,0.754973,0.999989,0.044042,0.999989,119980,129929,359.096,375.115,392.129,35.4088,32.2954,5284.53,5427.55,8.51251,4.07013,4.4444,0.966845,0.984253,173.97,122.139,4.07013,4.4444,137487
7108.0,0.754972,0.999988,0.044043,0.999988,119980,129926,359.096,375.118,392.129,35.41,32.2947,5284.97,5427.55,8.51251,4.07026,4.44428,0.966832,0.984255,173.818,122.142,4.07026,4.44428,137484
7110.0,0.754964,0.999992,0.0440438,0.999992,119975,129925,359.095,375.12,392.129,35.4099,32.2947,5284.94,5427.55,8.51251,4.07014,4.44426,0.966819,0.984258,173.671,122.136,4.07014,4.44426,137483
7112.0,0.754949,1,0.0440447,1,119963,129926,359.092,375.121,392.129,35.4082,32.2955,5284.39,5427.55,8.51251,4.06976,4.44439,0.966806,0.98426,173.503,122.122,4.06976,4.44439,137484
7114.0,0.754937,1.00001,0.0440445,1.00001,119955,129927,359.09,375.122,392.129,35.4051,32.2973,5283.34,5427.55,8.51251,4.06926,4.44466,0.966793,0.984262,173.587,122.105,4.06926,4.44466,137485
7116.0,0.754927,1.00002,0.0440434,1.00002,119949,129929,359.088,375.121,392.13,35.4026,32.2998,5282.54,5427.55,8.51251,4.06885,4.44503,0.96678,0.984264,173.616,122.092,4.06885,4.44503,137487
7118.0,0.754916,1.00004,0.0440419,1.00004,119942,129930,359.087,375.12,392.13,35.4004,32.3026,5281.88,5427.55,8.51251,4.0685,4.44543,0.966767,0.984266,173.602,122.08,4.0685,4.44543,137489
7120.0,0.754912,1.00005,0.0440404,1.00005,119940,129931,359.086,375.119,392.13,35.3983,32.3052,5281.22,5427.55,8.51251,4.06821,4.4458,0.966754,0.984268,173.717,122.071,4.06821,4.4458,137489
7122.0,0.754914,1.00005,0.0440392,1.00005,119944,129929,359.088,375.117,392.13,35.3972,32.3073,5280.95,5427.55,8.51251,4.06814,4.44607,0.966742,0.98427,173.846,122.069,4.06814,4.44607,137488
7124.0,0.754921,1.00005,0.0440385,1.00005,119951,129927,359.09,375.117,392.13,35.3974,32.3085,5281.13,5427.55,8.51251,4.06828,4.44622,0.966729,0.984272,173.956,122.074,4.06828,4.44622,137485
7126.0,0.754929,1.00005,0.0440382,1.00005,119958,129923,359.092,375.118,392.129,35.3987,32.3089,5281.69,5427.55,8.51251,4.06856,4.44624,0.966716,0.984274,173.922,122.084,4.06856,4.44624,137482
7128.0,0.754938,1.00004,0.0440387,1.00004,119967,129919,359.095,375.119,392.128,35.4002,32.3087,5282.28,5427.55,8.51251,4.06886,4.44618,0.966703,0.984276,173.989,122.093,4.06886,4.44618,137478
7130.0,0.754942,1.00004,0.0440395,1.00004,119970,129916,359.096,375.121,392.127,35.4019,32.3082,5282.93,5427.55,8.51251,4.06911,4.44609,0.96669,0.984279,173.899,122.099,4.06911,4.44609,137475
7132.0,0.754942,1.00004,0.0440403,1.00004,119971,129914,359.097,375.123,392.126,35.4025,32.3079,5283.19,5427.55,8.51251,4.06918,4.44602,0.966677,0.984281,173.79,122.102,4.06918,4.44602,137472
7134.0,0.754936,1.00004,0.044041,1.00004,119967,129913,359.096,375.125,392.126,35.4024,32.3081,5283.2,5427.55,8.51251,4.0691,4.44604,0.966664,0.984283,173.663,122.098,4.0691,4.44604,137472
7136.0,0.754924,1.00005,0.0440413,1.00005,119959,129914,359.094,375.127,392.126,35.4011,32.3089,5282.8,5427.55,8.51251,4.06881,4.44617,0.966651,0.984285,173.55,122.087,4.06881,4.44617,137472
7138.0,0.754912,1.00006,0.0440412,1.00006,119951,129915,359.092,375.128,392.127,35.3987,32.3106,5282.04,5427.55,8.51251,4.06839,4.44642,0.966638,0.984287,173.567,122.072,4.06839,4.44642,137474
7140.0,0.754901,1.00007,0.0440403,1.00007,119944,129917,359.09,375.127,392.128,35.3961,32.3129,5281.23,5427.55,8.51251,4.06797,4.44676,0.966626,0.984289,173.511,122.06,4.06797,4.44676,137476
7142.0,0.754891,1.00008,0.0440392,1.00008,119938,129919,359.089,375.127,392.128,35.3937,32.3155,5280.51,5427.55,8.51251,4.06759,4.44714,0.966613,0.984291,173.562,122.046,4.06759,4.44714,137478
7144.0,0.754887,1.00009,0.0440379,1.00009,119936,129920,359.088,375.126,392.129,35.3915,32.318,5279.86,5427.55,8.51251,4.0673,4.4475,0.9666,0.984293,173.675,122.037,4.0673,4.4475,137478
7146.0,0.754889,1.00009,0.0440368,1.00009,119939,129919,359.09,375.125,392.128,35.3904,32.3202,5279.61,5427.55,8.51251,4.06723,4.44779,0.966588,0.984295,173.792,122.036,4.06723,4.44779,137478
7148.0,0.754895,1.00009,0.0440362,1.00009,119946,129917,359.092,375.124,392.128,35.3905,32.3216,5279.78,5427.55,8.51251,4.06735,4.44798,0.966575,0.984297,173.881,122.04,4.06735,4.44798,137476
7150.0,0.754904,1.00009,0.0440359,1.00009,119954,129915,359.094,375.125,392.127,35.3916,32.3224,5280.26,5427.55,8.51251,4.0676,4.44805,0.966562,0.984299,173.929,122.049,4.0676,4.44805,137473
7152.0,0.75491,1.00009,0.0440365,1.00009,119960,129911,359.096,375.126,392.126,35.3931,32.3225,5280.9,5427.55,8.51251,4.06788,4.44805,0.966549,0.984301,173.914,122.057,4.06788,4.44805,137470
7154.0,0.754916,1.00009,0.0440374,1.00009,119966,129908,359.098,375.128,392.126,35.3942,32.3224,5281.39,5427.55,8.51251,4.0681,4.448,0.966536,0.984303,173.865,122.064,4.0681,4.448,137467
7156.0,0.754917,1.00009,0.0440384,1.00009,119968,129907,359.099,375.13,392.125,35.3952,32.3222,5281.84,5427.55,8.51251,4.06823,4.44795,0.966524,0.984305,173.759,122.068,4.06823,4.44795,137465
7158.0,0.754912,1.00009,0.0440392,1.00009,119965,129906,359.098,375.132,392.125,35.3952,32.3224,5281.91,5427.55,8.51251,4.06818,4.44797,0.966511,0.984307,173.642,122.065,4.06818,4.44797,137465
7160.0,0.754902,1.00009,0.0440396,1.00009,119959,129907,359.097,375.134,392.125,35.394,32.3231,5281.59,5427.55,8.51251,4.06794,4.44807,0.966498,0.984309,173.551,122.056,4.06794,4.44807,137465
7162.0,0.75489,1.0001,0.0440395,1.0001,119951,129908,359.095,375.135,392.126,35.3919,32.3244,5280.98,5427.55,8.51251,4.06756,4.44828,0.966486,0.984311,173.488,122.043,4.06756,4.44828,137467
7164.0,0.75488,1.00011,0.0440387,1.00011,119944,129911,359.093,375.135,392.127,35.3893,32.3264,5280.19,5427.55,8.51251,4.06715,4.44857,0.966473,0.984313,173.562,122.029,4.06715,4.44857,137470
7166.0,0.754872,1.00011,0.0440376,1.00011,119939,129913,359.092,375.134,392.128,35.387,32.3286,5279.52,5427.55,8.51251,4.0668,4.44891,0.96646,0.984314,173.548,122.018,4.0668,4.44891,137472
7168.0,0.754868,1.00012,0.0440363,1.00012,119938,129914,359.092,375.134,392.128,35.3851,32.3309,5278.97,5427.55,8.51251,4.06655,4.44924,0.966448,0.984316,173.645,122.011,4.06655,4.44924,137473
7170.0,0.754869,1.00013,0.0440352,1.00013,119941,129914,359.093,375.133,392.128,35.384,32.333,5278.76,5427.55,8.51251,4.06647,4.44953,0.966435,0.984318,173.75,122.009,4.06647,4.44953,137473
7172.0,0.754875,1.00013,0.0440345,1.00013,119947,129913,359.095,375.133,392.128,35.3841,32.3345,5278.91,5427.55,8.51251,4.06657,4.44972,0.966423,0.98432,173.822,122.013,4.06657,4.44972,137472
7174.0,0.754882,1.00013,0.0440342,1.00013,119954,129911,359.098,375.133,392.127,35.3849,32.3354,5279.32,5427.55,8.51251,4.06677,4.44983,0.96641,0.984322,173.865,122.02,4.06677,4.44983,137470
7176.0,0.75489,1.00012,0.0440347,1.00012,119961,129908,359.1,375.134,392.127,35.3861,32.3358,5279.86,5427.55,8.51251,4.06703,4.44986,0.966397,0.984324,173.87,122.029,4.06703,4.44986,137467
7178.0,0.754895,1.00012,0.0440354,1.00012,119965,129906,359.101,375.136,392.126,35.3874,32.3359,5280.41,5427.55,8.51251,4.06725,4.44985,0.966385,0.984326,173.813,122.036,4.06725,4.44985,137465
7180.0,0.754895,1.00012,0.0440363,1.00012,119967,129904,359.102,375.138,392.126,35.3882,32.336,5280.78,5427.55,8.51251,4.06736,4.44984,0.966372,0.984328,173.717,122.039,4.06736,4.44984,137463
7182.0,0.754891,1.00012,0.0440369,1.00012,119964,129904,359.102,375.14,392.126,35.388,32.3362,5280.82,5427.55,8.51251,4.0673,4.44987,0.966359,0.98433,173.626,122.036,4.0673,4.44987,137463
7184.0,0.754884,1.00012,0.0440372,1.00012,119959,129905,359.1,375.142,392.126,35.387,32.3368,5280.54,5427.55,8.51251,4.06709,4.44997,0.966347,0.984331,173.553,122.029,4.06709,4.44997,137464
7186.0,0.754874,1.00013,0.0440371,1.00013,119953,129907,359.099,375.143,392.127,35.3852,32.338,5280.03,5427.55,8.51251,4.06678,4.45014,0.966334,0.984333,173.508,122.019,4.06678,4.45014,137466
7188.0,0.754864,1.00013,0.0440364,1.00013,119947,129909,359.097,375.143,392.127,35.3831,32.3396,5279.4,5427.55,8.51251,4.06642,4.45039,0.966322,0.984335,173.496,122.007,4.06642,4.45039,137468
7190.0,0.754857,1.00014,0.0440352,1.00014,119943,129911,359.097,375.143,392.128,35.3808,32.3415,5278.76,5427.55,8.51251,4.06609,4.45067,0.966309,0.984337,173.548,121.997,4.06609,4.45067,137470
7192.0,0.754855,1.00014,0.0440341,1.00014,119942,129913,359.097,375.143,392.129,35.3791,32.3434,5278.3,5427.55,8.51251,4.06588,4.45096,0.966297,0.984338,173.637,121.991,4.06588,4.45096,137472
7194.0,0.754857,1.00015,0.0440331,1.00015,119945,129913,359.098,375.142,392.129,35.3783,32.3452,5278.15,5427.55,8.51251,4.06583,4.4512,0.966285,0.98434,173.726,121.99,4.06583,4.4512,137472
7196.0,0.754862,1.00015,0.0440326,1.00015,119951,129913,359.1,375.142,392.129,35.3783,32.3465,5278.33,5427.55,8.51251,4.06593,4.45138,0.966272,0.984342,173.787,121.994,4.06593,4.45138,137472
7198.0,0.754869,1.00015,0.0440324,1.00015,119957,129911,359.102,375.143,392.128,35.3791,32.3474,5278.71,5427.55,8.51251,4.06611,4.45149,0.96626,0.984344,173.821,122.001,4.06611,4.45149,137470
7200.0,0.754875,1.00014,0.0440331,1.00014,119963,129909,359.104,375.144,392.128,35.3801,32.3479,5279.21,5427.55,8.51251,4.06633,4.45153,0.966247,0.984346,173.807,122.008,4.06633,4.45153,137468
