time_s,condenser_level,sump_level,feed_tray_level,reboiler_tray_level,top_pressure,bottom_pressure,condenser_temperature,feed_tray_temperature,reboiler_temperature,distillate_valve_opening,bottoms_valve_opening,condenser_duty,reboiler_duty,feed_mass_flow,distillate_mass_flow,bottoms_mass_flow,distillate_benzene_fraction,bottoms_toluene_fraction,vapor_to_condenser,reflux,distillate_draw,bottoms_draw,bottoms_pressure
0.0,0.755787,1.00025,0.0441842,1.00025,120725,130133,359.146,373.487,391.963,50,50,5285.1,5427.55,8.51251,5.69263,6.88942,0.979024,0.979378,733.924,127.859,5.69263,6.88942,137695
2.0,0.756175,0.999868,0.0443261,0.999868,121484,130492,359.366,374.081,392.066,50.1632,50.0566,5350.24,5427.55,8.51251,5.53129,6.90129,0.978825,0.97937,323.252,128.26,5.53129,6.90129,138050
4.0,0.757053,0.999901,0.0444356,0.999901,122251,130987,359.583,374.461,392.206,50.2435,49.9807,5419.76,5427.55,8.51251,5.64478,6.89727,0.978798,0.979355,175.184,129.266,5.64478,6.89727,138544
6.0,0.757749,1.00006,0.0444971,1.00006,123017,131561,359.797,374.66,392.369,50.4232,49.987,5491.23,5427.55,8.51251,5.06864,6.90578,0.978811,0.979334,149.187,130.46,5.06864,6.90578,139117
8.0,0.757712,1.00042,0.0445131,1.00042,123782,132165,360.011,374.708,392.539,50.5688,50.0185,5563.99,5427.55,8.51251,5.82993,6.9185,0.978816,0.979305,146.656,130.555,5.82993,6.9185,139722
10.0,0.757526,1.00078,0.0445001,1.00078,124549,132726,360.224,374.663,392.696,50.5689,50.0939,5638.11,5427.55,8.51251,5.79899,6.93673,0.978827,0.97927,148.474,130.136,5.79899,6.93673,140284
12.0,0.757459,1.00104,0.0444838,1.00104,125316,133183,360.436,374.598,392.823,50.5385,50.1676,5713.64,5427.55,8.51251,5.81824,6.95329,0.978839,0.97923,152.534,130.009,5.81824,6.95329,140742
14.0,0.757604,1.00116,0.0444819,1.00116,126083,133502,360.647,374.566,392.911,50.5318,50.2251,5790.56,5427.55,8.51251,5.57996,6.9656,0.978854,0.979187,156.56,129.977,5.57996,6.9656,141060
16.0,0.758365,1.00097,0.0445038,1.00097,126849,133694,360.857,374.588,392.963,50.5677,50.2534,5868.84,5427.55,8.51251,5.64396,6.97177,0.978877,0.979148,160.644,130.791,5.64396,6.97177,141251
18.0,0.759171,1.00059,0.0445498,1.00059,127614,133819,361.065,374.664,392.997,50.7279,50.2185,5948.4,5427.55,8.51251,5.72294,6.96805,0.978901,0.979111,163.227,131.739,5.72294,6.96805,141373
20.0,0.759859,1.00016,0.0446133,1.00016,128378,133944,361.272,374.776,393.03,50.8991,50.1463,6029.22,5427.55,8.51251,5.80372,6.95904,0.978925,0.979075,162.331,132.606,5.80372,6.95904,141494
22.0,0.760371,0.999779,0.0446855,0.999779,129142,134125,361.478,374.906,393.079,51.0487,50.0604,6111.29,5427.55,8.51251,5.96761,6.94893,0.978952,0.979038,158.697,133.49,5.96761,6.94893,141671
24.0,0.760654,0.999523,0.0447588,0.999523,129904,134392,361.682,375.038,393.152,51.1646,49.9835,6194.65,5427.55,8.51251,5.94979,6.94138,0.97898,0.978998,153.846,133.82,5.94979,6.94138,141936
26.0,0.761647,0.999425,0.0448259,0.999425,130676,134754,361.888,375.164,393.251,51.236,49.9306,6279.22,5427.55,8.51251,6.0706,6.93859,0.979025,0.978952,148.819,131.853,6.0706,6.93859,142295
28.0,0.759441,0.99948,0.0448863,0.99948,129151,135199,361.378,375.278,393.373,51.4509,49.9087,6366.04,5427.55,8.51251,6.1425,6.94142,0.979033,0.9789,145.707,128.347,6.1425,6.94142,142739
30.0,0.756754,0.999662,0.0449277,0.999662,126933,135707,360.776,375.352,393.511,51.0244,49.9179,6247.82,5427.55,8.51251,6.03865,6.94957,0.979033,0.97884,150.039,125.002,6.03865,6.94957,143248
32.0,0.754529,0.999934,0.0449246,0.999934,125155,136250,360.287,375.316,393.659,50.4953,49.9529,6064.68,5427.55,8.51251,5.93387,6.96192,0.979035,0.978774,155.017,122.212,5.93387,6.96192,143791
34.0,0.752758,1.00019,0.0448585,1.00019,123780,136773,359.906,375.128,393.8,50.0521,50.0073,5917.11,5427.55,8.51251,5.8494,6.97668,0.979037,0.978701,160.639,119.955,5.8494,6.97668,144314
36.0,0.751491,1.00023,0.044736,1.00023,122833,137187,359.641,374.818,393.911,49.6943,50.0589,5802.68,5427.55,8.51251,5.78538,6.98938,0.97904,0.978628,168.714,118.234,5.78538,6.98938,144727
38.0,0.750795,0.999866,0.0445799,0.999866,122350,137392,359.505,374.461,393.964,49.4333,50.0688,5724.23,5427.55,8.51251,5.74379,6.99295,0.979042,0.978561,178.838,117.129,5.74379,6.99295,144929
40.0,0.750672,0.998949,0.0444179,0.998949,122318,137318,359.496,374.137,393.941,49.284,49.9953,5685.8,5427.55,8.51251,5.72571,6.98045,0.979042,0.978505,189.551,116.682,5.72571,6.98045,144848
42.0,0.751031,0.997455,0.0442717,0.997455,122654,136961,359.591,373.901,393.841,49.2482,49.8076,5687.12,5427.55,8.51251,5.72941,6.94755,0.97904,0.978466,198.99,116.833,5.72941,6.94755,144482
44.0,0.751698,0.995506,0.0441547,0.995506,123214,136391,359.748,373.783,393.683,49.309,49.4989,5721.41,5427.55,8.51251,5.74957,6.89441,0.979035,0.978444,205.121,117.439,5.74957,6.89441,143898
46.0,0.752407,0.99334,0.0440716,0.99334,123784,135720,359.907,373.782,393.496,49.4328,49.0912,5776.37,5427.55,8.51251,5.7773,6.82601,0.979027,0.978436,205.888,118.248,5.7773,6.82601,143214
48.0,0.752926,0.991181,0.0440202,0.991181,124181,135070,360.018,373.873,393.316,49.5669,48.6315,5833.2,5427.55,8.51251,5.80224,6.75084,0.979015,0.978438,202.145,118.963,5.80224,6.75084,142549
50.0,0.753118,0.989243,0.043984,0.989243,124305,134538,360.052,374.015,393.167,49.6645,48.1646,5875.58,5427.55,8.51251,5.81656,6.67663,0.979002,0.978442,195.564,119.377,5.81656,6.67663,142003
52.0,0.752904,0.987646,0.0439675,0.987646,124100,134175,359.996,374.161,393.066,49.6978,47.734,5894.08,5427.55,8.51251,5.81565,6.61022,0.978988,0.978445,187.374,119.358,5.81565,6.61022,141630
54.0,0.752348,0.986417,0.0439461,0.986417,123627,133993,359.864,374.273,393.015,49.6499,47.3654,5883.25,5427.55,8.51251,5.79891,6.55522,0.978975,0.978443,180.19,118.908,5.79891,6.55522,141439
56.0,0.751591,0.985487,0.0439114,0.985487,123007,133958,359.691,374.323,393.005,49.5323,47.0653,5847.97,5427.55,8.51251,5.77059,6.51197,0.978961,0.978435,175.692,118.145,5.77059,6.51197,141397
58.0,0.750785,0.984752,0.0438618,0.984752,122363,134013,359.511,374.306,393.02,49.3729,46.8214,5798.63,5427.55,8.51251,5.73697,6.4779,0.978948,0.978422,174.134,117.245,5.73697,6.4779,141447
60.0,0.75006,0.984072,0.0437981,0.984072,121798,134090,359.352,374.231,393.041,49.2018,46.6134,5746.12,5427.55,8.51251,5.70394,6.44914,0.978935,0.978407,174.959,116.373,5.70394,6.44914,141518
62.0,0.749589,0.983326,0.0437303,0.983326,121442,134124,359.252,374.143,393.049,49.0447,46.414,5699.48,5418.5,0,5.67749,6.42094,0.978921,0.978393,179.882,115.684,5.67749,6.42094,141546
64.0,0.749379,0.982415,0.0436649,0.982415,121296,134066,359.211,374.074,393.033,48.9369,46.1982,5670.71,5409.46,0,5.66158,6.38917,0.978906,0.978382,184.218,115.317,5.66158,6.38917,141482
66.0,0.749374,0.981272,0.0436099,0.981272,121307,133895,359.214,374.044,392.984,48.8803,45.9456,5660.09,5400.41,0,5.65531,6.35064,0.978889,0.978377,188.11,115.2,5.65531,6.35064,141302
68.0,0.749535,0.979902,0.0435724,0.979902,121445,133617,359.254,374.076,392.907,48.8644,45.6423,5663.41,5391.37,0,5.65664,6.30359,0.97887,0.97838,191.362,115.296,5.65664,6.30359,141015
70.0,0.74978,0.978303,0.0435514,0.978303,121639,133269,359.309,374.166,392.809,48.8821,45.288,5678.08,5382.32,0,5.66318,6.2484,0.978849,0.978393,192.814,115.539,5.66318,6.2484,140656
72.0,0.749995,0.976454,0.0435478,0.976454,121801,132897,359.355,374.312,392.706,48.9168,44.8814,5698.04,5373.27,0,5.67097,6.1855,0.978826,0.978418,192.155,115.809,5.67097,6.1855,140272
74.0,0.750104,0.974309,0.0435602,0.974309,121873,132550,359.376,374.508,392.609,48.9465,44.4176,5715.52,5364.23,0,5.67605,6.11469,0.978803,0.978458,189.924,115.998,5.67605,6.11469,139909
76.0,0.750062,0.971845,0.0435768,0.971845,121822,132262,359.362,374.725,392.53,48.9552,43.886,5725.12,5355.18,0,5.67587,6.03495,0.978778,0.978513,186.782,116.038,5.67587,6.03495,139603
78.0,0.749856,0.969064,0.0435966,0.969064,121641,132049,359.312,374.943,392.473,48.9339,43.2806,5723.83,5346.14,0,5.6692,5.94565,0.978752,0.978583,183.214,115.897,5.6692,5.94565,139370
80.0,0.749515,0.965965,0.0436101,0.965965,121359,131910,359.232,375.148,392.438,48.8794,42.6009,5710.84,5337.09,0,5.65631,5.84672,0.978727,0.978667,180.224,115.583,5.65631,5.84672,139208
82.0,0.74911,0.962569,0.0436157,0.962569,121033,131829,359.14,375.335,392.419,48.7972,41.845,5688.36,5328.04,0,5.63922,5.73776,0.978702,0.978764,178.553,115.157,5.63922,5.73776,139101
84.0,0.748695,0.958898,0.0436121,0.958898,120706,131777,359.048,375.5,392.409,48.7011,41.0162,5661.41,5319,0,5.62055,5.61896,0.978676,0.978872,177.862,114.694,5.62055,5.61896,139021
86.0,0.748332,0.954897,0.0436015,0.954897,120427,131726,358.969,375.656,392.4,48.6021,40.1176,5633.92,5309.95,0,5.60266,5.49042,0.97865,0.978992,178.723,114.246,5.60266,5.49042,138940
88.0,0.748124,0.950592,0.0435885,0.950592,120274,131656,358.926,375.819,392.386,48.5123,39.1372,5610.08,5300.91,0,5.58877,5.35036,0.978622,0.979124,181.465,113.927,5.58877,5.35036,138838
90.0,0.748005,0.946108,0.0435764,0.946108,120192,131550,358.904,375.996,392.363,48.4528,38.0787,5597.11,5291.86,0,5.58001,5.19937,0.978594,0.979263,182.56,113.756,5.58001,5.19937,138699
92.0,0.747944,0.941434,0.0435686,0.941434,120156,131403,358.894,376.198,392.327,48.4106,36.9664,5590.24,5282.81,0,5.5743,5.04075,0.978564,0.97941,183.643,113.655,5.5743,5.04075,138516
94.0,0.747915,0.93666,0.0435679,0.93666,120143,131220,358.891,376.432,392.282,48.38,35.7973,5587.3,5273.77,0,5.57045,4.87436,0.978533,0.979563,183.954,113.61,5.57045,4.87436,138298
96.0,0.747881,0.931841,0.0435742,0.931841,120125,131017,358.886,376.694,392.232,48.3554,34.5893,5586.38,5264.72,0,5.5672,4.70288,0.9785,0.97972,183.685,113.578,5.5672,4.70288,138059
98.0,0.747827,0.92704,0.0435863,0.92704,120090,130812,358.877,376.981,392.181,48.33,33.353,5585.05,5255.68,0,5.56345,4.52804,0.978467,0.97988,182.961,113.534,5.56345,4.52804,137818
100.0,0.747714,0.922304,0.0436011,0.922304,120009,130622,358.855,377.281,392.134,48.3003,32.101,5582.12,5246.63,0,5.55814,4.35175,0.978433,0.980042,181.552,113.441,5.55814,4.35175,137593
102.0,0.747547,0.917668,0.0436164,0.917668,119887,130457,358.821,377.587,392.094,48.2586,30.8431,5574.98,5237.58,0,5.55053,4.17544,0.978398,0.980205,180.117,113.286,5.55053,4.17544,137393
104.0,0.747325,0.91315,0.04363,0.91315,119725,130318,358.775,377.892,392.062,48.2057,29.5867,5564.05,5228.54,0,5.54071,4.0001,0.978362,0.980368,178.744,113.066,5.54071,4.0001,137220
106.0,0.747072,0.908754,0.0436408,0.908754,119542,130202,358.723,378.19,392.036,48.1414,28.3358,5549.27,5219.49,0,5.52909,3.82623,0.978326,0.980531,177.733,112.799,5.52909,3.82623,137072
108.0,0.746788,0.904475,0.043648,0.904475,119339,130100,358.666,378.48,392.014,48.0701,27.0917,5532.33,5210.45,0,5.51624,3.65388,0.978289,0.980694,176.817,112.494,5.51624,3.65388,136937
110.0,0.746529,0.900291,0.043653,0.900291,119160,130001,358.616,378.768,391.993,47.992,25.8538,5513.3,5201.4,0,5.50317,3.48286,0.978251,0.980857,176.85,112.192,5.50317,3.48286,136807
112.0,0.746316,0.896148,0.0436567,0.896148,119021,129896,358.576,379.058,391.971,47.9182,24.6183,5496.12,5192.36,0,5.49151,3.31254,0.978212,0.981021,177.531,111.924,5.49151,3.31254,136670
114.0,0.746138,0.8921,0.0436605,0.8921,118912,129779,358.546,379.35,391.945,47.8528,23.3744,5482.11,5183.31,0,5.48152,3.14147,0.978172,0.981186,177.621,111.715,5.48152,3.14147,136523
116.0,0.745969,0.888113,0.0436648,0.888113,118812,129646,358.518,379.649,391.914,47.7942,22.1333,5470.63,5174.26,0,5.47249,2.9711,0.978131,0.98135,177.603,111.518,5.47249,2.9711,136360
118.0,0.745819,0.88419,0.0436708,0.88419,118728,129499,358.495,379.955,391.879,47.7368,20.8885,5459.69,5165.22,0,5.46398,2.8006,0.978088,0.981515,177.57,111.343,5.46398,2.8006,136184
120.0,0.745671,0.880339,0.0436778,0.880339,118647,129342,358.472,380.268,391.842,47.6827,19.6406,5450.07,5156.17,0,5.45593,2.63009,0.978044,0.981681,177.339,111.176,5.45593,2.63009,135999
122.0,0.745526,0.876577,0.0436867,0.876577,118570,129183,358.451,380.586,391.803,47.6286,18.3919,5440.55,5147.13,0,5.44796,2.4599,0.977998,0.981845,176.982,111.015,5.44796,2.4599,135812
124.0,0.745358,0.872909,0.0436964,0.872909,118477,129027,358.425,380.904,391.766,47.5747,17.1459,5431.23,5138.08,0,5.43965,2.29054,0.977951,0.98201,176.202,110.841,5.43965,2.29054,135628
126.0,0.745177,0.869344,0.0437061,0.869344,118375,128879,358.397,381.219,391.731,47.5159,15.9041,5420.33,5129.03,0,5.4306,2.12221,0.977903,0.982173,175.577,110.646,5.4306,2.12221,135453
128.0,0.744976,0.865886,0.0437153,0.865886,118260,128740,358.365,381.529,391.698,47.4539,14.6684,5408.52,5119.99,0,5.42088,1.95517,0.977853,0.982336,174.855,110.431,5.42088,1.95517,135289
130.0,0.744783,0.862516,0.0437222,0.862516,118155,128611,358.335,381.83,391.668,47.3874,13.4405,5395.33,5110.94,0,5.41087,1.78959,0.977801,0.982498,174.874,110.206,5.41087,1.78959,135134
132.0,0.744628,0.859208,0.0437303,0.859208,118081,128491,358.315,382.132,391.641,47.3222,12.2167,5382.79,5101.9,0,5.40172,1.62495,0.977747,0.98266,175.373,110.011,5.40172,1.62495,134990
134.0,0.744458,0.856037,0.0437371,0.856037,117996,128377,358.292,382.423,391.615,47.264,10.992,5372.9,5092.85,0,5.39314,1.4606,0.977691,0.98282,174.338,109.84,5.39314,1.4606,134852
136.0,0.744264,0.852948,0.0437432,0.852948,117896,128265,358.264,382.707,391.59,47.2023,9.78205,5361.93,5083.8,0,5.3838,1.29856,0.977633,0.98298,173.649,109.633,5.3838,1.29856,134717
138.0,0.744048,0.849978,0.0437477,0.849978,117780,128153,358.232,382.981,391.565,47.1354,8.57606,5349.36,5074.76,0,5.37355,1.13739,0.977574,0.983138,172.735,109.407,5.37355,1.13739,134582
140.0,0.74382,0.847095,0.0437515,0.847095,117658,128039,358.198,383.246,391.539,47.0636,7.3821,5335.28,5065.71,0,5.36257,0.97813,0.977512,0.983295,172.116,109.157,5.36257,0.97813,134447
142.0,0.743617,0.844262,0.0437537,0.844262,117559,127924,358.17,383.505,391.513,46.9886,6.19397,5320.37,5056.67,0,5.35177,0.819944,0.977447,0.983452,172.506,108.911,5.35177,0.819944,134311
144.0,0.743421,0.841536,0.0437557,0.841536,117467,127810,358.145,383.753,391.487,46.9183,5.00442,5307.35,5047.62,0,5.34167,0.661879,0.97738,0.983607,171.969,108.696,5.34167,0.661879,134176
146.0,0.743226,0.838891,0.043756,0.838891,117377,127695,358.121,383.994,391.46,46.8487,3.82562,5294.78,5038.57,0,5.33171,0.505525,0.97731,0.983762,171.741,108.474,5.33171,0.505525,134041
148.0,0.74303,0.836343,0.0437558,0.836343,117290,127578,358.097,384.225,391.433,46.7788,2.65223,5282.28,5029.53,0,5.32175,0.350168,0.977237,0.983915,171.321,108.257,5.32175,0.350168,133905
150.0,0.74284,0.83388,0.0437546,0.83388,117209,127459,358.075,384.451,391.406,46.7083,1.4881,5269.82,5020.48,0,5.31189,0.196304,0.97716,0.984067,171.065,108.042,5.31189,0.196304,133768
152.0,0.742644,0.831497,0.0437539,0.831497,117126,127340,358.052,384.668,391.378,46.6384,0.331037,5257.76,5011.44,0,5.30203,0.0436325,0.97708,0.984218,170.49,107.829,5.30203,0.0436325,133631
154.0,0.742448,0.829198,0.043753,0.829198,117044,127221,358.03,384.877,391.35,46.5668,0,5245.35,5002.39,0,5.29203,0,0.976997,0.984368,170.155,107.609,5.29203,0,133495
156.0,0.742241,0.826929,0.0437521,0.826929,116955,127104,358.006,385.078,391.323,46.4946,0,5232.92,4993.35,0,5.28182,0,0.97691,0.984517,169.591,107.383,5.28182,0,133361
158.0,0.742043,0.82467,0.0437492,0.82467,116877,126990,357.985,385.271,391.296,46.4197,0,5219.78,4984.3,0,5.27152,0,0.976818,0.984664,169.387,107.157,5.27152,0,133230
160.0,0.74184,0.82242,0.0437454,0.82242,116795,126879,357.963,385.454,391.271,46.3462,0,5207.34,4975.25,0,5.2613,0,0.976722,0.984811,168.858,106.933,5.2613,0,133102
162.0,0.741624,0.820179,0.0437417,0.820179,116706,126770,357.94,385.629,391.246,46.2709,0,5194.49,4966.21,0,5.25074,0,0.976622,0.984956,168.17,106.701,5.25074,0,132977
164.0,0.741399,0.817967,0.0437356,0.817967,116613,126663,357.915,385.794,391.221,46.1927,0,5180.87,4957.16,0,5.23974,0,0.976517,0.985099,167.591,106.454,5.23974,0,132854
166.0,0.741195,0.815743,0.0437291,0.815743,116537,126558,357.895,385.953,391.196,46.1121,0,5166.66,4948.12,0,5.22888,0,0.976406,0.985242,167.729,106.212,5.22888,0,132731
168.0,0.740989,0.813548,0.043723,0.813548,116463,126453,357.876,386.103,391.172,46.035,0,5153.93,4939.07,0,5.21844,0,0.97629,0.985383,167.137,105.987,5.21844,0,132610
170.0,0.740793,0.811334,0.0437158,0.811334,116397,126349,357.859,386.247,391.148,45.9571,0,5141.13,4930.02,0,5.20811,0,0.976168,0.985524,167.015,105.761,5.20811,0,132489
172.0,0.740597,0.809143,0.043708,0.809143,116333,126245,357.843,386.384,391.124,45.8804,0,5128.99,4920.98,0,5.19796,0,0.97604,0.985663,166.471,105.546,5.19796,0,132369
174.0,0.740389,0.806956,0.0436999,0.806956,116261,126143,357.825,386.514,391.1,45.8034,0,5116.92,4911.93,0,5.1876,0,0.975905,0.985801,165.882,105.318,5.1876,0,132250
176.0,0.74018,0.804776,0.0436916,0.804776,116192,126041,357.808,386.638,391.077,45.7234,0,5104.01,4902.89,0,5.17693,0,0.975763,0.985938,165.462,105.085,5.17693,0,132133
178.0,0.739974,0.802604,0.0436823,0.802604,116125,125942,357.791,386.757,391.054,45.6428,0,5091.14,4893.84,0,5.16627,0,0.975614,0.986074,165.139,104.852,5.16627,0,132017
180.0,0.739764,0.800441,0.0436731,0.800441,116057,125844,357.775,386.868,391.032,45.562,0,5078.43,4884.79,0,5.15558,0,0.975457,0.986208,164.624,104.62,5.15558,0,131903
182.0,0.739551,0.798287,0.0436624,0.798287,115989,125749,357.758,386.974,391.01,45.48,0,5065.52,4875.75,0,5.14473,0,0.975293,0.986342,164.174,104.383,5.14473,0,131792
184.0,0.739333,0.796143,0.0436504,0.796143,115918,125656,357.741,387.073,390.988,45.3969,0,5052.45,4866.7,0,5.13371,0,0.97512,0.986474,163.561,104.145,5.13371,0,131683
186.0,0.739116,0.794008,0.0436392,0.794008,115850,125565,357.725,387.166,390.968,45.3121,0,5039.03,4857.66,0,5.12257,0,0.974937,0.986605,163.216,103.9,5.12257,0,131576
188.0,0.738904,0.791882,0.0436256,0.791882,115788,125475,357.711,387.254,390.947,45.2269,0,5025.74,4848.61,0,5.11151,0,0.974746,0.986735,162.913,103.66,5.11151,0,131470
190.0,0.738699,0.789766,0.0436115,0.789766,115733,125385,357.699,387.338,390.926,45.1423,0,5012.86,4839.56,0,5.10066,0,0.974544,0.986863,162.601,103.427,5.10066,0,131364
192.0,0.738493,0.787663,0.0435983,0.787663,115678,125296,357.687,387.416,390.906,45.0585,0,5000.46,4830.52,0,5.0899,0,0.974332,0.98699,162.129,103.197,5.0899,0,131259
194.0,0.738278,0.785575,0.0435857,0.785575,115617,125207,357.674,387.491,390.885,44.9738,0,4987.98,4821.47,0,5.07892,0,0.974109,0.987117,161.416,102.964,5.07892,0,131154
196.0,0.73805,0.783502,0.0435735,0.783502,115548,125118,357.659,387.561,390.865,44.8868,0,4974.92,4812.43,0,5.06751,0,0.973875,0.987241,160.744,102.716,5.06751,0,131050
198.0,0.737837,0.781414,0.0435601,0.781414,115493,125031,357.648,387.627,390.845,44.7968,0,4961.04,4803.38,0,5.05604,0,0.973629,0.987366,160.718,102.466,5.05604,0,130947
200.0,0.73762,0.779338,0.0435454,0.779338,115435,124945,357.636,387.689,390.825,44.7091,0,4948.19,4794.34,0,5.04479,0,0.973371,0.987489,160.141,102.225,5.04479,0,130846
202.0,0.737402,0.777295,0.0435304,0.777295,115378,124861,357.626,387.747,390.806,44.6199,0,4935.05,4785.29,0,5.03339,0,0.9731,0.98761,159.525,101.986,5.03339,0,130747
204.0,0.737185,0.775231,0.0435122,0.775231,115324,124779,357.616,387.801,390.787,44.5301,0,4921.94,4776.24,0,5.02197,0,0.972815,0.987731,159.23,101.738,5.02197,0,130649
206.0,0.737001,0.773176,0.0434774,0.773176,115296,124698,357.614,387.854,390.769,44.4399,0,4908.88,4767.2,0,5.01107,0,0.972515,0.98785,159.209,101.519,5.01107,0,130552
208.0,0.736788,0.771125,0.0434732,0.771125,115248,124618,357.606,387.903,390.75,44.3556,0,4898.16,4758.15,0,5.0004,0,0.972201,0.987969,158.312,101.292,5.0004,0,130457
210.0,0.736571,0.769082,0.0434691,0.769082,115197,124539,357.598,387.95,390.732,44.2652,0,4885.54,4749.11,0,4.98899,0,0.971872,0.988086,157.773,101.049,4.98899,0,130363
212.0,0.736358,0.767046,0.0434544,0.767046,115150,124461,357.592,387.995,390.715,44.1732,0,4872.57,4740.06,0,4.97748,0,0.971527,0.988203,157.469,100.806,4.97748,0,130270
214.0,0.736135,0.76502,0.0434381,0.76502,115097,124385,357.584,388.037,390.697,44.0816,0,4859.95,4731.01,0,4.96587,0,0.971167,0.988318,156.913,100.557,4.96587,0,130179
216.0,0.73594,0.762994,0.0434205,0.762994,115067,124312,357.583,388.077,390.681,43.9873,0,4846.6,4721.97,0,4.95446,0,0.970788,0.988433,157.019,100.322,4.95446,0,130090
218.0,0.73574,0.760992,0.043403,0.760992,115033,124241,357.582,388.114,390.665,43.8983,0,4835.29,4712.92,0,4.94354,0,0.970391,0.988546,156.236,100.104,4.94354,0,130004
220.0,0.735548,0.758956,0.0433863,0.758956,115006,124172,357.582,388.149,390.65,43.8076,0,4823.55,4703.88,0,4.93258,0,0.969976,0.988658,156.161,99.8762,4.93258,0,129920
222.0,0.735367,0.756923,0.0433702,0.756923,114988,124106,357.586,388.184,390.635,43.7179,0,4812.35,4694.83,0,4.92191,0,0.969541,0.98877,155.933,99.6643,4.92191,0,129838
224.0,0.7352,0.754891,0.0433544,0.754891,114980,124042,357.594,388.219,390.622,43.63,0,4801.91,4685.78,0,4.91166,0,0.969086,0.988881,155.721,99.4669,4.91166,0,129760
226.0,0.735009,0.752897,0.0433385,0.752897,114954,123982,357.596,388.253,390.609,43.5443,0,4792.41,4676.74,0,4.90128,0,0.968611,0.98899,154.644,99.2665,4.90128,0,129684
228.0,0.734739,0.751125,0.043324,0.751125,114869,123923,357.582,388.283,390.596,43.4536,0,4781.25,4667.69,0,4.88907,0,0.968121,0.989095,151.24,99.0413,4.88907,0,129612
230.0,0.727137,0.75449,0.0432643,0.75449,109182,123780,355.866,388.116,390.555,43.3464,0,4764.68,4658.65,0,4.75683,0,0.968121,0.989123,0,94.7056,4.75683,0,129495
232.0,0.726943,0.756592,0.0431534,0.756592,109380,123483,355.935,387.875,390.469,41.7621,0,4244.71,4649.6,0,4.58747,0,0.967712,0.989184,143.52,90.6907,4.58747,0,129215
234.0,0.726897,0.757998,0.0428179,0.757998,109619,123133,356.017,387.546,390.367,41.6493,0,4243.42,4640.55,0,4.57977,0,0.967279,0.989255,141.918,90.6623,4.57977,0,128876
236.0,0.726738,0.757518,0.0425399,0.757518,109763,122702,356.071,387.165,390.242,41.5658,0,4246.18,4631.51,0,4.57332,0,0.966835,0.989341,142.805,90.4464,4.57332,0,128442
238.0,0.727175,0.75439,0.0423668,0.75439,110413,122161,356.379,386.893,390.084,41.4594,0,4240.83,4622.46,0,4.51198,0,0.966281,0.989455,169.02,90.7254,4.51198,0,127879
240.0,0.728236,0.751032,0.0422929,0.751032,111059,121532,356.59,386.791,389.9,41.4726,0,4281.19,4613.42,0,4.52605,0,0.965614,0.98957,180.947,92.2024,4.52605,0,127226
242.0,0.72896,0.747633,0.0422833,0.747633,111721,120855,356.807,386.847,389.699,41.6126,0,4322.31,4604.37,0,4.55426,0,0.964885,0.989685,177.218,93.8421,4.55426,0,126525
244.0,0.729448,0.744286,0.0423148,0.744286,112390,120231,357.028,387.014,389.515,41.6876,0,4366.03,4595.32,0,4.57545,0,0.964132,0.9898,170.3,95.2818,4.57545,0,125877
246.0,0.729981,0.741241,0.042367,0.741241,113075,119766,357.247,387.237,389.377,41.7169,0,4411.57,4586.28,0,4.59198,0,0.963385,0.989909,160.874,96.2902,4.59198,0,125390
248.0,0.730494,0.739102,0.0424267,0.739102,113752,119515,357.468,387.467,389.305,41.7564,0,4459.69,4577.23,0,4.60961,0,0.962687,0.990005,143.595,96.6912,4.60961,0,125124
250.0,0.725359,0.742017,0.0424596,0.742017,110330,119383,356.333,387.546,389.266,41.7936,0,4508.33,4568.19,0,4.6077,0,0.962738,0.990032,0,92.5627,4.6077,0,125013
252.0,0.718469,0.745677,0.0424251,0.745677,105413,119253,354.803,387.447,389.227,40.695,0,4189.88,4559.14,0,4.38863,0,0.962738,0.990058,0,85.1642,4.38863,0,124912
254.0,0.712112,0.749639,0.0422993,0.749639,101325,119151,353.426,387.078,389.197,39.2292,0,3731.1,4550.1,0,4.18758,0,0.962738,0.99008,0,78.5062,4.18758,0,124841
256.0,0.711784,0.753001,0.0420464,0.753001,101394,119002,353.518,386.414,389.152,37.8527,0,3338.09,4541.05,0,4.00707,0,0.962366,0.99011,229.245,72.4909,4.00707,0,124717
258.0,0.712194,0.753865,0.0417298,0.753865,101991,118679,353.829,385.701,389.056,37.673,0,3311.42,4532,0,3.81226,0,0.961565,0.990177,202.247,76.9438,3.81226,0,124401
260.0,0.712425,0.750497,0.0414286,0.750497,102626,118090,354.056,385.073,388.879,37.6413,0,3332.29,4522.96,0,3.80292,0,0.960584,0.990283,208.725,78.3217,3.80292,0,123789
262.0,0.712766,0.746658,0.0412141,0.746658,103279,117206,354.289,384.718,388.609,37.5744,0,3357.61,4513.91,0,3.78191,0,0.959503,0.990393,201.918,78.5612,3.78191,0,122877
264.0,0.713216,0.742471,0.0410843,0.742471,103948,116088,354.529,384.661,388.265,37.5303,0,3385.61,4504.87,0,3.96399,0,0.95833,0.990507,196.113,78.8872,3.96399,0,121730
266.0,0.71349,0.738152,0.0410117,0.738152,104634,114933,354.775,384.816,387.906,37.5092,0,3416.31,4495.82,0,3.97378,0,0.957073,0.990622,188.796,79.2847,3.97378,0,120545
268.0,0.713808,0.734126,0.0409532,0.734126,105336,113960,355.026,385.073,387.602,37.4537,0,3449.66,4486.77,0,3.97286,0,0.955788,0.990732,176.534,79.5709,3.97286,0,119544
270.0,0.71423,0.730481,0.0408999,0.730481,106052,113304,355.28,385.351,387.398,37.4078,0,3485.67,4477.73,0,3.97981,0,0.954525,0.990837,163.054,79.9188,3.97981,0,118862
272.0,0.714725,0.729358,0.0408581,0.729358,106772,112993,355.517,385.573,387.301,37.3838,0,3524.18,4468.68,0,3.99287,0,0.954014,0.990904,0,80.3953,3.99287,0,118543
274.0,0.715182,0.724646,0.0408273,0.724646,107501,112926,355.78,385.77,387.282,37.3754,0,3564.27,4459.64,0,4.00053,0,0.952403,0.991036,199.482,80.862,4.00053,0,118440
276.0,0.71578,0.722479,0.0408447,0.722479,108245,113126,356.041,385.988,387.35,37.3607,0,3606.46,4450.59,0,4.01379,0,0.951038,0.991121,145.465,81.3648,4.01379,0,118623
278.0,0.716179,0.720475,0.0409089,0.720475,108996,113412,356.297,386.186,387.446,37.3757,0,3651.3,4441.54,0,4.02678,0,0.949972,0.991203,123.046,81.8657,4.02678,0,118893
280.0,0.716705,0.7185,0.0410049,0.7185,109751,113749,356.551,386.374,387.557,37.3522,0,3698.06,4432.5,0,4.03805,0,0.948977,0.991284,118.206,82.3497,4.03805,0,119214
282.0,0.717219,0.725412,0.0411072,0.725412,110487,114049,356.772,386.483,387.65,37.3553,0,3746.48,4423.45,0,3.90767,0,0.949197,0.991244,0,82.8857,3.90767,0,119566
284.0,0.717825,0.730474,0.0411939,0.730474,111197,114152,356.984,386.521,387.682,37.3575,0,3794.58,4414.41,0,3.92426,0,0.949418,0.991241,0,83.5216,3.92426,0,119707
286.0,0.718427,0.735526,0.0412555,0.735526,111880,114263,357.187,386.544,387.716,37.3795,0,3841.64,4405.36,0,3.9404,0,0.949641,0.991238,0,84.1756,3.9404,0,119857
288.0,0.713474,0.740563,0.0412909,0.740563,108542,114368,356.063,386.574,387.749,37.4023,0,3887.5,4396.31,0,4.08641,0,0.949682,0.991235,0,79.4752,4.08641,0,120000
290.0,0.707495,0.745571,0.041275,0.745571,104331,114486,354.737,386.554,387.766,36.3083,0,3573.25,4387.27,0,3.89182,0,0.949682,0.991231,0,73.3701,3.89182,0,120155
292.0,0.701969,0.750612,0.0411374,0.750612,101325,114621,353.548,386.329,387.827,34.9945,0,3174.7,4378.22,0,3.8112,0,0.949682,0.991227,0,67.8617,3.8112,0,120329
294.0,0.696783,0.755606,0.0408393,0.755606,101325,114725,352.459,385.8,387.858,33.7561,0,2877.04,4369.18,0,4.17079,0,0.949682,0.991222,0,62.8145,4.17079,0,120471
296.0,0.69163,0.75949,0.0404084,0.75949,101325,114670,351.372,385.056,386.861,32.5716,0,2844.14,4360.13,0,4.12663,0,0.949682,0.991218,0,57.922,4.12663,0,120453
298.0,0.68669,0.765303,0.0399375,0.765303,101325,114295,350.289,384.296,387.726,31.3801,0,2811.24,4351.09,0,3.97856,0,0.949682,0.991213,0,53.3531,3.97856,0,120115
300.0,0.688351,0.762942,0.0394997,0.762942,101325,113507,350.821,383.773,387.481,30.2177,0,2778.34,4342.04,0,3.82981,0,0.949282,0.991303,262.145,49.1278,3.82981,0,119311
302.0,0.693761,0.758515,0.0391634,0.758515,101325,112405,352.306,383.598,387.132,30.3713,0,2745.44,4332.99,0,3.8189,0,0.948507,0.991401,201.882,55.3012,3.8189,0,118178
304.0,0.698434,0.753878,0.0389007,0.753878,101325,111245,353.637,383.631,386.761,31.2839,0,2712.54,4323.95,0,3.38594,0,0.947608,0.991501,195.052,59.7683,3.38594,0,116986
306.0,0.699606,0.749587,0.0386995,0.749587,101934,110244,354.13,383.796,386.44,32.0625,0,2679.64,4314.9,0,3.22642,0,0.946518,0.991598,178.783,64.0136,3.22642,0,115954
308.0,0.699932,0.745695,0.0385328,0.745695,102572,109527,354.362,384.022,386.209,32.1486,0,2701.43,4305.86,0,3.36288,0,0.945362,0.991689,166.298,65.2801,3.36288,0,115209
310.0,0.700165,0.742239,0.0383829,0.742239,103227,109132,354.599,384.264,386.083,32.0676,0,2726.97,4296.81,0,3.36698,0,0.944227,0.991774,149.49,65.4299,3.36698,0,114789
312.0,0.700367,0.739263,0.0382489,0.739263,103896,109020,354.838,384.498,386.05,31.9686,0,2755.12,4287.76,0,3.25059,0,0.943132,0.991853,137.13,65.6341,3.25059,0,114655
314.0,0.700711,0.736572,0.0381395,0.736572,104576,109115,355.078,384.718,386.085,31.8642,0,2785.66,4278.72,0,3.3653,0,0.942071,0.991929,126.962,65.943,3.3653,0,114729
316.0,0.70104,0.734111,0.0380567,0.734111,105266,109344,355.32,384.921,386.164,31.7888,0,2818.41,4269.67,0,3.25205,0,0.94106,0.992001,117.513,66.2014,3.25205,0,114939
318.0,0.701487,0.731877,0.038014,0.731877,105962,109649,355.562,385.113,386.267,31.7112,0,2853.17,4260.63,0,3.37134,0,0.94006,0.99207,114.707,66.6062,3.37134,0,115226
320.0,0.701831,0.734683,0.0380224,0.734683,106658,109990,355.79,385.281,386.323,31.6585,0,2889.8,4251.58,0,3.27269,0,0.939667,0.992071,0,66.9378,3.27269,0,115588
322.0,0.702235,0.738589,0.038073,0.738589,107328,110176,355.996,385.359,386.44,31.586,0,2927.55,4242.53,0,3.26667,0,0.939881,0.992076,0,67.3557,3.26667,0,115802
324.0,0.701055,0.743523,0.0381854,0.743523,107080,110314,355.815,385.409,386.466,31.5266,0,2964.28,4233.49,0,3.41933,0,0.940034,0.992066,0,66.6243,3.41933,0,115978
326.0,0.696062,0.747793,0.0383467,0.747793,103609,110430,354.713,385.447,386.466,31.1492,0,2919.63,4224.44,0,3.325,0,0.940034,0.992064,0,61.8097,3.325,0,116127
328.0,0.691405,0.752102,0.0385071,0.752102,101325,110552,353.729,385.391,386.559,30.001,0,2585.08,4215.4,0,3.27559,0,0.940034,0.992061,0,57.4223,3.27559,0,116281
330.0,0.687012,0.756287,0.0385993,0.756287,101325,110666,352.826,385.133,386.595,28.9075,0,2350.96,4206.35,0,3.51008,0,0.940034,0.992059,0,53.3756,3.51008,0,116427
332.0,0.682672,0.760379,0.0385964,0.760379,101325,110714,351.93,384.696,386.61,27.8546,0,2318.06,4197.3,0,3.5276,0,0.940034,0.992056,0,49.4709,3.5276,0,116506
334.0,0.67848,0.764335,0.0385176,0.764335,101325,110596,351.039,384.211,386.572,26.8009,0,2285.16,4188.26,0,3.39618,0,0.940034,0.992053,0,45.7911,3.39618,0,116417
336.0,0.674495,0.766944,0.0383872,0.766944,101325,110229,350.155,383.791,386.457,25.7653,0,2252.26,4179.21,0,3.26688,0,0.940034,0.992064,0,42.3803,3.26688,0,116071
338.0,0.679481,0.763317,0.038252,0.763317,101325,109621,351.552,383.629,386.261,24.7604,0,2219.36,4170.17,0,3.13652,0,0.93928,0.992144,167.653,43.1253,3.13652,0,115437
340.0,0.68337,0.758778,0.0381175,0.758778,101325,108923,352.682,383.616,386.035,25.5509,0,2186.46,4161.12,0,3.15947,0,0.938478,0.992226,159.623,46.6034,3.15947,0,114707
342.0,0.687005,0.754294,0.0379871,0.754294,101325,108298,353.777,383.709,385.832,26.1339,0,2153.56,4152.08,0,2.85472,0,0.937557,0.992306,155.024,49.8605,2.85472,0,114049
344.0,0.688481,0.750177,0.0378475,0.750177,101931,107849,354.344,383.858,385.687,26.676,0,2120.67,4143.03,0,2.69893,0,0.936489,0.992382,145.59,52.9707,2.69893,0,113570
346.0,0.688653,0.746294,0.0377047,0.746294,102566,107607,354.575,384.026,385.61,26.7932,0,2142.22,4133.98,0,2.71905,0,0.935357,0.992455,134.704,54.3226,2.71905,0,113299
348.0,0.688893,0.742672,0.0375568,0.742672,103217,107566,354.81,384.203,385.599,26.6516,0,2167.42,4124.94,0,2.71115,0,0.934251,0.992524,122.88,54.4993,2.71115,0,113230
350.0,0.689119,0.739511,0.0374072,0.739511,103881,107671,355.046,384.383,385.637,26.5243,0,2195.23,4115.89,0,2.78935,0,0.933248,0.992589,107.1,54.7358,2.78935,0,113311
352.0,0.689341,0.742211,0.0372585,0.742211,104531,107834,355.25,384.496,385.691,26.3946,0,2225.29,4106.85,0,2.7794,0,0.933441,0.992589,0,54.9024,2.7794,0,113494
354.0,0.68832,0.746895,0.0371109,0.746895,104533,107904,355.148,384.554,385.714,26.2649,0,2255.33,4097.8,0,2.81425,0,0.933578,0.992573,0,54.3556,2.81425,0,113600
356.0,0.684283,0.750566,0.0369956,0.750566,101880,107939,354.291,384.593,385.713,25.8855,0,2228.2,4088.75,0,2.73946,0,0.933578,0.992569,0,50.7089,2.73946,0,113662
358.0,0.680505,0.754127,0.0369017,0.754127,101325,108001,353.531,384.562,385.745,24.8962,0,1962.59,4079.71,0,2.83484,0,0.933578,0.992567,0,47.3695,2.83484,0,113752
360.0,0.676834,0.75771,0.0368196,0.75771,101325,108071,352.798,384.397,385.768,23.9483,0,1880.83,4070.66,0,2.95701,0,0.933578,0.992565,0,44.1936,2.95701,0,113849
362.0,0.673236,0.761299,0.0367477,0.761299,101325,108111,352.073,384.132,385.78,23.0119,0,1847.93,4061.62,0,2.91397,0,0.933578,0.992563,0,41.1499,2.91397,0,113916
364.0,0.66978,0.764853,0.0366935,0.764853,101325,108052,351.356,383.854,385.761,22.0804,0,1815.03,4052.57,0,2.79736,0,0.933578,0.992561,0,38.2946,2.79736,0,113884
366.0,0.669807,0.766078,0.0366604,0.766078,101325,107847,351.507,383.658,385.695,21.1682,0,1782.13,4043.52,0,2.68152,0,0.933265,0.992585,135.431,35.643,2.68152,0,113689
368.0,0.672852,0.76286,0.0366406,0.76286,101325,107522,352.439,383.62,385.59,20.9478,0,1749.23,4034.48,0,2.65194,0,0.932598,0.992654,131.039,38.1586,2.65194,0,113340
370.0,0.67607,0.758895,0.0366246,0.758895,101325,107184,353.436,383.66,385.481,21.3353,0,1716.33,4025.43,0,2.46786,0,0.9318,0.992723,133.304,40.7317,2.46786,0,112973
372.0,0.679016,0.755049,0.0366147,0.755049,101631,106917,354.367,383.754,385.395,21.7657,0,1683.43,4016.39,0,2.26449,0,0.93091,0.992791,129.452,43.363,2.26449,0,112678
374.0,0.678444,0.754235,0.0365332,0.754235,102066,106745,354.418,383.842,385.339,22.1497,0,1677.99,4007.34,0,2.34569,0,0.930531,0.99283,0,45.4727,2.34569,0,112499
376.0,0.675129,0.754808,0.0364674,0.754808,101325,106608,353.76,383.859,385.294,21.8333,0,1684.78,3998.29,0,2.43593,0,0.930531,0.99286,0,42.6438,2.43593,0,112367
378.0,0.67191,0.755796,0.0363524,0.755796,101325,106500,353.137,383.823,385.259,20.9632,0,1586.58,3989.25,0,2.51499,0,0.930531,0.992884,0,39.9524,2.51499,0,112267
380.0,0.668765,0.757095,0.0362085,0.757095,101325,106410,352.523,383.752,385.23,20.1036,0,1553.68,3980.2,0,2.5449,0,0.930531,0.992904,0,37.3785,2.5449,0,112187
382.0,0.667317,0.758295,0.0360491,0.758295,101325,106318,352.334,383.678,385.2,19.2504,0,1520.78,3971.16,0,2.4372,0,0.930358,0.992924,65.3848,34.9338,2.4372,0,112105
384.0,0.667222,0.759222,0.0358981,0.759222,101325,106218,352.487,383.624,385.167,18.7304,0,1487.88,3962.11,0,2.37113,0,0.930039,0.992947,41.7646,35.3053,2.37113,0,112012
386.0,0.668579,0.759962,0.0357705,0.759962,101325,106108,353.017,383.598,385.131,18.479,0,1454.98,3953.06,0,2.25037,0,0.929534,0.99297,67.0358,35.8762,2.25037,0,111908
388.0,0.669004,0.760545,0.0353745,0.760545,101325,105997,353.311,383.603,385.095,18.5198,0,1422.08,3944.02,0,2.18685,0,0.929117,0.992995,26.1049,37.0074,2.18685,0,111801
390.0,0.667362,0.761166,0.0352251,0.761166,101325,105895,353.075,383.609,385.062,18.3764,0,1389.18,3934.97,0,2.22708,0,0.928968,0.993019,17.8193,35.8485,2.22708,0,111704
392.0,0.664552,0.762187,0.0351238,0.762187,101325,105810,352.535,383.586,385.034,17.8182,0,1356.28,3925.93,0,2.25557,0,0.928968,0.993037,0,33.9702,2.25557,0,111628
394.0,0.661822,0.763378,0.0350427,0.763378,101325,105735,352.007,383.542,385.009,17.0204,0,1323.38,3916.88,0,2.15534,0,0.928968,0.993054,0,31.8509,2.15534,0,111562
396.0,0.659622,0.764605,0.0349683,0.764605,101325,105665,351.592,383.5,384.987,16.2312,0,1290.48,3907.84,0,2.05598,0,0.928929,0.99307,16.0934,29.8787,2.05598,0,111502
398.0,0.658212,0.765845,0.0348964,0.765845,101325,105597,351.366,383.466,384.964,15.5415,0,1257.58,3898.79,0,1.96891,0,0.928826,0.993085,43.5305,28.3254,1.96891,0,111443
400.0,0.657005,0.767097,0.0348216,0.767097,101325,105528,351.184,383.441,384.942,15.0049,0,1224.68,3889.74,0,1.90116,0,0.928712,0.993101,37.5371,27.5423,1.90116,0,111384
402.0,0.656134,0.768366,0.0347415,0.768366,101325,105461,351.083,383.421,384.919,14.5057,0,1191.78,3880.7,0,1.83803,0,0.928574,0.993115,48.7417,26.7048,1.83803,0,111327
404.0,0.654492,0.769709,0.0346519,0.769709,101325,105398,350.776,383.4,384.899,14.0707,0,1158.88,3871.65,0,1.78328,0,0.928516,0.993129,0,26.3752,1.78328,0,111274
406.0,0.652772,0.771144,0.0345535,0.771144,101325,105342,350.437,383.375,384.88,13.4783,0,1125.98,3862.61,0,1.70858,0,0.928476,0.993142,18.2896,24.8264,1.70858,0,111229
408.0,0.650866,0.772681,0.0344447,0.772681,101325,105292,350.037,383.344,384.864,12.8658,0,1093.08,3853.56,0,1.63138,0,0.928462,0.993153,6.94559,23.6813,1.63138,0,111191
410.0,0.649103,0.774307,0.0343239,0.774307,101325,105247,349.662,383.309,384.849,12.2113,0,1060.18,3844.51,0,1.54877,0,0.928444,0.993163,8.88342,22.4306,1.54877,0,111159
412.0,0.647524,0.775982,0.0341969,0.775982,101325,105206,349.314,383.275,384.836,11.5805,0,1057.02,3835.47,0,1.46911,0,0.928419,0.993172,13.0091,21.2905,1.46911,0,111131
414.0,0.646287,0.777656,0.0340652,0.777656,101325,105168,349.039,383.245,384.823,10.9821,0,1057.02,3826.42,0,1.39345,0,0.928374,0.993181,8.98695,20.5283,1.39345,0,111105
416.0,0.645204,0.779342,0.033929,0.779342,101325,105132,348.787,383.216,384.811,10.4485,0,1057.02,3817.38,0,1.32596,0,0.928323,0.993189,8.67707,19.8171,1.32596,0,111082
418.0,0.643944,0.781052,0.0337887,0.781052,101325,105098,348.471,383.186,384.8,9.9425,0,1057.02,3808.33,0,1.26201,0,0.92829,0.993196,0,19.1318,1.26201,0,111062
420.0,0.642748,0.782787,0.0336429,0.782787,101325,105068,348.155,383.156,384.79,9.39798,0,1057.02,3799.28,0,1.19315,0,0.928259,0.993203,16.8926,18.0987,1.19315,0,111045
422.0,0.641516,0.784557,0.0334951,0.784557,101325,105040,347.813,383.122,384.781,8.86319,0,1057.02,3790.24,0,1.1255,0,0.928234,0.993209,0,17.578,1.1255,0,111031
424.0,0.640985,0.786292,0.0333517,0.786292,101325,105015,347.646,383.094,384.773,8.31789,0,1057.02,3781.19,0,1.05637,0,0.928167,0.993215,29.0654,16.8027,1.05637,0,111019
426.0,0.641312,0.788053,0.0332366,0.788053,101325,104992,347.704,383.069,384.765,7.91032,0,1057.02,3772.15,0,1.00457,0,0.928041,0.99322,74.0904,16.3277,1.00457,0,111009
428.0,0.639853,0.789831,0.0330901,0.789831,101325,104971,347.264,383.034,384.758,7.67414,0,1057.02,3763.1,0,0.974863,0,0.928041,0.993225,0,16.54,0.974863,0,111002
430.0,0.638442,0.791602,0.0329476,0.791602,101325,104951,346.823,383,384.752,7.12708,0,1057.02,3754.05,0,0.905632,0,0.928041,0.993229,0,15.6751,0.905632,0,110996
432.0,0.637284,0.793368,0.0328096,0.793368,101325,104933,346.433,382.967,384.746,6.8467,0,1057.02,3745.01,0,0.870227,0,0.928029,0.993233,7.79665,14.8638,0.870227,0,110991
434.0,0.636189,0.79512,0.0326784,0.79512,101325,104916,346.048,382.934,384.74,6.61652,0,1057.02,3735.96,0,0.841183,0,0.928016,0.993237,8.68455,14.2026,0.841183,0,110987
436.0,0.63492,0.801487,0.0325512,0.801487,101325,104898,345.604,382.886,384.33,6.39894,0,1057.02,3726.92,0,0.813758,0,0.928016,0.993187,0,13.5855,0.813758,0,111021
438.0,0.645811,0.801023,0.0324583,0.801023,101325,104879,348.529,383.028,384.727,6.14692,0,1057.02,3717.87,0,0.780201,0,0.926825,0.993218,496.099,12.8799,0.780201,0,110996
440.0,0.652534,0.799834,0.0324089,0.799834,101325,104905,350.336,383.241,384.737,8.31069,0,1057.02,3708.83,0,1.05357,0,0.925771,0.99324,0,24.9628,1.05357,0,111013
442.0,0.650778,0.801531,0.0323238,0.801531,101325,104967,349.906,383.287,384.757,9.64654,0,1057.02,3699.78,0,1.22327,0,0.925771,0.993244,0,23.7298,1.22327,0,111088
444.0,0.648989,0.804649,0.0322315,0.804649,101325,105051,349.473,383.276,384.77,9.29758,0,1057.02,3690.73,0,1.17936,0,0.925771,0.993232,0,22.4946,1.17936,0,111195
446.0,0.647266,0.806808,0.0321331,0.806808,101325,105146,349.039,383.221,384.8,8.94215,0,1057.02,3681.69,0,1.1346,0,0.925771,0.993231,0,21.3255,1.1346,0,111307
448.0,0.645606,0.808954,0.0320344,0.808954,101325,105229,348.604,383.141,384.843,8.59974,0,1057.02,3672.64,0,1.09147,0,0.925771,0.993229,0,20.2192,1.09147,0,111405
450.0,0.644006,0.811039,0.0319386,0.811039,101325,105274,348.168,383.055,384.858,8.26994,0,1057.02,3663.6,0,1.04991,0,0.925771,0.993227,0,19.1717,1.04991,0,111466
452.0,0.642464,0.813075,0.0318479,0.813075,101325,105270,347.73,382.976,384.857,7.95215,0,1057.02,3654.55,0,1.00986,0,0.925771,0.993225,0,18.1796,1.00986,0,111477
454.0,0.640977,0.813954,0.0317628,0.813954,101325,105219,347.291,382.907,383.851,7.64579,0,1057.02,3645.5,0,0.971238,0,0.925771,0.993223,0,17.2394,0.971238,0,111442
456.0,0.639542,0.815887,0.0316827,0.815887,101325,105137,346.85,382.847,383.818,7.35034,0,1057.02,3636.46,0,0.933977,0,0.925771,0.993221,0,16.348,0.933977,0,111375
458.0,0.638157,0.818911,0.0316065,0.818911,101325,105043,346.409,382.793,384.782,7.06526,0,1057.02,3627.41,0,0.898015,0,0.925771,0.993219,0,15.5026,0.898015,0,111295
460.0,0.63682,0.820324,0.0315337,0.820324,101325,104951,345.966,382.743,384.341,6.7901,0,1057.02,3618.37,0,0.863292,0,0.925771,0.993217,0,14.7004,0.863292,0,111218
462.0,0.640867,0.819505,0.0314831,0.819505,101325,104871,347.014,382.809,384.725,6.5244,0,1057.02,3609.32,0,0.828938,0,0.925316,0.993247,219.039,13.9389,0.828938,0,111129
464.0,0.6395,0.819815,0.0314259,0.819815,101325,104813,346.574,382.793,384.706,7.32844,0,1057.02,3600.27,0,0.931363,0,0.925316,0.99326,0,16.3264,0.931363,0,111074
466.0,0.638118,0.820532,0.0313644,0.820532,101325,104772,346.132,382.753,384.693,7.05689,0,1057.02,3591.23,0,0.897112,0,0.925316,0.993269,0,15.4827,0.897112,0,111038
468.0,0.636782,0.821367,0.0313041,0.821367,101325,104744,345.689,382.708,384.684,6.78223,0,1057.02,3582.18,0,0.862446,0,0.925316,0.993276,0,14.6817,0.862446,0,111016
470.0,0.635492,0.825229,0.0312444,0.825229,101325,104725,345.244,382.66,383.681,6.51685,0,1057.02,3573.14,0,0.828941,0,0.925316,0.99324,0,13.9213,0.828941,0,111036
472.0,0.634245,0.82797,0.0311857,0.82797,101325,104712,344.799,382.608,384.67,6.26049,0,1057.02,3564.09,0,0.796564,0,0.925316,0.993239,0,13.1992,0.796564,0,111035
474.0,0.640224,0.824722,0.0311721,0.824722,101325,104707,346.388,382.797,384.671,6.01273,0,1057.02,3555.04,0,0.764242,0,0.92471,0.993284,135.019,14.7747,0.764242,0,111005
476.0,0.638903,0.826358,0.0311326,0.826358,101325,104721,345.947,382.791,384.676,7.20081,0,1057.02,3546,0,0.915517,0,0.92471,0.993281,0,15.9673,0.915517,0,111032
478.0,0.637542,0.827836,0.0310877,0.827836,101325,104727,345.504,382.754,384.677,6.93817,0,1057.02,3536.95,0,0.882381,0,0.92471,0.993279,0,15.1424,0.882381,0,111049
480.0,0.636226,0.829452,0.0310424,0.829452,101325,104729,345.06,382.708,384.679,6.66775,0,1057.02,3527.91,0,0.848236,0,0.92471,0.993276,0,14.359,0.848236,0,111063
482.0,0.634955,0.830256,0.0309965,0.830256,101325,104727,344.615,382.656,383.679,6.40636,0,1057.02,3518.86,0,0.815221,0,0.92471,0.99327,0,13.6151,0.815221,0,111076
484.0,0.633726,0.832722,0.0309504,0.832722,101325,104719,344.169,382.602,384.674,6.15381,0,1057.02,3509.82,0,0.783311,0,0.92471,0.993269,0,12.9087,0.783311,0,111079
486.0,0.632538,0.833837,0.0309068,0.833837,101325,104707,343.722,382.547,384.206,5.9097,0,1057.02,3500.77,0,0.752458,0,0.92471,0.993266,0,12.2375,0.752458,0,111079
488.0,0.634096,0.83357,0.0308844,0.83357,101325,104690,344.048,382.589,384.666,5.67366,0,1057.02,3491.72,0,0.722249,0,0.924511,0.993287,111.41,11.5995,0.722249,0,111055
490.0,0.632928,0.834459,0.0308504,0.834459,101325,104674,343.601,382.564,384.661,5.98315,0,1057.02,3482.68,0,0.76187,0,0.924511,0.993292,0,12.4605,0.76187,0,111047
492.0,0.631767,0.835311,0.0308151,0.835311,101325,104654,343.153,382.515,384.654,5.75117,0,1057.02,3473.63,0,0.732543,0,0.924511,0.993296,0,11.8118,0.732543,0,111033
494.0,0.630643,0.836088,0.0307801,0.836088,101325,104634,342.704,382.463,384.647,5.52044,0,1057.02,3464.59,0,0.70336,0,0.924511,0.993301,0,11.195,0.70336,0,111019
496.0,0.629555,0.839364,0.0307457,0.839364,101325,104616,342.253,382.41,384.169,5.29713,0.117061,1057.02,3455.54,0,0.675104,0.015361,0.924511,0.993275,0,10.6084,0.675104,0.015361,111031
498.0,0.630857,0.838871,0.0307267,0.838871,101325,104601,342.486,382.448,384.636,5.08098,0.129953,1057.02,3446.49,0,0.647459,0.0163356,0.924352,0.993297,97.1058,10.0504,0.647459,0.0163356,111007
500.0,0.62979,0.840501,0.0307003,0.840501,101325,104592,342.035,382.422,384.154,5.33963,0,1057.02,3437.45,0,0.680617,0,0.924352,0.993287,0,10.7386,0.680617,0,111015
502.0,0.631019,0.839975,0.030686,0.839975,101325,104582,342.249,382.468,384.63,5.12776,0,1057.02,3428.4,0,0.65352,0,0.924189,0.99331,94.292,10.1746,0.65352,0,110997
504.0,0.629946,0.840513,0.030663,0.840513,101325,104582,341.798,382.446,383.631,5.37175,0,1057.02,3419.36,0,0.684816,0,0.924189,0.993303,0,10.8263,0.684816,0,111010
506.0,0.628882,0.842963,0.0306357,0.842963,101325,104574,341.347,382.394,384.626,5.15875,0,1057.02,3410.31,0,0.657853,0,0.924189,0.993302,0,10.2582,0.657853,0,111012
508.0,0.62785,0.843115,0.0306078,0.843115,101325,104568,340.895,382.339,383.627,4.94718,0.221653,1057.02,3401.26,0,0.631057,0.0303988,0.924189,0.9933,0,9.71742,0.631057,0.0303988,111016
510.0,0.62685,0.845159,0.0305799,0.845159,101325,104560,340.441,382.281,384.621,4.7422,0,1057.02,3392.22,0,0.605088,0,0.924189,0.993303,0,9.20279,0.605088,0,111015
512.0,0.625882,0.844726,0.0305523,0.844726,101325,104553,339.986,382.222,384.621,4.54362,0.0415655,1057.02,3383.17,0,0.579919,0.00523247,0.924189,0.993318,0,8.71288,0.579919,0.00523247,111004
514.0,0.624943,0.845624,0.0305253,0.845624,101325,104543,339.531,382.161,384.617,4.35115,0,1057.02,3374.13,0,0.555516,0,0.924189,0.993321,0,8.24639,0.555516,0,111002
516.0,0.624032,0.847869,0.0304991,0.847869,101325,104531,339.074,382.099,384.12,4.16456,0,1057.02,3365.08,0,0.531849,0,0.924189,0.993304,0,7.80208,0.531849,0,111011
518.0,0.625413,0.847406,0.0304932,0.847406,101325,104518,339.293,382.162,384.609,3.98359,0,1057.02,3356.03,0,0.508666,0,0.924055,0.993326,93.634,7.37883,0.508666,0,110990
520.0,0.624515,0.848288,0.0304747,0.848288,101325,104511,338.836,382.134,384.607,4.25797,0,1057.02,3346.99,0,0.543861,0,0.924055,0.993328,0,8.04162,0.543861,0,110990
522.0,0.623618,0.849235,0.0304523,0.849235,101325,104501,338.379,382.073,384.603,4.07962,0.0607994,1057.02,3337.94,0,0.521234,0.00766194,0.924055,0.99333,0,7.60735,0.521234,0.00766194,110987
524.0,0.622747,0.850041,0.0304295,0.850041,101325,104490,337.921,382.01,384.6,3.90134,0,1057.02,3328.9,0,0.498601,0,0.924055,0.993333,0,7.19344,0.498601,0,110982
526.0,0.621901,0.850922,0.0304072,0.850922,101325,104480,337.462,381.944,384.596,3.72828,0,1057.02,3319.85,0,0.476624,0,0.924055,0.993335,0,6.79902,0.476624,0,110979
528.0,0.62108,0.851804,0.0303844,0.851804,101325,104470,337.002,381.877,384.593,3.56031,0,1057.02,3310.8,0,0.455283,0,0.924055,0.993337,0,6.4231,0.455283,0,110976
530.0,0.620283,0.855244,0.0303625,0.855244,101325,104462,336.541,381.808,384.082,3.39721,0.171213,1057.02,3301.76,0,0.434554,0.0226141,0.924055,0.993308,0,6.06474,0.434554,0.0226141,110998
532.0,0.619508,0.854951,0.0303409,0.854951,101325,104452,336.079,381.737,384.587,3.2388,0.28031,1057.02,3292.71,0,0.414412,0.0353742,0.924055,0.993327,0,5.7231,0.414412,0.0353742,110982
534.0,0.618755,0.857749,0.0303202,0.857749,101325,104442,335.616,381.664,384.071,3.08488,0,1057.02,3283.67,0,0.394835,0,0.924055,0.993305,0,5.39733,0.394835,0,110998
536.0,0.618023,0.857644,0.0303005,0.857644,101325,104432,335.153,381.59,384.579,2.9353,0.212517,1057.02,3274.62,0,0.3758,0.0268368,0.924055,0.993322,0,5.08668,0.3758,0.0268368,110983
538.0,0.619799,0.85554,0.0303135,0.85554,101325,104427,335.459,381.732,384.579,2.78988,0,1057.02,3265.58,0,0.357112,0,0.923925,0.993347,0,5.85609,0.357112,0,110962
540.0,0.619068,0.858045,0.0302978,0.858045,101325,104424,334.997,381.662,383.579,3.14255,0,1057.02,3256.53,0,0.402373,0,0.923925,0.993322,0,5.53723,0.402373,0,110987
542.0,0.618328,0.860408,0.0302802,0.860408,101325,104417,334.533,381.589,384.534,2.99733,0,1057.02,3247.48,0,0.383892,0,0.923925,0.99332,0,5.22044,0.383892,0,110989
544.0,0.617608,0.860502,0.0302628,0.860502,101325,104411,334.068,381.513,383.575,2.85038,0.186014,1057.02,3238.44,0,0.365178,0.0255986,0.923925,0.993318,0,4.91817,0.365178,0.0255986,110992
546.0,0.616909,0.862829,0.0302463,0.862829,101325,104403,333.603,381.434,384.521,2.70742,0,1057.02,3229.39,0,0.346964,0,0.923925,0.993316,0,4.62988,0.346964,0,110994
548.0,0.61884,0.859965,0.0302563,0.859965,101325,104395,333.949,381.53,384.568,2.56836,0.121748,1057.02,3220.35,0,0.329071,0.0153824,0.923784,0.993354,108.343,4.35491,0.329071,0.0153824,110963
550.0,0.618138,0.860477,0.0302446,0.860477,101325,104394,333.485,381.494,384.568,2.95202,0,1057.02,3211.3,0,0.378338,0,0.923784,0.993354,0,5.14573,0.378338,0,110966
552.0,0.617424,0.862623,0.0302281,0.862623,101325,104389,333.019,381.417,383.568,2.81254,0,1057.02,3202.25,0,0.360567,0,0.923784,0.993332,0,4.84729,0.360567,0,110986
554.0,0.61673,0.864922,0.0302113,0.864922,101325,104381,332.553,381.337,384.501,2.67082,0,1057.02,3193.21,0,0.3425,0,0.923784,0.99333,0,4.56248,0.3425,0,110987
556.0,0.616055,0.863008,0.0301949,0.863008,101325,104372,332.086,381.255,384.561,2.53289,0.000212571,1057.02,3184.16,0,0.324908,2.68776E-05,0.923784,0.993359,0,4.29082,0.324908,2.68776E-05,110964
558.0,0.615397,0.86571,0.0301787,0.86571,101325,104365,331.618,381.17,384.025,2.39868,0,1057.02,3175.12,0,0.307781,0,0.923784,0.993336,0,4.03169,0.307781,0,110982
560.0,0.614757,0.865673,0.0301636,0.865673,101325,104355,331.149,381.084,384.554,2.26804,0,1057.02,3166.07,0,0.291104,0,0.923784,0.993352,0,3.78452,0.291104,0,110967
562.0,0.614133,0.86644,0.0301496,0.86644,101325,104346,330.679,380.998,383.554,2.14084,0,1057.02,3157.02,0,0.274859,0,0.923784,0.993343,0,3.54876,0.274859,0,110973
564.0,0.613526,0.868703,0.0301345,0.868703,101325,104334,330.209,380.908,384.47,2.01696,0,1057.02,3147.98,0,0.259029,0,0.923784,0.993341,0,3.32389,0.259029,0,110970
566.0,0.615364,0.866666,0.0301483,0.866666,101325,104323,330.513,381.004,384.544,1.89627,0.231176,1057.02,3138.93,0,0.243483,0.0292549,0.923659,0.99337,100.988,3.10944,0.243483,0.0292549,110942
568.0,0.614754,0.868915,0.0301386,0.868915,101325,104316,330.043,380.962,384,2.26147,0,1057.02,3129.89,0,0.290461,0,0.923659,0.993352,0,3.7886,0.290461,0,110958
570.0,0.614132,0.869052,0.0301224,0.869052,101325,104307,329.573,380.875,384.539,2.1403,0,1057.02,3120.84,0,0.274978,0,0.923659,0.993366,0,3.55298,0.274978,0,110945
572.0,0.613525,0.868994,0.0301063,0.868994,101325,104299,329.102,380.784,384.537,2.01665,0,1057.02,3111.79,0,0.259168,0,0.923659,0.993376,0,3.32811,0.259168,0,110936
574.0,0.612934,0.869723,0.030091,0.869723,101325,104290,328.63,380.691,384.534,1.89611,0,1057.02,3102.75,0,0.243748,0,0.923659,0.993378,0,3.11365,0.243748,0,110933
576.0,0.612357,0.870454,0.0300747,0.870454,101325,104281,328.157,380.596,384.53,1.77864,0,1057.02,3093.7,0,0.228715,0,0.923659,0.99338,0,2.90913,0.228715,0,110929
578.0,0.611795,0.871177,0.0300574,0.871177,101325,104271,327.683,380.499,384.527,1.66413,0.0633476,1057.02,3084.66,0,0.214052,0.00802507,0.923659,0.993382,0,2.71413,0.214052,0.00802507,110925
580.0,0.611247,0.871867,0.0300398,0.871867,101325,104261,327.209,380.401,384.524,1.55247,0,1057.02,3075.61,0,0.199748,0,0.923659,0.993384,0,2.52825,0.199748,0,110921
582.0,0.610712,0.872559,0.0300216,0.872559,101325,104251,326.734,380.301,384.521,1.44355,0,1057.02,3066.57,0,0.185788,0,0.923659,0.993386,0,2.35109,0.185788,0,110916
584.0,0.61019,0.877027,0.0300031,0.877027,101325,104241,326.258,380.2,383.962,1.33728,0,1057.02,3057.52,0,0.172162,0,0.923659,0.993346,0,2.1823,0.172162,0,110945
586.0,0.609681,0.877305,0.0299829,0.877305,101325,104230,325.781,380.098,384.512,1.23356,0.886219,1057.02,3048.47,0,0.158856,0.112439,0.923659,0.993359,0,2.02154,0.158856,0.112439,110931
588.0,0.614594,0.874287,0.0300503,0.874287,101325,104225,327.083,380.553,384.512,1.13231,0.451194,1057.02,3039.43,0,0.145699,0.0571991,0.923333,0.993393,104.631,2.8155,0.145699,0.0571991,110903
590.0,0.614041,0.875756,0.0300406,0.875756,101325,104234,326.61,380.517,384.515,2.10856,0,1057.02,3030.38,0,0.271397,0,0.923333,0.993387,0,3.5316,0.271397,0,110924
592.0,0.61344,0.876534,0.0300185,0.876534,101325,104239,326.137,380.426,384.517,1.9987,0,1057.02,3021.34,0,0.257332,0,0.923333,0.993389,0,3.30847,0.257332,0,110934
594.0,0.612852,0.87839,0.0299953,0.87839,101325,104240,325.663,380.328,384.517,1.87915,0,1057.02,3012.29,0,0.24201,0,0.923333,0.99338,0,3.09538,0.24201,0,110949
596.0,0.61228,0.878859,0.0299704,0.878859,101325,104238,325.188,380.227,383.517,1.76248,0.18195,1057.02,3003.24,0,0.227051,0.0251328,0.923333,0.993373,0,2.89215,0.227051,0.0251328,110960
598.0,0.611722,0.881005,0.0299435,0.881005,101325,104232,324.712,380.123,384.377,1.64874,0,1057.02,2994.2,0,0.21246,0,0.923333,0.993371,0,2.69836,0.21246,0,110962
600.0,0.611177,0.879705,0.0299148,0.879705,101325,104221,324.236,380.018,384.511,1.53782,0.229032,1057.02,2985.15,0,0.198225,0.0290758,0.923333,0.993393,0,2.51361,0.198225,0.0290758,110941
602.0,0.610646,0.880449,0.0298848,0.880449,101325,104209,323.758,379.913,384.507,1.42962,0,1057.02,2976.11,0,0.184332,0,0.923333,0.993394,0,2.33753,0.184332,0,110934
604.0,0.610127,0.883008,0.0298535,0.883008,101325,104192,323.28,379.808,383.932,1.32404,0,1057.02,2967.06,0,0.170768,0,0.923333,0.993372,0,2.16974,0.170768,0,110943
606.0,0.609621,0.883462,0.0298206,0.883462,101325,104175,322.801,379.701,384.494,1.22099,0.161747,1057.02,2958.01,0,0.157523,0.0205519,0.923333,0.993383,0,2.00993,0.157523,0.0205519,110923
608.0,0.612104,0.882028,0.0298585,0.882028,101325,104165,323.325,380.01,383.492,1.12038,0,1057.02,2948.97,0,0.144497,0,0.923125,0.993389,0,2.83632,0.144497,0,110911
610.0,0.611586,0.884166,0.0298245,0.884166,101325,104157,322.847,379.913,384.333,1.61372,0,1057.02,2939.92,0,0.208184,0,0.923125,0.993387,0,2.65742,0.208184,0,110912
612.0,0.611046,0.882938,0.0298032,0.882938,101325,104151,322.369,379.911,384.487,1.51082,0,1057.02,2930.88,0,0.194966,0,0.923125,0.993408,0,2.47495,0.194966,0,110895
614.0,0.610519,0.883805,0.0297654,0.883805,101325,104150,321.891,379.81,384.487,1.40357,0,1057.02,2921.83,0,0.181178,0,0.923125,0.993409,0,2.3009,0.181178,0,110901
616.0,0.610004,0.885227,0.0297256,0.885227,101325,104143,321.411,379.705,383.487,1.29882,0,1057.02,2912.78,0,0.167706,0,0.923125,0.993392,0,2.13506,0.167706,0,110914
618.0,0.609502,0.887349,0.0296837,0.887349,101325,104132,320.931,379.599,384.314,1.19657,0.14655,1057.02,2903.74,0,0.154548,0.0189226,0.923125,0.99339,0,1.97709,0.154548,0.0189226,110912
620.0,0.610513,0.88577,0.0296636,0.88577,101325,104120,320.96,379.653,384.477,1.09673,0.120444,1057.02,2894.69,0,0.141651,0.0153112,0.923024,0.993415,62.4781,1.82669,0.141651,0.0153112,110886
622.0,0.610017,0.886313,0.0296183,0.886313,101325,104111,320.479,379.551,384.474,1.29773,0,1057.02,2885.65,0,0.167659,0,0.923024,0.993418,0,2.14153,0.167659,0,110882
624.0,0.609515,0.886888,0.0295714,0.886888,101325,104099,319.998,379.446,384.47,1.19911,0,1057.02,2876.6,0,0.154964,0,0.923024,0.993421,0,1.98342,0.154964,0,110874
626.0,0.609024,0.887441,0.0295226,0.887441,101325,104086,319.517,379.34,384.466,1.09936,0,1057.02,2867.56,0,0.142114,0,0.923024,0.993423,0,1.83282,0.142114,0,110865
628.0,0.608545,0.888071,0.0294726,0.888071,101325,104073,319.034,379.236,384.462,1.00189,0,1057.02,2858.51,0,0.129552,0,0.923024,0.993425,0,1.68949,0.129552,0,110857
630.0,0.608076,0.888523,0.0294196,0.888523,101325,104061,318.551,379.128,384.458,0.90666,0,1057.02,2849.46,0,0.117272,0,0.923024,0.993429,0,1.55316,0.117272,0,110848
632.0,0.607619,0.891902,0.0293645,0.891902,101325,104049,318.067,379.02,383.456,0.813591,0,1057.02,2840.42,0,0.105264,0,0.923024,0.993394,0,1.42357,0.105264,0,110872
634.0,0.607171,0.89399,0.0293075,0.89399,101325,104038,317.582,378.911,384.257,0.722606,0.598826,1057.02,2831.37,0,0.0935197,0.077604,0.923024,0.993392,0,1.30048,0.0935197,0.077604,110869
636.0,0.610688,0.892084,0.029303,0.892084,101325,104027,318.465,379.177,384.445,0.633634,0.592497,1057.02,2822.33,0,0.0819613,0.0754279,0.922673,0.993419,164.047,1.18366,0.0819613,0.0754279,110841
638.0,0.613533,0.890769,0.0293459,0.890769,101325,104035,319.127,379.463,384.449,1.33249,0,1057.02,2813.28,0,0.172291,0,0.922293,0.993435,0,3.37125,0.172291,0,110840
640.0,0.612988,0.891838,0.0292886,0.891838,101325,104044,318.648,379.375,384.452,1.89779,0,1057.02,2804.23,0,0.245453,0,0.922293,0.993433,0,3.17075,0.245453,0,110857
642.0,0.612416,0.892853,0.0292263,0.892853,101325,104050,318.168,379.276,384.454,1.78933,0,1057.02,2795.19,0,0.231493,0,0.922293,0.993432,0,2.9652,0.231493,0,110871
644.0,0.611859,0.89396,0.0291609,0.89396,101325,104056,317.687,379.171,384.455,1.67586,0,1057.02,2786.14,0,0.216875,0,0.922293,0.993429,0,2.76897,0.216875,0,110885
646.0,0.611315,0.895315,0.0290928,0.895315,101325,104058,317.205,379.061,384.456,1.56511,0.162526,1057.02,2777.1,0,0.202601,0.0207091,0.922293,0.993424,0,2.58183,0.202601,0.0207091,110897
648.0,0.610785,0.896138,0.0290226,0.896138,101325,104055,316.723,378.951,383.457,1.45707,0.0148959,1057.02,2768.05,0,0.18867,0.00206439,0.922293,0.993413,0,2.40341,0.18867,0.00206439,110910
650.0,0.610267,0.898176,0.0289499,0.898176,101325,104044,316.239,378.842,384.234,1.35164,0,1057.02,2759,0,0.175069,0,0.922293,0.993411,0,2.23333,0.175069,0,110908
652.0,0.609761,0.89829,0.0288753,0.89829,101325,104028,315.755,378.733,383.448,1.24874,0.179995,1057.02,2749.96,0,0.161788,0.0249536,0.922293,0.993408,0,2.07127,0.161788,0.0249536,110900
654.0,0.609267,0.900309,0.0287993,0.900309,101325,104008,315.271,378.626,384.218,1.14827,0,1057.02,2740.91,0,0.148814,0,0.922293,0.993405,0,1.91691,0.148814,0,110887
656.0,0.611351,0.898873,0.0287588,0.898873,101325,103986,315.684,378.778,384.432,1.05014,0.207828,1057.02,2731.87,0,0.136063,0.0265016,0.92203,0.993428,106.255,1.76993,0.136063,0.0265016,110853
658.0,0.61326,0.897712,0.0287966,0.897712,101325,103979,316.045,379.041,384.43,1.46419,0,1057.02,2722.82,0,0.189668,0,0.921727,0.993444,0,3.28115,0.189668,0,110837
660.0,0.612712,0.898624,0.0287183,0.898624,101325,103973,315.564,378.948,383.43,1.84347,0,1057.02,2713.77,0,0.238869,0,0.921727,0.993432,0,3.08112,0.238869,0,110847
662.0,0.612149,0.900621,0.0286367,0.900621,101325,103964,315.081,378.849,384.19,1.73454,0,1057.02,2704.73,0,0.224819,0,0.921727,0.99343,0,2.88001,0.224819,0,110846
664.0,0.6116,0.899675,0.0285739,0.899675,101325,103957,314.597,378.898,384.423,1.62272,0,1057.02,2695.68,0,0.210386,0,0.921727,0.993448,0,2.68807,0.210386,0,110830
666.0,0.611064,0.900347,0.0284872,0.900347,101325,103957,314.113,378.798,383.424,1.51358,0,1057.02,2686.64,0,0.196292,0,0.921727,0.993438,0,2.50502,0.196292,0,110844
668.0,0.610541,0.902335,0.0283986,0.902335,101325,103949,313.628,378.695,384.174,1.4071,0,1057.02,2677.59,0,0.182535,0,0.921727,0.993436,0,2.33049,0.182535,0,110845
670.0,0.61003,0.902459,0.0283078,0.902459,101325,103939,313.142,378.592,383.418,1.30318,0.222609,1057.02,2668.55,0,0.169103,0.0308858,0.921727,0.993433,0,2.16414,0.169103,0.0308858,110843
672.0,0.609531,0.904426,0.0282148,0.904426,101325,103925,312.656,378.49,384.162,1.20172,0,1057.02,2659.5,0,0.155982,0,0.921727,0.993431,0,2.00564,0.155982,0,110837
674.0,0.612278,0.903172,0.0281592,0.903172,101325,103910,313.316,378.666,384.407,1.10265,0.258634,1057.02,2650.45,0,0.143066,0.0330114,0.921321,0.993452,133.426,1.85467,0.143066,0.0330114,110809
676.0,0.611764,0.904321,0.0281117,0.904321,101325,103898,312.832,378.62,383.777,1.64831,0,1057.02,2641.41,0,0.213927,0,0.921321,0.993441,0,2.75109,0.213927,0,110812
678.0,0.611226,0.905301,0.0280166,0.905301,101325,103884,312.346,378.527,384.398,1.54625,0,1057.02,2632.36,0,0.200738,0,0.921321,0.993447,0,2.56547,0.200738,0,110801
680.0,0.612798,0.903507,0.0279966,0.903507,101325,103878,312.61,378.695,384.397,1.43926,0.0548962,1057.02,2623.32,0,0.186819,0.00700692,0.921032,0.99347,0,3.12326,0.186819,0.00700692,110781
682.0,0.612259,0.904363,0.0279055,0.904363,101325,103875,312.126,378.603,384.396,1.75176,0,1057.02,2614.27,0,0.227447,0,0.921032,0.993469,0,2.92926,0.227447,0,110784
684.0,0.611709,0.904829,0.0278024,0.904829,101325,103868,311.64,378.507,384.394,1.64463,0,1057.02,2605.22,0,0.213599,0,0.921032,0.993472,0,2.73549,0.213599,0,110781
686.0,0.611172,0.90559,0.0276968,0.90559,101325,103860,311.154,378.41,384.391,1.53534,0,1057.02,2596.18,0,0.199461,0,0.921032,0.993472,0,2.55058,0.199461,0,110778
688.0,0.610648,0.907861,0.0275889,0.907861,101325,103851,310.666,378.312,383.39,1.42864,0,1057.02,2587.13,0,0.185653,0,0.921032,0.993447,0,2.37424,0.185653,0,110796
690.0,0.610136,0.909813,0.027479,0.909813,101325,103841,310.178,378.214,384.107,1.32451,0.198567,1057.02,2578.09,0,0.172171,0.0260174,0.921032,0.993445,0,2.20613,0.172171,0.0260174,110794
692.0,0.609637,0.909229,0.0273823,0.909229,101325,103829,309.689,378.226,384.38,1.22286,0.228248,1057.02,2569.04,0,0.159002,0.0291733,0.921032,0.99346,0,2.04593,0.159002,0.0291733,110775
694.0,0.612282,0.907054,0.0273716,0.907054,101325,103829,310.337,378.516,384.381,1.12359,0,1057.02,2559.99,0,0.14604,0,0.920575,0.993482,0,2.94326,0.14604,0,110759
696.0,0.611768,0.907977,0.0272584,0.907977,101325,103829,309.85,378.429,384.38,1.64909,0,1057.02,2550.95,0,0.214403,0,0.920575,0.993481,0,2.76182,0.214403,0,110765
698.0,0.611231,0.90895,0.0271384,0.90895,101325,103822,309.362,378.338,384.378,1.54706,0,1057.02,2541.9,0,0.201196,0,0.920575,0.993479,0,2.57602,0.201196,0,110767
700.0,0.610707,0.910698,0.0270241,0.910698,101325,103813,308.874,378.247,383.73,1.44035,0,1057.02,2532.86,0,0.187371,0,0.920575,0.993463,0,2.39868,0.187371,0,110777
702.0,0.610194,0.9122,0.0269039,0.9122,101325,103803,308.384,378.154,384.37,1.33612,0.0480942,1057.02,2523.81,0,0.173862,0.00615193,0.920575,0.993464,0,2.22961,0.173862,0.00615193,110772
704.0,0.609694,0.910452,0.0267935,0.910452,101325,103795,307.894,378.151,384.369,1.23437,0,1057.02,2514.76,0,0.160668,0,0.920575,0.993486,0,2.06846,0.160668,0,110750
706.0,0.609206,0.910711,0.0266699,0.910711,101325,103787,307.403,378.059,384.367,1.13502,0,1057.02,2505.72,0,0.147778,0,0.920575,0.993491,0,1.91492,0.147778,0,110744
708.0,0.608729,0.911155,0.0265442,0.911155,101325,103774,306.911,377.967,384.362,1.03796,0,1057.02,2496.67,0,0.13518,0,0.920575,0.993493,0,1.76871,0.13518,0,110735
710.0,0.608262,0.911566,0.0264165,0.911566,101325,103760,306.419,377.875,384.358,0.943135,0,1057.02,2487.63,0,0.122865,0,0.920575,0.993496,0,1.62953,0.122865,0,110724
712.0,0.607806,0.911905,0.026287,0.911905,101325,103746,305.925,377.784,384.353,0.850454,0,1057.02,2478.58,0,0.110823,0,0.920575,0.9935,0,1.49712,0.110823,0,110713
714.0,0.60736,0.915387,0.0261559,0.915387,101325,103733,305.431,377.694,383.695,0.759845,0,1057.02,2469.53,0,0.0990441,0,0.920575,0.993468,0,1.37125,0.0990441,0,110733
716.0,0.606924,0.916768,0.0260231,0.916768,101325,103720,304.936,377.603,384.342,0.671235,0.64771,1057.02,2460.49,0,0.0875191,0.0829336,0.920575,0.993469,0,1.25168,0.0875191,0.0829336,110725
718.0,0.61024,0.914459,0.0259424,0.914459,101325,103711,305.833,377.935,384.341,0.584555,0.591117,1057.02,2451.44,0,0.0761776,0.0756352,0.920063,0.993496,93.1893,1.54793,0.0761776,0.0756352,110698
720.0,0.609783,0.913944,0.0258685,0.913944,101325,103716,305.34,377.898,384.343,1.24342,0,1057.02,2442.4,0,0.162085,0,0.920063,0.993506,0,2.10315,0.162085,0,110699
722.0,0.609295,0.915856,0.0257191,0.915856,101325,103714,304.847,377.817,383.344,1.15273,0,1057.02,2433.35,0,0.150306,0,0.920063,0.993485,0,1.94834,0.150306,0,110721
724.0,0.608816,0.917771,0.025569,0.917771,101325,103706,304.353,377.733,384.012,1.05561,0.0723153,1057.02,2424.31,0,0.137682,0.00953206,0.920063,0.993482,0,1.80072,0.137682,0.00953206,110721
726.0,0.608349,0.917609,0.0254179,0.917609,101325,103698,303.859,377.647,384.336,0.960616,0.126457,1057.02,2415.26,0,0.125328,0.0161931,0.920063,0.993493,0,1.66018,0.125328,0.0161931,110709
728.0,0.610986,0.917338,0.0253855,0.917338,101325,103695,304.526,377.951,384.336,0.867773,0,1057.02,2406.21,0,0.113171,0,0.919501,0.993502,0,2.50568,0.113171,0,110703
730.0,0.610506,0.917288,0.0252342,0.917288,101325,103691,304.033,377.873,384.335,1.39174,0,1057.02,2397.17,0,0.181556,0,0.919501,0.993509,0,2.34407,0.181556,0,110699
732.0,0.610001,0.919497,0.0250821,0.919497,101325,103684,303.54,377.793,383.664,1.29624,0,1057.02,2388.12,0,0.169146,0,0.919501,0.993488,0,2.17808,0.169146,0,110715
734.0,0.609507,0.9214,0.0249291,0.9214,101325,103676,303.045,377.711,384.316,1.19594,0.149765,1057.02,2379.08,0,0.156102,0.0192169,0.919501,0.993485,0,2.01974,0.156102,0.0192169,110716
736.0,0.609025,0.919705,0.0247844,0.919705,101325,103668,302.55,377.699,384.326,1.09789,0.216029,1057.02,2370.03,0,0.143345,0.027676,0.919501,0.993506,0,1.86887,0.143345,0.027676,110694
738.0,0.611024,0.919098,0.0247364,0.919098,101325,103665,302.989,377.895,384.326,1.00211,0,1057.02,2360.98,0,0.130805,0,0.919032,0.993517,0,2.52281,0.130805,0,110687
740.0,0.610536,0.921393,0.0245833,0.921393,101325,103659,302.495,377.818,383.649,1.3992,0,1057.02,2351.94,0,0.182691,0,0.919032,0.993496,0,2.35813,0.182691,0,110705
742.0,0.610031,0.923282,0.0244294,0.923282,101325,103648,302,377.74,384.291,1.30222,0,1057.02,2342.89,0,0.170076,0,0.919032,0.993492,0,2.19159,0.170076,0,110703
744.0,0.611971,0.921273,0.024306,0.921273,101325,103636,302.422,377.924,384.316,1.2019,0.285769,1057.02,2333.85,0,0.156935,0.0366228,0.918529,0.993516,99.2192,2.03273,0.156935,0.0366228,110675
746.0,0.61146,0.921888,0.0242287,0.921888,101325,103632,301.929,377.889,383.316,1.58729,0,1057.02,2324.8,0,0.207315,0,0.918529,0.993506,0,2.67728,0.207315,0,110685
748.0,0.610934,0.923765,0.0240727,0.923765,101325,103622,301.434,377.815,383.95,1.48584,0,1057.02,2315.75,0,0.19412,0,0.918529,0.993502,0,2.49607,0.19412,0,110684
750.0,0.61042,0.923938,0.0239161,0.923938,101325,103612,300.939,377.739,384.308,1.38129,0.0775641,1057.02,2306.71,0,0.180511,0.00994651,0.918529,0.993511,0,2.32311,0.180511,0.00994651,110671
752.0,0.612367,0.922441,0.0238709,0.922441,101325,103605,301.377,377.985,384.306,1.27916,0,1057.02,2297.66,0,0.167123,0,0.91798,0.99353,0,3.00362,0.167123,0,110653
754.0,0.611848,0.924604,0.0237137,0.924604,101325,103599,300.883,377.915,383.62,1.66604,0,1057.02,2288.62,0,0.21773,0,0.91798,0.99351,0,2.81759,0.21773,0,110670
756.0,0.611313,0.926469,0.0235556,0.926469,101325,103589,300.388,377.843,384.242,1.56283,0,1057.02,2279.57,0,0.2043,0,0.91798,0.993506,0,2.63004,0.2043,0,110668
758.0,0.61079,0.924965,0.0234089,0.924965,101325,103579,299.892,377.872,384.297,1.45655,0.3243,1057.02,2270.52,0,0.19046,0.0415949,0.91798,0.993526,0,2.45101,0.19046,0.0415949,110647
760.0,0.61028,0.924245,0.0232552,0.924245,101325,103575,299.395,377.853,384.296,1.35275,0,1057.02,2261.48,0,0.176937,0,0.91798,0.993538,0,2.28026,0.176937,0,110637
762.0,0.609782,0.92668,0.0230955,0.92668,101325,103567,298.897,377.781,383.604,1.25141,0,1057.02,2252.43,0,0.163729,0,0.91798,0.993515,0,2.11745,0.163729,0,110654
764.0,0.609295,0.928531,0.0229354,0.928531,101325,103554,298.399,377.71,384.215,1.15245,0.0732745,1057.02,2243.39,0,0.150824,0.00946819,0.91798,0.993512,0,1.96228,0.150824,0.00946819,110650
766.0,0.611175,0.926977,0.0228001,0.926977,101325,103540,298.989,377.866,384.284,1.05578,0.157779,1057.02,2234.34,0,0.138126,0.0202455,0.917532,0.993532,89.0657,1.86742,0.138126,0.0202455,110623
768.0,0.613417,0.92728,0.0228335,0.92728,101325,103537,299.546,378.157,384.283,1.42912,0,1057.02,2225.3,0,0.186909,0,0.916814,0.993535,0,3.40132,0.186909,0,110622
770.0,0.612876,0.926671,0.0226853,0.926671,101325,103539,299.051,378.209,384.284,1.8746,0,1057.02,2216.25,0,0.245241,0,0.916814,0.993546,0,3.19921,0.245241,0,110620
772.0,0.612317,0.927784,0.022524,0.927784,101325,103539,298.555,378.148,384.284,1.7672,0,1057.02,2207.2,0,0.231256,0,0.916814,0.993543,0,2.99449,0.231256,0,110628
774.0,0.611841,0.929303,0.0223615,0.929303,101325,103535,298.158,378.082,383.584,1.65618,0,1057.02,2198.16,0,0.216777,0,0.916814,0.993528,0,2.82335,0.216777,0,110642
776.0,0.611644,0.931134,0.0221981,0.931134,101325,103529,298.15,378.016,384.178,1.56152,0.0295915,1057.02,2189.11,0,0.204387,0.00383574,0.916814,0.993524,0,2.75296,0.204387,0.00383574,110645
778.0,0.61146,0.930153,0.022045,0.930153,101325,103520,298.15,378.048,384.277,1.52232,0.120483,1057.02,2180.07,0,0.199256,0.0154716,0.916814,0.993539,0,2.6879,0.199256,0.0154716,110627
780.0,0.611281,0.931422,0.0218812,0.931422,101325,103509,298.15,377.984,383.573,1.4858,0,1057.02,2171.02,0,0.194476,0,0.916814,0.993526,0,2.62493,0.194476,0,110633
782.0,0.611105,0.933243,0.0217169,0.933243,101325,103495,298.15,377.921,384.158,1.45017,0,1057.02,2161.97,0,0.189812,0,0.916814,0.993522,0,2.56392,0.189812,0,110627
784.0,0.614343,0.931735,0.0215843,0.931735,101325,103478,299.455,378.157,384.263,1.41538,0.275251,1057.02,2152.93,0,0.185121,0.0353572,0.915962,0.993542,137.943,2.50482,0.185121,0.0353572,110598
786.0,0.613791,0.930107,0.0215174,0.930107,101325,103471,298.961,378.272,384.262,2.0586,0,1057.02,2143.88,0,0.269325,0,0.915962,0.993561,0,3.54671,0.269325,0,110578
788.0,0.61321,0.930788,0.0213532,0.930788,101325,103470,298.466,378.219,384.261,1.94895,0,1057.02,2134.84,0,0.255051,0,0.915962,0.993561,0,3.32635,0.255051,0,110582
790.0,0.61277,0.93122,0.0211876,0.93122,101325,103462,298.154,378.162,384.259,1.83351,0,1057.02,2125.79,0,0.239987,0,0.915962,0.993563,0,3.16223,0.239987,0,110578
792.0,0.612554,0.931613,0.0210218,0.931613,101325,103452,298.15,378.103,384.255,1.74604,0,1057.02,2116.74,0,0.228538,0,0.915962,0.993565,0,3.08225,0.228538,0,110571
794.0,0.612348,0.93204,0.0208555,0.93204,101325,103441,298.15,378.045,384.252,1.70317,0,1057.02,2107.7,0,0.222927,0,0.915962,0.993567,0,3.00668,0.222927,0,110563
796.0,0.612148,0.93489,0.020689,0.93489,101325,103430,298.15,377.987,383.25,1.66232,0,1057.02,2098.65,0,0.21758,0,0.915962,0.993537,0,2.93357,0.21758,0,110583
798.0,0.611952,0.936683,0.020522,0.936683,101325,103416,298.15,377.93,383.815,1.62247,0.344461,1057.02,2089.61,0,0.212364,0.0459652,0.915962,0.993533,0,2.8628,0.212364,0.0459652,110577
800.0,0.611761,0.937671,0.0203548,0.937671,101325,103402,298.15,377.873,384.236,1.58358,0.449912,1057.02,2080.56,0,0.207273,0.0578754,0.915962,0.993534,0,2.7943,0.207273,0.0578754,110567
802.0,0.614516,0.93583,0.0202233,0.93583,101325,103389,299.146,378.172,384.233,1.54562,0.39828,1057.02,2071.51,0,0.20219,0.0512045,0.915288,0.993555,104.678,2.8579,0.20219,0.0512045,110540
804.0,0.617048,0.934073,0.0198571,0.934073,101325,103390,299.833,378.534,384.234,2.09305,0,1057.02,2062.47,0,0.273694,0,0.914413,0.993575,69.0319,4.1547,0.273694,0,110527
806.0,0.616419,0.934515,0.0197817,0.934515,101325,103402,299.342,378.521,384.239,2.59601,0,1057.02,2053.42,0,0.339557,0,0.914413,0.993577,0,4.60698,0.339557,0,110543
808.0,0.615866,0.935873,0.0196408,0.935873,101325,103405,298.885,378.608,384.239,2.47114,0,1057.02,2044.38,0,0.323308,0,0.914387,0.993571,3.8325,4.33885,0.323308,0,110556
810.0,0.615234,0.936338,0.0194856,0.936338,101325,103411,298.392,378.561,384.241,2.36132,0,1057.02,2035.33,0,0.309026,0,0.914387,0.993573,0,4.12051,0.309026,0,110566
812.0,0.614792,0.936765,0.0193294,0.936765,101325,103411,298.151,378.51,384.241,2.23563,0,1057.02,2026.29,0,0.292617,0,0.914387,0.993575,0,3.94313,0.292617,0,110569
814.0,0.614528,0.938349,0.019173,0.938349,101325,103405,298.15,378.458,383.514,2.1478,0,1057.02,2017.24,0,0.281121,0,0.914387,0.993558,0,3.83803,0.281121,0,110582
816.0,0.614274,0.940111,0.019016,0.940111,101325,103393,298.15,378.406,384.054,2.09546,0.287416,1057.02,2008.19,0,0.274271,0.0375875,0.914387,0.993555,0,3.73745,0.274271,0.0375875,110579
818.0,0.614026,0.939909,0.018859,0.939909,101325,103377,298.15,378.356,384.229,2.04492,0.400378,1057.02,1999.15,0,0.267656,0.0515259,0.914387,0.993563,0,3.64027,0.267656,0.0515259,110559
820.0,0.617944,0.939233,0.0188097,0.939233,101325,103363,299.568,378.644,383.227,1.99566,0.119696,1057.02,1990.1,0,0.260996,0.0167163,0.913087,0.993563,0,5.26244,0.260996,0.0167163,110550
822.0,0.617308,0.940975,0.0186532,0.940975,101325,103346,299.077,378.605,383.76,2.77406,0,1057.02,1981.06,0,0.362898,0,0.913087,0.993559,0,4.98723,0.362898,0,110541
824.0,0.616637,0.941999,0.0184963,0.941999,101325,103332,298.585,378.562,384.213,2.64769,0.0970491,1057.02,1972.01,0,0.346463,0.0124959,0.913087,0.993561,0,4.70212,0.346463,0.0124959,110530
826.0,0.616031,0.940395,0.0183554,0.940395,101325,103322,298.16,378.696,384.211,2.51444,0.0698075,1057.02,1962.96,0,0.329107,0.00898381,0.913087,0.993579,0,4.44908,0.329107,0.00898381,110508
828.0,0.616301,0.939523,0.0182109,0.939523,101325,103324,298.19,378.796,384.212,2.39403,0,1057.02,1953.92,0,0.313341,0,0.912903,0.993592,0,4.56184,0.313341,0,110504
830.0,0.616407,0.940149,0.0180564,0.940149,101325,103324,298.313,378.88,384.212,2.44764,0,1057.02,1944.87,0,0.320335,0,0.912799,0.993592,17.2965,4.42779,0.320335,0,110508
832.0,0.615998,0.940911,0.0178912,0.940911,101325,103323,298.15,378.841,384.212,2.4688,0,1057.02,1935.83,0,0.323134,0,0.912799,0.993591,0,4.43488,0.323134,0,110513
834.0,0.615704,0.942248,0.0177263,0.942248,101325,103315,298.15,378.802,383.471,2.38736,0,1057.02,1926.78,0,0.312474,0,0.912799,0.993577,0,4.31315,0.312474,0,110522
836.0,0.61542,0.943973,0.017562,0.943973,101325,103301,298.15,378.762,383.985,2.32907,0,1057.02,1917.73,0,0.304845,0,0.912799,0.993573,0,4.19629,0.304845,0,110516
838.0,0.615235,0.943403,0.0174081,0.943403,101325,103284,298.185,378.834,384.198,2.27258,0.24078,1057.02,1908.69,0,0.297446,0.0310081,0.912781,0.993586,3.76991,4.08347,0.297446,0.0310081,110493
840.0,0.61494,0.94239,0.0172473,0.94239,101325,103272,298.15,378.809,384.195,2.2359,0,1057.02,1899.64,0,0.29265,0,0.912781,0.993599,0,4.00141,0.29265,0,110473
842.0,0.614675,0.944263,0.0170854,0.944263,101325,103259,298.15,378.773,383.449,2.17721,0,1057.02,1890.6,0,0.284968,0,0.912781,0.99358,0,3.89514,0.284968,0,110483
844.0,0.614417,0.945973,0.0169239,0.945973,101325,103245,298.15,378.736,383.952,2.12454,0.0759275,1057.02,1881.55,0,0.278075,0.00998573,0.912781,0.993576,0,3.79262,0.278075,0.00998573,110476
846.0,0.614165,0.945933,0.0167682,0.945933,101325,103231,298.15,378.76,384.179,2.07327,0.201876,1057.02,1872.5,0,0.271365,0.0260137,0.912781,0.993584,0,3.69357,0.271365,0.0260137,110459
848.0,0.617284,0.944437,0.016404,0.944437,101325,103221,299.254,379.022,384.178,2.0233,0,1057.02,1863.46,0,0.264656,0,0.911988,0.993602,87.2556,4.07578,0.264656,0,110439
850.0,0.618867,0.943227,0.0164221,0.943227,101325,103223,299.608,379.235,384.179,2.64287,0,1057.02,1854.41,0,0.345628,0,0.911332,0.993617,0,5.67253,0.345628,0,110431
852.0,0.61818,0.945512,0.0162746,0.945512,101325,103229,299.117,379.209,384.18,2.9574,0,1057.02,1845.37,0,0.386869,0,0.911332,0.993603,0,5.36782,0.386869,0,110454
854.0,0.617486,0.945068,0.0161348,0.945068,101325,103231,298.626,379.273,384.18,2.82094,0,1057.02,1836.32,0,0.369122,0,0.911332,0.993613,0,5.06547,0.369122,0,110453
856.0,0.61683,0.945516,0.015987,0.945516,101325,103230,298.162,379.242,384.181,2.68305,0,1057.02,1827.27,0,0.351171,0,0.911332,0.993614,0,4.78508,0.351171,0,110456
858.0,0.616505,0.947371,0.0158392,0.947371,101325,103226,298.15,379.207,383.181,2.55278,0,1057.02,1818.23,0,0.334123,0,0.911332,0.993593,0,4.64661,0.334123,0,110475
860.0,0.616199,0.949049,0.0156917,0.949049,101325,103217,298.15,379.173,383.663,2.48809,0.271188,1057.02,1809.18,0,0.325656,0.0365322,0.911332,0.993589,0,4.51804,0.325656,0.0365322,110475
862.0,0.615902,0.950706,0.0155445,0.950706,101325,103206,298.15,379.139,384.142,2.42746,0.40309,1057.02,1800.14,0,0.31772,0.0521357,0.911332,0.993585,0,4.39403,0.31772,0.0521357,110472
864.0,0.618423,0.949327,0.0154113,0.949327,101325,103192,299.22,379.276,384.167,2.36844,0.537326,1057.02,1791.09,0,0.309806,0.0692881,0.910602,0.993601,113.362,4.27435,0.309806,0.0692881,110447
866.0,0.622044,0.947578,0.0154384,0.947578,101325,103184,300.365,379.621,384.166,2.86915,0.0589913,1057.02,1782.05,0,0.375054,0.00760342,0.909032,0.99362,0,7.15944,0.375054,0.00760342,110426
868.0,0.621293,0.947589,0.0152947,0.947589,101325,103187,299.878,379.608,384.167,3.58864,0,1057.02,1773,0,0.469236,0,0.909032,0.993625,0,6.79957,0.469236,0,110429
870.0,0.620514,0.948414,0.0151508,0.948414,101325,103187,299.39,379.586,384.167,3.43947,0,1057.02,1763.95,0,0.449855,0,0.909032,0.993623,0,6.4324,0.449855,0,110434
872.0,0.619756,0.948764,0.0150063,0.948764,101325,103186,298.9,379.557,384.167,3.28468,0,1057.02,1754.91,0,0.429729,0,0.909032,0.993625,0,6.08174,0.429729,0,110437
874.0,0.619019,0.949281,0.0148625,0.949281,101325,103186,298.41,379.526,384.166,3.13412,0,1057.02,1745.86,0,0.410146,0,0.909032,0.993626,0,5.74706,0.410146,0,110440
876.0,0.618464,0.952571,0.0147194,0.952571,101325,103182,298.151,379.494,383.398,2.98774,0,1057.02,1736.82,0,0.391048,0,0.909032,0.993594,0,5.49825,0.391048,0,110470
878.0,0.618105,0.954212,0.0145771,0.954212,101325,103173,298.15,379.463,383.855,2.87744,0.520238,1057.02,1727.77,0,0.376612,0.0689674,0.909032,0.99359,0,5.33803,0.376612,0.0689674,110469
880.0,0.617757,0.954833,0.0144356,0.954833,101325,103159,298.15,379.434,384.156,2.806,0.848466,1057.02,1718.72,0,0.367261,0.109554,0.909032,0.993592,0,5.18477,0.367261,0.109554,110456
882.0,0.617419,0.953814,0.0143011,0.953814,101325,103143,298.15,379.495,384.151,2.73699,0.972704,1057.02,1709.68,0,0.358229,0.125559,0.909032,0.993605,0,5.03707,0.358229,0.125559,110432
884.0,0.618046,0.952208,0.0142571,0.952208,101325,103130,298.402,379.841,384.147,2.66984,0.768865,1057.02,1700.63,0,0.349389,0.099204,0.908707,0.993622,25.5145,5.03203,0.349389,0.099204,110407
886.0,0.619488,0.950905,0.0139391,0.950905,101325,103130,298.726,380.059,384.148,2.79432,0.447657,1057.02,1691.59,0,0.365611,0.0577407,0.908037,0.993637,49.8355,5.3962,0.365611,0.0577407,110397
888.0,0.618929,0.953167,0.0135993,0.953167,101325,103136,298.291,380.056,384.148,3.08085,0.186975,1057.02,1682.54,0,0.403201,0.0241326,0.907992,0.993623,2.47843,5.67792,0.403201,0.0241326,110421
890.0,0.618523,0.952467,0.0134763,0.952467,101325,103144,298.163,380.048,384.152,2.96983,0.639406,1057.02,1673.49,0,0.3887,0.082508,0.90797,0.993634,1.18516,5.5102,0.3887,0.082508,110423
892.0,0.618178,0.954075,0.0133523,0.954075,101325,103145,298.154,380.022,383.154,2.88909,0.499421,1057.02,1664.45,0,0.378134,0.0699412,0.907962,0.993614,0.363242,5.36537,0.378134,0.0699412,110446
894.0,0.617827,0.955647,0.0132289,0.955647,101325,103136,298.15,379.997,383.592,2.82052,0.820961,1057.02,1655.4,0,0.369159,0.111139,0.907962,0.993611,0,5.21451,0.369159,0.111139,110444
896.0,0.617487,0.957196,0.0131064,0.957196,101325,103121,298.15,379.972,384.027,2.75091,1.1355,1057.02,1646.36,0,0.360049,0.148206,0.907962,0.993607,0,5.06572,0.360049,0.148206,110437
898.0,0.617157,0.956697,0.0129849,0.956697,101325,103102,298.15,379.949,384.137,2.68338,1.44521,1057.02,1637.31,0,0.35121,0.186671,0.907962,0.993616,0,4.92228,0.35121,0.186671,110414
900.0,0.617706,0.955279,0.0126857,0.955279,101325,103085,298.304,380.119,384.132,2.61764,1.34545,1057.02,1628.26,0,0.342576,0.173717,0.9077,0.993631,7.47931,5.07978,0.342576,0.173717,110386
902.0,0.622847,0.953734,0.012648,0.953734,101325,103077,300.108,380.38,384.13,2.72687,1.06187,1057.02,1619.22,0,0.356501,0.137047,0.905681,0.993648,0,7.55282,0.356501,0.137047,110366
904.0,0.622091,0.955528,0.0125388,0.955528,101325,103078,299.622,380.371,383.131,3.74818,0.752912,1057.02,1610.17,0,0.49016,0.105456,0.905681,0.993627,0,7.18399,0.49016,0.105456,110390
906.0,0.62129,0.957057,0.0124299,0.957057,101325,103070,299.134,380.356,383.555,3.59798,1.11169,1057.02,1601.13,0,0.470648,0.150709,0.905681,0.993624,0,6.7995,0.470648,0.150709,110390
908.0,0.620511,0.95856,0.0123206,0.95856,101325,103065,298.645,380.338,383.974,3.43882,1.41745,1057.02,1592.08,0,0.449953,0.185588,0.905681,0.99362,0,6.43226,0.449953,0.185588,110392
910.0,0.619759,0.958458,0.0122113,0.958458,101325,103060,298.163,380.317,384.123,3.28403,1.71799,1057.02,1583.04,0,0.429816,0.221983,0.905681,0.993626,0,6.08443,0.429816,0.221983,110385
912.0,0.619354,0.957238,0.0121051,0.957238,101325,103055,298.15,380.34,384.122,3.13473,1.69758,1057.02,1573.99,0,0.410279,0.219276,0.905681,0.99364,0,5.89785,0.410279,0.219276,110371
914.0,0.61992,0.956023,0.0120074,0.956023,101325,103052,298.51,380.486,384.122,3.05423,1.45371,1057.02,1564.94,0,0.399661,0.187716,0.90544,0.993654,38.2082,5.72401,0.399661,0.187716,110358
916.0,0.619289,0.956147,0.0117184,0.956147,101325,103048,298.156,380.477,384.12,3.16668,1.21057,1057.02,1555.9,0,0.414459,0.156324,0.90544,0.993657,0,5.86784,0.414459,0.156324,110355
918.0,0.618903,0.958313,0.011621,0.958313,101325,103036,298.15,380.459,383.119,3.04135,1.23545,1057.02,1546.85,0,0.398056,0.173102,0.90544,0.993632,0,5.69208,0.398056,0.173102,110370
920.0,0.618534,0.959776,0.0115239,0.959776,101325,103018,298.15,380.441,383.525,2.96461,1.6686,1057.02,1537.81,0,0.388014,0.226547,0.90544,0.993629,0,5.52586,0.388014,0.226547,110359
922.0,0.618175,0.96121,0.0114272,0.96121,101325,103001,298.15,380.424,383.927,2.89133,1.96137,1057.02,1528.76,0,0.378422,0.257514,0.90544,0.993625,0,5.36576,0.378422,0.257514,110349
924.0,0.617826,0.961107,0.011331,0.961107,101325,102985,298.15,380.407,384.097,2.82003,2.24802,1057.02,1519.71,0,0.369091,0.290638,0.90544,0.993631,0,5.21148,0.369091,0.290638,110331
926.0,0.61758,0.959906,0.0112413,0.959906,101325,102972,298.186,380.496,384.094,2.75066,2.22757,1057.02,1510.67,0,0.360003,0.287879,0.905422,0.993644,3.82976,5.06279,0.360003,0.287879,110309
928.0,0.620003,0.958685,0.0112052,0.958685,101325,102966,299.032,380.674,384.092,2.70177,1.98719,1057.02,1501.62,0,0.353434,0.256731,0.904713,0.993658,46.4218,5.66595,0.353434,0.256731,110293
930.0,0.622234,0.957555,0.0110475,0.957555,101325,102969,299.658,380.862,384.094,3.18327,1.74303,1057.02,1492.58,0,0.416271,0.225124,0.90382,0.993671,64.258,6.48007,0.416271,0.225124,110287
932.0,0.621463,0.957807,0.0110047,0.957807,101325,102978,299.17,380.864,384.097,3.62642,1.51702,1057.02,1483.53,0,0.474353,0.19595,0.90382,0.993673,0,6.88003,0.474353,0.19595,110298
934.0,0.620679,0.958693,0.0109169,0.958693,101325,102980,298.681,380.853,384.097,3.47317,1.56752,1057.02,1474.48,0,0.454433,0.202518,0.90382,0.99367,0,6.50935,0.454433,0.202518,110307
936.0,0.619917,0.958814,0.0108279,0.958814,101325,102978,298.191,380.838,384.097,3.3175,1.74472,1057.02,1465.44,0,0.434186,0.225418,0.90382,0.993673,0,6.15543,0.434186,0.225418,110306
938.0,0.619488,0.959424,0.010739,0.959424,101325,102974,298.15,380.821,384.096,3.16613,1.76878,1057.02,1456.39,0,0.414385,0.228559,0.90382,0.993672,0,5.95737,0.414385,0.228559,110307
940.0,0.619103,0.962596,0.0106506,0.962596,101325,102966,298.15,380.803,383.286,3.08089,1.89083,1057.02,1447.35,0,0.403228,0.261334,0.90382,0.99364,0,5.78117,0.403228,0.261334,110332
942.0,0.618729,0.963963,0.0105628,0.963963,101325,102956,298.15,380.787,383.664,3.00436,2.5253,1057.02,1438.3,0,0.393212,0.338717,0.90382,0.993636,0,5.61169,0.393212,0.338717,110327
944.0,0.618365,0.965288,0.0104757,0.965288,101325,102942,298.15,380.771,384.038,2.93001,2.79878,1057.02,1429.25,0,0.383481,0.363603,0.90382,0.993633,0,5.44843,0.383481,0.363603,110320
946.0,0.61801,0.964413,0.0103912,0.964413,101325,102928,298.15,380.774,384.078,2.85767,3.06375,1057.02,1420.21,0,0.374014,0.396354,0.90382,0.993643,0,5.29114,0.374014,0.396354,110298
948.0,0.617666,0.963853,0.0103093,0.963853,101325,102913,298.15,380.812,384.073,2.78729,2.8887,1057.02,1411.16,0,0.364801,0.373644,0.90382,0.99365,0,5.13955,0.364801,0.373644,110280
950.0,0.622902,0.962305,0.0102811,0.962305,101325,102905,300.101,381.067,384.071,2.71879,2.77672,1057.02,1402.12,0,0.355438,0.359013,0.90189,0.993665,0,7.57482,0.355438,0.359013,110260
952.0,0.622307,0.961213,0.0102056,0.961213,101325,102909,299.675,381.183,384.073,3.75909,2.4671,1057.02,1393.07,0,0.491561,0.318897,0.90184,0.993678,6.46371,7.20564,0.491561,0.318897,110256
954.0,0.621588,0.960787,0.0100923,0.960787,101325,102926,299.22,381.241,384.08,3.64101,2.24875,1057.02,1384.03,0,0.476243,0.290651,0.901813,0.993685,0,6.93779,0.476243,0.290651,110269
956.0,0.620802,0.961583,0.0100071,0.961583,101325,102939,298.732,381.231,384.084,3.49817,2.16342,1057.02,1374.98,0,0.457686,0.279685,0.901813,0.993682,0,6.56482,0.457686,0.279685,110288
958.0,0.620037,0.962748,0.00992381,0.962748,101325,102944,298.242,381.232,384.085,3.34193,2.32264,1057.02,1365.93,0,0.437366,0.300361,0.901813,0.993676,0,6.20842,0.437366,0.300361,110302
960.0,0.61957,0.963824,0.00984012,0.963824,101325,102945,298.15,381.215,384.085,3.1899,2.55573,1057.02,1356.89,0,0.417491,0.330617,0.901813,0.993671,0,5.99257,0.417491,0.330617,110311
962.0,0.619182,0.962967,0.00975866,0.962967,101325,102939,298.15,381.211,384.084,3.09706,2.77095,1057.02,1347.84,0,0.40534,0.358351,0.901813,0.993681,0,5.81482,0.40534,0.358351,110299
964.0,0.618805,0.96321,0.00967762,0.96321,101325,102926,298.15,381.196,384.079,3.01999,2.59954,1057.02,1338.8,0,0.395253,0.336194,0.901813,0.993682,0,5.64408,0.395253,0.336194,110287
966.0,0.618439,0.962791,0.00960032,0.962791,101325,102906,298.15,381.226,384.073,2.94521,2.64815,1057.02,1329.75,0,0.385466,0.342432,0.901813,0.993689,0,5.47962,0.385466,0.342432,110265
968.0,0.618083,0.962626,0.00952192,0.962626,101325,102886,298.15,381.215,384.066,2.87246,2.56421,1057.02,1320.7,0,0.375945,0.33155,0.901813,0.993694,0,5.32117,0.375945,0.33155,110244
970.0,0.617736,0.962503,0.0094467,0.962503,101325,102868,298.15,381.236,384.06,2.80168,2.5312,1057.02,1311.66,0,0.366681,0.327259,0.901813,0.993698,0,5.16848,0.366681,0.327259,110224
972.0,0.617399,0.962489,0.00937236,0.962489,101325,102852,298.15,381.253,384.055,2.73279,2.50675,1057.02,1302.61,0,0.357665,0.324086,0.901813,0.993702,0,5.02131,0.357665,0.324086,110208
974.0,0.622127,0.96252,0.00930386,0.96252,101325,102837,300.067,381.373,384.05,2.66574,2.50381,1057.02,1293.57,0,0.348508,0.323699,0.900316,0.993705,202.309,4.87942,0.348508,0.323699,110194
976.0,0.621387,0.962684,0.0092675,0.962684,101325,102829,299.58,381.374,384.047,3.60522,2.51011,1057.02,1284.52,0,0.471461,0.324521,0.900316,0.993707,0,6.83592,0.471461,0.324521,110187
978.0,0.620606,0.962918,0.00919489,0.962918,101325,102822,299.091,381.369,384.045,3.45814,2.54283,1057.02,1275.47,0,0.452353,0.328766,0.900316,0.993709,0,6.46743,0.452353,0.328766,110182
980.0,0.619846,0.965843,0.00912324,0.965843,101325,102817,298.602,381.361,383.044,3.30294,2.58967,1057.02,1266.43,0,0.432172,0.363284,0.900316,0.993677,0,6.11545,0.432172,0.363284,110210
982.0,0.619142,0.967054,0.00905261,0.967054,101325,102813,298.161,381.35,383.374,3.15196,3.17473,1057.02,1257.38,0,0.41252,0.434366,0.900316,0.993674,0,5.79484,0.41252,0.434366,110211
984.0,0.618755,0.968226,0.00898318,0.968226,101325,102810,298.15,381.337,383.7,3.01202,3.41701,1057.02,1248.34,0,0.394207,0.455438,0.900316,0.993671,0,5.61987,0.394207,0.455438,110213
986.0,0.61839,0.969381,0.00891487,0.969381,101325,102805,298.15,381.325,384.023,2.93524,3.65124,1057.02,1239.29,0,0.384159,0.473431,0.900316,0.993667,0,5.45623,0.384159,0.473431,110215
988.0,0.618035,0.968508,0.00884934,0.968508,101325,102799,298.15,381.34,384.035,2.86274,3.88238,1057.02,1230.24,0,0.37467,0.50264,0.900316,0.993677,0,5.29862,0.37467,0.50264,110202
990.0,0.618267,0.967524,0.00878884,0.967524,101325,102792,298.364,381.439,384.033,2.79222,3.70775,1057.02,1221.2,0,0.365395,0.479906,0.900193,0.993687,22.8337,5.15314,0.365395,0.479906,110187
992.0,0.619694,0.966578,0.00861874,0.966578,101325,102787,298.711,381.566,384.032,2.83816,3.5109,1057.02,1212.15,0,0.371334,0.454314,0.899678,0.993698,43.5059,5.55484,0.371334,0.454314,110175
994.0,0.620938,0.965663,0.00862454,0.965663,101325,102787,298.965,381.692,384.033,3.1217,3.32167,1057.02,1203.11,0,0.40837,0.429728,0.899109,0.993708,37.8665,6.18152,0.40837,0.429728,110168
996.0,0.620848,0.96521,0.0084592,0.96521,101325,102796,298.727,381.754,384.036,3.36896,3.13879,1057.02,1194.06,0,0.440774,0.40603,0.898903,0.993714,0,6.58304,0.440774,0.40603,110174
998.0,0.620089,0.968733,0.00840385,0.968733,101325,102803,298.238,381.748,384.037,3.35105,3.04814,1057.02,1185.01,0,0.438553,0.394687,0.898903,0.993689,0,6.22957,0.438553,0.394687,110208
1000.0,0.619624,0.967887,0.00834937,0.967887,101325,102806,298.15,381.738,384.039,3.20034,3.75272,1057.02,1175.97,0,0.418851,0.485782,0.898903,0.993699,0,6.01423,0.418851,0.485782,110204
1002.0,0.619234,0.966994,0.00829735,0.966994,101325,102805,298.15,381.757,384.039,3.10781,3.58347,1057.02,1166.92,0,0.406741,0.463769,0.898903,0.993709,0,5.83567,0.406741,0.463769,110196
1004.0,0.618857,0.966948,0.00824525,0.966948,101325,102802,298.15,381.745,384.038,3.03046,3.40493,1057.02,1157.88,0,0.396617,0.440654,0.898903,0.993712,0,5.66413,0.396617,0.440654,110192
1006.0,0.618489,0.96691,0.00819443,0.96691,101325,102791,298.15,381.733,384.034,2.95539,3.3958,1057.02,1148.83,0,0.386793,0.439458,0.898903,0.993715,0,5.49891,0.386793,0.439458,110182
1008.0,0.618131,0.966789,0.00814504,0.966789,101325,102776,298.15,381.724,384.029,2.88237,3.38812,1057.02,1139.79,0,0.377236,0.438438,0.898903,0.993719,0,5.33974,0.377236,0.438438,110166
1010.0,0.617783,0.966674,0.00809841,0.966674,101325,102760,298.15,381.752,384.024,2.81132,3.36385,1057.02,1130.74,0,0.367937,0.435271,0.898903,0.993723,0,5.18636,0.367937,0.435271,110149
1012.0,0.617445,0.966643,0.00805253,0.966643,101325,102745,298.15,381.767,384.019,2.74217,3.34101,1057.02,1121.69,0,0.358887,0.432298,0.898903,0.993726,0,5.03852,0.358887,0.432298,110134
1014.0,0.61759,0.96658,0.00800887,0.96658,101325,102732,298.331,381.807,384.015,2.67487,3.33476,1057.02,1112.65,0,0.350043,0.431471,0.898803,0.993729,19.322,4.89599,0.350043,0.431471,110120
1016.0,0.617138,0.966637,0.00796521,0.966637,101325,102722,298.151,381.817,384.011,2.70384,3.32203,1057.02,1103.6,0,0.353869,0.429822,0.898803,0.993731,0,4.90576,0.353869,0.429822,110110
1018.0,0.616815,0.966731,0.00792298,0.966731,101325,102713,298.15,381.832,384.008,2.61392,3.33361,1057.02,1094.56,0,0.342101,0.431321,0.898803,0.993733,0,4.76724,0.342101,0.431321,110102
1020.0,0.618894,0.966842,0.00788323,0.966842,101325,102704,299.06,381.878,384.005,2.54968,3.35226,1057.02,1085.51,0,0.333521,0.433739,0.898235,0.993735,96.7077,4.63437,0.333521,0.433739,110094
1022.0,0.618212,0.970084,0.00786283,0.970084,101325,102696,298.569,381.876,383.146,2.96277,3.37454,1057.02,1076.46,0,0.387664,0.468654,0.898235,0.993703,0,5.37243,0.387664,0.468654,110120
1024.0,0.617575,0.971121,0.00782274,0.971121,101325,102688,298.159,381.869,383.425,2.82741,4.02289,1057.02,1067.42,0,0.370039,0.546749,0.898235,0.9937,0,5.09453,0.370039,0.546749,110117
1026.0,0.617232,0.972114,0.00778382,0.972114,101325,102681,298.15,381.862,383.7,2.70076,4.23035,1057.02,1058.37,0,0.353466,0.56218,0.898235,0.993697,0,4.94587,0.353466,0.56218,110115
1028.0,0.616908,0.973093,0.00774607,0.973093,101325,102674,298.15,381.853,383.972,2.63265,4.42894,1057.02,1049.33,0,0.344551,0.574973,0.898235,0.993694,0,4.8066,0.344551,0.574973,110113
1030.0,0.616592,0.972407,0.00770948,0.972407,101325,102668,298.15,381.844,383.991,2.56823,4.62486,1057.02,1040.28,0,0.336121,0.59919,0.898235,0.993702,0,4.67233,0.336121,0.59919,110101
1032.0,0.616285,0.971592,0.00767548,0.971592,101325,102662,298.15,381.871,383.989,2.50553,4.48757,1057.02,1031.23,0,0.327915,0.581277,0.898235,0.99371,0,4.54281,0.327915,0.581277,110089
1034.0,0.617621,0.970796,0.00764441,0.970796,101325,102657,298.594,381.943,383.988,2.44447,4.32461,1057.02,1022.19,0,0.319843,0.56005,0.897849,0.993718,45.0605,4.63678,0.319843,0.56005,110077
1036.0,0.619053,0.970024,0.00734509,0.970024,101325,102654,298.9,382.031,383.988,2.70986,4.16536,1057.02,1013.14,0,0.354504,0.53932,0.897303,0.993727,42.6049,5.27491,0.354504,0.53932,110069
1038.0,0.620063,0.969278,0.00715774,0.969278,101325,102657,299.059,382.119,383.989,2.99447,4.01095,1057.02,1004.1,0,0.391701,0.519232,0.896789,0.993735,32.1817,5.83974,0.391701,0.519232,110066
1040.0,0.623008,0.968835,0.00701781,0.968835,101325,102667,299.972,382.203,383.993,3.19518,3.86165,1057.02,995.051,0,0.417735,0.499859,0.895365,0.993741,0,7.61979,0.417735,0.499859,110073
1042.0,0.622224,0.969108,0.00701049,0.969108,101325,102678,299.485,382.205,383.997,3.7803,3.77311,1057.02,986.005,0,0.494369,0.488443,0.895365,0.993741,0,7.23612,0.494369,0.488443,110086
1044.0,0.621419,0.971446,0.00700287,0.971446,101325,102687,298.998,382.199,383.998,3.62434,3.82779,1057.02,976.959,0,0.474106,0.495857,0.895365,0.993725,0,6.8494,0.474106,0.495857,110113
1046.0,0.620636,0.970778,0.00699513,0.970778,101325,102694,298.509,382.188,384.002,3.46446,4.29529,1057.02,967.913,0,0.453317,0.556291,0.895365,0.993733,0,6.48017,0.453317,0.556291,110114
1048.0,0.619972,0.972338,0.00698772,0.972338,101325,102698,298.156,382.182,384.003,3.30903,4.16169,1057.02,958.867,0,0.433066,0.539204,0.895365,0.993723,0,6.17114,0.433066,0.539204,110131
1050.0,0.619566,0.971811,0.0069803,0.971811,101325,102696,298.15,382.169,384.002,3.17691,4.47372,1057.02,949.821,0,0.415777,0.579552,0.895365,0.993729,0,5.9839,0.415777,0.579552,110124
1052.0,0.619738,0.972177,0.00697824,0.972177,101325,102687,298.185,382.206,383.001,3.09644,4.36837,1057.02,940.775,0,0.405236,0.613444,0.895152,0.993717,0,6.06236,0.405236,0.613444,110128
1054.0,0.619329,0.973053,0.00697145,0.973053,101325,102672,298.15,382.196,383.244,3.13046,4.44149,1057.02,931.729,0,0.409697,0.612244,0.895152,0.993715,0,5.87466,0.409697,0.612244,110117
1056.0,0.618948,0.973924,0.00696504,0.973924,101325,102654,298.15,382.187,383.484,3.04921,4.61682,1057.02,922.683,0,0.399063,0.624297,0.895152,0.993712,0,5.70154,0.399063,0.624297,110104
1058.0,0.618578,0.974782,0.00695902,0.974782,101325,102636,298.15,382.179,383.721,2.97358,4.79098,1057.02,913.637,0,0.389166,0.635108,0.895152,0.993709,0,5.53491,0.389166,0.635108,110089
1060.0,0.618218,0.975629,0.0069534,0.975629,101325,102618,298.15,382.171,383.955,2.90007,4.96267,1057.02,904.592,0,0.379544,0.644516,0.895152,0.993707,0,5.37439,0.379544,0.644516,110076
1062.0,0.617868,0.975165,0.00694821,0.975165,101325,102603,298.15,382.163,383.968,2.82854,5.13204,1057.02,895.546,0,0.370183,0.665317,0.895152,0.993712,0,5.21972,0.370183,0.665317,110058
1064.0,0.617527,0.974447,0.00694346,0.974447,101325,102591,298.15,382.155,383.965,2.75893,5.03923,1057.02,886.5,0,0.361073,0.653104,0.895152,0.993719,0,5.07065,0.361073,0.653104,110039
1066.0,0.617195,0.97375,0.00693964,0.97375,101325,102581,298.15,382.161,383.962,2.69118,4.89563,1057.02,877.454,0,0.352207,0.634369,0.895152,0.993726,0,4.92694,0.352207,0.634369,110024
1068.0,0.616872,0.973061,0.00693778,0.973061,101325,102573,298.15,382.208,383.96,2.62524,4.75613,1057.02,868.408,0,0.343576,0.616177,0.895152,0.993733,0,4.78837,0.343576,0.616177,110012
1070.0,0.616696,0.972416,0.00693653,0.972416,101325,102569,298.203,382.258,383.959,2.56104,4.6183,1057.02,859.362,0,0.335164,0.598219,0.895125,0.993739,5.66695,4.65473,0.335164,0.598219,110003
1072.0,0.616971,0.971792,0.00693584,0.971792,101325,102569,298.319,382.311,383.959,2.52616,4.4893,1057.02,850.316,0,0.330578,0.581417,0.894982,0.993746,17.4177,4.64811,0.330578,0.581417,109997
1074.0,0.617467,0.97119,0.00680496,0.97119,101325,102572,298.331,382.366,383.96,2.58075,4.36463,1057.02,841.27,0,0.337719,0.565188,0.894718,0.993753,0,5.04308,0.337719,0.565188,109996
1076.0,0.617822,0.970605,0.00681027,0.970605,101325,102577,298.284,382.415,383.963,2.67924,4.24407,1057.02,832.224,0,0.350616,0.549502,0.894471,0.99376,10.119,5.08899,0.350616,0.549502,109997
1078.0,0.617398,0.971842,0.00681364,0.971842,101325,102583,298.15,382.411,383.964,2.74988,4.12715,1057.02,823.178,0,0.359887,0.534535,0.894471,0.993752,0,5.01426,0.359887,0.534535,110012
1080.0,0.617069,0.971285,0.00681754,0.971285,101325,102584,298.15,382.412,383.965,2.66568,4.37461,1057.02,814.132,0,0.348868,0.566507,0.894471,0.993759,0,4.87205,0.348868,0.566507,110008
1082.0,0.616749,0.972849,0.00682212,0.972849,101325,102582,298.15,382.418,382.965,2.60017,4.26325,1057.02,805.086,0,0.340294,0.598665,0.894471,0.993738,0,4.73542,0.340294,0.598665,110029
1084.0,0.616437,0.973633,0.00682637,0.973633,101325,102574,298.15,382.409,383.172,2.53663,4.57592,1057.02,796.041,0,0.331978,0.632593,0.894471,0.993736,0,4.60365,0.331978,0.632593,110025
1086.0,0.616134,0.974394,0.00683102,0.974394,101325,102564,298.15,382.401,383.377,2.47475,4.73281,1057.02,786.995,0,0.32388,0.643847,0.894471,0.993734,0,4.47653,0.32388,0.643847,110018
1088.0,0.615839,0.975143,0.00683608,0.975143,101325,102552,298.15,382.392,383.579,2.4145,4.88506,1057.02,777.949,0,0.315995,0.653692,0.894471,0.993732,0,4.35386,0.315995,0.653692,110010
1090.0,0.615551,0.975874,0.00684156,0.975874,101325,102539,298.15,382.384,383.778,2.35581,5.03477,1057.02,768.903,0,0.308314,0.662403,0.894471,0.993729,0,4.23547,0.308314,0.662403,110000
1092.0,0.615271,0.97653,0.00684746,0.97653,101325,102526,298.15,382.376,383.942,2.29864,5.18091,1057.02,759.857,0,0.300831,0.671776,0.894471,0.993727,0,4.12118,0.300831,0.671776,109991
1094.0,0.614997,0.975926,0.00685377,0.975926,101325,102514,298.15,382.369,383.939,2.24294,5.31223,1057.02,750.811,0,0.293541,0.688682,0.894471,0.993734,0,4.01084,0.293541,0.688682,109975
1096.0,0.614731,0.97546,0.00686048,0.97546,101325,102505,298.15,382.361,383.936,2.18866,5.19142,1057.02,741.765,0,0.286438,0.67288,0.894471,0.993739,0,3.90427,0.286438,0.67288,109961
1098.0,0.614472,0.974897,0.00686776,0.974897,101325,102497,298.15,382.358,383.934,2.13576,5.09821,1057.02,732.719,0,0.279516,0.660694,0.894471,0.993744,0,3.80134,0.279516,0.660694,109949
1100.0,0.614219,0.974347,0.00687598,0.974347,101325,102490,298.15,382.368,383.932,2.08421,4.98564,1057.02,723.673,0,0.272768,0.646008,0.894471,0.99375,0,3.70189,0.272768,0.646008,109938
1102.0,0.615365,0.973818,0.00674502,0.973818,101325,102486,298.504,382.41,383.931,2.03396,4.87555,1057.02,714.627,0,0.266138,0.631655,0.894178,0.993756,0,4.15745,0.266138,0.631655,109930
1104.0,0.614865,0.973314,0.00675942,0.973314,101325,102484,298.156,382.422,383.93,2.26159,4.76978,1057.02,705.581,0,0.295982,0.617871,0.894178,0.993761,0,3.95754,0.295982,0.617871,109924
1106.0,0.616959,0.972827,0.00676852,0.972827,101325,102483,298.876,382.481,383.93,2.16239,4.6689,1057.02,696.535,0,0.282882,0.604728,0.893605,0.993766,25.7755,4.55153,0.282882,0.604728,109920
1108.0,0.617068,0.972356,0.00678427,0.972356,101325,102484,298.666,382.523,383.931,2.57838,4.57146,1057.02,687.49,0,0.337342,0.592038,0.893417,0.993772,14.5174,4.71506,0.337342,0.592038,109917
1110.0,0.61687,0.971903,0.00680016,0.971903,101325,102487,298.349,382.559,383.932,2.60013,4.47739,1057.02,678.444,0,0.340248,0.579793,0.893295,0.993777,10.4598,4.67466,0.340248,0.579793,109917
1112.0,0.616572,0.971511,0.00681567,0.971511,101325,102493,298.155,382.584,383.934,2.56061,4.3867,1057.02,669.398,0,0.335113,0.567999,0.893239,0.993783,0,4.65943,0.335113,0.567999,109920
1114.0,0.616262,0.974462,0.0068295,0.974462,101325,102498,298.15,382.577,383.934,2.50153,4.30842,1057.02,660.352,0,0.327383,0.558322,0.893239,0.993761,0,4.52908,0.327383,0.558322,109947
1116.0,0.615964,0.974574,0.00684323,0.974574,101325,102498,298.15,382.567,383.935,2.43997,4.89857,1057.02,651.306,0,0.319326,0.634771,0.893239,0.993762,0,4.40455,0.319326,0.634771,109948
1118.0,0.616631,0.973729,0.00685822,0.973729,101325,102495,298.339,382.583,383.935,2.38061,4.92093,1057.02,642.26,0,0.311524,0.63753,0.892935,0.99377,0,4.68319,0.311524,0.63753,109939
1120.0,0.616205,0.973622,0.00687242,0.973622,101325,102490,298.151,382.574,383.933,2.51327,4.75188,1057.02,633.214,0,0.328919,0.615604,0.892935,0.993773,0,4.50465,0.328919,0.615604,109932
1122.0,0.615906,0.973336,0.00688715,0.973336,101325,102480,298.15,382.567,383.93,2.42849,4.73056,1057.02,624.168,0,0.317823,0.612787,0.892935,0.993777,0,4.38028,0.317823,0.612787,109921
1124.0,0.615616,0.972897,0.00690266,0.972897,101325,102470,298.15,382.574,383.926,2.3691,4.67333,1057.02,615.122,0,0.31005,0.605294,0.892935,0.993782,0,4.26095,0.31005,0.605294,109908
1126.0,0.615446,0.97246,0.00691913,0.97246,101325,102461,298.153,382.595,383.923,2.31158,4.58555,1057.02,606.076,0,0.302522,0.593848,0.8929,0.993787,0,4.1911,0.302522,0.593848,109895
1128.0,0.615718,0.972056,0.00693068,0.972056,101325,102453,298.181,382.617,383.921,2.27768,4.49814,1057.02,597.03,0,0.29808,0.58246,0.89272,0.993792,0,4.30244,0.29808,0.58246,109884
1130.0,0.615418,0.972073,0.00695159,0.972073,101325,102446,298.15,382.611,383.919,2.3318,4.4174,1057.02,587.984,0,0.305168,0.571999,0.89272,0.993794,0,4.17977,0.305168,0.571999,109877
1132.0,0.615141,0.974826,0.00696765,0.974826,101325,102438,298.15,382.603,382.994,2.27222,4.42076,1057.02,578.939,0,0.297371,0.617256,0.89272,0.993764,0,4.0673,0.297371,0.617256,109900
1134.0,0.614871,0.975432,0.00698299,0.975432,101325,102430,298.15,382.595,383.143,2.21715,4.97132,1057.02,569.893,0,0.290164,0.686317,0.89272,0.993762,0,3.95879,0.290164,0.686317,109895
1136.0,0.614608,0.975997,0.00699854,0.975997,101325,102423,298.15,382.587,383.288,2.16353,5.0925,1057.02,560.847,0,0.283146,0.695071,0.89272,0.99376,0,3.85399,0.283146,0.695071,109890
1138.0,0.614352,0.97655,0.00701429,0.97655,101325,102415,298.15,382.579,383.431,2.11127,5.20551,1057.02,551.801,0,0.276307,0.702382,0.89272,0.993759,0,3.75275,0.276307,0.702382,109886
1140.0,0.614102,0.977094,0.00703022,0.977094,101325,102409,298.15,382.57,383.572,2.06034,5.31628,1057.02,542.755,0,0.269641,0.709077,0.89272,0.993757,0,3.65493,0.269641,0.709077,109882
1142.0,0.613858,0.977627,0.00704631,0.977627,101325,102402,298.15,382.562,383.709,2.01068,5.42492,1057.02,533.709,0,0.263143,0.715185,0.89272,0.993755,0,3.56041,0.263143,0.715185,109878
1144.0,0.61362,0.97815,0.00706256,0.97815,101325,102396,298.15,382.553,383.845,1.96227,5.53155,1057.02,524.663,0,0.256807,0.72073,0.89272,0.993753,0,3.46904,0.256807,0.72073,109875
1146.0,0.613389,0.9778,0.00707894,0.9778,101325,102391,298.15,382.544,383.898,1.91507,5.63621,1057.02,515.617,0,0.25063,0.730789,0.89272,0.993758,0,3.38071,0.25063,0.730789,109866
1148.0,0.613163,0.977614,0.00709544,0.977614,101325,102385,298.15,382.535,383.896,1.86904,5.56619,1057.02,506.571,0,0.244606,0.721668,0.89272,0.99376,0,3.2953,0.244606,0.721668,109859
1150.0,0.612942,0.977259,0.00711204,0.977259,101325,102380,298.15,382.526,383.895,1.82414,5.52897,1057.02,497.525,0,0.23873,0.716772,0.89272,0.993763,0,3.2127,0.23873,0.716772,109852
1152.0,0.612727,0.976912,0.00712874,0.976912,101325,102376,298.15,382.516,383.893,1.78035,5.45804,1057.02,488.479,0,0.232999,0.707507,0.89272,0.993767,0,3.13281,0.232999,0.707507,109844
1154.0,0.612518,0.976581,0.0071455,0.976581,101325,102371,298.15,382.506,383.892,1.73763,5.38867,1057.02,479.434,0,0.227408,0.698451,0.89272,0.99377,0,3.05551,0.227408,0.698451,109837
1156.0,0.612873,0.976267,0.00716337,0.976267,101325,102367,298.365,382.517,383.89,1.69595,5.32241,1057.02,470.388,0,0.221927,0.689803,0.892636,0.993773,22.9982,2.98072,0.221927,0.689803,109830
1158.0,0.61252,0.975966,0.00718057,0.975966,101325,102363,298.151,382.512,383.889,1.76665,5.2595,1057.02,461.342,0,0.231205,0.681592,0.892636,0.993776,0,3.05631,0.231205,0.681592,109824
1160.0,0.612313,0.975684,0.00719748,0.975684,101325,102361,298.15,382.503,383.888,1.69642,5.19936,1057.02,452.296,0,0.222014,0.673748,0.892636,0.993779,0,2.98076,0.222014,0.673748,109820
1162.0,0.612644,0.975422,0.00721537,0.975422,101325,102359,298.173,382.516,383.888,1.65534,5.14296,1057.02,443.25,0,0.216635,0.666392,0.892525,0.993782,0,3.10194,0.216635,0.666392,109816
1164.0,0.61397,0.975176,0.0072346,0.975176,101325,102357,298.574,382.558,383.887,1.72114,5.09052,1057.02,434.204,0,0.225195,0.659554,0.892204,0.993784,43.7098,3.19506,0.225195,0.659554,109812
1166.0,0.613462,0.974938,0.00725288,0.974938,101325,102354,298.159,382.573,383.887,1.98457,5.04128,1057.02,425.158,0,0.259723,0.653132,0.892204,0.993787,0,3.40829,0.259723,0.653132,109808
1168.0,0.613225,0.974712,0.00727087,0.974712,101325,102353,298.15,382.586,383.886,1.88364,4.9938,1057.02,416.112,0,0.246516,0.646942,0.892204,0.99379,0,3.31841,0.246516,0.646942,109805
1170.0,0.613003,0.974499,0.00728867,0.974499,101325,102353,298.15,382.598,383.886,1.8365,4.94864,1057.02,407.066,0,0.240346,0.641056,0.892204,0.993793,0,3.23501,0.240346,0.641056,109803
1172.0,0.612817,0.974296,0.00730876,0.974296,101325,102353,298.162,382.607,383.886,1.79238,4.9059,1057.02,398.02,0,0.234571,0.635487,0.892199,0.993795,1.23889,3.15438,0.234571,0.635487,109801
1174.0,0.612757,0.974103,0.00732698,0.974103,101325,102352,298.203,382.621,383.886,1.7554,4.86536,1057.02,388.974,0,0.229726,0.630205,0.892168,0.993798,5.5154,3.0935,0.229726,0.630205,109799
1176.0,0.612806,0.973921,0.00734561,0.973921,101325,102350,298.24,382.631,383.886,1.74352,4.8268,1057.02,379.928,0,0.228166,0.625179,0.892108,0.9938,9.31851,3.07712,0.228166,0.625179,109795
1178.0,0.612794,0.973749,0.00736402,0.973749,101325,102347,298.223,382.64,383.885,1.75327,4.79032,1057.02,370.883,0,0.229445,0.620423,0.892054,0.993803,7.50865,3.08885,0.229445,0.620423,109791
1180.0,0.613058,0.973574,0.00738243,0.973574,101325,102343,298.318,382.65,383.883,1.75083,4.75592,1057.02,361.837,0,0.229112,0.615935,0.891941,0.993805,17.5239,3.09541,0.229112,0.615935,109786
1182.0,0.612765,0.97345,0.00739991,0.97345,101325,102338,298.151,382.653,383.882,1.80342,4.72104,1057.02,352.791,0,0.236016,0.611393,0.891932,0.993808,0,3.14619,0.236016,0.611393,109780
1184.0,0.613076,0.973461,0.00741665,0.973461,101325,102333,298.351,382.655,383.88,1.74507,4.69611,1057.02,343.745,0,0.228354,0.60816,0.891824,0.993809,21.2762,3.06779,0.228354,0.60816,109775
1186.0,0.618742,0.973011,0.00742962,0.973011,101325,102327,300.429,382.714,383.878,1.80691,4.69844,1057.02,334.699,0,0.236165,0.608386,0.889809,0.993814,236.587,3.15092,0.236165,0.608386,109766
1188.0,0.618105,0.973087,0.00743071,0.973087,101325,102324,299.94,382.718,383.877,2.93271,4.60832,1057.02,325.653,0,0.383415,0.596724,0.889809,0.993814,0,5.30835,0.383415,0.596724,109763
1190.0,0.617414,0.972977,0.0074398,0.972977,101325,102322,299.449,382.716,383.877,2.80614,4.62358,1057.02,316.607,0,0.36697,0.598681,0.889809,0.993816,0,5.00935,0.36697,0.598681,109760
1192.0,0.616741,0.972877,0.00745617,0.972877,101325,102322,298.958,382.716,383.877,2.66882,4.60161,1057.02,307.561,0,0.34911,0.595821,0.889809,0.993818,0,4.72353,0.34911,0.595821,109760
1194.0,0.616085,0.972786,0.00747178,0.972786,101325,102325,298.466,382.716,383.878,2.53502,4.5815,1057.02,298.515,0,0.331699,0.593207,0.889809,0.993821,0,4.45063,0.331699,0.593207,109762
1196.0,0.615572,0.974278,0.00748762,0.974278,101325,102328,298.154,382.71,383.878,2.40477,4.56329,1057.02,289.469,0,0.314712,0.591073,0.889809,0.99381,0,4.24045,0.314712,0.591073,109776
1198.0,0.615286,0.974205,0.00750178,0.974205,101325,102328,298.15,382.697,383.879,2.30286,4.86169,1057.02,280.423,0,0.301376,0.629714,0.889809,0.993812,0,4.12393,0.301376,0.629714,109776
1200.0,0.615899,0.973858,0.00751656,0.973858,101325,102325,298.489,382.708,383.878,2.24604,4.84714,1057.02,271.377,0,0.293883,0.62777,0.889588,0.993816,35.7074,4.01343,0.293883,0.62777,109770
1202.0,0.61539,0.973749,0.00753126,0.973749,101325,102319,298.155,382.696,383.876,2.36777,4.77769,1057.02,262.332,0,0.30987,0.618751,0.889588,0.993818,0,4.16579,0.30987,0.618751,109763
1204.0,0.615108,0.97364,0.00754406,0.97364,101325,102310,298.15,382.685,383.873,2.26661,4.75606,1057.02,253.286,0,0.296631,0.615922,0.889588,0.993819,0,4.05151,0.296631,0.615922,109754
1206.0,0.614839,0.973573,0.00755673,0.973573,101325,102300,298.15,382.675,383.869,2.21055,4.73423,1057.02,244.24,0,0.289295,0.613073,0.889588,0.993821,0,3.9435,0.289295,0.613073,109744
1208.0,0.614576,0.973538,0.00756976,0.973538,101325,102291,298.15,382.673,383.866,2.15708,4.72072,1057.02,235.194,0,0.282298,0.611306,0.889588,0.993822,0,3.8392,0.282298,0.611306,109734
1210.0,0.614321,0.97345,0.00758337,0.97345,101325,102283,298.15,382.676,383.863,2.10499,4.71369,1057.02,226.148,0,0.27548,0.610371,0.889588,0.993824,0,3.73845,0.27548,0.610371,109725
1212.0,0.614072,0.973404,0.007601,0.973404,101325,102275,298.15,382.678,383.861,2.05421,4.69612,1057.02,217.102,0,0.268835,0.60808,0.889588,0.993825,0,3.64109,0.268835,0.60808,109717
1214.0,0.613829,0.973438,0.00761213,0.973438,101325,102269,298.15,382.668,383.859,2.00471,4.68689,1057.02,208.056,0,0.262357,0.606883,0.889588,0.993826,0,3.54701,0.262357,0.606883,109712
1216.0,0.613592,0.973432,0.00762603,0.973432,101325,102264,298.15,382.67,383.857,1.95645,4.69381,1057.02,199.01,0,0.256041,0.607771,0.889588,0.993827,0,3.45607,0.256041,0.607771,109706
1218.0,0.613361,0.973581,0.00763778,0.973581,101325,102260,298.15,382.663,383.856,1.90939,4.69257,1057.02,189.964,0,0.249882,0.607629,0.889588,0.993827,0,3.36816,0.249882,0.607629,109703
1220.0,0.613136,0.973503,0.00765119,0.973503,101325,102255,298.15,382.672,383.854,1.8635,4.72239,1057.02,180.918,0,0.243877,0.611472,0.889588,0.993828,0,3.28315,0.243877,0.611472,109698
1222.0,0.612916,0.973777,0.00766164,0.973777,101325,102252,298.15,382.661,383.853,1.81874,4.70673,1057.02,171.872,0,0.238019,0.609482,0.889588,0.993827,0,3.20093,0.238019,0.609482,109697
1224.0,0.612701,0.97378,0.00767235,0.97378,101325,102248,298.15,382.659,383.852,1.77508,4.76155,1057.02,162.826,0,0.232305,0.616576,0.889588,0.993828,0,3.1214,0.232305,0.616576,109693
1226.0,0.612492,0.973813,0.00768267,0.973813,101325,102245,298.15,382.648,383.851,1.73249,4.76223,1057.02,153.781,0,0.226731,0.616666,0.889588,0.993828,0,3.04446,0.226731,0.616666,109690
1228.0,0.612288,0.973855,0.0076922,0.973855,101325,102241,298.15,382.638,383.849,1.69094,4.7688,1057.02,144.735,0,0.221293,0.617518,0.889588,0.993829,0,2.97001,0.221293,0.617518,109687
1230.0,0.612089,0.973905,0.0077011,0.973905,101325,102238,298.15,382.63,383.848,1.65039,4.77711,1057.02,135.689,0,0.215987,0.618598,0.889588,0.993829,0,2.89796,0.215987,0.618598,109684
1232.0,0.611895,0.973963,0.00770973,0.973963,101325,102235,298.15,382.623,383.847,1.61083,4.78708,1057.02,126.643,0,0.210809,0.619894,0.889588,0.99383,0,2.82821,0.210809,0.619894,109681
1234.0,0.611705,0.974029,0.00771711,0.974029,101325,102231,298.15,382.616,383.846,1.57221,4.79871,1057.02,117.597,0,0.205756,0.621406,0.889588,0.99383,0,2.76069,0.205756,0.621406,109678
1236.0,0.61152,0.974103,0.00772402,0.974103,101325,102228,298.15,382.608,383.845,1.53452,4.81197,1057.02,108.551,0,0.200823,0.62313,0.889588,0.99383,0,2.6953,0.200823,0.62313,109675
1238.0,0.611339,0.974186,0.00773135,0.974186,101325,102224,298.15,382.599,383.844,1.49773,4.82684,1057.02,99.5051,0,0.196008,0.625065,0.889588,0.99383,0,2.63198,0.196008,0.625065,109672
1240.0,0.611163,0.974276,0.00773818,0.974276,101325,102221,298.15,382.59,383.842,1.46181,4.84332,1057.02,90.4592,0,0.191308,0.627209,0.889588,0.99383,0,2.57065,0.191308,0.627209,109670
1242.0,0.61099,0.974374,0.00774454,0.974374,101325,102218,298.15,382.579,383.841,1.42675,4.86138,1057.02,81.4132,0,0.186719,0.629559,0.889588,0.993829,0,2.51123,0.186719,0.629559,109667
1244.0,0.610822,0.97448,0.00774956,0.97448,101325,102215,298.15,382.568,383.84,1.39251,4.88101,1057.02,72.3673,0,0.182238,0.632114,0.889588,0.993829,0,2.45365,0.182238,0.632114,109665
1246.0,0.610658,0.974594,0.00775413,0.974594,101325,102211,298.15,382.557,383.839,1.35907,4.9022,1057.02,63.3214,0,0.177862,0.634872,0.889588,0.993829,0,2.39786,0.177862,0.634872,109663
1248.0,0.610497,0.974715,0.00775829,0.974715,101325,102208,298.15,382.544,383.838,1.32641,4.92493,1057.02,54.2755,0,0.173588,0.637831,0.889588,0.993828,0,2.34378,0.173588,0.637831,109660
1250.0,0.61034,0.974844,0.0077621,0.974844,101325,102205,298.15,382.53,383.837,1.29452,4.9492,1057.02,45.2296,0,0.169414,0.64099,0.889588,0.993827,0,2.29135,0.169414,0.64099,109658
1252.0,0.610187,0.97498,0.00776624,0.97498,101325,102202,298.15,382.514,383.835,1.26336,4.97498,1057.02,36.1837,0,0.165336,0.644347,0.889588,0.993827,0,2.24053,0.165336,0.644347,109656
1254.0,0.610037,0.975124,0.00777076,0.975124,101325,102198,298.15,382.499,383.834,1.23293,5.00226,1057.02,27.1377,0,0.161353,0.6479,0.889588,0.993826,0,2.19124,0.161353,0.6479,109654
1256.0,0.609891,0.975276,0.00777483,0.975276,101325,102195,298.15,382.484,383.833,1.20319,5.03104,1057.02,18.0918,0,0.157462,0.651648,0.889588,0.993825,0,2.14344,0.157462,0.651648,109652
1258.0,0.609748,0.975434,0.00777776,0.975434,101325,102192,298.15,382.468,383.832,1.17414,5.06128,1057.02,9.04592,0,0.15366,0.655587,0.889588,0.993824,0,2.09708,0.15366,0.655587,109650
1260.0,0.609609,0.975599,0.00778037,0.975599,101325,102189,298.15,382.452,383.831,1.14575,5.09294,1057.02,0,0,0.149945,0.659711,0.889588,0.993822,0,2.0521,0.149945,0.659711,109648
1262.0,0.609472,0.975759,0.00778265,0.975759,101325,102186,298.15,382.436,383.83,1.11801,5.126,1057.02,0,0,0.146314,0.664016,0.889588,0.993821,0,2.00846,0.146314,0.664016,109646
1264.0,0.609339,0.975914,0.00778459,0.975914,101325,102183,298.15,382.42,383.829,1.0909,5.158,1057.02,0,0,0.142766,0.668183,0.889588,0.99382,0,1.96612,0.142766,0.668183,109644
1266.0,0.609208,0.976063,0.00778618,0.976063,101325,102179,298.15,382.402,383.827,1.0644,5.18891,1057.02,0,0,0.139298,0.672208,0.889588,0.993819,0,1.92502,0.139298,0.672208,109642
1268.0,0.609081,0.976207,0.00778739,0.976207,101325,102176,298.15,382.385,383.826,1.0385,5.21877,1057.02,0,0,0.135908,0.676096,0.889588,0.993817,0,1.88512,0.135908,0.676096,109640
1270.0,0.608956,0.976346,0.00778822,0.976346,101325,102173,298.15,382.367,383.825,1.01318,5.24758,1057.02,0,0,0.132595,0.679848,0.889588,0.993816,0,1.84639,0.132595,0.679848,109638
1272.0,0.608835,0.97648,0.00778866,0.97648,101325,102170,298.15,382.349,383.824,0.988424,5.27537,1057.02,0,0,0.129355,0.683467,0.889588,0.993815,0,1.80879,0.129355,0.683467,109636
1274.0,0.608716,0.976609,0.00778874,0.976609,101325,102167,298.15,382.33,383.823,0.964224,5.30215,1057.02,0,0,0.126188,0.686955,0.889588,0.993814,0,1.77227,0.126188,0.686955,109634
1276.0,0.608599,0.976733,0.00778839,0.976733,101325,102164,298.15,382.311,383.822,0.940561,5.32795,1057.02,0,0,0.123091,0.690315,0.889588,0.993812,0,1.73681,0.123091,0.690315,109631
1278.0,0.608485,0.976852,0.00778761,0.976852,101325,102160,298.15,382.292,383.82,0.917424,5.35279,1057.02,0,0,0.120063,0.693549,0.889588,0.993811,0,1.70236,0.120063,0.693549,109629
1280.0,0.608374,0.976967,0.0077864,0.976967,101325,102157,298.15,382.272,383.819,0.894797,5.37667,1057.02,0,0,0.117102,0.69666,0.889588,0.99381,0,1.66889,0.117102,0.69666,109627
1282.0,0.608265,0.977077,0.00778468,0.977077,101325,102154,298.15,382.252,383.818,0.872669,5.39963,1057.02,0,0,0.114206,0.699649,0.889588,0.993808,0,1.63638,0.114206,0.699649,109624
1284.0,0.608158,0.977183,0.00778251,0.977183,101325,102151,298.15,382.231,383.817,0.851026,5.42168,1057.02,0,0,0.111374,0.70252,0.889588,0.993807,0,1.60479,0.111374,0.70252,109622
1286.0,0.608054,0.977286,0.00777983,0.977286,101325,102148,298.15,382.208,383.816,0.829858,5.44283,1057.02,0,0,0.108604,0.705275,0.889588,0.993805,0,1.57408,0.108604,0.705275,109620
1288.0,0.607952,0.977387,0.00777675,0.977387,101325,102145,298.15,382.186,383.815,0.809151,5.46348,1057.02,0,0,0.105894,0.707965,0.889588,0.993804,0,1.54424,0.105894,0.707965,109618
1290.0,0.607852,0.977483,0.00777322,0.977483,101325,102142,298.15,382.164,383.814,0.788895,5.48363,1057.02,0,0,0.103243,0.710588,0.889588,0.993803,0,1.51523,0.103243,0.710588,109616
1292.0,0.607755,0.977575,0.00776925,0.977575,101325,102139,298.15,382.14,383.812,0.769078,5.50288,1057.02,0,0,0.100649,0.713095,0.889588,0.993801,0,1.48702,0.100649,0.713095,109613
1294.0,0.607659,0.977663,0.00776483,0.977663,101325,102136,298.15,382.117,383.811,0.74969,5.52128,1057.02,0,0,0.0981122,0.71549,0.889588,0.9938,0,1.4596,0.0981122,0.71549,109611
1296.0,0.607566,0.977747,0.00775997,0.977747,101325,102133,298.15,382.092,383.81,0.730721,5.53883,1057.02,0,0,0.0956296,0.717775,0.889588,0.993798,0,1.43293,0.0956296,0.717775,109608
1298.0,0.607475,0.977826,0.00775467,0.977826,101325,102129,298.15,382.068,383.809,0.712159,5.55555,1057.02,0,0,0.0932004,0.719953,0.889588,0.993797,0,1.407,0.0932004,0.719953,109606
1300.0,0.607385,0.977902,0.00774894,0.977902,101325,102126,298.15,382.042,383.808,0.693995,5.57147,1057.02,0,0,0.0908233,0.722025,0.889588,0.993795,0,1.38177,0.0908233,0.722025,109603
1302.0,0.607298,0.977974,0.00774277,0.977974,101325,102123,298.15,382.016,383.807,0.676219,5.5866,1057.02,0,0,0.088497,0.723994,0.889588,0.993794,0,1.35723,0.088497,0.723994,109601
1304.0,0.607212,0.978042,0.00773616,0.978042,101325,102120,298.15,381.99,383.806,0.658823,5.60095,1057.02,0,0,0.0862203,0.725862,0.889588,0.993792,0,1.33335,0.0862203,0.725862,109598
1306.0,0.607128,0.978106,0.00772913,0.978106,101325,102117,298.15,381.963,383.804,0.641796,5.61455,1057.02,0,0,0.0839921,0.727632,0.889588,0.993791,0,1.31012,0.0839921,0.727632,109596
1308.0,0.607046,0.978167,0.00772166,0.978167,101325,102114,298.15,381.935,383.803,0.625131,5.62741,1057.02,0,0,0.0818111,0.729306,0.889588,0.993789,0,1.28751,0.0818111,0.729306,109593
1310.0,0.606965,0.978224,0.00771377,0.978224,101325,102111,298.15,381.907,383.802,0.608818,5.63956,1057.02,0,0,0.0796762,0.730886,0.889588,0.993788,0,1.26551,0.0796762,0.730886,109590
1312.0,0.606887,0.978278,0.00770544,0.978278,101325,102108,298.15,381.878,383.801,0.59285,5.65099,1057.02,0,0,0.0775864,0.732373,0.889588,0.993786,0,1.2441,0.0775864,0.732373,109588
1314.0,0.60681,0.978328,0.0076967,0.978328,101325,102105,298.15,381.848,383.8,0.577217,5.66173,1057.02,0,0,0.0755406,0.733771,0.889588,0.993784,0,1.22325,0.0755406,0.733771,109585
1316.0,0.606734,0.978375,0.00768752,0.978375,101325,102102,298.15,381.818,383.799,0.561913,5.6718,1057.02,0,0,0.0735377,0.73508,0.889588,0.993783,0,1.20295,0.0735377,0.73508,109583
1318.0,0.60666,0.978419,0.00767793,0.978419,101325,102099,298.15,381.787,383.798,0.546929,5.68121,1057.02,0,0,0.0715768,0.736304,0.889588,0.993781,0,1.18319,0.0715768,0.736304,109580
1320.0,0.606588,0.97846,0.00766791,0.97846,101325,102096,298.15,381.755,383.797,0.532258,5.68998,1057.02,0,0,0.0696568,0.737443,0.889588,0.99378,0,1.16395,0.0696568,0.737443,109577
1322.0,0.606517,0.978497,0.00765748,0.978497,101325,102093,298.15,381.723,383.796,0.517893,5.69812,1057.02,0,0,0.0677768,0.738501,0.889588,0.993778,0,1.14521,0.0677768,0.738501,109575
1324.0,0.606448,0.978532,0.00764662,0.978532,101325,102090,298.15,381.69,383.794,0.503826,5.70565,1057.02,0,0,0.0659359,0.739479,0.889588,0.993776,0,1.12696,0.0659359,0.739479,109572
1326.0,0.60638,0.978564,0.00763535,0.978564,101325,102087,298.15,381.656,383.793,0.490051,5.71258,1057.02,0,0,0.0641331,0.74038,0.889588,0.993775,0,1.10918,0.0641331,0.74038,109569
1328.0,0.606314,0.978593,0.00762368,0.978593,101325,102084,298.15,381.622,383.792,0.476561,5.71893,1057.02,0,0,0.0623677,0.741204,0.889588,0.993773,0,1.09185,0.0623677,0.741204,109567
1330.0,0.606249,0.978619,0.00761158,0.978619,101325,102082,298.15,381.587,383.791,0.46335,5.72471,1057.02,0,0,0.0606387,0.741954,0.889588,0.993771,0,1.07498,0.0606387,0.741954,109564
1332.0,0.606185,0.978642,0.00759908,0.978642,101325,102079,298.15,381.551,383.79,0.45041,5.72994,1057.02,0,0,0.0589453,0.742632,0.889588,0.99377,0,1.05853,0.0589453,0.742632,109561
1334.0,0.606122,0.978663,0.00758616,0.978663,101325,102076,298.15,381.514,383.789,0.437736,5.73463,1057.02,0,0,0.0572867,0.743239,0.889588,0.993768,0,1.04251,0.0572867,0.743239,109559
1336.0,0.606061,0.978681,0.00757283,0.978681,101325,102073,298.15,381.477,383.788,0.425323,5.73878,1057.02,0,0,0.0556621,0.743777,0.889588,0.993767,0,1.02689,0.0556621,0.743777,109556
1338.0,0.606001,0.978697,0.00755913,0.978697,101325,102070,298.15,381.44,383.787,0.413162,5.74243,1057.02,0,0,0.0540707,0.744249,0.889588,0.993765,0,1.01167,0.0540707,0.744249,109553
1340.0,0.605942,0.97871,0.00754499,0.97871,101325,102067,298.15,381.401,383.786,0.401251,5.74557,1057.02,0,0,0.0525118,0.744654,0.889588,0.993763,0,0.996835,0.0525118,0.744654,109551
1342.0,0.605885,0.978721,0.00753044,0.978721,101325,102065,298.15,381.361,383.785,0.389581,5.74823,1057.02,0,0,0.0509846,0.744997,0.889588,0.993761,0,0.982371,0.0509846,0.744997,109548
1344.0,0.605828,0.97873,0.00751549,0.97873,101325,102062,298.15,381.321,383.784,0.378149,5.75041,1057.02,0,0,0.0494885,0.745276,0.889588,0.99376,0,0.968269,0.0494885,0.745276,109545
1346.0,0.605773,0.978736,0.00750013,0.978736,101325,102059,298.15,381.28,383.783,0.366949,5.75212,1057.02,0,0,0.0480227,0.745496,0.889588,0.993758,0,0.954518,0.0480227,0.745496,109543
1348.0,0.605719,0.97874,0.00748437,0.97874,101325,102056,298.15,381.239,383.782,0.355975,5.75338,1057.02,0,0,0.0465866,0.745656,0.889588,0.993756,0,0.941109,0.0465866,0.745656,109540
1350.0,0.605666,0.978742,0.00746822,0.978742,101325,102054,298.15,381.196,383.781,0.345223,5.7542,1057.02,0,0,0.0451794,0.745759,0.889588,0.993755,0,0.928033,0.0451794,0.745759,109537
1352.0,0.605614,0.978742,0.00745166,0.978742,101325,102051,298.15,381.153,383.78,0.334688,5.75459,1057.02,0,0,0.0438007,0.745806,0.889588,0.993753,0,0.915278,0.0438007,0.745806,109534
1354.0,0.605563,0.97874,0.00743471,0.97874,101325,102048,298.15,381.109,383.779,0.324365,5.75457,1057.02,0,0,0.0424497,0.745798,0.889588,0.993751,0,0.902838,0.0424497,0.745798,109532
1356.0,0.605513,0.978736,0.00741736,0.978736,101325,102045,298.15,381.064,383.778,0.314249,5.75414,1057.02,0,0,0.0411258,0.745738,0.889588,0.993749,0,0.890702,0.0411258,0.745738,109529
1358.0,0.605464,0.97873,0.0073996,0.97873,101325,102043,298.15,381.019,383.777,0.304335,5.75331,1057.02,0,0,0.0398284,0.745626,0.889588,0.993748,0,0.878862,0.0398284,0.745626,109526
1360.0,0.605416,0.978722,0.00738146,0.978722,101325,102040,298.15,380.972,383.776,0.29462,5.7521,1057.02,0,0,0.038557,0.745464,0.889588,0.993746,0,0.86731,0.038557,0.745464,109523
1362.0,0.60537,0.978712,0.00736291,0.978712,101325,102037,298.15,380.925,383.774,0.285099,5.75052,1057.02,0,0,0.037311,0.745254,0.889588,0.993744,0,0.856038,0.037311,0.745254,109521
1364.0,0.605323,0.9787,0.00734397,0.9787,101325,102035,298.15,380.877,383.773,0.275767,5.74858,1057.02,0,0,0.0360897,0.744996,0.889588,0.993742,0,0.845039,0.0360897,0.744996,109518
1366.0,0.605278,0.978687,0.00732464,0.978687,101325,102032,298.15,380.829,383.772,0.266622,5.74629,1057.02,0,0,0.0348928,0.744693,0.889588,0.993741,0,0.834304,0.0348928,0.744693,109515
1368.0,0.605234,0.978672,0.00730491,0.978672,101325,102029,298.15,380.779,383.771,0.257657,5.74365,1057.02,0,0,0.0337197,0.744345,0.889588,0.993739,0,0.823826,0.0337197,0.744345,109512
1370.0,0.605191,0.978656,0.00728478,0.978656,101325,102027,298.15,380.729,383.77,0.248871,5.74068,1057.02,0,0,0.0325698,0.743954,0.889588,0.993737,0,0.813599,0.0325698,0.743954,109510
1372.0,0.605148,0.978638,0.00726427,0.978638,101325,102024,298.15,380.678,383.769,0.240258,5.7374,1057.02,0,0,0.0314426,0.743521,0.889588,0.993735,0,0.803615,0.0314426,0.743521,109507
1374.0,0.605107,0.978619,0.00724337,0.978619,101325,102021,298.15,380.626,383.768,0.231815,5.7338,1057.02,0,0,0.0303377,0.743047,0.889588,0.993733,0,0.793868,0.0303377,0.743047,109504
1376.0,0.605066,0.978598,0.00722208,0.978598,101325,102019,298.15,380.574,383.767,0.223539,5.7299,1057.02,0,0,0.0292546,0.742535,0.889588,0.993732,0,0.784352,0.0292546,0.742535,109501
1378.0,0.605026,0.978575,0.00720041,0.978575,101325,102016,298.15,380.521,383.766,0.215426,5.72572,1057.02,0,0,0.0281928,0.741984,0.889588,0.99373,0,0.775061,0.0281928,0.741984,109499
1380.0,0.604987,0.978552,0.00717836,0.978552,101325,102014,298.15,380.467,383.765,0.207472,5.72125,1057.02,0,0,0.0271519,0.741397,0.889588,0.993728,0,0.765987,0.0271519,0.741397,109496
1382.0,0.604948,0.978527,0.00715593,0.978527,101325,102011,298.15,380.412,383.764,0.199674,5.7165,1057.02,0,0,0.0261314,0.740774,0.889588,0.993726,0,0.757126,0.0261314,0.740774,109493
1384.0,0.60491,0.9785,0.00713312,0.9785,101325,102008,298.15,380.357,383.763,0.192029,5.7115,1057.02,0,0,0.0251309,0.740117,0.889588,0.993724,0,0.748472,0.0251309,0.740117,109490
1386.0,0.604873,0.978473,0.00710993,0.978473,101325,102006,298.15,380.301,383.763,0.184534,5.70624,1057.02,0,0,0.0241499,0.739427,0.889588,0.993722,0,0.74002,0.0241499,0.739427,109487
1388.0,0.604837,0.978444,0.00708637,0.978444,101325,102003,298.15,380.244,383.762,0.177184,5.70074,1057.02,0,0,0.0231882,0.738705,0.889588,0.99372,0,0.731763,0.0231882,0.738705,109485
1390.0,0.604802,0.978414,0.00706244,0.978414,101325,102001,298.15,380.186,383.761,0.169978,5.69499,1057.02,0,0,0.0222451,0.737952,0.889588,0.993719,0,0.723697,0.0222451,0.737952,109482
1392.0,0.604767,0.978383,0.00703814,0.978383,101325,101998,298.15,380.128,383.76,0.162913,5.68904,1057.02,0,0,0.0213204,0.737171,0.889588,0.993717,0,0.715818,0.0213204,0.737171,109479
1394.0,0.604732,0.978352,0.00701348,0.978352,101325,101996,298.15,380.069,383.759,0.155985,5.68287,1057.02,0,0,0.0204137,0.736363,0.889588,0.993715,0,0.708119,0.0204137,0.736363,109476
1396.0,0.604699,0.978319,0.00698845,0.978319,101325,101993,298.15,380.009,383.758,0.149191,5.67651,1057.02,0,0,0.0195246,0.735529,0.889588,0.993713,0,0.700596,0.0195246,0.735529,109474
1398.0,0.604666,0.978285,0.00696316,0.978285,101325,101991,298.15,379.951,383.757,0.142529,5.66995,1057.02,0,0,0.0186528,0.73467,0.889588,0.993711,0,0.693246,0.0186528,0.73467,109471
1400.0,0.604634,0.97825,0.00693742,0.97825,101325,101988,298.15,379.89,383.756,0.135995,5.66321,1057.02,0,0,0.0177978,0.733786,0.889588,0.993709,0,0.686062,0.0177978,0.733786,109468
1402.0,0.604602,0.978215,0.00691132,0.978215,101325,101986,298.15,379.829,383.755,0.129588,5.65629,1057.02,0,0,0.0169593,0.732879,0.889588,0.993707,0,0.679042,0.0169593,0.732879,109465
1404.0,0.604571,0.978179,0.00688486,0.978179,101325,101983,298.15,379.766,383.754,0.123305,5.64919,1057.02,0,0,0.016137,0.73195,0.889588,0.993705,0,0.67218,0.016137,0.73195,109463
1406.0,0.604541,0.978142,0.00685806,0.978142,101325,101981,298.15,379.703,383.753,0.117143,5.64193,1057.02,0,0,0.0153305,0.730999,0.889588,0.993703,0,0.665473,0.0153305,0.730999,109460
1408.0,0.604511,0.978104,0.00683091,0.978104,101325,101978,298.15,379.639,383.752,0.111099,5.6345,1057.02,0,0,0.0145396,0.730026,0.889588,0.993701,0,0.658917,0.0145396,0.730026,109457
1410.0,0.604482,0.978065,0.00680342,0.978065,101325,101976,298.15,379.575,383.751,0.105172,5.62692,1057.02,0,0,0.0137639,0.729034,0.889588,0.993699,0,0.652508,0.0137639,0.729034,109454
1412.0,0.604453,0.978026,0.00677559,0.978026,101325,101973,298.15,379.51,383.75,0.0993583,5.61919,1057.02,0,0,0.013003,0.728021,0.889588,0.993697,0,0.646242,0.013003,0.728021,109452
1414.0,0.604425,0.977986,0.00674761,0.977986,101325,101971,298.15,379.448,383.749,0.0936561,5.61132,1057.02,0,0,0.0122568,0.726991,0.889588,0.993695,0,0.640116,0.0122568,0.726991,109449
1416.0,0.604397,0.977945,0.0067191,0.977945,101325,101968,298.15,379.382,383.748,0.0880631,5.6033,1057.02,0,0,0.0115248,0.725942,0.889588,0.993693,0,0.634126,0.0115248,0.725942,109446
1418.0,0.60437,0.977904,0.00669026,0.977904,101325,101966,298.15,379.315,383.747,0.0825771,5.59517,1057.02,0,0,0.0108069,0.724877,0.889588,0.993691,0,0.628269,0.0108069,0.724877,109443
1420.0,0.604344,0.977862,0.00666111,0.977862,101325,101963,298.15,379.247,383.746,0.0771958,5.5869,1057.02,0,0,0.0101026,0.723795,0.889588,0.993689,0,0.622541,0.0101026,0.723795,109441
1422.0,0.604317,0.977819,0.00663163,0.977819,101325,101961,298.15,379.179,383.745,0.0719172,5.57851,1057.02,0,0,0.00941182,0.722698,0.889588,0.993687,0,0.616939,0.00941182,0.722698,109438
1424.0,0.604292,0.977776,0.00660184,0.977776,101325,101959,298.15,379.11,383.744,0.0667392,5.57001,1057.02,0,0,0.00873417,0.721585,0.889588,0.993685,0,0.611461,0.00873417,0.721585,109435
1426.0,0.604267,0.977733,0.00657175,0.977733,101325,101956,298.15,379.041,383.743,0.0616597,5.5614,1057.02,0,0,0.00806942,0.720459,0.889588,0.993683,0,0.606102,0.00806942,0.720459,109432
1428.0,0.604242,0.977688,0.00654134,0.977688,101325,101954,298.15,378.971,383.742,0.0566767,5.55269,1057.02,0,0,0.0074173,0.71932,0.889588,0.993681,0,0.600861,0.0074173,0.71932,109430
1430.0,0.604218,0.977644,0.00651064,0.977644,101325,101951,298.15,378.901,383.742,0.0517884,5.54389,1057.02,0,0,0.00677756,0.718168,0.889588,0.993679,0,0.595734,0.00677756,0.718168,109427
1432.0,0.604194,0.977599,0.00647964,0.977599,101325,101949,298.15,378.83,383.741,0.0469928,5.53498,1057.02,0,0,0.00614996,0.717003,0.889588,0.993677,0,0.590718,0.00614996,0.717003,109424
1434.0,0.604171,0.977554,0.00644834,0.977554,101325,101946,298.15,378.759,383.74,0.0422881,5.526,1057.02,0,0,0.00553425,0.715828,0.889588,0.993675,0,0.585811,0.00553425,0.715828,109421
1436.0,0.604148,0.977508,0.00641676,0.977508,101325,101944,298.15,378.687,383.739,0.0376723,5.51693,1057.02,0,0,0.00493019,0.714642,0.889588,0.993672,0,0.58101,0.00493019,0.714642,109419
1438.0,0.604126,0.977462,0.0063849,0.977462,101325,101942,298.15,378.615,383.738,0.0331439,5.50779,1057.02,0,0,0.00433754,0.713446,0.889588,0.99367,0,0.576313,0.00433754,0.713446,109416
1440.0,0.604104,0.977416,0.00635276,0.977416,101325,101939,298.15,378.542,383.737,0.0287009,5.49857,1057.02,0,0,0.00375609,0.712241,0.889588,0.993668,0,0.571717,0.00375609,0.712241,109413
1442.0,0.604083,0.977369,0.00632035,0.977369,101325,101937,298.15,378.469,383.736,0.0243418,5.48929,1057.02,0,0,0.00318561,0.711027,0.889588,0.993666,0,0.567219,0.00318561,0.711027,109410
1444.0,0.604061,0.977322,0.00628768,0.977322,101325,101935,298.15,378.395,383.735,0.0200648,5.47995,1057.02,0,0,0.00262588,0.709806,0.889588,0.993664,0,0.562817,0.00262588,0.709806,109408
1446.0,0.604041,0.977274,0.00625475,0.977274,101325,101932,298.15,378.322,383.734,0.0158683,5.47054,1057.02,0,0,0.00207668,0.708576,0.889588,0.993662,0,0.55851,0.00207668,0.708576,109405
1448.0,0.60402,0.977227,0.00622156,0.977227,101325,101930,298.15,378.247,383.733,0.0117507,5.46108,1057.02,0,0,0.00153782,0.70734,0.889588,0.993659,0,0.554294,0.00153782,0.70734,109402
1450.0,0.604,0.977179,0.00618812,0.977179,101325,101927,298.15,378.172,383.732,0.00771051,5.45158,1057.02,0,0,0.00100908,0.706097,0.889588,0.993657,0,0.550167,0.00100908,0.706097,109400
1452.0,0.603981,0.977131,0.00615443,0.977131,101325,101925,298.15,378.097,383.731,0.00374614,5.44202,1057.02,0,0,0.000490259,0.704848,0.889588,0.993655,0,0.546129,0.000490259,0.704848,109397
1454.0,0.603962,0.977083,0.00612051,0.977083,101325,101923,298.15,378.022,383.73,0,5.43243,1057.02,0,0,0,0.703594,0.889588,0.993653,0,0.542175,0,0.703594,109394
1456.0,0.603943,0.977035,0.00608636,0.977035,101325,101920,298.15,377.946,383.729,0,5.4228,1057.02,0,0,0,0.702335,0.889588,0.993651,0,0.538303,0,0.702335,109391
1458.0,0.603924,0.976986,0.00605199,0.976986,101325,101918,298.15,377.87,383.729,0,5.41313,1057.02,0,0,0,0.701071,0.889588,0.993648,0,0.534468,0,0.701071,109389
1460.0,0.603905,0.976938,0.00601739,0.976938,101325,101916,298.15,377.793,383.728,0,5.40344,1057.02,0,0,0,0.699804,0.889588,0.993646,0,0.530669,0,0.699804,109386
1462.0,0.603887,0.976889,0.00598278,0.976889,101325,101913,298.15,377.723,383.727,0,5.39371,1057.02,0,0,0,0.698534,0.889588,0.993644,0,0.526906,0,0.698534,109383
1464.0,0.603869,0.97684,0.00594776,0.97684,101325,101911,298.15,377.646,383.726,0,5.38396,1057.02,0,0,0,0.697259,0.889588,0.993641,0,0.523179,0,0.697259,109381
1466.0,0.60385,0.976791,0.00591254,0.976791,101325,101909,298.15,377.569,383.725,0,5.37418,1057.02,0,0,0,0.69598,0.889588,0.993639,0,0.519487,0,0.69598,109378
1468.0,0.603832,0.976742,0.00587713,0.976742,101325,101906,298.15,377.491,383.724,0,5.36438,1057.02,0,0,0,0.6947,0.889588,0.993637,0,0.515829,0,0.6947,109375
1470.0,0.603814,0.976692,0.00584153,0.976692,101325,101904,298.15,377.414,383.723,0,5.35458,1057.02,0,0,0,0.69342,0.889588,0.993634,0,0.512206,0,0.69342,109372
1472.0,0.603797,0.976642,0.00580575,0.976642,101325,101902,298.15,377.336,383.722,0,5.34456,1057.02,0,0,0,0.692111,0.889588,0.993632,0,0.508617,0,0.692111,109370
1474.0,0.603779,0.976592,0.0057698,0.976592,101325,101899,298.15,377.257,383.721,0,5.33455,1057.02,0,0,0,0.690803,0.889588,0.99363,0,0.505061,0,0.690803,109367
1476.0,0.603761,0.976542,0.00573368,0.976542,101325,101897,298.15,377.179,383.72,0,5.32456,1057.02,0,0,0,0.689496,0.889588,0.993627,0,0.501538,0,0.689496,109364
1478.0,0.603744,0.976492,0.00569739,0.976492,101325,101895,298.15,377.1,383.719,0,5.31457,1057.02,0,0,0,0.688192,0.889588,0.993625,0,0.498048,0,0.688192,109362
1480.0,0.603727,0.976442,0.00566095,0.976442,101325,101892,298.15,377.022,383.718,0,5.30459,1057.02,0,0,0,0.686888,0.889588,0.993623,0,0.49459,0,0.686888,109359
1482.0,0.603709,0.976392,0.00562436,0.976392,101325,101890,298.15,376.943,383.717,0,5.29461,1057.02,0,0,0,0.685585,0.889588,0.99362,0,0.491164,0,0.685585,109356
1484.0,0.603692,0.976343,0.00558764,0.976343,101325,101888,298.15,376.863,383.717,0,5.28465,1057.02,0,0,0,0.684283,0.889588,0.993618,0,0.48777,0,0.684283,109354
1486.0,0.603675,0.976293,0.00555077,0.976293,101325,101885,298.15,376.784,383.716,0,5.27471,1057.02,0,0,0,0.682985,0.889588,0.993615,0,0.484407,0,0.682985,109351
1488.0,0.603658,0.976244,0.00551378,0.976244,101325,101883,298.15,376.705,383.715,0,5.2648,1057.02,0,0,0,0.68169,0.889588,0.993613,0,0.481075,0,0.68169,109348
1490.0,0.603642,0.976194,0.00547667,0.976194,101325,101881,298.15,376.625,383.714,0,5.25491,1057.02,0,0,0,0.680398,0.889588,0.99361,0,0.477773,0,0.680398,109346
1492.0,0.603625,0.976145,0.00543944,0.976145,101325,101879,298.15,376.545,383.713,0,5.24504,1057.02,0,0,0,0.679109,0.889588,0.993608,0,0.474501,0,0.679109,109343
1494.0,0.603609,0.976096,0.00540211,0.976096,101325,101876,298.15,376.466,383.712,0,5.23519,1057.02,0,0,0,0.677824,0.889588,0.993605,0,0.47126,0,0.677824,109340
1496.0,0.603592,0.976047,0.00536468,0.976047,101325,101874,298.15,376.386,383.711,0,5.22538,1057.02,0,0,0,0.676542,0.889588,0.993603,0,0.468047,0,0.676542,109338
1498.0,0.603576,0.975998,0.00532715,0.975998,101325,101872,298.15,376.306,383.71,0,5.21559,1057.02,0,0,0,0.675263,0.889588,0.9936,0,0.464864,0,0.675263,109335
1500.0,0.60356,0.97595,0.00528954,0.97595,101325,101869,298.15,376.226,383.709,0,5.20583,1057.02,0,0,0,0.67399,0.889588,0.993597,0,0.46171,0,0.67399,109332
1502.0,0.603544,0.975901,0.00525185,0.975901,101325,101867,298.15,376.146,383.708,0,5.19611,1057.02,0,0,0,0.67272,0.889588,0.993595,0,0.458584,0,0.67272,109330
1504.0,0.603528,0.975853,0.00521408,0.975853,101325,101865,298.15,376.066,383.707,0,100,1057.02,0,0,0,12.9464,0.889588,0.993592,0,0.455486,0,12.9464,109327
1506.0,0.603512,0.969779,0.00517625,0.969779,101325,101863,298.15,375.986,383.706,0,100,1057.02,0,0,0,12.9267,0.889588,0.99359,0,0.452417,0,12.9267,109278
1508.0,0.603496,0.963714,0.00513836,0.963714,101325,101860,298.15,375.906,383.706,0,100,1057.02,0,0,0,12.9069,0.889588,0.993587,0,0.449374,0,12.9069,109230
1510.0,0.60348,0.957659,0.00510042,0.957659,101325,101858,298.15,375.826,383.705,0,100,1057.02,0,0,0,12.8872,0.889588,0.993584,0,0.446359,0,12.8872,109181
1512.0,0.603465,0.951613,0.00506243,0.951613,101325,101856,298.15,375.746,383.704,0,100,1057.02,0,0,0,12.8674,0.889588,0.993581,0,0.443371,0,12.8674,109133
1514.0,0.603449,0.945576,0.0050244,0.945576,101325,101854,298.15,375.665,383.703,0,100,1057.02,0,0,0,12.8477,0.889588,0.993579,0,0.44041,0,12.8477,109084
1516.0,0.603434,0.939548,0.00498635,0.939548,101325,101851,298.15,375.585,383.702,0,100,1057.02,0,0,0,12.828,0.889588,0.993576,0,0.437474,0,12.828,109036
1518.0,0.603419,0.93353,0.00494827,0.93353,101325,101849,298.15,375.505,383.701,0,100,1057.02,0,0,0,12.8082,0.889588,0.993573,0,0.434565,0,12.8082,108988
1520.0,0.603404,0.927521,0.00491017,0.927521,101325,101847,298.15,375.425,383.7,0,100,1057.02,0,0,0,12.7885,0.889588,0.99357,0,0.431682,0,12.7885,108940
1522.0,0.603389,0.921522,0.00487206,0.921522,101325,101845,298.15,375.345,383.699,0,100,1057.02,0,0,0,12.7688,0.889588,0.993567,0,0.428824,0,12.7688,108891
1524.0,0.603374,0.915531,0.00483394,0.915531,101325,101842,298.15,375.266,383.698,0,100,1057.02,0,0,0,12.749,0.889588,0.993564,0,0.425991,0,12.749,108843
1526.0,0.603359,0.909551,0.00480083,0.909551,101325,101840,298.15,375.185,383.697,0,100,1057.02,0,0,0,12.7293,0.889588,0.993561,0,0.423183,0,12.7293,108795
1528.0,0.603344,0.903579,0.00475828,0.903579,101325,101838,298.15,375.106,383.696,0,100,1057.02,0,0,0,12.7095,0.889588,0.993558,0,0.4204,0,12.7095,108748
1530.0,0.60333,0.897617,0.00472017,0.897617,101325,101836,298.15,375.026,383.695,0,100,1057.02,0,0,0,12.6898,0.889588,0.993554,0,0.417641,0,12.6898,108700
1532.0,0.603315,0.891665,0.00468208,0.891665,101325,101833,298.15,374.947,383.695,0,100,1057.02,0,0,0,12.6701,0.889588,0.993551,0,0.414907,0,12.6701,108652
1534.0,0.603301,0.885721,0.00464402,0.885721,101325,101831,298.15,374.867,383.694,0,100,1057.02,0,0,0,12.6503,0.889588,0.993548,0,0.412196,0,12.6503,108604
1536.0,0.603286,0.879787,0.00460599,0.879787,101325,101829,298.15,374.788,383.693,0,100,1057.02,0,0,0,12.6306,0.889588,0.993545,0,0.409508,0,12.6306,108557
1538.0,0.603272,0.873863,0.004568,0.873863,101325,101827,298.15,374.709,383.692,0,100,1057.02,0,0,0,12.6109,0.889588,0.993541,0,0.406844,0,12.6109,108509
1540.0,0.603258,0.867948,0.00453005,0.867948,101325,101825,298.15,374.63,383.691,0,100,1057.02,0,0,0,12.5911,0.889588,0.993538,0,0.404203,0,12.5911,108462
1542.0,0.603244,0.862042,0.00449216,0.862042,101325,101822,298.15,374.551,383.69,0,100,1057.02,0,0,0,12.5714,0.889588,0.993534,0,0.401585,0,12.5714,108414
1544.0,0.60323,0.856146,0.00445432,0.856146,101325,101820,298.15,374.472,383.689,0,100,1057.02,0,0,0,12.5517,0.889588,0.993531,0,0.39899,0,12.5517,108367
1546.0,0.603216,0.850259,0.00441656,0.850259,101325,101818,298.15,374.393,383.688,0,100,1057.02,0,0,0,12.5319,0.889588,0.993527,0,0.396416,0,12.5319,108320
1548.0,0.603202,0.844381,0.00437886,0.844381,101325,101816,298.15,374.315,383.687,0,100,1057.02,0,0,0,12.5122,0.889588,0.993524,0,0.393865,0,12.5122,108273
1550.0,0.603188,0.838514,0.00434123,0.838514,101325,101813,298.15,374.237,383.686,0,100,1057.02,0,0,0,12.4925,0.889588,0.99352,0,0.391336,0,12.4925,108226
1552.0,0.603175,0.832657,0.00430369,0.832657,101325,101811,298.15,374.159,383.685,0,100,1057.02,0,0,0,12.4728,0.889588,0.993516,0,0.388828,0,12.4728,108179
1554.0,0.603161,0.826811,0.00426624,0.826811,101325,101809,298.15,374.081,383.684,0,100,1057.02,0,0,0,12.453,0.889588,0.993512,0,0.386342,0,12.453,108132
1556.0,0.603148,0.820975,0.00422888,0.820975,101325,101807,298.15,374.003,383.683,0,100,1057.02,0,0,0,12.4333,0.889588,0.993508,0,0.383877,0,12.4333,108085
1558.0,0.603135,0.81515,0.00419161,0.81515,101325,101804,298.15,373.926,383.682,0,100,1057.02,0,0,0,12.4136,0.889588,0.993504,0,0.381433,0,12.4136,108038
1560.0,0.603121,0.809336,0.00415445,0.809336,101325,101802,298.15,373.849,383.681,0,100,1057.02,0,0,0,12.3939,0.889588,0.9935,0,0.379009,0,12.3939,107991
1562.0,0.603108,0.803532,0.0041174,0.803532,101325,101800,298.15,373.771,383.68,0,100,1057.02,0,0,0,12.3742,0.889588,0.993496,0,0.376606,0,12.3742,107945
1564.0,0.603095,0.797738,0.00408046,0.797738,101325,101798,298.15,373.695,383.679,0,100,1057.02,0,0,0,12.3545,0.889588,0.993492,0,0.374224,0,12.3545,107898
1566.0,0.603082,0.791955,0.00404364,0.791955,101325,101796,298.15,373.618,383.678,0,100,1057.02,0,0,0,12.3348,0.889588,0.993487,0,0.371861,0,12.3348,107852
1568.0,0.603069,0.786183,0.00400695,0.786183,101325,101793,298.15,373.542,383.677,0,100,1057.02,0,0,0,12.3151,0.889588,0.993483,0,0.369518,0,12.3151,107806
1570.0,0.603056,0.780421,0.00397038,0.780421,101325,101791,298.15,373.465,383.676,0,100,1057.02,0,0,0,12.2954,0.889588,0.993479,0,0.367195,0,12.2954,107759
1572.0,0.603043,0.77467,0.00393394,0.77467,101325,101789,298.15,373.389,383.675,0,100,1057.02,0,0,0,12.2758,0.889588,0.993474,0,0.364891,0,12.2758,107713
1574.0,0.603031,0.76893,0.00389764,0.76893,101325,101787,298.15,373.314,383.674,0,100,1057.02,0,0,0,12.2561,0.889588,0.993469,0,0.362607,0,12.2561,107667
1576.0,0.603018,0.7632,0.00386149,0.7632,101325,101785,298.15,373.238,383.673,0,100,1057.02,0,0,0,12.2364,0.889588,0.993465,0,0.360341,0,12.2364,107621
1578.0,0.603005,0.75748,0.00382548,0.75748,101325,101782,298.15,373.163,383.672,0,100,1057.02,0,0,0,12.2168,0.889588,0.99346,0,0.358095,0,12.2168,107575
1580.0,0.602993,0.751772,0.00378962,0.751772,101325,101780,298.15,373.088,383.671,0,100,1057.02,0,0,0,12.1971,0.889588,0.993455,0,0.355867,0,12.1971,107529
1582.0,0.602981,0.746074,0.00375391,0.746074,101325,101778,298.15,373.013,383.67,0,100,1057.02,0,0,0,12.1774,0.889588,0.99345,0,0.353657,0,12.1774,107483
1584.0,0.602968,0.740386,0.00371837,0.740386,101325,101776,298.15,372.939,383.669,0,100,1057.02,0,0,0,12.1578,0.889588,0.993445,0,0.351466,0,12.1578,107438
1586.0,0.602956,0.734709,0.00368299,0.734709,101325,101774,298.15,372.865,383.668,0,100,1057.02,0,0,0,12.1382,0.889588,0.993439,0,0.349293,0,12.1382,107392
1588.0,0.602944,0.729043,0.00364776,0.729043,101325,101771,298.15,372.791,383.667,0,100,1057.02,0,0,0,12.1185,0.889588,0.993434,0,0.347138,0,12.1185,107347
1590.0,0.602932,0.723388,0.00361272,0.723388,101325,101769,298.15,372.717,383.666,0,100,1057.02,0,0,0,12.0989,0.889588,0.993428,0,0.345,0,12.0989,107301
1592.0,0.60292,0.717743,0.00357785,0.717743,101325,101767,298.15,372.644,383.665,0,100,1057.02,0,0,0,12.0793,0.889588,0.993423,0,0.34288,0,12.0793,107256
1594.0,0.602908,0.712109,0.00354316,0.712109,101325,101765,298.15,372.571,383.664,0,100,1057.02,0,0,0,12.0596,0.889588,0.993417,0,0.340778,0,12.0596,107211
1596.0,0.602896,0.706485,0.00350865,0.706485,101325,101763,298.15,372.498,383.663,0,100,1057.02,0,0,0,12.04,0.889588,0.993411,0,0.338692,0,12.04,107165
1598.0,0.602884,0.700872,0.00347432,0.700872,101325,101761,298.15,372.426,383.662,0,100,1057.02,0,0,0,12.0204,0.889588,0.993406,0,0.336623,0,12.0204,107120
1600.0,0.602872,0.69527,0.00344018,0.69527,101325,101758,298.15,372.353,383.661,0,100,1057.02,0,0,0,12.0008,0.889588,0.9934,0,0.334572,0,12.0008,107075
1602.0,0.602861,0.689678,0.00340623,0.689678,101325,101756,298.15,372.282,383.66,0,100,1057.02,0,0,0,11.9812,0.889588,0.993393,0,0.332537,0,11.9812,107030
1604.0,0.602849,0.684097,0.00337248,0.684097,101325,101754,298.15,372.21,383.659,0,100,1057.02,0,0,0,11.9616,0.889588,0.993387,0,0.330518,0,11.9616,106986
1606.0,0.602838,0.678527,0.00333892,0.678527,101325,101752,298.15,372.139,383.658,0,100,1057.02,0,0,0,11.942,0.889588,0.993381,0,0.328516,0,11.942,106941
1608.0,0.602826,0.672967,0.00330557,0.672967,101325,101750,298.15,372.068,383.657,0,100,1057.02,0,0,0,11.9224,0.889588,0.993374,0,0.32653,0,11.9224,106896
1610.0,0.602815,0.667418,0.00327242,0.667418,101325,101748,298.15,371.997,383.656,0,100,1057.02,0,0,0,11.9028,0.889588,0.993368,0,0.324559,0,11.9028,106851
1612.0,0.602804,0.66188,0.00323947,0.66188,101325,101745,298.15,371.926,383.655,0,100,1057.02,0,0,0,11.8833,0.889588,0.993361,0,0.322605,0,11.8833,106807
1614.0,0.602792,0.656352,0.00320673,0.656352,101325,101743,298.15,371.856,383.654,0,100,1057.02,0,0,0,11.8637,0.889588,0.993354,0,0.320666,0,11.8637,106763
1616.0,0.602781,0.650835,0.00317421,0.650835,101325,101741,298.15,371.787,383.653,0,100,1057.02,0,0,0,11.8441,0.889588,0.993347,0,0.318743,0,11.8441,106718
1618.0,0.60277,0.645329,0.00314189,0.645329,101325,101739,298.15,371.717,383.652,0,100,1057.02,0,0,0,11.8246,0.889588,0.99334,0,0.316835,0,11.8246,106674
1620.0,0.602759,0.639834,0.0031098,0.639834,101325,101737,298.15,371.648,383.651,0,100,1057.02,0,0,0,11.805,0.889588,0.993332,0,0.314943,0,11.805,106630
1622.0,0.602748,0.63435,0.00307792,0.63435,101325,101735,298.15,371.579,383.649,0,100,1057.02,0,0,0,11.7855,0.889588,0.993325,0,0.313065,0,11.7855,106586
1624.0,0.602737,0.628876,0.00304626,0.628876,101325,101732,298.15,371.51,383.648,0,100,1057.02,0,0,0,11.766,0.889588,0.993317,0,0.311203,0,11.766,106542
1626.0,0.602726,0.623412,0.00301482,0.623412,101325,101730,298.15,371.442,383.647,0,100,1057.02,0,0,0,11.7464,0.889588,0.99331,0,0.309355,0,11.7464,106498
1628.0,0.602716,0.61796,0.0029836,0.61796,101325,101728,298.15,371.374,383.646,0,100,1057.02,0,0,0,11.7269,0.889588,0.993302,0,0.307521,0,11.7269,106454
1630.0,0.602705,0.612518,0.00295261,0.612518,101325,101726,298.15,371.307,383.645,0,100,1057.02,0,0,0,11.7074,0.889588,0.993294,0,0.305703,0,11.7074,106410
1632.0,0.602694,0.607087,0.00292185,0.607087,101325,101724,298.15,371.239,383.644,0,100,1057.02,0,0,0,11.6879,0.889588,0.993285,0,0.303898,0,11.6879,106366
1634.0,0.602684,0.601667,0.00289131,0.601667,101325,101722,298.15,371.172,383.643,0,100,1057.02,0,0,0,11.6684,0.889588,0.993277,0,0.302108,0,11.6684,106323
1636.0,0.602673,0.596257,0.002861,0.596257,101325,101720,298.15,371.105,383.642,0,100,1057.02,0,0,0,11.6489,0.889588,0.993268,0,0.300331,0,11.6489,106279
1638.0,0.602663,0.590858,0.00283093,0.590858,101325,101717,298.15,371.039,383.64,0,100,1057.02,0,0,0,11.6294,0.889588,0.993259,0,0.298569,0,11.6294,106236
1640.0,0.602652,0.58547,0.0028011,0.58547,101325,101715,298.15,370.973,383.639,0,100,1057.02,0,0,0,11.6099,0.889588,0.99325,0,0.29682,0,11.6099,106193
1642.0,0.602642,0.580093,0.00277149,0.580093,101325,101713,298.15,370.908,383.638,0,100,1057.02,0,0,0,11.5904,0.889588,0.993241,0,0.295085,0,11.5904,106149
1644.0,0.602632,0.574727,0.00274213,0.574727,101325,101711,298.15,370.843,383.637,0,100,1057.02,0,0,0,11.5709,0.889588,0.993232,0,0.293364,0,11.5709,106106
1646.0,0.602622,0.569371,0.0027131,0.569371,101325,101709,298.15,370.777,383.636,0,100,1057.02,0,0,0,11.5515,0.889588,0.993222,0,0.291656,0,11.5515,106063
1648.0,0.602611,0.564026,0.0026842,0.564026,101325,101707,298.15,370.712,383.634,0,100,1057.02,0,0,0,11.532,0.889588,0.993213,0,0.289961,0,11.532,106020
1650.0,0.602601,0.558692,0.00265553,0.558692,101325,101705,298.15,370.648,383.633,0,100,1057.02,0,0,0,11.5126,0.889588,0.993203,0,0.288279,0,11.5126,105977
1652.0,0.602591,0.553369,0.00262711,0.553369,101325,101702,298.15,370.584,383.632,0,100,1057.02,0,0,0,11.4931,0.889588,0.993193,0,0.28661,0,11.4931,105934
1654.0,0.602581,0.548056,0.00259892,0.548056,101325,101700,298.15,370.52,383.631,0,100,1057.02,0,0,0,11.4737,0.889588,0.993182,0,0.284954,0,11.4737,105892
1656.0,0.602571,0.542754,0.00257098,0.542754,101325,101698,298.15,370.457,383.63,0,100,1057.02,0,0,0,11.4542,0.889588,0.993172,0,0.283311,0,11.4542,105849
1658.0,0.602561,0.537463,0.00254328,0.537463,101325,101696,298.15,370.394,383.628,0,100,1057.02,0,0,0,11.4348,0.889588,0.993161,0,0.281681,0,11.4348,105806
1660.0,0.602552,0.532182,0.00251581,0.532182,101325,101694,298.15,370.331,383.627,0,99.2452,1057.02,0,0,0,11.3292,0.889588,0.99315,0,0.280062,0,11.3292,105764
1662.0,0.602542,0.526955,0.00248859,0.526955,101325,101692,298.15,370.268,383.626,0,99.9179,1057.02,0,0,0,11.3868,0.889588,0.993139,0,0.278457,0,11.3868,105722
1664.0,0.602532,0.521701,0.00246161,0.521701,101325,101690,298.15,370.206,383.624,0,100,1057.02,0,0,0,11.3767,0.889588,0.993127,0,0.276863,0,11.3767,105679
1666.0,0.602523,0.516452,0.00243488,0.516452,101325,101687,298.15,370.144,383.623,0,99.5085,1057.02,0,0,0,11.3015,0.889588,0.993115,0,0.275282,0,11.3015,105637
1668.0,0.602513,0.511241,0.00240838,0.511241,101325,101685,298.15,370.083,383.622,0,100,1057.02,0,0,0,11.338,0.889588,0.993103,0,0.273713,0,11.338,105595
1670.0,0.602503,0.506012,0.00238213,0.506012,101325,101683,298.15,370.022,383.621,0,99.0613,1057.02,0,0,0,11.2124,0.889588,0.993091,0,0.272155,0,11.2124,105553
1672.0,0.602494,0.500847,0.00235612,0.500847,101325,101681,298.15,369.961,383.619,0,99.6397,1057.02,0,0,0,11.2588,0.889588,0.993079,0,0.27061,0,11.2588,105512
1674.0,0.602485,0.49566,0.00233036,0.49566,101325,101679,298.15,369.9,383.618,0,100,1057.02,0,0,0,11.2802,0.889588,0.993066,0,0.269076,0,11.2802,105470
1676.0,0.602475,0.490464,0.00230484,0.490464,101325,101677,298.15,369.84,383.617,0,99.1519,1057.02,0,0,0,11.1653,0.889588,0.993053,0,0.267554,0,11.1653,105428
1678.0,0.602466,0.485325,0.00227956,0.485325,101325,101675,298.15,369.78,383.615,0,99.6745,1057.02,0,0,0,11.205,0.889588,0.99304,0,0.266043,0,11.205,105387
1680.0,0.602457,0.480168,0.00225451,0.480168,101325,101673,298.15,369.721,383.614,0,100,1057.02,0,0,0,11.2223,0.889588,0.993026,0,0.264543,0,11.2223,105345
1682.0,0.602447,0.475003,0.00222972,0.475003,101325,101671,298.15,369.662,383.613,0,99.1359,1057.02,0,0,0,11.1062,0.889588,0.993012,0,0.263055,0,11.1062,105304
1684.0,0.602438,0.469897,0.00220516,0.469897,101325,101669,298.15,369.603,383.611,0,99.603,1057.02,0,0,0,11.1394,0.889588,0.992998,0,0.261578,0,11.1394,105262
1686.0,0.602429,0.464775,0.00218085,0.464775,101325,101667,298.15,369.544,383.61,0,100,1057.02,0,0,0,11.1646,0.889588,0.992984,0,0.260112,0,11.1646,105221
1688.0,0.60242,0.459642,0.00215677,0.459642,101325,101665,298.15,369.486,383.608,0,99.0165,1057.02,0,0,0,11.0356,0.889588,0.992969,0,0.258657,0,11.0356,105180
1690.0,0.602411,0.454573,0.00213294,0.454573,101325,101663,298.15,369.428,383.607,0,99.4285,1057.02,0,0,0,11.0625,0.889588,0.992954,0,0.257212,0,11.0625,105139
1692.0,0.602402,0.449492,0.00210934,0.449492,101325,101661,298.15,369.37,383.605,0,99.8331,1057.02,0,0,0,11.0884,0.889588,0.992939,0,0.255779,0,11.0884,105098
1694.0,0.602393,0.444399,0.00208599,0.444399,101325,101658,298.15,369.313,383.604,0,100,1057.02,0,0,0,11.0877,0.889588,0.992923,0,0.254356,0,11.0877,105057
1696.0,0.602384,0.439308,0.00206287,0.439308,101325,101656,298.15,369.256,383.603,0,99.1758,1057.02,0,0,0,10.9771,0.889588,0.992907,0,0.252944,0,10.9771,105016
1698.0,0.602375,0.434271,0.00203999,0.434271,101325,101654,298.15,369.199,383.601,0,99.5148,1057.02,0,0,0,10.9956,0.889588,0.992891,0,0.251542,0,10.9956,104976
1700.0,0.602367,0.429227,0.00201735,0.429227,101325,101652,298.15,369.143,383.6,0,99.8446,1057.02,0,0,0,11.0129,0.889588,0.992874,0,0.25015,0,11.0129,104935
1702.0,0.602358,0.424079,0.00199494,0.424079,101325,101650,298.15,369.087,383.598,0,100,1057.02,0,0,0,11.0111,0.889588,0.992859,0,0.248769,0,11.0111,104894
1704.0,0.602349,0.418922,0.00197276,0.418922,101325,101648,298.15,369.031,383.597,0,99.1024,1057.02,0,0,0,10.8921,0.889588,0.992844,0,0.247397,0,10.8921,104852
1706.0,0.602341,0.41383,0.00195082,0.41383,101325,101646,298.15,368.975,383.595,0,99.3467,1057.02,0,0,0,10.9003,0.889588,0.992828,0,0.246036,0,10.9003,104811
1708.0,0.602332,0.408687,0.00192912,0.408687,101325,101644,298.15,368.92,383.593,0,99.5836,1057.02,0,0,0,10.9067,0.889588,0.992813,0,0.244685,0,10.9067,104770
1710.0,0.602324,0.403618,0.00190764,0.403618,101325,101642,298.15,368.865,383.592,0,99.7899,1057.02,0,0,0,10.9098,0.889588,0.992796,0,0.243344,0,10.9098,104729
1712.0,0.602315,0.398478,0.0018864,0.398478,101325,101640,298.15,368.811,383.59,0,99.9904,1057.02,0,0,0,10.912,0.889588,0.99278,0,0.242012,0,10.912,104688
1714.0,0.602307,0.393372,0.00186538,0.393372,101325,101638,298.15,368.757,383.589,0,100,1057.02,0,0,0,10.8927,0.889588,0.992763,0,0.240691,0,10.8927,104647
1716.0,0.602298,0.388312,0.0018446,0.388312,101325,101636,298.15,368.703,383.588,0,99.1148,1057.02,0,0,0,10.7769,0.889588,0.992745,0,0.239378,0,10.7769,104606
1718.0,0.60229,0.383241,0.00182404,0.383241,101325,101634,298.15,368.649,383.586,0,99.256,1057.02,0,0,0,10.7728,0.889588,0.992728,0,0.238076,0,10.7728,104565
1720.0,0.602282,0.378305,0.0018037,0.378305,101325,101632,298.15,368.596,383.584,0,99.3747,1057.02,0,0,0,10.7674,0.889588,0.992707,0,0.236783,0,10.7674,104526
1722.0,0.602273,0.373203,0.00178359,0.373203,101325,101630,298.15,368.543,383.583,0,99.5007,1057.02,0,0,0,10.7607,0.889588,0.992691,0,0.235499,0,10.7607,104485
1724.0,0.602265,0.368144,0.00176371,0.368144,101325,101628,298.15,368.49,383.582,0,99.5732,1057.02,0,0,0,10.7489,0.889588,0.992672,0,0.234224,0,10.7489,104444
1726.0,0.602257,0.363097,0.00174405,0.363097,101325,101627,298.15,368.437,383.58,0,99.634,1057.02,0,0,0,10.7359,0.889588,0.992654,0,0.232959,0,10.7359,104404
1728.0,0.602249,0.358051,0.00172461,0.358051,101325,101625,298.15,368.385,383.579,0,99.677,1057.02,0,0,0,10.721,0.889588,0.992634,0,0.231702,0,10.721,104363
1730.0,0.602241,0.353012,0.00170539,0.353012,101325,101623,298.15,368.333,383.577,0,99.6999,1057.02,0,0,0,10.7038,0.889588,0.992615,0,0.230455,0,10.7038,104323
1732.0,0.602233,0.347994,0.00168639,0.347994,101325,101621,298.15,368.282,383.575,0,99.7041,1057.02,0,0,0,10.6847,0.889588,0.992595,0,0.229217,0,10.6847,104282
1734.0,0.602225,0.343044,0.0016676,0.343044,101325,101619,298.15,368.23,383.574,0,99.6925,1057.02,0,0,0,10.6641,0.889588,0.992572,0,0.227987,0,10.6641,104242
1736.0,0.602217,0.338117,0.00164903,0.338117,101325,101617,298.15,368.179,383.572,0,99.6748,1057.02,0,0,0,10.6429,0.889588,0.992549,0,0.226767,0,10.6429,104203
1738.0,0.602209,0.333132,0.00163067,0.333132,101325,101615,298.15,368.129,383.57,0,99.6419,1057.02,0,0,0,10.6199,0.889588,0.992527,0,0.225555,0,10.6199,104163
1740.0,0.602201,0.328157,0.00161253,0.328157,101325,101613,298.15,368.078,383.568,0,99.5774,1057.02,0,0,0,10.5935,0.889588,0.992505,0,0.224351,0,10.5935,104123
1742.0,0.602193,0.323194,0.0015946,0.323194,101325,101611,298.15,368.028,383.567,0,99.4949,1057.02,0,0,0,10.5652,0.889588,0.992482,0,0.223156,0,10.5652,104083
1744.0,0.602186,0.318245,0.00157687,0.318245,101325,101609,298.15,367.978,383.565,0,99.3952,1057.02,0,0,0,10.5352,0.889588,0.992459,0,0.22197,0,10.5352,104043
1746.0,0.602178,0.313308,0.00155936,0.313308,101325,101607,298.15,367.929,383.563,0,99.2783,1057.02,0,0,0,10.5034,0.889588,0.992435,0,0.220792,0,10.5034,104004
1748.0,0.60217,0.308386,0.00154204,0.308386,101325,101605,298.15,367.879,383.561,0,99.1441,1057.02,0,0,0,10.4698,0.889588,0.992411,0,0.219622,0,10.4698,103964
1750.0,0.602163,0.303484,0.00152494,0.303484,101325,101604,298.15,367.83,383.56,0,98.9932,1057.02,0,0,0,10.4346,0.889588,0.992386,0,0.218461,0,10.4346,103925
1752.0,0.602155,0.298595,0.00150803,0.298595,101325,101602,298.15,367.782,383.558,0,98.8269,1057.02,0,0,0,10.3978,0.889588,0.99236,0,0.217308,0,10.3978,103885
1754.0,0.602147,0.293724,0.00149133,0.293724,101325,101600,298.15,367.733,383.556,0,98.6434,1057.02,0,0,0,10.3593,0.889588,0.992334,0,0.216163,0,10.3593,103846
1756.0,0.60214,0.288868,0.00147483,0.288868,101325,101598,298.15,367.685,383.554,0,98.4441,1057.02,0,0,0,10.3193,0.889588,0.992307,0,0.215026,0,10.3193,103807
1758.0,0.602132,0.284041,0.00145853,0.284041,101325,101596,298.15,367.637,383.552,0,98.2284,1057.02,0,0,0,10.2776,0.889588,0.99228,0,0.213897,0,10.2776,103769
1760.0,0.602125,0.279213,0.00144242,0.279213,101325,101594,298.15,367.59,383.55,0,97.999,1057.02,0,0,0,10.2346,0.889588,0.992252,0,0.212775,0,10.2346,103730
1762.0,0.602117,0.274444,0.0014265,0.274444,101325,101592,298.15,367.542,383.548,0,97.7504,1057.02,0,0,0,10.1899,0.889588,0.992223,0,0.211662,0,10.1899,103691
1764.0,0.60211,0.269669,0.00141078,0.269669,101325,101590,298.15,367.495,383.546,0,97.4942,1057.02,0,0,0,10.1445,0.889588,0.992194,0,0.210556,0,10.1445,103653
1766.0,0.602103,0.264915,0.00139525,0.264915,101325,101589,298.15,367.448,383.544,0,97.218,1057.02,0,0,0,10.0972,0.889588,0.992164,0,0.209458,0,10.0972,103615
1768.0,0.602095,0.260141,0.00137991,0.260141,101325,101587,298.15,367.402,383.542,0,96.9269,1057.02,0,0,0,10.0483,0.889588,0.992135,0,0.208368,0,10.0483,103577
1770.0,0.602088,0.255433,0.00136476,0.255433,101325,101585,298.15,367.355,383.54,0,96.6126,1057.02,0,0,0,9.99727,0.889588,0.992103,0,0.207285,0,9.99727,103539
1772.0,0.602081,0.250842,0.0013498,0.250842,101325,101583,298.15,367.309,383.538,0,96.2926,1057.02,0,0,0,9.94626,0.889588,0.992067,0,0.20621,0,9.94626,103502
1774.0,0.602074,0.246181,0.00133501,0.246181,101325,101581,298.15,367.263,383.535,0,95.9778,1057.02,0,0,0,9.89558,0.889588,0.992034,0,0.205142,0,9.89558,103464
1776.0,0.602067,0.241572,0.00132041,0.241572,101325,101580,298.15,367.218,383.533,0,95.6303,1057.02,0,0,0,9.84208,0.889588,0.992,0,0.204082,0,9.84208,103427
1778.0,0.60206,0.236932,0.00130599,0.236932,101325,101578,298.15,367.173,383.531,0,95.2749,1057.02,0,0,0,9.78749,0.889588,0.991966,0,0.203029,0,9.78749,103390
1780.0,0.602052,0.232339,0.00129176,0.232339,101325,101576,298.15,367.128,383.529,0,94.8946,1057.02,0,0,0,9.73038,0.889588,0.991931,0,0.201983,0,9.73038,103353
1782.0,0.602045,0.227807,0.00127769,0.227807,101325,101574,298.15,367.083,383.526,0,94.5052,1057.02,0,0,0,9.67321,0.889588,0.991894,0,0.200944,0,9.67321,103317
1784.0,0.602038,0.223307,0.00126381,0.223307,101325,101572,298.15,367.038,383.524,0,94.1101,1057.02,0,0,0,9.61518,0.889588,0.991855,0,0.199912,0,9.61518,103280
1786.0,0.602031,0.2188,0.00125009,0.2188,101325,101571,298.15,366.994,383.521,0,93.7033,1057.02,0,0,0,9.55654,0.889588,0.991817,0,0.198888,0,9.55654,103244
1788.0,0.602025,0.214315,0.00123655,0.214315,101325,101569,298.15,366.95,383.519,0,93.2772,1057.02,0,0,0,9.4959,0.889588,0.991778,0,0.19787,0,9.4959,103208
1790.0,0.602018,0.209865,0.00122318,0.209865,101325,101567,298.15,366.906,383.516,0,92.8374,1057.02,0,0,0,9.43414,0.889588,0.991738,0,0.196859,0,9.43414,103172
1792.0,0.602011,0.205451,0.00120998,0.205451,101325,101565,298.15,366.863,383.514,0,92.3869,1057.02,0,0,0,9.37129,0.889588,0.991697,0,0.195855,0,9.37129,103137
1794.0,0.602004,0.201067,0.00119694,0.201067,101325,101564,298.15,366.819,383.511,0,91.9259,1057.02,0,0,0,9.30789,0.889588,0.991655,0,0.194858,0,9.30789,103102
1796.0,0.601997,0.196708,0.00118407,0.196708,101325,101562,298.15,366.776,383.509,0,91.4533,1057.02,0,0,0,9.24355,0.889588,0.991611,0,0.193868,0,9.24355,103067
1798.0,0.60199,0.192383,0.00117137,0.192383,101325,101560,298.15,366.734,383.506,0,90.9683,1057.02,0,0,0,9.17824,0.889588,0.991567,0,0.192885,0,9.17824,103032
1800.0,0.601984,0.188075,0.00115882,0.188075,101325,101559,298.15,366.691,383.503,0,90.4728,1057.02,0,0,0,9.11207,0.889588,0.991522,0,0.191908,0,9.11207,102997
1802.0,0.601977,0.183819,0.00114644,0.183819,101325,101557,298.15,366.649,383.5,0,89.9634,1057.02,0,0,0,9.04486,0.889588,0.991474,0,0.190938,0,9.04486,102963
1804.0,0.60197,0.179592,0.00113421,0.179592,101325,101555,298.15,366.607,383.498,100,89.4475,1057.02,0,0,13.087,8.97726,0.889588,0.991426,0,0.189974,13.087,8.97726,102929
1806.0,0.596224,0.175392,0.00112214,0.175392,101325,101553,298.15,366.565,383.495,100,88.9204,1057.02,0,0,13.087,8.9088,0.889588,0.991376,0,0,13.087,8.9088,102895
1808.0,0.590479,0.171224,0.00111022,0.171224,101325,101552,298.15,366.523,383.492,100,88.3819,1057.02,0,0,13.087,8.83948,0.889588,0.991325,0,0,13.087,8.83948,102861
1810.0,0.584733,0.167092,0.00109845,0.167092,101325,101550,298.15,366.482,383.489,100,87.8333,1057.02,0,0,13.087,8.76944,0.889588,0.991272,0,0,13.087,8.76944,102828
1812.0,0.578987,0.162991,0.00108684,0.162991,101325,101548,298.15,366.441,383.486,100,87.2753,1057.02,0,0,13.087,8.69827,0.889588,0.991218,0,0,13.087,8.69827,102795
1814.0,0.573241,0.158926,0.00107538,0.158926,101325,101547,298.15,366.4,383.483,100,86.7071,1057.02,0,0,13.087,8.62685,0.889588,0.991163,0,0,13.087,8.62685,102762
1816.0,0.567495,0.154893,0.00106406,0.154893,101325,101545,298.15,366.359,383.479,100,86.1296,1057.02,0,0,13.087,8.55482,0.889588,0.991105,0,0,13.087,8.55482,102730
1818.0,0.561749,0.150895,0.00105289,0.150895,101325,101543,298.15,366.319,383.476,100,85.5427,1057.02,0,0,13.087,8.48214,0.889588,0.991047,0,0,13.087,8.48214,102698
1820.0,0.556003,0.146926,0.00104186,0.146926,101325,101542,298.15,366.278,383.473,100,84.9467,1057.02,0,0,13.087,8.40884,0.889588,0.990986,0,0,13.087,8.40884,102666
1822.0,0.550257,0.143002,0.00103098,0.143002,101325,101540,298.15,366.238,383.469,100,84.3404,1057.02,0,0,13.087,8.33487,0.889588,0.990924,0,0,13.087,8.33487,102634
1824.0,0.544511,0.139111,0.00102024,0.139111,101325,101538,298.15,366.198,383.465,100,83.7276,1057.02,0,0,13.087,8.26063,0.889588,0.990859,0,0,13.087,8.26063,102603
1826.0,0.538766,0.135235,0.00100964,0.135235,101325,101537,298.15,366.159,383.462,100,83.106,1057.02,0,0,13.087,8.1856,0.889588,0.990794,0,0,13.087,8.1856,102571
1828.0,0.53302,0.131422,0.00099917,0.131422,101325,101535,298.15,366.12,383.458,100,82.4717,1057.02,0,0,13.087,8.10982,0.889588,0.990725,0,0,13.087,8.10982,102540
1830.0,0.527274,0.127639,0.00098884,0.127639,101325,101533,298.15,366.08,383.454,100,81.8347,1057.02,0,0,13.087,8.03407,0.889588,0.990654,0,0,13.087,8.03407,102510
1832.0,0.521528,0.123891,0.000978644,0.123891,101325,101532,298.15,366.041,383.45,100,81.1887,1057.02,0,0,13.087,7.95773,0.889588,0.990581,0,0,13.087,7.95773,102479
1834.0,0.515782,0.120181,0.000968581,0.120181,101325,101530,298.15,366.003,383.446,100,80.5346,1057.02,0,0,13.087,7.88092,0.889588,0.990505,0,0,13.087,7.88092,102449
1836.0,0.510036,0.116504,0.000958649,0.116504,101325,101528,298.15,365.964,383.442,100,79.8732,1057.02,0,0,13.087,7.80372,0.889588,0.990427,0,0,13.087,7.80372,102420
1838.0,0.50429,0.112865,0.000948846,0.112865,101325,101527,298.15,365.926,383.437,100,79.204,1057.02,0,0,13.087,7.72606,0.889588,0.990346,0,0,13.087,7.72606,102390
1840.0,0.498544,0.109264,0.00093917,0.109264,101325,101525,298.15,365.888,383.433,100,78.5275,1057.02,0,0,13.087,7.64758,0.889588,0.990263,0,0,13.087,7.64758,102361
1842.0,0.492799,0.10568,0.000929621,0.10568,101325,101524,298.15,365.85,383.429,100,77.8444,1057.02,0,0,13.087,7.56914,0.889588,0.990179,0,0,13.087,7.56914,102332
1844.0,0.487053,0.102164,0.000920196,0.102164,101325,101522,298.15,365.812,383.424,100,77.1502,1057.02,0,0,13.087,7.49006,0.889588,0.990088,0,0,13.087,7.49006,102304
1846.0,0.481307,0.0986723,0.000910894,0.0986723,101325,101520,298.15,365.775,383.419,100,76.4558,1057.02,0,0,13.087,7.41122,0.889588,0.989995,0,0,13.087,7.41122,102275
1848.0,0.475561,0.0952167,0.000901712,0.0952167,101325,101519,298.15,365.738,383.414,100,75.752,1057.02,0,0,13.087,7.3318,0.889588,0.9899,0,0,13.087,7.3318,102247
1850.0,0.469815,0.0917976,0.00089265,0.0917976,101325,101517,298.15,365.701,383.409,100,75.0417,1057.02,0,0,13.087,7.25207,0.889588,0.989801,0,0,13.087,7.25207,102220
1852.0,0.464069,0.0884184,0.000883711,0.0884184,101325,101516,298.15,365.664,383.404,100,74.3251,1057.02,0,0,13.087,7.17205,0.889588,0.989697,0,0,13.087,7.17205,102192
1854.0,0.458323,0.085071,0.00087488,0.085071,101325,101514,298.15,365.627,383.398,100,73.6029,1057.02,0,0,13.087,7.09179,0.889588,0.989591,0,0,13.087,7.09179,102165
1856.0,0.452577,0.0817729,0.000866164,0.0817729,101325,101513,298.15,365.591,383.392,100,72.8737,1057.02,0,0,13.087,7.01129,0.889588,0.989479,0,0,13.087,7.01129,102138
1858.0,0.446831,0.0785182,0.000857609,0.0785182,101325,101511,298.15,365.558,383.386,100,72.1411,1057.02,0,0,13.087,6.93033,0.889588,0.989361,0,0,13.087,6.93033,102112
1860.0,0.441086,0.0752813,0.000849119,0.0752813,101325,101509,298.15,365.522,383.38,100,71.4042,1057.02,0,0,13.087,6.84959,0.889588,0.989241,0,0,13.087,6.84959,102085
1862.0,0.43534,0.0721004,0.000840739,0.0721004,101325,101508,298.15,365.486,383.374,100,70.658,1057.02,0,0,13.087,6.76835,0.889588,0.989114,0,0,13.087,6.76835,102060
1864.0,0.429594,0.0689569,0.000832467,0.0689569,101325,101506,298.15,365.451,383.367,100,69.9102,1057.02,0,0,13.087,6.68726,0.889588,0.98898,0,0,13.087,6.68726,102034
1866.0,0.423848,0.0658516,0.000824301,0.0658516,101325,101505,298.15,365.415,383.36,100,69.1572,1057.02,0,0,13.087,6.60602,0.889588,0.988841,0,0,13.087,6.60602,102009
1868.0,0.418102,0.0627854,0.00081624,0.0627854,101325,101503,298.15,365.38,383.353,100,68.3996,1057.02,0,0,13.087,6.52461,0.889588,0.988695,0,0,13.087,6.52461,101984
1870.0,0.412356,0.0597581,0.000808281,0.0597581,101325,101502,298.15,365.345,383.345,100,67.6374,1057.02,0,0,13.087,6.44312,0.889588,0.988541,0,0,13.087,6.44312,101959
1872.0,0.40661,0.0567698,0.000800424,0.0567698,101325,101500,298.15,365.31,383.337,100,66.871,1057.02,0,0,13.087,6.3615,0.889588,0.98838,0,0,13.087,6.3615,101935
1874.0,0.400864,0.0538205,0.000792667,0.0538205,101325,101499,298.15,365.276,383.329,100,66.1004,1057.02,0,0,13.087,6.27983,0.889588,0.98821,0,0,13.087,6.27983,101911
1876.0,0.395118,0.0509105,0.000785008,0.0509105,101325,101498,298.15,365.241,383.32,100,65.3258,1057.02,0,0,13.087,6.19809,0.889588,0.988031,0,0,13.087,6.19809,101887
1878.0,0.389373,0.0480392,0.000777445,0.0480392,101325,101496,298.15,365.207,383.311,99.4829,64.5474,1057.02,0,0,13.0194,6.1159,0.889588,0.987841,0,0,13.0194,6.1159,101864
1880.0,0.383656,0.0452076,0.000769977,0.0452076,101325,101495,298.15,365.173,383.301,99.2403,63.7653,1057.02,0,0,12.9876,6.03402,0.889588,0.98764,0,0,12.9876,6.03402,101841
1882.0,0.377954,0.042415,0.000762601,0.042415,101325,101493,298.15,365.14,383.29,98.9885,62.9798,1057.02,0,0,12.9547,5.95214,0.889588,0.987427,0,0,12.9547,5.95214,101818
1884.0,0.372266,0.0396615,0.000755317,0.0396615,101325,101492,298.15,365.106,383.279,98.7244,62.1909,1057.02,0,0,12.9201,5.87029,0.889588,0.987199,0,0,12.9201,5.87029,101795
1886.0,0.366594,0.0369473,0.000748123,0.0369473,101325,101490,298.15,365.072,383.268,98.448,61.3988,1057.02,0,0,12.8839,5.78839,0.889588,0.986955,0,0,12.8839,5.78839,101773
1888.0,0.360937,0.0342717,0.000741017,0.0342717,101325,101489,298.15,365.039,383.255,98.1597,60.6037,1057.02,0,0,12.8462,5.70657,0.889588,0.986694,0,0,12.8462,5.70657,101751
1890.0,0.355297,0.031636,0.000733996,0.031636,101325,101488,298.15,365.006,383.241,97.8595,59.8057,1057.02,0,0,12.8069,5.62471,0.889588,0.986412,0,0,12.8069,5.62471,101730
1892.0,0.349674,0.0290393,0.000727061,0.0290393,101325,101486,298.15,364.973,383.227,97.5477,59.0051,1057.02,0,0,12.7661,5.54298,0.889588,0.986106,0,0,12.7661,5.54298,101708
1894.0,0.344069,0.0264807,0.000720208,0.0264807,101325,101485,298.15,364.941,383.211,97.2244,58.2018,1057.02,0,0,12.7238,5.46096,0.889588,0.985774,0,0,12.7238,5.46096,101687
1896.0,0.338483,0.0239613,0.000713437,0.0239613,101325,101483,298.15,364.908,383.194,96.8898,57.396,1057.02,0,0,12.68,5.37928,0.889588,0.985409,0,0,12.68,5.37928,101667
1898.0,0.332915,0.0214815,0.000706746,0.0214815,101325,101482,298.15,364.876,383.174,96.5441,56.588,1057.02,0,0,12.6347,5.29777,0.889588,0.985005,0,0,12.6347,5.29777,101646
1900.0,0.327368,0.019041,0.000700132,0.019041,101325,101481,298.15,364.844,383.156,96.1874,55.7779,1057.02,0,0,12.5881,5.21324,0.889588,0.984553,0,0,12.5881,5.21324,101626
1902.0,0.321841,0.0166404,0.000693595,0.0166404,101325,101479,298.15,364.812,383.132,95.8201,54.9659,1057.02,0,0,12.54,5.13196,0.889588,0.984043,0,0,12.54,5.13196,101607
1904.0,0.316336,0.0142795,0.000687133,0.0142795,101325,101478,298.15,364.781,383.105,95.4421,54.1524,1057.02,0,0,12.4905,5.05087,0.889588,0.983456,0,0,12.4905,5.05087,101587
1906.0,0.310852,0.0119569,0.000680744,0.0119569,101325,101477,298.15,364.749,383.073,95.0538,53.3373,1057.02,0,0,12.4397,4.96998,0.889588,0.982767,0,0,12.4397,4.96998,101568
1908.0,0.30539,0.00967342,0.000674425,0.00967342,101325,101475,298.15,364.718,383.034,94.6552,52.5205,1057.02,0,0,12.3876,4.88934,0.889588,0.981935,0,0,12.3876,4.88934,101549
1910.0,0.299951,0.00742864,0.000668178,0.00742864,101325,101474,298.15,364.687,382.985,94.2466,51.7025,1057.02,0,0,12.3341,4.80901,0.889588,0.980885,0,0,12.3341,4.80901,101531
1912.0,0.294536,0.00522235,0.000661998,0.00522235,101325,101473,298.15,364.656,382.919,93.8282,50.8833,1057.02,0,0,12.2793,4.72918,0.889588,0.979463,0,0,12.2793,4.72918,101513
1914.0,0.289145,0.00305464,0.000655886,0.00305464,101325,101471,298.15,364.625,382.816,93.4001,50.0629,1057.02,0,0,12.2233,4.65024,0.889588,0.97724,0,0,12.2233,4.65024,101495
1916.0,0.283778,0.000925226,0.000649838,0.000925226,101325,101470,298.15,364.595,382.567,92.9624,49.2415,1057.02,0,0,12.166,1.69889,0.889588,0.971731,0,0,12.166,1.69889,101477
1918.0,0.278436,0.00024247,0.000643855,0.00024247,101325,101469,298.15,364.564,381.928,92.5155,48.4193,1057.02,0,0,12.1075,0.445616,0.889588,0.957695,0,0,12.1075,0.445616,101471
1920.0,0.273121,0.000173128,0.000637933,0.000173128,101325,101467,298.15,364.534,381.272,92.0594,47.8837,1057.02,0,0,12.0478,0.318468,0.889588,0.943022,0,0,12.0478,0.318468,101469
1922.0,0.267831,0.000165013,0.000632072,0.000165013,101325,101466,298.15,364.504,380.879,91.5943,47.4705,1057.02,0,0,11.987,0.303707,0.889588,0.934144,0,0,11.987,0.303707,101467
1924.0,0.262568,0.000163085,0.00062627,0.000163085,101325,101465,298.15,364.475,380.665,91.1204,47.0695,1057.02,0,0,11.9249,0.300247,0.889588,0.929272,0,0,11.9249,0.300247,101466
1926.0,0.257332,0.000161825,0.000620527,0.000161825,101325,101464,298.15,364.445,380.546,90.6378,46.6698,1057.02,0,0,11.8618,0.297978,0.889588,0.926545,0,0,11.8618,0.297978,101465
1928.0,0.252124,0.000160661,0.000614839,0.000160661,101325,101462,298.15,364.416,380.475,90.1469,46.2702,1057.02,0,0,11.7975,0.295863,0.889588,0.92493,0,0,11.7975,0.295863,101464
1930.0,0.246945,0.000159521,0.000609206,0.000159521,101325,101461,298.15,364.387,380.429,89.6476,45.8706,1057.02,0,0,11.7322,0.293783,0.889588,0.923888,0,0,11.7322,0.293783,101462
1932.0,0.241794,0.000158393,0.000603627,0.000158393,101325,101460,298.15,364.358,380.396,89.1402,45.471,1057.02,0,0,11.6658,0.291718,0.889588,0.92314,0,0,11.6658,0.291718,101461
1934.0,0.236672,0.000157271,0.0005981,0.000157271,101325,101459,298.15,364.329,380.37,88.6248,45.0714,1057.02,0,0,11.5984,0.289662,0.889588,0.922544,0,0,11.5984,0.289662,101460
1936.0,0.231579,0.000156154,0.000592624,0.000156154,101325,101458,298.15,364.301,380.347,88.1017,44.6718,1057.02,0,0,11.5299,0.287614,0.889588,0.922027,0,0,11.5299,0.287614,101459
1938.0,0.226517,0.00015504,0.000587197,0.00015504,101325,101456,298.15,364.273,380.326,87.571,44.2721,1057.02,0,0,11.4604,0.285571,0.889588,0.92155,0,0,11.4604,0.285571,101458
1940.0,0.221485,0.00015393,0.000581818,0.00015393,101325,101455,298.15,364.245,380.306,87.0328,43.8725,1057.02,0,0,11.39,0.283534,0.889588,0.921094,0,0,11.39,0.283534,101456
1942.0,0.216485,0.000152824,0.000576487,0.000152824,101325,101454,298.15,364.217,380.286,86.4874,43.4729,1057.02,0,0,11.3186,0.281504,0.889588,0.92065,0,0,11.3186,0.281504,101455
1944.0,0.211515,0.00015172,0.000571201,0.00015172,101325,101453,298.15,364.189,380.266,85.9349,43.0733,1057.02,0,0,11.2463,0.279479,0.889588,0.920213,0,0,11.2463,0.279479,101454
1946.0,0.206577,0.000150622,0.000565959,0.000150622,101325,101452,298.15,364.162,380.247,85.3754,42.6737,1057.02,0,0,11.1731,0.277463,0.889588,0.919777,0,0,11.1731,0.277463,101453
1948.0,0.201672,0.000149425,0.000560761,0.000149425,101325,101450,298.15,364.134,380.229,84.8092,42.274,1057.02,0,0,11.099,0.275265,0.889588,0.919358,0,0,11.099,0.275265,101452
1950.0,0.196799,0.000148324,0.000555605,0.000148324,101325,101449,298.15,364.107,380.21,84.2363,41.8744,1057.02,0,0,11.024,0.273244,0.889588,0.918934,0,0,11.024,0.273244,101450
1952.0,0.191959,0.000147235,0.00055049,0.000147235,101325,101448,298.15,364.081,380.191,83.657,41.4747,1057.02,0,0,10.9482,0.271245,0.889588,0.918507,0,0,10.9482,0.271245,101449
1954.0,0.187152,0.00014615,0.000545414,0.00014615,101325,101447,298.15,364.054,380.172,83.0714,41.0751,1057.02,0,0,10.8716,0.269253,0.889588,0.918079,0,0,10.8716,0.269253,101448
1956.0,0.182379,0.000145068,0.000540378,0.000145068,101325,101446,298.15,364.028,380.153,82.4797,40.6755,1057.02,0,0,10.7941,0.267268,0.889588,0.91765,0,0,10.7941,0.267268,101447
1958.0,0.17764,0.00014399,0.00053538,0.00014399,101325,101445,298.15,364.001,380.134,81.8821,40.2758,1057.02,0,0,10.7159,0.265288,0.889588,0.917222,0,0,10.7159,0.265288,101446
1960.0,0.172935,0.000142915,0.000530418,0.000142915,101325,101444,298.15,363.975,380.115,81.2786,39.8761,1057.02,0,0,10.6369,0.263314,0.889588,0.916794,0,0,10.6369,0.263314,101445
1962.0,0.168264,0.000141843,0.000525492,0.000141843,101325,101443,298.15,363.95,380.097,80.6695,39.4765,1057.02,0,0,10.5572,0.261346,0.889588,0.916367,0,0,10.5572,0.261346,101444
1964.0,0.163629,0.000140775,0.000520602,0.000140775,101325,101441,298.15,363.924,380.078,80.0549,39.0768,1057.02,0,0,10.4768,0.259384,0.889588,0.915941,0,0,10.4768,0.259384,101443
1966.0,0.159029,0.000139714,0.000515745,0.000139714,101325,101440,298.15,363.899,380.063,79.435,38.6772,1057.02,0,0,10.3957,0.257435,0.889588,0.915515,0,0,10.3957,0.257435,101441
1968.0,0.154465,0.00013865,0.000510921,0.00013865,101325,101439,298.15,363.874,380.044,78.8099,38.2775,1057.02,0,0,10.3139,0.255482,0.889588,0.91509,0,0,10.3139,0.255482,101440
1970.0,0.149937,0.000137592,0.00050613,0.000137592,101325,101438,298.15,363.849,380.025,78.1798,37.8778,1057.02,0,0,10.2314,0.253539,0.889588,0.914665,0,0,10.2314,0.253539,101439
1972.0,0.145445,0.000136581,0.000501371,0.000136581,101325,101437,298.15,363.824,380.005,77.5449,37.4782,1057.02,0,0,10.1483,0.251683,0.889588,0.914225,0,0,10.1483,0.251683,101438
1974.0,0.140989,0.000135692,0.000496642,0.000135692,101325,101436,298.15,363.8,379.984,76.9052,37.0785,1057.02,0,0,10.0646,0.250053,0.889588,0.913735,0,0,10.0646,0.250053,101437
1976.0,0.13657,0.000134388,0.000491943,0.000134388,101325,101435,298.15,363.776,379.965,76.261,36.6788,1057.02,0,0,9.98029,0.247656,0.889588,0.913373,0,0,9.98029,0.247656,101436
1978.0,0.132188,0.000133394,0.000487273,0.000133394,101325,101434,298.15,363.752,379.947,75.6124,36.2791,1057.02,0,0,9.89541,0.24583,0.889588,0.912963,0,0,9.89541,0.24583,101435
1980.0,0.127844,0.000132361,0.000482632,0.000132361,101325,101433,298.15,363.728,379.929,74.9595,35.8794,1057.02,0,0,9.80997,0.243932,0.889588,0.912549,0,0,9.80997,0.243932,101434
1982.0,0.123537,0.000131328,0.000478019,0.000131328,101325,101432,298.15,363.704,379.91,74.3025,35.4797,1057.02,0,0,9.72399,0.242034,0.889588,0.912133,0,0,9.72399,0.242034,101433
1984.0,0.119267,0.000130298,0.000473433,0.000130298,101325,101431,298.15,363.681,379.892,73.6416,35.08,1057.02,0,0,9.63749,0.240143,0.889588,0.911716,0,0,9.63749,0.240143,101432
1986.0,0.115036,0.000129273,0.000468875,0.000129273,101325,101430,298.15,363.658,379.874,72.9768,34.6803,1057.02,0,0,9.5505,0.238259,0.889588,0.9113,0,0,9.5505,0.238259,101431
1988.0,0.110843,0.000128252,0.000464342,0.000128252,101325,101429,298.15,363.635,379.856,72.3084,34.2806,1057.02,0,0,9.46302,0.236384,0.889588,0.910884,0,0,9.46302,0.236384,101430
1990.0,0.106688,0.000127236,0.000459835,0.000127236,101325,101428,298.15,363.612,379.837,71.6365,33.8809,1057.02,0,0,9.37509,0.234517,0.889588,0.910469,0,0,9.37509,0.234517,101429
1992.0,0.102572,0.000126224,0.000455353,0.000126224,101325,101427,298.15,363.59,379.819,70.9612,33.4812,1057.02,0,0,9.28671,0.232658,0.889588,0.910055,0,0,9.28671,0.232658,101428
1994.0,0.0984945,0.000125216,0.000450896,0.000125216,101325,101426,298.15,363.568,379.801,70.2827,33.0815,1057.02,0,0,9.19791,0.230807,0.889588,0.909641,0,0,9.19791,0.230807,101427
1996.0,0.0944561,0.000124214,0.000446463,0.000124214,101325,101425,298.15,363.546,379.783,69.601,32.6818,1057.02,0,0,9.1087,0.228964,0.889588,0.909229,0,0,9.1087,0.228964,101426
1998.0,0.090457,0.000123217,0.000442053,0.000123217,101325,101424,298.15,363.524,379.765,68.9165,32.2821,1057.02,0,0,9.01911,0.227132,0.889588,0.908819,0,0,9.01911,0.227132,101425
2000.0,0.0864971,0.000122223,0.000437668,0.000122223,101325,101423,298.15,363.503,379.747,68.2291,31.8824,1057.02,0,0,8.92915,0.225306,0.889588,0.908409,0,0,8.92915,0.225306,101424
2002.0,0.0825767,0.000121234,0.000433305,0.000121234,101325,101422,298.15,363.481,379.73,67.539,31.4827,1057.02,0,0,8.83884,0.223489,0.889588,0.908,0,0,8.83884,0.223489,101423
2004.0,0.078696,0.00012025,0.000428965,0.00012025,101325,101421,298.15,363.46,379.712,66.8464,31.0829,1057.02,0,0,8.7482,0.22168,0.889588,0.907592,0,0,8.7482,0.22168,101422
2006.0,0.0748551,0.000119271,0.000424647,0.000119271,101325,101420,298.15,363.439,379.694,66.1514,30.6832,1057.02,0,0,8.65725,0.21988,0.889588,0.907185,0,0,8.65725,0.21988,101421
2008.0,0.0710541,0.000118296,0.000420352,0.000118296,101325,101419,298.15,363.419,379.676,65.4541,30.2835,1057.02,0,0,8.56599,0.218088,0.889588,0.906779,0,0,8.56599,0.218088,101420
2010.0,0.0672932,0.000117326,0.000416078,0.000117326,101325,101419,298.15,363.398,379.659,64.7547,29.8837,1057.02,0,0,8.47446,0.216306,0.889588,0.906374,0,0,8.47446,0.216306,101419
2012.0,0.0635725,0.000116361,0.000411826,0.000116361,101325,101418,298.15,363.378,379.641,64.0533,29.484,1057.02,0,0,8.38267,0.214532,0.889588,0.905971,0,0,8.38267,0.214532,101419
2014.0,0.059892,0.000115406,0.000407595,0.000115406,101325,101417,298.15,363.358,379.627,63.35,29.0843,1057.02,0,0,8.29063,0.212775,0.889588,0.905568,0,0,8.29063,0.212775,101418
2016.0,0.056252,0.00011445,0.000403385,0.00011445,101325,101416,298.15,363.338,379.61,62.645,28.6845,1057.02,0,0,8.19836,0.211017,0.889588,0.905167,0,0,8.19836,0.211017,101417
2018.0,0.0526525,0.000113554,0.000399196,0.000113554,101325,101415,298.15,363.319,379.591,61.9383,28.2848,1057.02,0,0,8.10588,0.209371,0.889588,0.90474,0,0,8.10588,0.209371,101416
2020.0,0.0490936,0.000112775,0.000395028,0.000112775,101325,101414,298.15,363.299,379.57,61.2302,27.885,1057.02,0,0,8.01321,0.20794,0.889588,0.904254,0,0,8.01321,0.20794,101415
2022.0,0.0455754,0.000111576,0.00039088,0.000111576,101325,101413,298.15,363.28,379.552,60.5207,27.4853,1057.02,0,0,7.92036,0.205735,0.889588,0.903927,0,0,7.92036,0.205735,101414
2024.0,0.0420979,0.000110673,0.000386753,0.000110673,101325,101412,298.15,363.261,379.536,59.81,27.0855,1057.02,0,0,7.82735,0.204075,0.889588,0.90355,0,0,7.82735,0.204075,101413
2026.0,0.0386613,0.000109747,0.000382646,0.000109747,101325,101411,298.15,363.243,379.519,59.0981,26.6858,1057.02,0,0,7.73419,0.202371,0.889588,0.903166,0,0,7.73419,0.202371,101412
2028.0,0.0352656,0.000108822,0.00037856,0.000108822,101325,101411,298.15,363.224,379.502,58.3853,26.286,1057.02,0,0,7.6409,0.200672,0.889588,0.902779,0,0,7.6409,0.200672,101411
2030.0,0.0319108,0.000107906,0.000374494,0.000107906,101325,101410,298.15,363.206,379.489,57.6716,25.8862,1057.02,0,0,7.5475,0.198986,0.889588,0.902391,0,0,7.5475,0.198986,101411
2032.0,0.0285971,0.000106991,0.000370448,0.000106991,101325,101409,298.15,363.188,379.472,56.9572,25.4865,1057.02,0,0,7.454,0.197302,0.889588,0.902001,0,0,7.454,0.197302,101410
2034.0,0.0253244,0.000106119,0.000366422,0.000106119,101325,101408,298.15,363.17,379.454,56.2421,25.0867,1057.02,0,0,7.36042,0.195699,0.889588,0.901592,0,0,7.36042,0.195699,101409
2036.0,0.0220928,0.00010515,0.000362416,0.00010515,101325,101407,298.15,363.153,379.438,55.5265,24.6869,1057.02,0,0,7.26677,0.193917,0.889588,0.901225,0,0,7.26677,0.193917,101408
2038.0,0.0189023,0.000104275,0.00035843,0.000104275,101325,101406,298.15,363.135,379.421,54.8105,24.2872,1057.02,0,0,7.17306,0.192307,0.889588,0.900838,0,0,7.17306,0.192307,101407
2040.0,0.015753,0.000103383,0.000354465,0.000103383,101325,101406,298.15,363.118,379.404,54.0942,23.8874,1057.02,0,0,7.07933,0.190668,0.889588,0.900453,0,0,7.07933,0.190668,101406
2042.0,0.0126448,0.000102495,0.00035052,0.000102495,101325,101405,298.15,363.101,379.387,53.3778,23.4876,1057.02,0,0,6.98556,0.189034,0.889588,0.90007,0,0,6.98556,0.189034,101406
2044.0,0.00957773,0.000101612,0.000346595,0.000101612,101325,101404,298.15,363.085,379.37,52.6613,23.0878,1057.02,0,0,6.8918,0.187409,0.889588,0.899687,0,0,6.8918,0.187409,101405
2046.0,0.00655187,0.000100734,0.00034269,0.000100734,101325,101403,298.15,363.068,379.354,51.9448,22.688,1057.02,0,0,6.79803,0.185795,0.889588,0.899307,0,0,6.79803,0.185795,101404
2048.0,0.00356718,9.98627E-05,0.000338805,9.98627E-05,101325,101403,298.15,363.052,379.338,51.2286,22.2883,1057.02,0,0,6.7043,0.184192,0.889588,0.898928,0,0,6.7043,0.184192,101403
2050.0,0.000623641,9.89954E-05,0.000334941,9.89954E-05,101325,101402,298.15,363.036,379.322,50.5126,21.8885,1057.02,0,0,1.27838,0.182596,0.889588,0.89855,0,0,1.27838,0.182596,101403
2052.0,6.23641E-05,9.81336E-05,0.000331097,9.81336E-05,101325,101401,298.15,363.02,379.306,49.7969,21.4887,1057.02,0,0,0.127838,0.181011,0.889588,0.898173,0,0,0.127838,0.181011,101402
2054.0,6.23641E-06,9.72773E-05,0.000327274,9.72773E-05,101325,101400,298.15,363.004,379.29,49.5531,21.0889,1057.02,0,0,0.0127838,0.179435,0.889588,0.897798,0,0,0.0127838,0.179435,101401
2056.0,6.23641E-07,9.64264E-05,0.000323472,9.64264E-05,101325,101399,298.15,362.989,379.273,49.4095,20.6891,1057.02,0,0,0.00127838,0.17787,0.889588,0.897424,0,0,0.00127838,0.17787,101400
2058.0,6.23641E-08,9.55809E-05,0.000319691,9.55809E-05,101325,101399,298.15,362.974,379.257,49.276,20.2893,1057.02,0,0,0.000127838,0.176314,0.889588,0.897052,0,0,0.000127838,0.176314,101399
2060.0,6.23641E-09,9.4741E-05,0.00031593,9.4741E-05,101325,101398,298.15,362.958,379.241,49.1434,19.8895,1057.02,0,0,1.27838E-05,0.174769,0.889588,0.896681,0,0,1.27838E-05,0.174769,101399
2062.0,6.23641E-10,9.39066E-05,0.000312191,9.39066E-05,101325,101397,298.15,362.944,379.225,49.0109,19.4897,1057.02,0,0,1.27838E-06,0.173233,0.889588,0.896312,0,0,1.27838E-06,0.173233,101398
2064.0,6.23641E-11,9.30778E-05,0.000308472,9.30778E-05,101325,101397,298.15,362.929,379.209,48.8785,19.0899,1057.02,0,0,1.27838E-07,0.171708,0.889588,0.895944,0,0,1.27838E-07,0.171708,101397
2066.0,6.23641E-12,9.22544E-05,0.000304776,9.22544E-05,101325,101396,298.15,362.915,379.194,48.746,18.6901,1057.02,0,0,1.27838E-08,0.170193,0.889588,0.895578,0,0,1.27838E-08,0.170193,101397
2068.0,6.23641E-13,9.14367E-05,0.0003011,9.14367E-05,101325,101395,298.15,362.9,379.178,48.6136,18.2903,1057.02,0,0,1.27838E-09,0.168688,0.889588,0.895213,0,0,1.27838E-09,0.168688,101396
2070.0,6.23641E-14,9.06248E-05,0.000297447,9.06248E-05,101325,101394,298.15,362.886,379.162,48.4811,17.8905,1057.02,0,0,1.27838E-10,0.167194,0.889588,0.89485,0,0,1.27838E-10,0.167194,101395
2072.0,6.23641E-15,8.98187E-05,0.000293815,8.98187E-05,101325,101394,298.15,362.872,379.147,48.3487,17.4907,1057.02,0,0,1.27838E-11,0.16571,0.889588,0.894489,0,0,1.27838E-11,0.16571,101394
2074.0,6.23641E-16,8.9018E-05,0.000290205,8.9018E-05,101325,101393,298.15,362.859,379.131,48.2162,17.0908,1057.02,0,0,1.27838E-12,0.164237,0.889588,0.894129,0,0,1.27838E-12,0.164237,101394
2076.0,6.23641E-17,8.8223E-05,0.000286617,8.8223E-05,101325,101392,298.15,362.845,379.116,48.0838,16.691,1057.02,0,0,1.27838E-13,0.162773,0.889588,0.893771,0,0,1.27838E-13,0.162773,101393
2078.0,6.23641E-18,8.74336E-05,0.000283051,8.74336E-05,101325,101392,298.15,362.832,379.101,47.9513,16.2912,1057.02,0,0,1.27838E-14,0.16132,0.889588,0.893414,0,0,1.27838E-14,0.16132,101392
2080.0,6.23641E-19,8.66499E-05,0.000279507,8.66499E-05,101325,101391,298.15,362.819,379.085,47.8188,15.8914,1057.02,0,0,1.27838E-15,0.159878,0.889588,0.893059,0,0,1.27838E-15,0.159878,101392
2082.0,6.23641E-20,8.58717E-05,0.000275985,8.58717E-05,101325,101390,298.15,362.806,379.07,47.6864,15.4916,1057.02,0,0,1.27838E-16,0.158445,0.889588,0.892705,0,0,1.27838E-16,0.158445,101391
2084.0,6.23641E-21,8.51005E-05,0.000272486,8.51005E-05,101325,101390,298.15,362.794,379.056,47.5539,15.0917,1057.02,0,0,1.27838E-17,0.157025,0.889588,0.892352,0,0,1.27838E-17,0.157025,101390
2086.0,6.23641E-22,8.43328E-05,0.00026901,8.43328E-05,101325,101389,298.15,362.781,379.041,47.4215,14.6919,1057.02,0,0,1.27838E-18,0.155612,0.889588,0.892002,0,0,1.27838E-18,0.155612,101390
2088.0,6.23641E-23,8.35713E-05,0.000265556,8.35713E-05,101325,101388,298.15,362.769,379.025,47.289,14.2921,1057.02,0,0,1.27838E-19,0.15421,0.889588,0.891652,0,0,1.27838E-19,0.15421,101389
2090.0,6.23641E-24,8.28155E-05,0.000262125,8.28155E-05,101325,101388,298.15,362.757,379.01,47.1566,13.8923,1057.02,0,0,1.27838E-20,0.152819,0.889588,0.891305,0,0,1.27838E-20,0.152819,101388
2092.0,6.23641E-25,8.20652E-05,0.000258718,8.20652E-05,101325,101387,298.15,362.745,378.995,47.0241,13.4924,1057.02,0,0,1.27838E-21,0.151437,0.889588,0.890959,0,0,1.27838E-21,0.151437,101388
2094.0,6.23641E-26,8.13204E-05,0.000255334,8.13204E-05,101325,101386,298.15,362.733,378.98,46.8917,13.0926,1057.02,0,0,1.27838E-22,0.150066,0.889588,0.890615,0,0,1.27838E-22,0.150066,101387
2096.0,6.23641E-27,8.05812E-05,0.000251973,8.05812E-05,101325,101386,298.15,362.721,378.965,46.7592,12.6927,1057.02,0,0,1.27838E-23,0.148705,0.889588,0.890272,0,0,1.27838E-23,0.148705,101386
2098.0,6.23641E-28,7.98477E-05,0.000248636,7.98477E-05,101325,101385,298.15,362.71,378.951,46.6268,12.2929,1057.02,0,0,1.27838E-24,0.147355,0.889588,0.889931,0,0,1.27838E-24,0.147355,101386
2100.0,6.23641E-29,7.91197E-05,0.000245323,7.91197E-05,101325,101385,298.15,362.699,378.936,46.4943,11.8931,1057.02,0,0,1.27838E-25,0.146014,0.889588,0.889592,0,0,1.27838E-25,0.146014,101385
2102.0,6.23641E-30,7.83971E-05,0.000242034,7.83971E-05,101325,101384,298.15,362.688,378.921,46.3619,11.4932,1057.02,0,0,1.27838E-26,0.144684,0.889588,0.889254,0,0,1.27838E-26,0.144684,101385
2104.0,6.23641E-31,7.76798E-05,0.000238769,7.76798E-05,101325,101383,298.15,362.677,378.907,46.2294,11.0934,1057.02,0,0,1.27838E-27,0.143363,0.889588,0.888918,0,0,1.27838E-27,0.143363,101384
2106.0,6.23641E-32,7.6969E-05,0.000235528,7.6969E-05,101325,101383,298.15,362.666,378.893,46.0969,10.6935,1057.02,0,0,1.27838E-28,0.142054,0.889588,0.888584,0,0,1.27838E-28,0.142054,101383
2108.0,6.23641E-33,7.62625E-05,0.000232312,7.62625E-05,101325,101382,298.15,362.656,378.879,45.9645,10.2937,1057.02,0,0,1.27838E-29,0.140752,0.889588,0.88825,0,0,1.27838E-29,0.140752,101383
2110.0,6.23641E-34,7.55618E-05,0.000229121,7.55618E-05,101325,101382,298.15,362.645,378.865,45.832,9.89384,1057.02,0,0,1.27838E-30,0.139462,0.889588,0.887919,0,0,1.27838E-30,0.139462,101382
2112.0,6.23641E-35,7.48665E-05,0.000225954,7.48665E-05,101325,101381,298.15,362.635,378.851,45.6996,9.49399,1057.02,0,0,1.27838E-31,0.138181,0.889588,0.887589,0,0,1.27838E-31,0.138181,101382
2114.0,6.23641E-36,7.41766E-05,0.000222812,7.41766E-05,101325,101380,298.15,362.625,378.837,45.5671,9.09414,1057.02,0,0,1.27838E-32,0.136911,0.889588,0.887261,0,0,1.27838E-32,0.136911,101381
2116.0,6.23641E-37,7.34921E-05,0.000219696,7.34921E-05,101325,101380,298.15,362.615,378.823,45.4347,8.69429,1057.02,0,0,1.27838E-33,0.13565,0.889588,0.886934,0,0,1.27838E-33,0.13565,101380
2118.0,6.23641E-38,7.28129E-05,0.000216604,7.28129E-05,101325,101379,298.15,362.606,378.809,45.3022,8.29443,1057.02,0,0,1.27838E-34,0.134399,0.889588,0.886609,0,0,1.27838E-34,0.134399,101380
2120.0,6.23641E-39,7.21392E-05,0.000213538,7.21392E-05,101325,101379,298.15,362.596,378.795,45.1698,7.89457,1057.02,0,0,1.27838E-35,0.133158,0.889588,0.886286,0,0,1.27838E-35,0.133158,101379
2122.0,6.23641E-40,7.14718E-05,0.000210497,7.14718E-05,101325,101378,298.15,362.587,378.782,45.0373,7.49471,1057.02,0,0,1.27838E-36,0.131929,0.889588,0.885965,0,0,1.27838E-36,0.131929,101379
2124.0,6.23641E-41,7.08106E-05,0.000207483,7.08106E-05,101325,101378,298.15,362.578,378.768,44.9049,7.09485,1057.02,0,0,1.27838E-37,0.130711,0.889588,0.885644,0,0,1.27838E-37,0.130711,101378
2126.0,6.23641E-42,7.01547E-05,0.000204494,7.01547E-05,101325,101377,298.15,362.568,378.754,44.7724,6.69499,1057.02,0,0,1.27838E-38,0.129502,0.889588,0.885326,0,0,1.27838E-38,0.129502,101378
2128.0,6.23641E-43,6.95039E-05,0.000201532,6.95039E-05,101325,101376,298.15,362.56,378.741,44.6399,6.29513,1057.02,0,0,1.27838E-39,0.128303,0.889588,0.885009,0,0,1.27838E-39,0.128303,101377
2130.0,6.23641E-44,6.88582E-05,0.000198596,6.88582E-05,101325,101376,298.15,362.551,378.728,44.5075,5.89526,1057.02,0,0,1.27838E-40,0.127114,0.889588,0.884694,0,0,1.27838E-40,0.127114,101376
2132.0,6.23641E-45,6.82176E-05,0.000195686,6.82176E-05,101325,101375,298.15,362.542,378.714,44.375,5.4954,1057.02,0,0,1.27838E-41,0.125934,0.889588,0.88438,0,0,1.27838E-41,0.125934,101376
2134.0,6.23641E-46,6.75821E-05,0.000192802,6.75821E-05,101325,101375,298.15,362.534,378.701,44.2426,5.09553,1057.02,0,0,1.27838E-42,0.124763,0.889588,0.884068,0,0,1.27838E-42,0.124763,101375
2136.0,6.23641E-47,6.69525E-05,0.000189945,6.69525E-05,101325,101374,298.15,362.525,378.689,44.1101,4.69566,1057.02,0,0,1.27838E-43,0.123602,0.889588,0.883757,0,0,1.27838E-43,0.123602,101375
2138.0,6.23641E-48,6.63266E-05,0.000187115,6.63266E-05,101325,101374,298.15,362.517,378.675,43.9777,4.29579,1057.02,0,0,1.27838E-44,0.122449,0.889588,0.883448,0,0,1.27838E-44,0.122449,101374
2140.0,6.23641E-49,6.57062E-05,0.000184303,6.57062E-05,101325,101373,298.15,362.509,378.662,43.8452,3.89592,1057.02,0,0,1.27838E-45,0.121306,0.889588,0.883141,0,0,1.27838E-45,0.121306,101374
2142.0,6.23641E-50,6.50908E-05,0.000181516,6.50908E-05,101325,101373,298.15,362.502,378.649,43.7128,3.49604,1057.02,0,0,1.27838E-46,0.120172,0.889588,0.882836,0,0,1.27838E-46,0.120172,101373
2144.0,6.23641E-51,6.44804E-05,0.000178756,6.44804E-05,101325,101372,298.15,362.494,378.636,43.5803,3.09617,1057.02,0,0,1.27838E-47,0.119048,0.889588,0.882532,0,0,1.27838E-47,0.119048,101373
2146.0,6.23641E-52,6.38751E-05,0.000176022,6.38751E-05,101325,101372,298.15,362.486,378.623,43.4479,2.69629,1057.02,0,0,1.27838E-48,0.117932,0.889588,0.88223,0,0,1.27838E-48,0.117932,101372
2148.0,6.23641E-53,6.3275E-05,0.000173315,6.3275E-05,101325,101371,298.15,362.479,378.61,43.3154,2.29641,1057.02,0,0,1.27838E-49,0.116826,0.889588,0.88193,0,0,1.27838E-49,0.116826,101372
2150.0,6.23641E-54,6.26796E-05,0.000170633,6.26796E-05,101325,101371,298.15,362.472,378.597,43.1829,1.89653,1057.02,0,0,1.27838E-50,0.115729,0.889588,0.881632,0,0,1.27838E-50,0.115729,101371
2152.0,6.23641E-55,6.20891E-05,0.000167978,6.20891E-05,101325,101370,298.15,362.464,378.584,43.0505,1.49665,1057.02,0,0,1.27838E-51,0.114641,0.889588,0.881335,0,0,1.27838E-51,0.114641,101371
2154.0,6.23641E-56,6.15039E-05,0.000165349,6.15039E-05,101325,101370,298.15,362.457,378.572,42.918,1.09677,1057.02,0,0,1.27838E-52,0.103416,0.889588,0.88104,0,0,1.27838E-52,0.103416,101370
2156.0,6.23641E-57,6.58691E-05,0.000162747,6.58691E-05,101325,101369,298.15,362.451,378.561,42.7856,0.696887,1057.02,0,0,1.27838E-53,0.0656757,0.889588,0.880754,0,0,1.27838E-53,0.0656757,101370
2158.0,6.23641E-58,8.81115E-05,0.000160172,8.81115E-05,101325,101369,298.15,362.444,378.55,42.6531,0.298011,1057.02,0,0,1.27838E-54,0.0280982,0.889588,0.880495,0,0,1.27838E-54,0.0280982,101370
2160.0,6.23641E-59,0.000128157,0.000157623,0.000128157,101325,101368,298.15,362.437,378.541,42.5207,0,1057.02,0,0,1.27838E-55,0,0.889588,0.880274,0,0,1.27838E-55,0,101369
2162.0,6.23641E-60,0.000181388,0.0001551,0.000181388,101325,101368,298.15,362.431,378.533,42.3882,0,1057.02,0,0,1.27838E-56,0,0.889588,0.880081,0,0,1.27838E-56,0,101369
2164.0,6.23641E-61,0.000234115,0.000152604,0.000234115,101325,101368,298.15,362.424,378.526,42.2558,0,1057.02,0,0,1.27838E-57,0,0.889588,0.879906,0,0,1.27838E-57,0,101369
2166.0,6.23641E-62,0.000286339,0.000150135,0.000286339,101325,101367,298.15,362.418,378.519,42.1233,0,1057.02,0,0,1.27838E-58,0,0.889588,0.879742,0,0,1.27838E-58,0,101369
2168.0,6.23641E-63,0.000338062,0.000147693,0.000338062,101325,101367,298.15,362.412,378.511,41.9909,0,1057.02,0,0,1.27838E-59,0,0.889588,0.879585,0,0,1.27838E-59,0,101369
2170.0,6.23641E-64,0.000389292,0.000145277,0.000389292,101325,101366,298.15,362.406,378.506,41.8584,0,1057.02,0,0,1.27838E-60,0,0.889588,0.879433,0,0,1.27838E-60,0,101369
2172.0,6.23641E-65,0.000440027,0.000142888,0.000440027,101325,101366,298.15,362.4,378.499,41.7259,0,1057.02,0,0,1.27838E-61,0,0.889588,0.879286,0,0,1.27838E-61,0,101369
2174.0,6.23641E-66,0.000490274,0.000140526,0.000490274,101325,101365,298.15,362.394,378.493,41.5935,0,1057.02,0,0,1.27838E-62,0,0.889588,0.879142,0,0,1.27838E-62,0,101369
2176.0,6.23641E-67,0.000540036,0.000138191,0.000540036,101325,101365,298.15,362.389,378.487,41.461,0,1057.02,0,0,1.27838E-63,0,0.889588,0.879,0,0,1.27838E-63,0,101369
2178.0,6.23641E-68,0.000589317,0.000135883,0.000589317,101325,101364,298.15,362.383,378.481,41.3286,0,1057.02,0,0,1.27838E-64,0,0.889588,0.878862,0,0,1.27838E-64,0,101369
2180.0,6.23641E-69,0.000638126,0.000133601,0.000638126,101325,101364,298.15,362.378,378.475,41.1961,0.00504834,1057.02,0,0,1.27838E-65,0.000476423,0.889588,0.878724,0,0,1.27838E-65,0.000476423,101369
2182.0,6.23641E-70,0.000686223,0.000131346,0.000686223,101325,101364,298.15,362.372,378.47,41.0637,0,1057.02,0,0,1.27838E-66,0,0.889588,0.87859,0,0,1.27838E-66,0,101369
2184.0,6.23641E-71,0.000734116,0.000129118,0.000734116,101325,101363,298.15,362.367,378.465,40.9312,0,1057.02,0,0,1.27838E-67,0,0.889588,0.878453,0,0,1.27838E-67,0,101369
2186.0,6.23641E-72,0.000781615,0.000126916,0.000781615,101325,101363,298.15,362.362,378.458,40.7988,0,1057.02,0,0,1.27838E-68,0,0.889588,0.878308,0,0,1.27838E-68,0,101369
2188.0,6.23641E-73,0.000828589,0.000124741,0.000828589,101325,101362,298.15,362.357,378.452,40.6663,0,1057.02,0,0,1.27838E-69,0,0.889588,0.878175,0,0,1.27838E-69,0,101369
2190.0,6.23641E-74,0.000875111,0.000122595,0.000875111,101325,101362,298.15,362.352,378.447,40.5339,0,1057.02,0,0,1.27838E-70,0,0.889588,0.878043,0,0,1.27838E-70,0,101369
2192.0,6.23641E-75,0.000921184,0.000120476,0.000921184,101325,101362,298.15,362.348,378.441,40.4014,0,1057.02,0,0,1.27838E-71,0,0.889588,0.877912,0,0,1.27838E-71,0,101369
2194.0,6.23641E-76,0.000966814,0.000118386,0.000966814,101325,101361,298.15,362.343,378.435,40.2689,0,1057.02,0,0,1.27838E-72,0,0.889588,0.877783,0,0,1.27838E-72,0,101369
2196.0,6.23641E-77,0.001012,0.000116323,0.001012,101325,101361,298.15,362.338,378.43,40.1365,0,1057.02,0,0,1.27838E-73,0,0.889588,0.877654,0,0,1.27838E-73,0,101369
2198.0,6.23641E-78,0.00105676,0.000114288,0.00105676,101325,101360,298.15,362.334,378.425,40.004,0,1057.02,0,0,1.27838E-74,0,0.889588,0.877527,0,0,1.27838E-74,0,101368
2200.0,6.23641E-79,0.00110108,0.000112281,0.00110108,101325,101360,298.15,362.329,378.419,39.8716,0,1057.02,0,0,1.27838E-75,0,0.889588,0.877401,0,0,1.27838E-75,0,101368
2202.0,6.23641E-80,0.00114498,0.000110301,0.00114498,101325,101360,298.15,362.325,378.414,39.7391,0,1057.02,0,0,1.27838E-76,0,0.889588,0.877276,0,0,1.27838E-76,0,101368
2204.0,6.23641E-81,0.00118845,0.000108348,0.00118845,101325,101359,298.15,362.321,378.409,39.6067,0,1057.02,0,0,1.27838E-77,0,0.889588,0.877152,0,0,1.27838E-77,0,101368
2206.0,6.23641E-82,0.0012315,0.000106421,0.0012315,101325,101359,298.15,362.317,378.403,39.4742,0,1057.02,0,0,1.27838E-78,0,0.889588,0.877029,0,0,1.27838E-78,0,101368
2208.0,6.23641E-83,0.00127413,0.000104522,0.00127413,101325,101358,298.15,362.313,378.398,39.3418,0,1057.02,0,0,1.27838E-79,0,0.889588,0.876907,0,0,1.27838E-79,0,101368
2210.0,6.23641E-84,0.00131636,0.000102649,0.00131636,101325,101358,298.15,362.309,378.393,39.2093,0,1057.02,0,0,1.27838E-80,0,0.889588,0.876786,0,0,1.27838E-80,0,101368
2212.0,6.23641E-85,0.00135817,0.000100802,0.00135817,101325,101358,298.15,362.305,378.388,39.0769,0,1057.02,0,0,1.27838E-81,0,0.889588,0.876666,0,0,1.27838E-81,0,101368
2214.0,6.23641E-86,0.00139958,9.89818E-05,0.00139958,101325,101357,298.15,362.301,378.383,38.9444,0,1057.02,0,0,1.27838E-82,0,0.889588,0.876547,0,0,1.27838E-82,0,101368
2216.0,6.23641E-87,0.00144059,9.71872E-05,0.00144059,101325,101357,298.15,362.297,378.378,38.812,0,1057.02,0,0,1.27838E-83,0,0.889588,0.876429,0,0,1.27838E-83,0,101368
2218.0,6.23641E-88,0.0014812,9.54183E-05,0.0014812,101325,101357,298.15,362.294,378.373,38.6795,0,1057.02,0,0,1.27838E-84,0,0.889588,0.876312,0,0,1.27838E-84,0,101368
2220.0,6.23641E-89,0.00152142,9.36749E-05,0.00152142,101325,101356,298.15,362.29,378.368,38.547,0,1057.02,0,0,1.27838E-85,0,0.889588,0.876196,0,0,1.27838E-85,0,101368
2222.0,6.23641E-90,0.00156125,9.19569E-05,0.00156125,101325,101356,298.15,362.287,378.363,38.4146,0,1057.02,0,0,1.27838E-86,0,0.889588,0.876081,0,0,1.27838E-86,0,101368
2224.0,6.23641E-91,0.00160069,9.0264E-05,0.00160069,101325,101356,298.15,362.283,378.358,38.2821,0,1057.02,0,0,1.27838E-87,0,0.889588,0.875967,0,0,1.27838E-87,0,101368
2226.0,6.23641E-92,0.00163975,8.85957E-05,0.00163975,101325,101355,298.15,362.28,378.353,38.1497,0,1057.02,0,0,1.27838E-88,0,0.889588,0.875853,0,0,1.27838E-88,0,101368
2228.0,6.23641E-93,0.00167843,8.69518E-05,0.00167843,101325,101355,298.15,362.277,378.348,38.0172,0,1057.02,0,0,1.27838E-89,0,0.889588,0.875741,0,0,1.27838E-89,0,101368
2230.0,6.23641E-94,0.00171673,8.53322E-05,0.00171673,101325,101355,298.15,362.273,378.344,37.8848,0,1057.02,0,0,1.27838E-90,0,0.889588,0.875629,0,0,1.27838E-90,0,101368
2232.0,6.23641E-95,0.00175466,8.37368E-05,0.00175466,101325,101354,298.15,362.27,378.339,37.7523,0,1057.02,0,0,1.27838E-91,0,0.889588,0.875519,0,0,1.27838E-91,0,101368
2234.0,6.23641E-96,0.00179223,8.21653E-05,0.00179223,101325,101354,298.15,362.267,378.334,37.6199,0,1057.02,0,0,1.27838E-92,0,0.889588,0.875409,0,0,1.27838E-92,0,101368
2236.0,6.23641E-97,0.00182941,8.06176E-05,0.00182941,101325,101354,298.15,362.264,378.328,37.4874,0,1057.02,0,0,1.27838E-93,0,0.889588,0.875301,0,0,1.27838E-93,0,101368
2238.0,6.23641E-98,0.00186624,7.91159E-05,0.00186624,101325,101353,298.15,362.261,378.324,37.355,0,1057.02,0,0,1.27838E-94,0,0.889588,0.875193,0,0,1.27838E-94,0,101368
2240.0,6.23641E-99,0.00190271,7.76587E-05,0.00190271,101325,101353,298.15,362.258,378.319,37.2225,0,1057.02,0,0,1.27838E-95,0,0.889588,0.875086,0,0,1.27838E-95,0,101368
2242.0,6.23641E-100,0.00193883,7.62203E-05,0.00193883,101325,101353,298.15,362.255,378.315,37.09,0,1057.02,0,0,1.27838E-96,0,0.889588,0.874979,0,0,1.27838E-96,0,101368
2244.0,6.23641E-101,0.00197459,7.48028E-05,0.00197459,101325,101352,298.15,362.252,378.311,36.9576,0,1057.02,0,0,1.27838E-97,0,0.889588,0.874874,0,0,1.27838E-97,0,101368
2246.0,6.23641E-102,0.00201001,7.34062E-05,0.00201001,101325,101352,298.15,362.25,378.306,36.8251,0,1057.02,0,0,1.27838E-98,0,0.889588,0.874769,0,0,1.27838E-98,0,101368
2248.0,6.23641E-103,0.00204508,7.20281E-05,0.00204508,101325,101352,298.15,362.247,378.302,36.6927,0,1057.02,0,0,1.27838E-99,0,0.889588,0.874665,0,0,1.27838E-99,0,101368
2250.0,6.23641E-104,0.00207981,7.06707E-05,0.00207981,101325,101351,298.15,362.244,378.297,36.5602,0,1057.02,0,0,1.27838E-100,0,0.889588,0.874562,0,0,1.27838E-100,0,101367
2252.0,6.23641E-105,0.00211419,6.93339E-05,0.00211419,101325,101351,298.15,362.242,378.293,36.4278,0,1057.02,0,0,1.27838E-101,0,0.889588,0.87446,0,0,1.27838E-101,0,101367
2254.0,6.23641E-106,0.00214823,6.80165E-05,0.00214823,101325,101351,298.15,362.239,378.289,36.2953,0,1057.02,0,0,1.27838E-102,0,0.889588,0.874359,0,0,1.27838E-102,0,101367
2256.0,6.23641E-107,0.00218194,6.67184E-05,0.00218194,101325,101351,298.15,362.236,378.285,36.1629,0,1057.02,0,0,1.27838E-103,0,0.889588,0.874259,0,0,1.27838E-103,0,101367
2258.0,6.23641E-108,0.00221532,6.54405E-05,0.00221532,101325,101350,298.15,362.234,378.281,36.0304,0,1057.02,0,0,1.27838E-104,0,0.889588,0.874159,0,0,1.27838E-104,0,101367
2260.0,6.23641E-109,0.00224837,6.41829E-05,0.00224837,101325,101350,298.15,362.232,378.276,35.898,0,1057.02,0,0,1.27838E-105,0,0.889588,0.874061,0,0,1.27838E-105,0,101367
2262.0,6.23641E-110,0.0022811,6.29421E-05,0.0022811,101325,101350,298.15,362.229,378.272,35.7655,0,1057.02,0,0,1.27838E-106,0,0.889588,0.873962,0,0,1.27838E-106,0,101367
2264.0,6.23641E-111,0.00231352,6.17207E-05,0.00231352,101325,101349,298.15,362.227,378.268,35.633,0,1057.02,0,0,1.27838E-107,0,0.889588,0.873865,0,0,1.27838E-107,0,101367
2266.0,6.23641E-112,0.00234561,6.05191E-05,0.00234561,101325,101349,298.15,362.225,378.264,35.5006,0,1057.02,0,0,1.27838E-108,0,0.889588,0.873769,0,0,1.27838E-108,0,101367
2268.0,6.23641E-113,0.00237738,5.93371E-05,0.00237738,101325,101349,298.15,362.223,378.26,35.3681,0,1057.02,0,0,1.27838E-109,0,0.889588,0.873673,0,0,1.27838E-109,0,101367
2270.0,6.23641E-114,0.00240884,5.81723E-05,0.00240884,101325,101349,298.15,362.22,378.256,35.2357,0,1057.02,0,0,1.27838E-110,0,0.889588,0.873579,0,0,1.27838E-110,0,101367
2272.0,6.23641E-115,0.00243999,5.70269E-05,0.00243999,101325,101348,298.15,362.218,378.252,35.1032,0,1057.02,0,0,1.27838E-111,0,0.889588,0.873485,0,0,1.27838E-111,0,101367
2274.0,6.23641E-116,0.00247084,5.59007E-05,0.00247084,101325,101348,298.15,362.216,378.248,34.9708,0,1057.02,0,0,1.27838E-112,0,0.889588,0.873392,0,0,1.27838E-112,0,101367
2276.0,6.23641E-117,0.00250138,5.47923E-05,0.00250138,101325,101348,298.15,362.214,378.245,34.8383,0,1057.02,0,0,1.27838E-113,0,0.889588,0.873299,0,0,1.27838E-113,0,101367
2278.0,6.23641E-118,0.00253163,5.37016E-05,0.00253163,101325,101348,298.15,362.212,378.241,34.7059,0,1057.02,0,0,1.27838E-114,0,0.889588,0.873207,0,0,1.27838E-114,0,101367
2280.0,6.23641E-119,0.00256158,5.26295E-05,0.00256158,101325,101347,298.15,362.21,378.237,34.5734,0.00363734,1057.02,0,0,1.27838E-115,0.000344502,0.889588,0.873116,0,0,1.27838E-115,0.000344502,101367
2282.0,6.23641E-120,0.00259106,5.15759E-05,0.00259106,101325,101347,298.15,362.209,378.233,34.441,0,1057.02,0,0,1.27838E-116,0,0.889588,0.873026,0,0,1.27838E-116,0,101367
2284.0,6.23641E-121,0.00262042,5.05406E-05,0.00262042,101325,101347,298.15,362.207,378.229,34.3085,0,1057.02,0,0,1.27838E-117,0,0.889588,0.872936,0,0,1.27838E-117,0,101367
2286.0,6.23641E-122,0.00264949,4.95209E-05,0.00264949,101325,101346,298.15,362.205,378.226,34.176,0,1057.02,0,0,1.27838E-118,0,0.889588,0.872848,0,0,1.27838E-118,0,101367
2288.0,6.23641E-123,0.00267827,4.85192E-05,0.00267827,101325,101346,298.15,362.203,378.222,34.0436,0,1057.02,0,0,1.27838E-119,0,0.889588,0.872759,0,0,1.27838E-119,0,101367
2290.0,6.23641E-124,0.00270676,4.75351E-05,0.00270676,101325,101346,298.15,362.202,378.218,33.9111,0,1057.02,0,0,1.27838E-120,0,0.889588,0.872672,0,0,1.27838E-120,0,101367
2292.0,6.23641E-125,0.00273496,4.65686E-05,0.00273496,101325,101346,298.15,362.2,378.215,33.7787,0,1057.02,0,0,1.27838E-121,0,0.889588,0.872586,0,0,1.27838E-121,0,101367
2294.0,6.23641E-126,0.00276288,4.56183E-05,0.00276288,101325,101346,298.15,362.198,378.211,33.6462,0,1057.02,0,0,1.27838E-122,0,0.889588,0.872501,0,0,1.27838E-122,0,101367
2296.0,6.23641E-127,0.00279052,4.46838E-05,0.00279052,101325,101345,298.15,362.197,378.207,33.5138,0,1057.02,0,0,1.27838E-123,0,0.889588,0.872416,0,0,1.27838E-123,0,101367
2298.0,6.23641E-128,0.00281788,4.37663E-05,0.00281788,101325,101345,298.15,362.195,378.204,33.3813,0,1057.02,0,0,1.27838E-124,0,0.889588,0.872332,0,0,1.27838E-124,0,101367
2300.0,6.23641E-129,0.00284498,4.28654E-05,0.00284498,101325,101345,298.15,362.194,378.2,33.2489,0,1057.02,0,0,1.27838E-125,0,0.889588,0.872249,0,0,1.27838E-125,0,101367
2302.0,6.23641E-130,0.0028718,4.19809E-05,0.0028718,101325,101345,298.15,362.192,378.197,33.1164,0,1057.02,0,0,1.27838E-126,0,0.889588,0.872166,0,0,1.27838E-126,0,101367
2304.0,6.23641E-131,0.00289835,4.11103E-05,0.00289835,101325,101344,298.15,362.191,378.194,32.984,0,1057.02,0,0,1.27838E-127,0,0.889588,0.872084,0,0,1.27838E-127,0,101367
2306.0,6.23641E-132,0.00292464,4.02558E-05,0.00292464,101325,101344,298.15,362.189,378.19,32.8515,0,1057.02,0,0,1.27838E-128,0,0.889588,0.872002,0,0,1.27838E-128,0,101367
2308.0,6.23641E-133,0.00295066,3.94171E-05,0.00295066,101325,101344,298.15,362.188,378.187,32.719,0,1057.02,0,0,1.27838E-129,0,0.889588,0.871922,0,0,1.27838E-129,0,101367
2310.0,6.23641E-134,0.00297642,3.8594E-05,0.00297642,101325,101344,298.15,362.187,378.183,32.5866,0,1057.02,0,0,1.27838E-130,0,0.889588,0.871842,0,0,1.27838E-130,0,101367
2312.0,6.23641E-135,0.00300192,3.77864E-05,0.00300192,101325,101343,298.15,362.185,378.18,32.4541,0,1057.02,0,0,1.27838E-131,0,0.889588,0.871762,0,0,1.27838E-131,0,101367
2314.0,6.23641E-136,0.00302717,3.69927E-05,0.00302717,101325,101343,298.15,362.184,378.177,32.3217,0,1057.02,0,0,1.27838E-132,0,0.889588,0.871684,0,0,1.27838E-132,0,101367
2316.0,6.23641E-137,0.00305211,3.62129E-05,0.00305211,101325,101343,298.15,362.183,378.174,32.1892,0,1057.02,0,0,1.27838E-133,0,0.889588,0.871606,0,0,1.27838E-133,0,101366
2318.0,6.23641E-138,0.0030768,3.54479E-05,0.0030768,101325,101343,298.15,362.182,378.17,32.0568,0,1057.02,0,0,1.27838E-134,0,0.889588,0.871529,0,0,1.27838E-134,0,101366
2320.0,6.23641E-139,0.00310124,3.46975E-05,0.00310124,101325,101343,298.15,362.18,378.167,31.9243,0,1057.02,0,0,1.27838E-135,0,0.889588,0.871453,0,0,1.27838E-135,0,101366
2322.0,6.23641E-140,0.00312543,3.39614E-05,0.00312543,101325,101342,298.15,362.179,378.164,31.7919,0,1057.02,0,0,1.27838E-136,0,0.889588,0.871378,0,0,1.27838E-136,0,101366
2324.0,6.23641E-141,0.00314937,3.32395E-05,0.00314937,101325,101342,298.15,362.178,378.161,31.6594,0,1057.02,0,0,1.27838E-137,0,0.889588,0.871303,0,0,1.27838E-137,0,101366
2326.0,6.23641E-142,0.00317307,3.25303E-05,0.00317307,101325,101342,298.15,362.177,378.158,31.527,0,1057.02,0,0,1.27838E-138,0,0.889588,0.871229,0,0,1.27838E-138,0,101366
2328.0,6.23641E-143,0.00319652,3.18338E-05,0.00319652,101325,101342,298.15,362.176,378.155,31.3945,0,1057.02,0,0,1.27838E-139,0,0.889588,0.871156,0,0,1.27838E-139,0,101366
2330.0,6.23641E-144,0.00321971,3.11508E-05,0.00321971,101325,101341,298.15,362.175,378.152,31.2621,0,1057.02,0,0,1.27838E-140,0,0.889588,0.871083,0,0,1.27838E-140,0,101366
2332.0,6.23641E-145,0.00324267,3.04812E-05,0.00324267,101325,101341,298.15,362.174,378.149,31.1296,0,1057.02,0,0,1.27838E-141,0,0.889588,0.871012,0,0,1.27838E-141,0,101366
2334.0,6.23641E-146,0.0032654,2.98247E-05,0.0032654,101325,101341,298.15,362.173,378.146,30.9971,0,1057.02,0,0,1.27838E-142,0,0.889588,0.870941,0,0,1.27838E-142,0,101366
2336.0,6.23641E-147,0.00328789,2.91811E-05,0.00328789,101325,101341,298.15,362.172,378.143,30.8647,0,1057.02,0,0,1.27838E-143,0,0.889588,0.87087,0,0,1.27838E-143,0,101366
2338.0,6.23641E-148,0.00331014,2.85502E-05,0.00331014,101325,101341,298.15,362.171,378.14,30.7322,0,1057.02,0,0,1.27838E-144,0,0.889588,0.870801,0,0,1.27838E-144,0,101366
2340.0,6.23641E-149,0.0033321,2.79297E-05,0.0033321,101325,101341,298.15,362.17,378.133,30.5998,0,1057.02,0,0,1.27838E-145,0,0.889588,0.870733,0,0,1.27838E-145,0,101366
2342.0,6.23641E-150,0.00335391,2.73123E-05,0.00335391,101325,101340,298.15,362.169,378.13,30.4673,0,1057.02,0,0,1.27838E-146,0,0.889588,0.870665,0,0,1.27838E-146,0,101366
2344.0,6.23641E-151,0.00337549,2.66985E-05,0.00337549,101325,101340,298.15,362.168,378.127,30.3349,0,1057.02,0,0,1.27838E-147,0,0.889588,0.870596,0,0,1.27838E-147,0,101366
2346.0,6.23641E-152,0.00339685,2.60975E-05,0.00339685,101325,101340,298.15,362.168,378.125,30.2024,0,1057.02,0,0,1.27838E-148,0,0.889588,0.870529,0,0,1.27838E-148,0,101366
2348.0,6.23641E-153,0.00341798,2.55092E-05,0.00341798,101325,101340,298.15,362.167,378.122,30.07,0,1057.02,0,0,1.27838E-149,0,0.889588,0.870462,0,0,1.27838E-149,0,101366
2350.0,6.23641E-154,0.00343888,2.49332E-05,0.00343888,101325,101340,298.15,362.166,378.119,29.9375,0,1057.02,0,0,1.27838E-150,0,0.889588,0.870396,0,0,1.27838E-150,0,101366
2352.0,6.23641E-155,0.00345957,2.43694E-05,0.00345957,101325,101339,298.15,362.165,378.116,29.8051,0,1057.02,0,0,1.27838E-151,0,0.889588,0.870331,0,0,1.27838E-151,0,101366
2354.0,6.23641E-156,0.00348004,2.38174E-05,0.00348004,101325,101339,298.15,362.165,378.113,29.6726,0,1057.02,0,0,1.27838E-152,0,0.889588,0.870266,0,0,1.27838E-152,0,101366
2356.0,6.23641E-157,0.00350029,2.32771E-05,0.00350029,101325,101339,298.15,362.164,378.111,29.5401,0,1057.02,0,0,1.27838E-153,0,0.889588,0.870202,0,0,1.27838E-153,0,101366
2358.0,6.23641E-158,0.00352034,2.27483E-05,0.00352034,101325,101339,298.15,362.163,378.108,29.4077,0,1057.02,0,0,1.27838E-154,0,0.889588,0.870139,0,0,1.27838E-154,0,101366
2360.0,6.23641E-159,0.00354013,2.22308E-05,0.00354013,101325,101339,298.15,362.162,378.106,29.2752,0,1057.02,0,0,1.27838E-155,0,0.889588,0.870077,0,0,1.27838E-155,0,101366
2362.0,6.23641E-160,0.00355944,2.17243E-05,0.00355944,101325,101339,298.15,362.162,378.103,29.1428,0,1057.02,0,0,1.27838E-156,0,0.889588,0.870027,0,0,1.27838E-156,0,101366
2364.0,6.23641E-161,0.00358024,2.12286E-05,0.00358024,101325,101338,298.15,362.161,378.101,29.0103,0,1057.02,0,0,1.27838E-157,0,0.889588,0.869916,0,0,1.27838E-157,0,101366
2366.0,6.23641E-162,0.00359742,2.07434E-05,0.00359742,101325,101338,298.15,362.161,378.099,28.8779,0,1057.02,0,0,1.27838E-158,0,0.889588,0.869927,0,0,1.27838E-158,0,101366
2368.0,6.23641E-163,0.00361784,2.02687E-05,0.00361784,101325,101338,298.15,362.16,378.097,28.7454,0,1057.02,0,0,1.27838E-159,0,0.889588,0.869817,0,0,1.27838E-159,0,101366
2370.0,6.23641E-164,0.00363633,1.98041E-05,0.00363633,101325,101338,298.15,362.159,378.095,28.613,0,1057.02,0,0,1.27838E-160,0,0.889588,0.869768,0,0,1.27838E-160,0,101366
2372.0,6.23641E-165,0.00365488,1.93494E-05,0.00365488,101325,101338,298.15,362.159,378.092,28.4805,0,1057.02,0,0,1.27838E-161,0,0.889588,0.86971,0,0,1.27838E-161,0,101366
2374.0,6.23641E-166,0.00367327,1.89046E-05,0.00367327,101325,101338,298.15,362.158,378.09,28.3481,0,1057.02,0,0,1.27838E-162,0,0.889588,0.869651,0,0,1.27838E-162,0,101366
2376.0,6.23641E-167,0.00369146,1.84693E-05,0.00369146,101325,101337,298.15,362.158,378.088,28.2156,0,1057.02,0,0,1.27838E-163,0,0.889588,0.869593,0,0,1.27838E-163,0,101366
2378.0,6.23641E-168,0.00370945,1.80435E-05,0.00370945,101325,101337,298.15,362.157,378.085,28.0831,0,1057.02,0,0,1.27838E-164,0,0.889588,0.869536,0,0,1.27838E-164,0,101366
2380.0,6.23641E-169,0.00372725,1.76268E-05,0.00372725,101325,101337,298.15,362.157,378.083,27.9507,0,1057.02,0,0,1.27838E-165,0,0.889588,0.869479,0,0,1.27838E-165,0,101366
2382.0,6.23641E-170,0.00374486,1.72192E-05,0.00374486,101325,101337,298.15,362.156,378.08,27.8182,0,1057.02,0,0,1.27838E-166,0,0.889588,0.869422,0,0,1.27838E-166,0,101366
2384.0,6.23641E-171,0.00376228,1.68204E-05,0.00376228,101325,101337,298.15,362.156,378.078,27.6858,0,1057.02,0,0,1.27838E-167,0,0.889588,0.869367,0,0,1.27838E-167,0,101366
2386.0,6.23641E-172,0.00377951,1.64303E-05,0.00377951,101325,101337,298.15,362.155,378.076,27.5533,0,1057.02,0,0,1.27838E-168,0,0.889588,0.869312,0,0,1.27838E-168,0,101366
2388.0,6.23641E-173,0.00379656,1.60487E-05,0.00379656,101325,101336,298.15,362.155,378.073,27.4209,0,1057.02,0,0,1.27838E-169,0,0.889588,0.869257,0,0,1.27838E-169,0,101366
2390.0,6.23641E-174,0.00381342,1.56754E-05,0.00381342,101325,101336,298.15,362.154,378.071,27.2884,0,1057.02,0,0,1.27838E-170,0,0.889588,0.869203,0,0,1.27838E-170,0,101366
2392.0,6.23641E-175,0.0038301,1.53103E-05,0.0038301,101325,101336,298.15,362.154,378.069,27.156,0,1057.02,0,0,1.27838E-171,0,0.889588,0.869149,0,0,1.27838E-171,0,101366
2394.0,6.23641E-176,0.0038466,1.49531E-05,0.0038466,101325,101336,298.15,362.153,378.067,27.0235,0,1057.02,0,0,1.27838E-172,0,0.889588,0.869096,0,0,1.27838E-172,0,101366
2396.0,6.23641E-177,0.00386291,1.46038E-05,0.00386291,101325,101336,298.15,362.153,378.064,26.8911,0,1057.02,0,0,1.27838E-173,0,0.889588,0.869044,0,0,1.27838E-173,0,101366
2398.0,6.23641E-178,0.00387905,1.42622E-05,0.00387905,101325,101336,298.15,362.152,378.062,26.7586,0,1057.02,0,0,1.27838E-174,0,0.889588,0.868992,0,0,1.27838E-174,0,101366
2400.0,6.23641E-179,0.00389501,1.39281E-05,0.00389501,101325,101336,298.15,362.152,378.06,26.6261,0,1057.02,0,0,1.27838E-175,0,0.889588,0.868941,0,0,1.27838E-175,0,101366
2402.0,6.23641E-180,0.0039108,1.36014E-05,0.0039108,101325,101335,298.15,362.152,378.058,26.4937,0,1057.02,0,0,1.27838E-176,0,0.889588,0.86889,0,0,1.27838E-176,0,101366
2404.0,6.23641E-181,0.00392641,1.32819E-05,0.00392641,101325,101335,298.15,362.151,378.056,26.3612,0,1057.02,0,0,1.27838E-177,0,0.889588,0.868839,0,0,1.27838E-177,0,101366
2406.0,6.23641E-182,0.00394184,1.29694E-05,0.00394184,101325,101335,298.15,362.151,378.054,26.2288,0,1057.02,0,0,1.27838E-178,0,0.889588,0.86879,0,0,1.27838E-178,0,101366
2408.0,6.23641E-183,0.00395711,1.26639E-05,0.00395711,101325,101335,298.15,362.15,378.052,26.0963,0,1057.02,0,0,1.27838E-179,0,0.889588,0.86874,0,0,1.27838E-179,0,101366
2410.0,6.23641E-184,0.00397221,1.23651E-05,0.00397221,101325,101335,298.15,362.15,378.049,25.9639,0,1057.02,0,0,1.27838E-180,0,0.889588,0.868691,0,0,1.27838E-180,0,101365
2412.0,6.23641E-185,0.00398714,1.2073E-05,0.00398714,101325,101335,298.15,362.15,378.047,25.8314,0,1057.02,0,0,1.27838E-181,0,0.889588,0.868643,0,0,1.27838E-181,0,101365
2414.0,6.23641E-186,0.0040019,1.17874E-05,0.0040019,101325,101335,298.15,362.149,378.045,25.699,0,1057.02,0,0,1.27838E-182,0,0.889588,0.868595,0,0,1.27838E-182,0,101365
2416.0,6.23641E-187,0.00401649,1.15082E-05,0.00401649,101325,101334,298.15,362.149,378.043,25.5665,0,1057.02,0,0,1.27838E-183,0,0.889588,0.868548,0,0,1.27838E-183,0,101365
2418.0,6.23641E-188,0.00403092,1.12352E-05,0.00403092,101325,101334,298.15,362.149,378.041,25.4341,0,1057.02,0,0,1.27838E-184,0,0.889588,0.868501,0,0,1.27838E-184,0,101365
2420.0,6.23641E-189,0.00404519,1.09683E-05,0.00404519,101325,101334,298.15,362.148,378.039,25.3016,0,1057.02,0,0,1.27838E-185,0,0.889588,0.868455,0,0,1.27838E-185,0,101365
2422.0,6.23641E-190,0.0040593,1.07074E-05,0.0040593,101325,101334,298.15,362.148,378.038,25.1691,0,1057.02,0,0,1.27838E-186,0,0.889588,0.868409,0,0,1.27838E-186,0,101365
2424.0,6.23641E-191,0.00407324,1.04524E-05,0.00407324,101325,101334,298.15,362.148,378.036,25.0367,0,1057.02,0,0,1.27838E-187,0,0.889588,0.868364,0,0,1.27838E-187,0,101365
2426.0,6.23641E-192,0.00408703,1.02031E-05,0.00408703,101325,101334,298.15,362.148,378.034,24.9042,0,1057.02,0,0,1.27838E-188,0,0.889588,0.868319,0,0,1.27838E-188,0,101365
2428.0,6.23641E-193,0.00410066,9.95941E-06,0.00410066,101325,101334,298.15,362.147,378.032,24.7718,0,1057.02,0,0,1.27838E-189,0,0.889588,0.868275,0,0,1.27838E-189,0,101365
2430.0,6.23641E-194,0.00411413,9.72122E-06,0.00411413,101325,101334,298.15,362.147,378.03,24.6393,0,1057.02,0,0,1.27838E-190,0,0.889588,0.868231,0,0,1.27838E-190,0,101365
2432.0,6.23641E-195,0.00412743,9.48841E-06,0.00412743,101325,101334,298.15,362.147,378.028,24.5069,0,1057.02,0,0,1.27838E-191,0,0.889588,0.868188,0,0,1.27838E-191,0,101365
2434.0,6.23641E-196,0.00414053,9.26086E-06,0.00414053,101325,101333,298.15,362.146,378.026,24.3744,0,1057.02,0,0,1.27838E-192,0,0.889588,0.868146,0,0,1.27838E-192,0,101365
2436.0,6.23641E-197,0.00415348,9.03848E-06,0.00415348,101325,101333,298.15,362.146,378.025,24.242,0,1057.02,0,0,1.27838E-193,0,0.889588,0.868104,0,0,1.27838E-193,0,101365
2438.0,6.23641E-198,0.00416629,8.82114E-06,0.00416629,101325,101333,298.15,362.146,378.023,24.1095,0,1057.02,0,0,1.27838E-194,0,0.889588,0.868062,0,0,1.27838E-194,0,101365
2440.0,6.23641E-199,0.00417895,8.60875E-06,0.00417895,101325,101333,298.15,362.146,378.021,23.9771,0,1057.02,0,0,1.27838E-195,0,0.889588,0.868021,0,0,1.27838E-195,0,101365
2442.0,6.23641E-200,0.00419146,8.40118E-06,0.00419146,101325,101333,298.15,362.145,378.019,23.8446,0,1057.02,0,0,1.27838E-196,0,0.889588,0.86798,0,0,1.27838E-196,0,101365
2444.0,6.23641E-201,0.00420382,8.19836E-06,0.00420382,101325,101333,298.15,362.145,378.018,23.7122,0,1057.02,0,0,1.27838E-197,0,0.889588,0.86794,0,0,1.27838E-197,0,101365
2446.0,6.23641E-202,0.00421603,8.00016E-06,0.00421603,101325,101333,298.15,362.145,378.016,23.5797,0,1057.02,0,0,1.27838E-198,0,0.889588,0.867901,0,0,1.27838E-198,0,101365
2448.0,6.23641E-203,0.0042281,7.80649E-06,0.0042281,101325,101333,298.15,362.145,378.014,23.4472,0,1057.02,0,0,1.27838E-199,0,0.889588,0.867862,0,0,1.27838E-199,0,101365
2450.0,6.23641E-204,0.00424002,7.61727E-06,0.00424002,101325,101332,298.15,362.145,378.013,23.3148,0,1057.02,0,0,1.27838E-200,0,0.889588,0.867823,0,0,1.27838E-200,0,101365
2452.0,6.23641E-205,0.0042518,7.43238E-06,0.0042518,101325,101332,298.15,362.144,378.011,23.1823,0,1057.02,0,0,1.27838E-201,0,0.889588,0.867784,0,0,1.27838E-201,0,101365
2454.0,6.23641E-206,0.00426345,7.25174E-06,0.00426345,101325,101332,298.15,362.144,378.01,23.0499,0,1057.02,0,0,1.27838E-202,0,0.889588,0.867747,0,0,1.27838E-202,0,101365
2456.0,6.23641E-207,0.00427495,7.07526E-06,0.00427495,101325,101332,298.15,362.144,378.008,22.9174,0,1057.02,0,0,1.27838E-203,0,0.889588,0.867709,0,0,1.27838E-203,0,101365
2458.0,6.23641E-208,0.00428631,6.90285E-06,0.00428631,101325,101332,298.15,362.144,378.006,22.785,0,1057.02,0,0,1.27838E-204,0,0.889588,0.867673,0,0,1.27838E-204,0,101365
2460.0,6.23641E-209,0.00429754,6.73442E-06,0.00429754,101325,101332,298.15,362.144,378.005,22.6525,0,1057.02,0,0,1.27838E-205,0,0.889588,0.867636,0,0,1.27838E-205,0,101365
2462.0,6.23641E-210,0.00430863,6.56988E-06,0.00430863,101325,101332,298.15,362.143,378.003,22.5201,0,1057.02,0,0,1.27838E-206,0,0.889588,0.8676,0,0,1.27838E-206,0,101365
2464.0,6.23641E-211,0.00431959,6.40916E-06,0.00431959,101325,101332,298.15,362.143,378.002,22.3876,0,1057.02,0,0,1.27838E-207,0,0.889588,0.867565,0,0,1.27838E-207,0,101365
2466.0,6.23641E-212,0.00433041,6.25216E-06,0.00433041,101325,101332,298.15,362.143,378,22.2552,0,1057.02,0,0,1.27838E-208,0,0.889588,0.86753,0,0,1.27838E-208,0,101365
2468.0,6.23641E-213,0.0043411,6.09881E-06,0.0043411,101325,101332,298.15,362.143,377.999,22.1227,0,1057.02,0,0,1.27838E-209,0,0.889588,0.867495,0,0,1.27838E-209,0,101365
2470.0,6.23641E-214,0.00435167,5.94903E-06,0.00435167,101325,101332,298.15,362.143,377.998,21.9902,0,1057.02,0,0,1.27838E-210,0,0.889588,0.867461,0,0,1.27838E-210,0,101365
2472.0,6.23641E-215,0.00436211,5.80273E-06,0.00436211,101325,101331,298.15,362.143,377.996,21.8578,0,1057.02,0,0,1.27838E-211,0,0.889588,0.867427,0,0,1.27838E-211,0,101365
2474.0,6.23641E-216,0.00437241,5.65986E-06,0.00437241,101325,101331,298.15,362.142,377.995,21.7253,0,1057.02,0,0,1.27838E-212,0,0.889588,0.867394,0,0,1.27838E-212,0,101365
2476.0,6.23641E-217,0.0043826,5.52032E-06,0.0043826,101325,101331,298.15,362.142,377.993,21.5929,0,1057.02,0,0,1.27838E-213,0,0.889588,0.867361,0,0,1.27838E-213,0,101365
2478.0,6.23641E-218,0.00439265,5.38404E-06,0.00439265,101325,101331,298.15,362.142,377.992,21.4604,0,1057.02,0,0,1.27838E-214,0,0.889588,0.867328,0,0,1.27838E-214,0,101365
2480.0,6.23641E-219,0.00440259,5.24477E-06,0.00440259,101325,101331,298.15,362.142,377.991,21.328,0,1057.02,0,0,1.27838E-215,0,0.889588,0.867296,0,0,1.27838E-215,0,101365
2482.0,6.23641E-220,0.0044124,5.11506E-06,0.0044124,101325,101331,298.15,362.142,377.989,21.1955,0,1057.02,0,0,1.27838E-216,0,0.889588,0.867264,0,0,1.27838E-216,0,101365
2484.0,6.23641E-221,0.00442209,4.9884E-06,0.00442209,101325,101331,298.15,362.142,377.988,21.0631,0,1057.02,0,0,1.27838E-217,0,0.889588,0.867233,0,0,1.27838E-217,0,101365
2486.0,6.23641E-222,0.00443165,4.86471E-06,0.00443165,101325,101331,298.15,362.141,377.987,20.9306,0,1057.02,0,0,1.27838E-218,0,0.889588,0.867202,0,0,1.27838E-218,0,101365
2488.0,6.23641E-223,0.0044411,4.74394E-06,0.0044411,101325,101331,298.15,362.141,377.985,20.7982,0.00136853,1057.02,0,0,1.27838E-219,0.000129871,0.889588,0.867171,0,0,1.27838E-219,0.000129871,101365
2490.0,6.23641E-224,0.00445037,4.62601E-06,0.00445037,101325,101331,298.15,362.141,377.984,20.6657,0,1057.02,0,0,1.27838E-220,0,0.889588,0.867141,0,0,1.27838E-220,0,101365
2492.0,6.23641E-225,0.00445958,4.51087E-06,0.00445958,101325,101331,298.15,362.141,377.983,20.5332,0,1057.02,0,0,1.27838E-221,0,0.889588,0.867111,0,0,1.27838E-221,0,101365
2494.0,6.23641E-226,0.00446868,4.39845E-06,0.00446868,101325,101330,298.15,362.141,377.981,20.4008,0,1057.02,0,0,1.27838E-222,0,0.889588,0.867081,0,0,1.27838E-222,0,101365
2496.0,6.23641E-227,0.00447766,4.28869E-06,0.00447766,101325,101330,298.15,362.141,377.98,20.2683,0,1057.02,0,0,1.27838E-223,0,0.889588,0.867052,0,0,1.27838E-223,0,101365
2498.0,6.23641E-228,0.00448653,4.18153E-06,0.00448653,101325,101330,298.15,362.141,377.979,20.1359,0,1057.02,0,0,1.27838E-224,0,0.889588,0.867023,0,0,1.27838E-224,0,101365
2500.0,6.23641E-229,0.00449529,4.07692E-06,0.00449529,101325,101330,298.15,362.141,377.978,20.0659,0,1057.02,0,0,1.27838E-225,0,0.889588,0.866995,0,0,1.27838E-225,0,101365
2502.0,6.23641E-230,0.00450393,3.9748E-06,0.00450393,101325,101330,298.15,362.141,377.977,20.0659,0,1057.02,0,0,1.27838E-226,0,0.889588,0.866967,0,0,1.27838E-226,0,101365
2504.0,6.23641E-231,0.00451246,3.87511E-06,0.00451246,101325,101330,298.15,362.14,377.975,20.0659,0,1057.02,0,0,1.27838E-227,0,0.889588,0.866939,0,0,1.27838E-227,0,101365
2506.0,6.23641E-232,0.00452087,3.7778E-06,0.00452087,101325,101330,298.15,362.14,377.974,20.0659,0,1057.02,0,0,1.27838E-228,0,0.889588,0.866912,0,0,1.27838E-228,0,101365
2508.0,6.23641E-233,0.0045291,3.6828E-06,0.0045291,101325,101330,298.15,362.14,377.973,20.0659,0,1057.02,0,0,1.27838E-229,0,0.889588,0.866885,0,0,1.27838E-229,0,101365
2510.0,6.23641E-234,0.00453723,3.59009E-06,0.00453723,101325,101330,298.15,362.14,377.972,20.0659,0,1057.02,0,0,1.27838E-230,0,0.889588,0.866859,0,0,1.27838E-230,0,101365
2512.0,6.23641E-235,0.00454526,3.49959E-06,0.00454526,101325,101330,298.15,362.14,377.971,20.0659,0,1057.02,0,0,1.27838E-231,0,0.889588,0.866833,0,0,1.27838E-231,0,101365
2514.0,6.23641E-236,0.00455318,3.41126E-06,0.00455318,101325,101330,298.15,362.14,377.97,20.0659,0,1057.02,0,0,1.27838E-232,0,0.889588,0.866807,0,0,1.27838E-232,0,101365
2516.0,6.23641E-237,0.004561,3.32505E-06,0.004561,101325,101330,298.15,362.14,377.969,20.0659,0,1057.02,0,0,1.27838E-233,0,0.889588,0.866782,0,0,1.27838E-233,0,101365
2518.0,6.23641E-238,0.00456866,3.24092E-06,0.00456866,101325,101330,298.15,362.14,377.968,20.0659,0,1057.02,0,0,1.27838E-234,0,0.889588,0.866759,0,0,1.27838E-234,0,101365
2520.0,6.23641E-239,0.00457623,3.15881E-06,0.00457623,101325,101329,298.15,362.14,377.967,20.0659,0,1057.02,0,0,1.27838E-235,0,0.889588,0.866736,0,0,1.27838E-235,0,101365
2522.0,6.23641E-240,0.00458369,3.07869E-06,0.00458369,101325,101329,298.15,362.14,377.966,20.0659,0,1057.02,0,0,1.27838E-236,0,0.889588,0.866713,0,0,1.27838E-236,0,101365
2524.0,6.23641E-241,0.00459106,3.00052E-06,0.00459106,101325,101329,298.15,362.14,377.965,20.0659,0,1057.02,0,0,1.27838E-237,0,0.889588,0.866691,0,0,1.27838E-237,0,101365
2526.0,6.23641E-242,0.00459834,2.92423E-06,0.00459834,101325,101329,298.15,362.139,377.964,20.0659,0,1057.02,0,0,1.27838E-238,0,0.889588,0.866669,0,0,1.27838E-238,0,101365
2528.0,6.23641E-243,0.00460552,2.84981E-06,0.00460552,101325,101329,298.15,362.139,377.963,20.0659,0,1057.02,0,0,1.27838E-239,0,0.889588,0.866647,0,0,1.27838E-239,0,101365
2530.0,6.23641E-244,0.00461261,2.77719E-06,0.00461261,101325,101329,298.15,362.139,377.962,20.0659,0,1057.02,0,0,1.27838E-240,0,0.889588,0.866626,0,0,1.27838E-240,0,101365
2532.0,6.23641E-245,0.00461961,2.70634E-06,0.00461961,101325,101329,298.15,362.139,377.961,20.0659,0,1057.02,0,0,1.27838E-241,0,0.889588,0.866604,0,0,1.27838E-241,0,101365
2534.0,6.23641E-246,0.00462653,2.63722E-06,0.00462653,101325,101329,298.15,362.139,377.96,20.0659,0,1057.02,0,0,1.27838E-242,0,0.889588,0.866583,0,0,1.27838E-242,0,101365
2536.0,6.23641E-247,0.00463335,2.56979E-06,0.00463335,101325,101329,298.15,362.139,377.96,20.0659,0,1057.02,0,0,1.27838E-243,0,0.889588,0.866563,0,0,1.27838E-243,0,101365
2538.0,6.23641E-248,0.00464009,2.504E-06,0.00464009,101325,101329,298.15,362.139,377.959,20.0659,0,1057.02,0,0,1.27838E-244,0,0.889588,0.866542,0,0,1.27838E-244,0,101365
2540.0,6.23641E-249,0.00464674,2.43981E-06,0.00464674,101325,101329,298.15,362.139,377.958,20.0659,0,1057.02,0,0,1.27838E-245,0,0.889588,0.866522,0,0,1.27838E-245,0,101365
2542.0,6.23641E-250,0.00465331,2.3772E-06,0.00465331,101325,101329,298.15,362.139,377.957,20.0659,0,1057.02,0,0,1.27838E-246,0,0.889588,0.866502,0,0,1.27838E-246,0,101365
2544.0,6.23641E-251,0.00465979,2.31611E-06,0.00465979,101325,101329,298.15,362.139,377.956,20.0659,0,1057.02,0,0,1.27838E-247,0,0.889588,0.866482,0,0,1.27838E-247,0,101365
2546.0,6.23641E-252,0.00466619,2.25652E-06,0.00466619,101325,101329,298.15,362.139,377.955,20.0659,0,1057.02,0,0,1.27838E-248,0,0.889588,0.866463,0,0,1.27838E-248,0,101365
2548.0,6.23641E-253,0.00467251,2.19839E-06,0.00467251,101325,101329,298.15,362.139,377.955,20.0659,0,1057.02,0,0,1.27838E-249,0,0.889588,0.866444,0,0,1.27838E-249,0,101365
2550.0,6.23641E-254,0.00467875,2.14169E-06,0.00467875,101325,101329,298.15,362.139,377.954,20.0659,0,1057.02,0,0,1.27838E-250,0,0.889588,0.866425,0,0,1.27838E-250,0,101365
2552.0,6.23641E-255,0.0046849,2.08639E-06,0.0046849,101325,101329,298.15,362.139,377.953,20.0659,0,1057.02,0,0,1.27838E-251,0,0.889588,0.866406,0,0,1.27838E-251,0,101365
2554.0,6.23641E-256,0.00469097,2.03246E-06,0.00469097,101325,101328,298.15,362.139,377.952,20.0659,0,1057.02,0,0,1.27838E-252,0,0.889588,0.866388,0,0,1.27838E-252,0,101365
2556.0,6.23641E-257,0.00469697,1.97985E-06,0.00469697,101325,101328,298.15,362.139,377.951,20.0659,0,1057.02,0,0,1.27838E-253,0,0.889588,0.866369,0,0,1.27838E-253,0,101365
2558.0,6.23641E-258,0.00470288,1.92856E-06,0.00470288,101325,101328,298.15,362.139,377.951,20.0659,0,1057.02,0,0,1.27838E-254,0,0.889588,0.866351,0,0,1.27838E-254,0,101365
2560.0,6.23641E-259,0.00470872,1.87853E-06,0.00470872,101325,101328,298.15,362.138,377.95,20.0659,0,1057.02,0,0,1.27838E-255,0,0.889588,0.866334,0,0,1.27838E-255,0,101365
2562.0,6.23641E-260,0.00471448,1.82975E-06,0.00471448,101325,101328,298.15,362.138,377.949,20.0659,0,1057.02,0,0,1.27838E-256,0,0.889588,0.866316,0,0,1.27838E-256,0,101365
2564.0,6.23641E-261,0.00472016,1.78219E-06,0.00472016,101325,101328,298.15,362.138,377.948,20.0659,0,1057.02,0,0,1.27838E-257,0,0.889588,0.866299,0,0,1.27838E-257,0,101365
2566.0,6.23641E-262,0.00472577,1.73581E-06,0.00472577,101325,101328,298.15,362.138,377.948,20.0659,0,1057.02,0,0,1.27838E-258,0,0.889588,0.866282,0,0,1.27838E-258,0,101365
2568.0,6.23641E-263,0.0047313,1.69058E-06,0.0047313,101325,101328,298.15,362.138,377.947,20.0659,0,1057.02,0,0,1.27838E-259,0,0.889588,0.866265,0,0,1.27838E-259,0,101365
2570.0,6.23641E-264,0.00473676,1.64648E-06,0.00473676,101325,101328,298.15,362.138,377.946,20.0659,0,1057.02,0,0,1.27838E-260,0,0.889588,0.866248,0,0,1.27838E-260,0,101365
2572.0,6.23641E-265,0.00474215,1.60347E-06,0.00474215,101325,101328,298.15,362.138,377.946,20.0659,0,1057.02,0,0,1.27838E-261,0,0.889588,0.866232,0,0,1.27838E-261,0,101365
2574.0,6.23641E-266,0.00474746,1.56154E-06,0.00474746,101325,101328,298.15,362.138,377.945,20.0659,0,1057.02,0,0,1.27838E-262,0,0.889588,0.866216,0,0,1.27838E-262,0,101365
2576.0,6.23641E-267,0.0047527,1.52065E-06,0.0047527,101325,101328,298.15,362.138,377.944,20.0659,0,1057.02,0,0,1.27838E-263,0,0.889588,0.8662,0,0,1.27838E-263,0,101365
2578.0,6.23641E-268,0.00475787,1.48078E-06,0.00475787,101325,101328,298.15,362.138,377.944,20.0659,0,1057.02,0,0,1.27838E-264,0,0.889588,0.866184,0,0,1.27838E-264,0,101365
2580.0,6.23641E-269,0.00476298,1.44191E-06,0.00476298,101325,101328,298.15,362.138,377.943,20.0659,0,1057.02,0,0,1.27838E-265,0,0.889588,0.866168,0,0,1.27838E-265,0,101365
2582.0,6.23641E-270,0.00476801,1.40401E-06,0.00476801,101325,101328,298.15,362.138,377.942,20.0659,0,1057.02,0,0,1.27838E-266,0,0.889588,0.866153,0,0,1.27838E-266,0,101365
2584.0,6.23641E-271,0.00477297,1.36705E-06,0.00477297,101325,101328,298.15,362.138,377.942,20.0659,0,1057.02,0,0,1.27838E-267,0,0.889588,0.866138,0,0,1.27838E-267,0,101365
2586.0,6.23641E-272,0.00477787,1.33101E-06,0.00477787,101325,101328,298.15,362.138,377.941,20.0659,0,1057.02,0,0,1.27838E-268,0,0.889588,0.866123,0,0,1.27838E-268,0,101365
2588.0,6.23641E-273,0.00478269,1.29588E-06,0.00478269,101325,101328,298.15,362.138,377.94,20.0659,0,1057.02,0,0,1.27838E-269,0,0.889588,0.866108,0,0,1.27838E-269,0,101365
2590.0,6.23641E-274,0.00478746,1.26163E-06,0.00478746,101325,101328,298.15,362.138,377.94,20.0659,0,1057.02,0,0,1.27838E-270,0,0.889588,0.866094,0,0,1.27838E-270,0,101365
2592.0,6.23641E-275,0.00479215,1.22823E-06,0.00479215,101325,101328,298.15,362.138,377.939,20.0659,0,1057.02,0,0,1.27838E-271,0,0.889588,0.866079,0,0,1.27838E-271,0,101365
2594.0,6.23641E-276,0.00479678,1.19568E-06,0.00479678,101325,101328,298.15,362.138,377.939,20.0659,0,1057.02,0,0,1.27838E-272,0,0.889588,0.866065,0,0,1.27838E-272,0,101365
2596.0,6.23641E-277,0.00480135,1.16394E-06,0.00480135,101325,101327,298.15,362.138,377.938,20.0659,0,1057.02,0,0,1.27838E-273,0,0.889588,0.866051,0,0,1.27838E-273,0,101364
2598.0,6.23641E-278,0.00480585,1.133E-06,0.00480585,101325,101327,298.15,362.138,377.937,20.0659,0,1057.02,0,0,1.27838E-274,0,0.889588,0.866037,0,0,1.27838E-274,0,101364
2600.0,6.23641E-279,0.00481029,1.10283E-06,0.00481029,101325,101327,298.15,362.138,377.937,20.0659,0,1057.02,0,0,1.27838E-275,0,0.889588,0.866024,0,0,1.27838E-275,0,101364
2602.0,6.23641E-280,0.00481467,1.07343E-06,0.00481467,101325,101327,298.15,362.138,377.936,20.0659,0,1057.02,0,0,1.27838E-276,0,0.889588,0.86601,0,0,1.27838E-276,0,101364
2604.0,6.23641E-281,0.00481899,1.04477E-06,0.00481899,101325,101327,298.15,362.138,377.936,20.0659,0,1057.02,0,0,1.27838E-277,0,0.889588,0.865997,0,0,1.27838E-277,0,101364
2606.0,6.23641E-282,0.00482324,1.01683E-06,0.00482324,101325,101327,298.15,362.138,377.935,20.0659,0,1057.02,0,0,1.27838E-278,0,0.889588,0.865984,0,0,1.27838E-278,0,101364
2608.0,6.23641E-283,0.00482744,9.89605E-07,0.00482744,101325,101327,298.15,362.138,377.935,20.0659,0,1057.02,0,0,1.27838E-279,0,0.889588,0.865971,0,0,1.27838E-279,0,101364
2610.0,6.23641E-284,0.00483158,9.63066E-07,0.00483158,101325,101327,298.15,362.138,377.934,20.0659,0,1057.02,0,0,1.27838E-280,0,0.889588,0.865959,0,0,1.27838E-280,0,101364
2612.0,6.23641E-285,0.00483566,9.372E-07,0.00483566,101325,101327,298.15,362.138,377.934,20.0659,0,1057.02,0,0,1.27838E-281,0,0.889588,0.865946,0,0,1.27838E-281,0,101364
2614.0,6.23641E-286,0.00483968,9.11991E-07,0.00483968,101325,101327,298.15,362.138,377.933,20.0659,0,1057.02,0,0,1.27838E-282,0,0.889588,0.865934,0,0,1.27838E-282,0,101364
2616.0,6.23641E-287,0.00484356,8.87434E-07,0.00484356,101325,101327,298.15,362.138,377.933,20.0659,0,1057.02,0,0,1.27838E-283,0,0.889588,0.865922,0,0,1.27838E-283,0,101364
2618.0,6.23641E-288,0.00484736,8.63543E-07,0.00484736,101325,101327,298.15,362.138,377.932,20.0659,0,1057.02,0,0,1.27838E-284,0,0.889588,0.865911,0,0,1.27838E-284,0,101364
2620.0,6.23641E-289,0.00485111,8.40299E-07,0.00485111,101325,101327,298.15,362.138,377.932,20.0659,0,1057.02,0,0,1.27838E-285,0,0.889588,0.865899,0,0,1.27838E-285,0,101364
2622.0,6.23641E-290,0.00485482,8.17681E-07,0.00485482,101325,101327,298.15,362.138,377.931,20.0659,0,1057.02,0,0,1.27838E-286,0,0.889588,0.865888,0,0,1.27838E-286,0,101364
2624.0,6.23641E-291,0.00485846,7.95673E-07,0.00485846,101325,101327,298.15,362.137,377.931,20.0659,0,1057.02,0,0,1.27838E-287,0,0.889588,0.865877,0,0,1.27838E-287,0,101364
2626.0,6.23641E-292,0.00486206,7.74202E-07,0.00486206,101325,101327,298.15,362.137,377.93,20.0659,0,1057.02,0,0,1.27838E-288,0,0.889588,0.865866,0,0,1.27838E-288,0,101364
2628.0,6.23641E-293,0.00486561,7.53242E-07,0.00486561,101325,101327,298.15,362.137,377.93,20.0659,0,1057.02,0,0,1.27838E-289,0,0.889588,0.865855,0,0,1.27838E-289,0,101364
2630.0,6.23641E-294,0.00486911,7.32784E-07,0.00486911,101325,101327,298.15,362.137,377.929,20.0659,0,1057.02,0,0,1.27838E-290,0,0.889588,0.865844,0,0,1.27838E-290,0,101364
2632.0,6.23641E-295,0.00487256,7.12819E-07,0.00487256,101325,101327,298.15,362.137,377.929,20.0659,0,1057.02,0,0,1.27838E-291,0,0.889588,0.865834,0,0,1.27838E-291,0,101364
2634.0,6.23641E-296,0.00487596,6.93339E-07,0.00487596,101325,101327,298.15,362.137,377.928,20.0659,0,1057.02,0,0,1.27838E-292,0,0.889588,0.865824,0,0,1.27838E-292,0,101364
2636.0,6.23641E-297,0.00487931,6.74387E-07,0.00487931,101325,101327,298.15,362.137,377.928,20.0659,0,1057.02,0,0,1.27838E-293,0,0.889588,0.865813,0,0,1.27838E-293,0,101364
2638.0,6.23641E-298,0.00488262,6.55965E-07,0.00488262,101325,101327,298.15,362.137,377.928,20.0659,0,1057.02,0,0,1.27838E-294,0,0.889588,0.865803,0,0,1.27838E-294,0,101364
2640.0,6.23641E-299,0.00488588,6.38055E-07,0.00488588,101325,101327,298.15,362.137,377.927,20.0659,0,1057.02,0,0,1.27838E-295,0,0.889588,0.865793,0,0,1.27838E-295,0,101364
2642.0,6.23641E-300,0.00488909,6.20643E-07,0.00488909,101325,101327,298.15,362.137,377.927,20.0659,0,1057.02,0,0,1.27838E-296,0,0.889588,0.865784,0,0,1.27838E-296,0,101364
2644.0,6.23641E-301,0.00489226,6.03713E-07,0.00489226,101325,101327,298.15,362.137,377.926,20.0659,0,1057.02,0,0,1.27838E-297,0,0.889588,0.865774,0,0,1.27838E-297,0,101364
2646.0,6.23641E-302,0.00489539,5.87198E-07,0.00489539,101325,101327,298.15,362.137,377.926,20.0659,0,1057.02,0,0,1.27838E-298,0,0.889588,0.865764,0,0,1.27838E-298,0,101364
2648.0,6.23641E-303,0.00489846,5.71073E-07,0.00489846,101325,101327,298.15,362.137,377.925,20.0659,0,1057.02,0,0,1.27838E-299,0,0.889588,0.865755,0,0,1.27838E-299,0,101364
2650.0,6.23641E-304,0.0049015,5.55333E-07,0.0049015,101325,101327,298.15,362.137,377.925,20.0659,0,1057.02,0,0,1.27838E-300,0,0.889588,0.865745,0,0,1.27838E-300,0,101364
2652.0,6.23641E-305,0.00490449,5.39972E-07,0.00490449,101325,101327,298.15,362.137,377.925,20.0659,0,1057.02,0,0,1.27838E-301,0,0.889588,0.865736,0,0,1.27838E-301,0,101364
2654.0,6.23641E-306,0.00490743,5.24983E-07,0.00490743,101325,101327,298.15,362.137,377.924,20.0659,0,1057.02,0,0,1.27838E-302,0,0.889588,0.865727,0,0,1.27838E-302,0,101364
2656.0,6.23641E-307,0.00491033,5.10361E-07,0.00491033,101325,101326,298.15,362.137,377.924,20.0659,0,1057.02,0,0,1.27838E-303,0,0.889588,0.865718,0,0,1.27838E-303,0,101364
2658.0,6.23641E-308,0.00491319,4.96098E-07,0.00491319,101325,101326,298.15,362.137,377.924,20.0659,0,1057.02,0,0,1.27838E-304,0,0.889588,0.86571,0,0,1.27838E-304,0,101364
2660.0,6.23641E-309,0.00491601,4.82188E-07,0.00491601,101325,101326,298.15,362.137,377.923,20.0659,0,1057.02,0,0,1.27838E-305,0,0.889588,0.865701,0,0,1.27838E-305,0,101364
2662.0,6.23641E-310,0.00491878,4.68625E-07,0.00491878,101325,101326,298.15,362.137,377.923,20.0659,0,1057.02,0,0,1.27838E-306,0,0.889588,0.865692,0,0,1.27838E-306,0,101364
2664.0,6.23641E-311,0.00492152,4.55402E-07,0.00492152,101325,101326,298.15,362.137,377.923,20.0659,0,1057.02,0,0,1.27838E-307,0,0.889588,0.865684,0,0,1.27838E-307,0,101364
2666.0,6.23641E-312,0.00492421,4.42513E-07,0.00492421,101325,101326,298.15,362.137,377.922,20.0659,0,1057.02,0,0,1.27838E-308,0,0.889588,0.865676,0,0,1.27838E-308,0,101364
2668.0,6.23641E-313,0.00492686,4.29951E-07,0.00492686,101325,101326,298.15,362.137,377.922,20.0659,0,1057.02,0,0,1.27838E-309,0,0.889588,0.865668,0,0,1.27838E-309,0,101364
2670.0,6.23641E-314,0.00492947,4.1771E-07,0.00492947,101325,101326,298.15,362.137,377.921,20.0659,0,1057.02,0,0,1.27838E-310,0,0.889588,0.86566,0,0,1.27838E-310,0,101364
2672.0,6.23641E-315,0.00493204,4.05784E-07,0.00493204,101325,101326,298.15,362.137,377.921,20.0659,0,1057.02,0,0,1.27838E-311,0,0.889588,0.865652,0,0,1.27838E-311,0,101364
2674.0,6.23641E-316,0.00493458,3.94165E-07,0.00493458,101325,101326,298.15,362.137,377.921,20.0659,0,1057.02,0,0,1.27838E-312,0,0.889588,0.865644,0,0,1.27838E-312,0,101364
2676.0,6.23641E-317,0.00493707,3.82849E-07,0.00493707,101325,101326,298.15,362.137,377.92,20.0659,0,1057.02,0,0,1.27838E-313,0,0.889588,0.865636,0,0,1.27838E-313,0,101364
2678.0,6.23641E-318,0.00493953,3.71827E-07,0.00493953,101325,101326,298.15,362.137,377.92,20.0659,0,1057.02,0,0,1.27838E-314,0,0.889588,0.865629,0,0,1.27838E-314,0,101364
2680.0,6.23639E-319,0.00494195,3.61095E-07,0.00494195,101325,101326,298.15,362.137,377.92,20.0659,0,1057.02,0,0,1.27838E-315,0,0.889588,0.865621,0,0,1.27838E-315,0,101364
2682.0,6.23659E-320,0.00494433,3.50645E-07,0.00494433,101325,101326,298.15,362.137,377.92,20.0659,0,1057.02,0,0,1.27838E-316,0,0.889588,0.865614,0,0,1.27838E-316,0,101364
2684.0,6.23511E-321,0.00494667,3.40473E-07,0.00494667,101325,101326,298.15,362.137,377.919,20.0659,0,1057.02,0,0,1.27837E-317,0,0.889588,0.865607,0,0,1.27837E-317,0,101364
2686.0,6.22523E-322,0.00494898,3.30571E-07,0.00494898,101325,101326,298.15,362.137,377.919,20.0659,0,1057.02,0,0,1.27838E-318,0,0.889589,0.8656,0,0,1.27838E-318,0,101364
2688.0,6.42285E-323,0.00495125,3.20933E-07,0.00495125,101325,101326,298.15,362.137,377.919,20.0659,0,1057.02,0,0,1.27874E-319,0,0.889591,0.865593,0,0,1.27874E-319,0,101364
2690.0,4.94066E-324,0.00495349,3.11555E-07,0.00495349,101325,101326,298.149,362.137,377.918,20.0659,0,1057.02,0,0,1.27518E-320,0,0.889529,0.865586,0,0,1.27518E-320,0,101364
2692.0,0,0.00495569,3.02429E-07,0.00495569,101325,101326,298.156,362.137,377.918,20.0659,0,1057.02,0,0,1.41303E-321,0,0.890156,0.865579,0,0,1.41303E-321,0,101364
2694.0,0,0.00495786,2.9355E-07,0.00495786,101325,101326,298.237,362.137,377.918,20.0659,0,1057.02,0,0,0,0,0.898444,0.865573,0,0,0,0,101364
2696.0,0,0.00495999,2.84913E-07,0.00495999,101325,101326,298.15,362.137,377.918,20.0659,0,1057.02,0,0,0,0,0.898444,0.865566,0,0,0,0,101364
2698.0,0,0.00496208,2.76511E-07,0.00496208,101325,101326,298.15,362.137,377.917,20.0659,0,1057.02,0,0,0,0,0.898444,0.86556,0,0,0,0,101364
2700.0,0,0.00496414,2.68339E-07,0.00496414,101325,101326,298.15,362.137,377.917,20.0659,0,1057.02,0,0,0,0,0.898444,0.865554,0,0,0,0,101364
2702.0,0,0.00496617,2.60392E-07,0.00496617,101325,101326,298.15,362.137,377.917,20.0659,0,1057.02,0,0,0,0,0.898444,0.865547,0,0,0,0,101364
2704.0,0,0.00496817,2.53679E-07,0.00496817,101325,101326,298.15,362.137,377.916,20.0659,0,1057.02,0,0,0,0,0.898444,0.865541,0,0,0,0,101364
2706.0,0,0.00497013,2.47103E-07,0.00497013,101325,101326,298.15,362.137,377.916,20.0659,0,1057.02,0,0,0,0,0.898444,0.865535,0,0,0,0,101364
2708.0,0,0.00497207,2.40665E-07,0.00497207,101325,101326,298.15,362.137,377.916,20.0659,0,1057.02,0,0,0,0,0.898444,0.86553,0,0,0,0,101364
2710.0,0,0.00497397,2.32542E-07,0.00497397,101325,101326,298.15,362.137,377.916,20.0659,0,1057.02,0,0,0,0,0.898444,0.865524,0,0,0,0,101364
2712.0,0,0.00497584,2.2469E-07,0.00497584,101325,101326,298.15,362.137,377.916,20.0659,0,1057.02,0,0,0,0,0.898444,0.865518,0,0,0,0,101364
2714.0,0,0.00497768,2.17101E-07,0.00497768,101325,101326,298.15,362.137,377.915,20.0659,0,1057.02,0,0,0,0,0.898444,0.865513,0,0,0,0,101364
2716.0,0,0.00497949,2.11594E-07,0.00497949,101325,101326,298.15,362.137,377.915,20.0659,0,1057.02,0,0,0,0,0.898444,0.865507,0,0,0,0,101364
2718.0,0,0.00498127,2.06195E-07,0.00498127,101325,101326,298.15,362.137,377.915,20.0659,0,1057.02,0,0,0,0,0.898444,0.865502,0,0,0,0,101364
2720.0,0,0.00498303,2.00904E-07,0.00498303,101325,101326,298.15,362.137,377.915,20.0659,0,1057.02,0,0,0,0,0.898444,0.865496,0,0,0,0,101364
2722.0,0,0.00498475,1.93884E-07,0.00498475,101325,101326,298.15,362.137,377.914,20.0659,0,1057.02,0,0,0,0,0.898444,0.865491,0,0,0,0,101364
2724.0,0,0.00498645,1.87109E-07,0.00498645,101325,101326,298.15,362.137,377.914,20.0659,0,1057.02,0,0,0,0,0.898444,0.865486,0,0,0,0,101364
2726.0,0,0.00498811,1.8057E-07,0.00498811,101325,101326,298.15,362.137,377.914,20.0659,0,1057.02,0,0,0,0,0.898444,0.865481,0,0,0,0,101364
2728.0,0,0.00498975,1.74259E-07,0.00498975,101325,101326,298.15,362.137,377.914,20.0659,0,1057.02,0,0,0,0,0.898444,0.865476,0,0,0,0,101364
2730.0,0,0.00499137,1.68168E-07,0.00499137,101325,101326,298.15,362.137,377.914,20.0659,0,1057.02,0,0,0,0,0.898444,0.865471,0,0,0,0,101364
2732.0,0,0.00499295,1.62289E-07,0.00499295,101325,101326,298.15,362.137,377.913,20.0659,0,1057.02,0,0,0,0,0.898444,0.865466,0,0,0,0,101364
2734.0,0,0.00499451,1.56615E-07,0.00499451,101325,101326,298.15,362.137,377.913,20.0659,0,1057.02,0,0,0,0,0.898444,0.865462,0,0,0,0,101364
2736.0,0,0.00499604,1.5114E-07,0.00499604,101325,101326,298.15,362.137,377.913,20.0659,0,1057.02,0,0,0,0,0.898444,0.865457,0,0,0,0,101364
2738.0,0,0.00499755,1.45855E-07,0.00499755,101325,101326,298.15,362.137,377.913,20.0659,0,1057.02,0,0,0,0,0.898444,0.865452,0,0,0,0,101364
2740.0,0,0.00499903,1.40754E-07,0.00499903,101325,101326,298.15,362.137,377.913,20.0659,0,1057.02,0,0,0,0,0.898444,0.865448,0,0,0,0,101364
2742.0,0,0.00500049,1.35831E-07,0.00500049,101325,101326,298.15,362.137,377.912,20.0659,0,1057.02,0,0,0,0,0.898444,0.865444,0,0,0,0,101364
2744.0,0,0.00500193,1.31081E-07,0.00500193,101325,101326,298.15,362.137,377.912,20.0659,0,1057.02,0,0,0,0,0.898444,0.865439,0,0,0,0,101364
2746.0,0,0.00500334,1.26495E-07,0.00500334,101325,101326,298.15,362.137,377.912,20.0659,0,1057.02,0,0,0,0,0.898444,0.865435,0,0,0,0,101364
2748.0,0,0.00500473,1.2207E-07,0.00500473,101325,101326,298.15,362.137,377.912,20.0659,0,1057.02,0,0,0,0,0.898444,0.865431,0,0,0,0,101364
2750.0,0,0.00500609,1.17799E-07,0.00500609,101325,101326,298.15,362.137,377.912,20.0659,0,1057.02,0,0,0,0,0.898444,0.865426,0,0,0,0,101364
2752.0,0,0.00500744,1.13678E-07,0.00500744,101325,101326,298.15,362.137,377.911,20.0659,0,1057.02,0,0,0,0,0.898444,0.865422,0,0,0,0,101364
2754.0,0,0.00500875,1.097E-07,0.00500875,101325,101326,298.15,362.137,377.911,20.0659,0,1057.02,0,0,0,0,0.898444,0.865418,0,0,0,0,101364
2756.0,0,0.00501005,1.05861E-07,0.00501005,101325,101326,298.15,362.137,377.911,20.0659,0,1057.02,0,0,0,0,0.898444,0.865414,0,0,0,0,101364
2758.0,0,0.00501133,1.02156E-07,0.00501133,101325,101326,298.15,362.137,377.911,20.0659,0,1057.02,0,0,0,0,0.898444,0.86541,0,0,0,0,101364
2760.0,0,0.00501258,9.85804E-08,0.00501258,101325,101326,298.15,362.137,377.911,20.0659,0,1057.02,0,0,0,0,0.898444,0.865406,0,0,0,0,101364
2762.0,0,0.00501381,9.51297E-08,0.00501381,101325,101326,298.15,362.137,377.911,20.0659,0,1057.02,0,0,0,0,0.898444,0.865402,0,0,0,0,101364
2764.0,0,0.00501502,9.17994E-08,0.00501502,101325,101326,298.15,362.137,377.91,20.0659,0,1057.02,0,0,0,0,0.898444,0.865399,0,0,0,0,101364
2766.0,0,0.00501621,8.85855E-08,0.00501621,101325,101326,298.15,362.137,377.91,20.0659,0,1057.02,0,0,0,0,0.898444,0.865395,0,0,0,0,101364
2768.0,0,0.00501738,8.54838E-08,0.00501738,101325,101326,298.15,362.137,377.91,20.0659,0,1057.02,0,0,0,0,0.898444,0.865391,0,0,0,0,101364
2770.0,0,0.00501853,8.24905E-08,0.00501853,101325,101326,298.15,362.137,377.91,20.0659,0,1057.02,0,0,0,0,0.898444,0.865388,0,0,0,0,101364
2772.0,0,0.00501966,7.96017E-08,0.00501966,101325,101326,298.15,362.137,377.91,20.0659,0,1057.02,0,0,0,0,0.898444,0.865384,0,0,0,0,101364
2774.0,0,0.00502077,7.68139E-08,0.00502077,101325,101326,298.15,362.137,377.91,20.0659,0,1057.02,0,0,0,0,0.898444,0.865381,0,0,0,0,101364
2776.0,0,0.00502186,7.41235E-08,0.00502186,101325,101326,298.15,362.137,377.91,20.0659,0,1057.02,0,0,0,0,0.898444,0.865378,0,0,0,0,101364
2778.0,0,0.00502293,7.1527E-08,0.00502293,101325,101325,298.15,362.137,377.909,20.0659,0,1057.02,0,0,0,0,0.898444,0.865374,0,0,0,0,101364
2780.0,0,0.00502398,6.90214E-08,0.00502398,101325,101325,298.15,362.137,377.909,20.0659,0,1057.02,0,0,0,0,0.898444,0.865371,0,0,0,0,101364
2782.0,0,0.00502502,6.66033E-08,0.00502502,101325,101325,298.15,362.137,377.909,20.0659,0,1057.02,0,0,0,0,0.898444,0.865368,0,0,0,0,101364
2784.0,0,0.00502603,6.42697E-08,0.00502603,101325,101325,298.15,362.137,377.909,20.0659,0,1057.02,0,0,0,0,0.898444,0.865365,0,0,0,0,101364
2786.0,0,0.00502703,6.20177E-08,0.00502703,101325,101325,298.15,362.137,377.909,20.0659,0,1057.02,0,0,0,0,0.898444,0.865362,0,0,0,0,101364
2788.0,0,0.00502801,5.98444E-08,0.00502801,101325,101325,298.15,362.137,377.909,20.0659,0,1057.02,0,0,0,0,0.898444,0.865358,0,0,0,0,101364
2790.0,0,0.00502897,5.77472E-08,0.00502897,101325,101325,298.15,362.137,377.909,20.0659,0,1057.02,0,0,0,0,0.898444,0.865356,0,0,0,0,101364
2792.0,0,0.00502992,5.57232E-08,0.00502992,101325,101325,298.15,362.137,377.909,20.0659,0,1057.02,0,0,0,0,0.898444,0.865353,0,0,0,0,101364
2794.0,0,0.00503084,5.377E-08,0.00503084,101325,101325,298.15,362.137,377.908,20.0659,0,1057.02,0,0,0,0,0.898444,0.86535,0,0,0,0,101364
2796.0,0,0.00503175,5.18852E-08,0.00503175,101325,101325,298.15,362.137,377.908,20.0659,0,1057.02,0,0,0,0,0.898444,0.865347,0,0,0,0,101364
2798.0,0,0.00503264,5.00663E-08,0.00503264,101325,101325,298.15,362.137,377.908,20.0659,0,1057.02,0,0,0,0,0.898444,0.865345,0,0,0,0,101364
2800.0,0,0.00503352,4.8311E-08,0.00503352,101325,101325,298.15,362.137,377.908,20.0659,0,1057.02,0,0,0,0,0.898444,0.865342,0,0,0,0,101364
2802.0,0,0.00503438,4.66171E-08,0.00503438,101325,101325,298.15,362.137,377.908,20.0659,0,1057.02,0,0,0,0,0.898444,0.865339,0,0,0,0,101364
2804.0,0,0.00503523,4.49824E-08,0.00503523,101325,101325,298.15,362.137,377.908,20.0659,0,1057.02,0,0,0,0,0.898444,0.865337,0,0,0,0,101364
2806.0,0,0.00503606,4.3405E-08,0.00503606,101325,101325,298.15,362.137,377.908,20.0659,0,1057.02,0,0,0,0,0.898444,0.865334,0,0,0,0,101364
2808.0,0,0.00503687,4.18828E-08,0.00503687,101325,101325,298.15,362.137,377.908,20.0659,0,1057.02,0,0,0,0,0.898444,0.865332,0,0,0,0,101364
2810.0,0,0.00503768,4.04138E-08,0.00503768,101325,101325,298.15,362.137,377.908,20.0659,0,1057.02,0,0,0,0,0.898444,0.86533,0,0,0,0,101364
2812.0,0,0.00503846,3.89962E-08,0.00503846,101325,101325,298.15,362.137,377.907,20.0659,0,1057.02,0,0,0,0,0.898444,0.865327,0,0,0,0,101364
2814.0,0,0.00503924,3.76283E-08,0.00503924,101325,101325,298.15,362.137,377.907,20.0659,0,1057.02,0,0,0,0,0.898444,0.865325,0,0,0,0,101364
2816.0,0,0.00503999,3.63082E-08,0.00503999,101325,101325,298.15,362.137,377.907,20.0659,0,1057.02,0,0,0,0,0.898444,0.865323,0,0,0,0,101364
2818.0,0,0.00504074,3.50344E-08,0.00504074,101325,101325,298.15,362.137,377.907,20.0659,0,1057.02,0,0,0,0,0.898444,0.86532,0,0,0,0,101364
2820.0,0,0.00504147,3.38051E-08,0.00504147,101325,101325,298.15,362.137,377.907,20.0659,0,1057.02,0,0,0,0,0.898444,0.865318,0,0,0,0,101364
2822.0,0,0.00504219,3.26189E-08,0.00504219,101325,101325,298.15,362.137,377.907,20.0659,0,1057.02,0,0,0,0,0.898444,0.865316,0,0,0,0,101364
2824.0,0,0.0050429,3.14743E-08,0.0050429,101325,101325,298.15,362.137,377.907,20.0659,0,1057.02,0,0,0,0,0.898444,0.865314,0,0,0,0,101364
2826.0,0,0.00504359,3.03697E-08,0.00504359,101325,101325,298.15,362.137,377.907,20.0659,0,1057.02,0,0,0,0,0.898444,0.865312,0,0,0,0,101364
2828.0,0,0.00504427,2.93038E-08,0.00504427,101325,101325,298.15,362.137,377.907,20.0659,0,1057.02,0,0,0,0,0.898444,0.86531,0,0,0,0,101364
2830.0,0,0.00504494,2.82752E-08,0.00504494,101325,101325,298.15,362.137,377.907,20.0659,0,1057.02,0,0,0,0,0.898444,0.865308,0,0,0,0,101364
2832.0,0,0.00504559,2.72827E-08,0.00504559,101325,101325,298.15,362.137,377.907,20.0659,0,1057.02,0,0,0,0,0.898444,0.865306,0,0,0,0,101364
2834.0,0,0.00504623,2.6325E-08,0.00504623,101325,101325,298.15,362.137,377.906,20.0659,0,1057.02,0,0,0,0,0.898444,0.865304,0,0,0,0,101364
2836.0,0,0.00504687,2.54007E-08,0.00504687,101325,101325,298.15,362.137,377.906,20.0659,0,1057.02,0,0,0,0,0.898444,0.865302,0,0,0,0,101364
2838.0,0,0.00504749,2.45089E-08,0.00504749,101325,101325,298.15,362.137,377.906,20.0659,0,1057.02,0,0,0,0,0.898444,0.8653,0,0,0,0,101364
2840.0,0,0.00504809,2.36483E-08,0.00504809,101325,101325,298.15,362.137,377.906,20.0659,0,1057.02,0,0,0,0,0.898444,0.865298,0,0,0,0,101364
2842.0,0,0.00504869,2.28179E-08,0.00504869,101325,101325,298.15,362.137,377.906,20.0659,0,1057.02,0,0,0,0,0.898444,0.865297,0,0,0,0,101364
2844.0,0,0.00504928,2.20166E-08,0.00504928,101325,101325,298.15,362.137,377.906,20.0659,0,1057.02,0,0,0,0,0.898444,0.865295,0,0,0,0,101364
2846.0,0,0.00504985,2.12434E-08,0.00504985,101325,101325,298.15,362.137,377.906,20.0659,0,1057.02,0,0,0,0,0.898444,0.865293,0,0,0,0,101364
2848.0,0,0.00505042,2.04973E-08,0.00505042,101325,101325,298.15,362.137,377.906,20.0659,0,1057.02,0,0,0,0,0.898444,0.865292,0,0,0,0,101364
2850.0,0,0.00505097,1.97773E-08,0.00505097,101325,101325,298.15,362.137,377.906,20.0659,0,1057.02,0,0,0,0,0.898444,0.86529,0,0,0,0,101364
2852.0,0,0.00505152,1.90826E-08,0.00505152,101325,101325,298.15,362.137,377.906,20.0659,0,1057.02,0,0,0,0,0.898444,0.865288,0,0,0,0,101364
2854.0,0,0.00505205,1.84122E-08,0.00505205,101325,101325,298.15,362.137,377.906,20.0659,0,1057.02,0,0,0,0,0.898444,0.865287,0,0,0,0,101364
2856.0,0,0.00505257,1.77653E-08,0.00505257,101325,101325,298.15,362.137,377.906,20.0659,0,1057.02,0,0,0,0,0.898444,0.865285,0,0,0,0,101364
2858.0,0,0.00505309,1.71411E-08,0.00505309,101325,101325,298.15,362.137,377.906,20.0659,0,1057.02,0,0,0,0,0.898444,0.865284,0,0,0,0,101364
2860.0,0,0.00505359,1.65388E-08,0.00505359,101325,101325,298.15,362.137,377.906,20.0659,0,1057.02,0,0,0,0,0.898444,0.865282,0,0,0,0,101364
2862.0,0,0.00505409,1.59577E-08,0.00505409,101325,101325,298.15,362.137,377.905,20.0659,0,1057.02,0,0,0,0,0.898444,0.865281,0,0,0,0,101364
2864.0,0,0.00505457,1.53969E-08,0.00505457,101325,101325,298.15,362.137,377.905,20.0659,0,1057.02,0,0,0,0,0.898444,0.865279,0,0,0,0,101364
2866.0,0,0.00505505,1.48557E-08,0.00505505,101325,101325,298.15,362.137,377.905,20.0659,0,1057.02,0,0,0,0,0.898444,0.865278,0,0,0,0,101364
2868.0,0,0.00505552,1.43336E-08,0.00505552,101325,101325,298.15,362.137,377.905,20.0659,0,1057.02,0,0,0,0,0.898444,0.865276,0,0,0,0,101364
2870.0,0,0.00505597,1.38298E-08,0.00505597,101325,101325,298.15,362.137,377.905,20.0659,0,1057.02,0,0,0,0,0.898444,0.865275,0,0,0,0,101364
2872.0,0,0.00505642,1.33436E-08,0.00505642,101325,101325,298.15,362.137,377.905,20.0659,0,1057.02,0,0,0,0,0.898444,0.865274,0,0,0,0,101364
2874.0,0,0.00505687,1.28746E-08,0.00505687,101325,101325,298.15,362.137,377.905,20.0659,0,1057.02,0,0,0,0,0.898444,0.865272,0,0,0,0,101364
2876.0,0,0.0050573,1.24219E-08,0.0050573,101325,101325,298.15,362.137,377.905,20.0659,0,1057.02,0,0,0,0,0.898444,0.865271,0,0,0,0,101364
2878.0,0,0.00505772,1.19852E-08,0.00505772,101325,101325,298.15,362.137,377.905,20.0659,0,1057.02,0,0,0,0,0.898444,0.86527,0,0,0,0,101364
2880.0,0,0.00505814,1.15638E-08,0.00505814,101325,101325,298.15,362.137,377.905,20.0659,0,1057.02,0,0,0,0,0.898444,0.865269,0,0,0,0,101364
2882.0,0,0.00505855,1.11572E-08,0.00505855,101325,101325,298.15,362.137,377.905,20.0659,0,1057.02,0,0,0,0,0.898444,0.865267,0,0,0,0,101364
2884.0,0,0.00505895,1.07648E-08,0.00505895,101325,101325,298.15,362.137,377.905,20.0659,0,1057.02,0,0,0,0,0.898444,0.865266,0,0,0,0,101364
2886.0,0,0.00505934,1.03862E-08,0.00505934,101325,101325,298.15,362.137,377.905,20.0659,0,1057.02,0,0,0,0,0.898444,0.865265,0,0,0,0,101364
2888.0,0,0.00505973,1.00209E-08,0.00505973,101325,101325,298.15,362.137,377.905,20.0659,0,1057.02,0,0,0,0,0.898444,0.865264,0,0,0,0,101364
2890.0,0,0.00506011,9.66847E-09,0.00506011,101325,101325,298.15,362.137,377.905,20.0659,0,1057.02,0,0,0,0,0.898444,0.865263,0,0,0,0,101364
2892.0,0,0.00506048,9.32838E-09,0.00506048,101325,101325,298.15,362.137,377.905,20.0659,0,1057.02,0,0,0,0,0.898444,0.865262,0,0,0,0,101364
2894.0,0,0.00506084,9.00024E-09,0.00506084,101325,101325,298.15,362.137,377.905,20.0659,0,1057.02,0,0,0,0,0.898444,0.86526,0,0,0,0,101364
2896.0,0,0.0050612,8.68361E-09,0.0050612,101325,101325,298.15,362.137,377.905,20.0659,0,1057.02,0,0,0,0,0.898444,0.865259,0,0,0,0,101364
2898.0,0,0.00506155,8.37811E-09,0.00506155,101325,101325,298.15,362.137,377.905,20.0659,0,1057.02,0,0,0,0,0.898444,0.865258,0,0,0,0,101364
2900.0,0,0.00506189,8.08334E-09,0.00506189,101325,101325,298.15,362.137,377.905,20.0659,0,1057.02,0,0,0,0,0.898444,0.865257,0,0,0,0,101364
2902.0,0,0.00506223,7.79891E-09,0.00506223,101325,101325,298.15,362.137,377.904,20.0659,0,1057.02,0,0,0,0,0.898444,0.865256,0,0,0,0,101364
2904.0,0,0.00506256,7.52448E-09,0.00506256,101325,101325,298.15,362.137,377.904,20.0659,0,1057.02,0,0,0,0,0.898444,0.865255,0,0,0,0,101364
2906.0,0,0.00506289,7.25969E-09,0.00506289,101325,101325,298.15,362.137,377.904,20.0659,0,1057.02,0,0,0,0,0.898444,0.865254,0,0,0,0,101364
2908.0,0,0.0050632,7.00421E-09,0.0050632,101325,101325,298.15,362.137,377.904,20.0659,0,1057.02,0,0,0,0,0.898444,0.865253,0,0,0,0,101364
2910.0,0,0.00506352,6.75769E-09,0.00506352,101325,101325,298.15,362.137,377.904,20.0659,0,1057.02,0,0,0,0,0.898444,0.865252,0,0,0,0,101364
2912.0,0,0.00506382,6.51984E-09,0.00506382,101325,101325,298.15,362.137,377.904,20.0659,0,1057.02,0,0,0,0,0.898444,0.865252,0,0,0,0,101364
2914.0,0,0.00506412,6.29035E-09,0.00506412,101325,101325,298.15,362.137,377.904,20.0659,0,1057.02,0,0,0,0,0.898444,0.865251,0,0,0,0,101364
2916.0,0,0.00506441,6.06892E-09,0.00506441,101325,101325,298.15,362.137,377.904,20.0659,0,1057.02,0,0,0,0,0.898444,0.86525,0,0,0,0,101364
2918.0,0,0.0050647,5.85527E-09,0.0050647,101325,101325,298.15,362.137,377.904,20.0659,0,1057.02,0,0,0,0,0.898444,0.865249,0,0,0,0,101364
2920.0,0,0.00506498,5.64914E-09,0.00506498,101325,101325,298.15,362.137,377.904,20.0659,0,1057.02,0,0,0,0,0.898444,0.865248,0,0,0,0,101364
2922.0,0,0.00506526,5.45024E-09,0.00506526,101325,101325,298.15,362.137,377.904,20.0659,0,1057.02,0,0,0,0,0.898444,0.865247,0,0,0,0,101364
2924.0,0,0.00506553,5.25834E-09,0.00506553,101325,101325,298.15,362.137,377.904,20.0659,0,1057.02,0,0,0,0,0.898444,0.865246,0,0,0,0,101364
2926.0,0,0.0050658,5.07319E-09,0.0050658,101325,101325,298.15,362.137,377.904,20.0659,0,1057.02,0,0,0,0,0.898444,0.865246,0,0,0,0,101364
2928.0,0,0.00506606,4.89454E-09,0.00506606,101325,101325,298.15,362.137,377.904,20.0659,0,1057.02,0,0,0,0,0.898444,0.865245,0,0,0,0,101364
2930.0,0,0.00506632,4.72217E-09,0.00506632,101325,101325,298.15,362.137,377.904,20.0659,0,1057.02,0,0,0,0,0.898444,0.865244,0,0,0,0,101364
2932.0,0,0.00506657,4.55587E-09,0.00506657,101325,101325,298.15,362.137,377.904,20.0659,0,1057.02,0,0,0,0,0.898444,0.865243,0,0,0,0,101364
2934.0,0,0.00506681,4.39541E-09,0.00506681,101325,101325,298.15,362.137,377.904,20.0659,0,1057.02,0,0,0,0,0.898444,0.865243,0,0,0,0,101364
2936.0,0,0.00506705,4.24059E-09,0.00506705,101325,101325,298.15,362.137,377.904,20.0659,0,1057.02,0,0,0,0,0.898444,0.865242,0,0,0,0,101364
2938.0,0,0.00506729,4.09122E-09,0.00506729,101325,101325,298.15,362.137,377.904,20.0659,0,1057.02,0,0,0,0,0.898444,0.865241,0,0,0,0,101364
2940.0,0,0.00506752,3.9471E-09,0.00506752,101325,101325,298.15,362.137,377.904,20.0659,0,1057.02,0,0,0,0,0.898444,0.865241,0,0,0,0,101364
2942.0,0,0.00506775,3.80805E-09,0.00506775,101325,101325,298.15,362.137,377.904,20.0659,0,1057.02,0,0,0,0,0.898444,0.86524,0,0,0,0,101364
2944.0,0,0.00506797,3.67389E-09,0.00506797,101325,101325,298.15,362.137,377.904,20.0659,0,1057.02,0,0,0,0,0.898444,0.865239,0,0,0,0,101364
2946.0,0,0.00506819,3.54445E-09,0.00506819,101325,101325,298.15,362.137,377.904,20.0659,0,1057.02,0,0,0,0,0.898444,0.865239,0,0,0,0,101364
2948.0,0,0.0050684,3.41957E-09,0.0050684,101325,101325,298.15,362.137,377.904,20.0659,0,1057.02,0,0,0,0,0.898444,0.865238,0,0,0,0,101364
2950.0,0,0.00506861,3.29907E-09,0.00506861,101325,101325,298.15,362.137,377.904,20.0659,0,1057.02,0,0,0,0,0.898444,0.865237,0,0,0,0,101364
2952.0,0,0.00506882,3.18282E-09,0.00506882,101325,101325,298.15,362.137,377.904,20.0659,0,1057.02,0,0,0,0,0.898444,0.865237,0,0,0,0,101364
2954.0,0,0.00506902,3.07066E-09,0.00506902,101325,101325,298.15,362.137,377.904,20.0659,0,1057.02,0,0,0,0,0.898444,0.865236,0,0,0,0,101364
2956.0,0,0.00506921,2.96244E-09,0.00506921,101325,101325,298.15,362.137,377.904,20.0659,0,1057.02,0,0,0,0,0.898444,0.865235,0,0,0,0,101364
2958.0,0,0.00506941,2.85803E-09,0.00506941,101325,101325,298.15,362.137,377.904,20.0659,0,1057.02,0,0,0,0,0.898444,0.865235,0,0,0,0,101364
2960.0,0,0.0050696,2.7573E-09,0.0050696,101325,101325,298.15,362.137,377.904,20.0659,0,1057.02,0,0,0,0,0.898444,0.865234,0,0,0,0,101364
2962.0,0,0.00506978,2.66011E-09,0.00506978,101325,101325,298.15,362.137,377.904,20.0659,0,1057.02,0,0,0,0,0.898444,0.865234,0,0,0,0,101364
2964.0,0,0.00506996,2.56634E-09,0.00506996,101325,101325,298.15,362.137,377.903,20.0659,0,1057.02,0,0,0,0,0.898444,0.865233,0,0,0,0,101364
2966.0,0,0.00507014,2.47587E-09,0.00507014,101325,101325,298.15,362.137,377.903,20.0659,0,1057.02,0,0,0,0,0.898444,0.865233,0,0,0,0,101364
2968.0,0,0.00507032,2.38859E-09,0.00507032,101325,101325,298.15,362.137,377.903,20.0659,0,1057.02,0,0,0,0,0.898444,0.865232,0,0,0,0,101364
2970.0,0,0.00507049,2.30438E-09,0.00507049,101325,101325,298.15,362.137,377.903,20.0659,0,1057.02,0,0,0,0,0.898444,0.865232,0,0,0,0,101364
2972.0,0,0.00507066,2.22313E-09,0.00507066,101325,101325,298.15,362.137,377.903,20.0659,0,1057.02,0,0,0,0,0.898444,0.865231,0,0,0,0,101364
2974.0,0,0.00507082,2.14474E-09,0.00507082,101325,101325,298.15,362.137,377.903,20.0659,0,1057.02,0,0,0,0,0.898444,0.865231,0,0,0,0,101364
2976.0,0,0.00507098,2.06912E-09,0.00507098,101325,101325,298.15,362.137,377.903,20.0659,0,1057.02,0,0,0,0,0.898444,0.86523,0,0,0,0,101364
2978.0,0,0.00507114,1.99615E-09,0.00507114,101325,101325,298.15,362.137,377.903,20.0659,0,1057.02,0,0,0,0,0.898444,0.86523,0,0,0,0,101364
2980.0,0,0.00507129,1.92576E-09,0.00507129,101325,101325,298.15,362.137,377.903,20.0659,0,1057.02,0,0,0,0,0.898444,0.865229,0,0,0,0,101364
2982.0,0,0.00507144,1.85784E-09,0.00507144,101325,101325,298.15,362.137,377.903,20.0659,0,1057.02,0,0,0,0,0.898444,0.865229,0,0,0,0,101364
2984.0,0,0.00507159,1.79232E-09,0.00507159,101325,101325,298.15,362.137,377.903,20.0659,0,1057.02,0,0,0,0,0.898444,0.865228,0,0,0,0,101364
2986.0,0,0.00507174,1.7291E-09,0.00507174,101325,101325,298.15,362.137,377.903,20.0659,0,1057.02,0,0,0,0,0.898444,0.865228,0,0,0,0,101364
2988.0,0,0.00507188,1.66811E-09,0.00507188,101325,101325,298.15,362.137,377.903,20.0659,0,1057.02,0,0,0,0,0.898444,0.865228,0,0,0,0,101364
2990.0,0,0.00507202,1.60927E-09,0.00507202,101325,101325,298.15,362.137,377.903,20.0659,0,1057.02,0,0,0,0,0.898444,0.865227,0,0,0,0,101364
2992.0,0,0.00507215,1.5525E-09,0.00507215,101325,101325,298.15,362.137,377.903,20.0659,0,1057.02,0,0,0,0,0.898444,0.865227,0,0,0,0,101364
2994.0,0,0.00507229,1.49773E-09,0.00507229,101325,101325,298.15,362.137,377.903,20.0659,0,1057.02,0,0,0,0,0.898444,0.865226,0,0,0,0,101364
2996.0,0,0.00507242,1.44489E-09,0.00507242,101325,101325,298.15,362.137,377.903,20.0659,0,1057.02,0,0,0,0,0.898444,0.865226,0,0,0,0,101364
2998.0,0,0.00507255,1.39392E-09,0.00507255,101325,101325,298.15,362.137,377.903,20.0659,0,1057.02,0,0,0,0,0.898444,0.865226,0,0,0,0,101364
3000.0,0,0.00507267,1.34473E-09,0.00507267,101325,101325,298.15,362.137,377.903,20.0659,0,1057.02,0,0,0,0,0.898444,0.865225,0,0,0,0,101364
3002.0,0,0.00507279,1.29729E-09,0.00507279,101325,101325,298.15,362.137,377.903,20.0659,0,1057.02,0,0,0,0,0.898444,0.865225,0,0,0,0,101364
3004.0,0,0.00507291,1.25151E-09,0.00507291,101325,101325,298.15,362.137,377.903,20.0659,0,1057.02,0,0,0,0,0.898444,0.865224,0,0,0,0,101364
3006.0,0,0.00507303,1.20734E-09,0.00507303,101325,101325,298.15,362.137,377.903,20.0659,0,1057.02,0,0,0,0,0.898444,0.865224,0,0,0,0,101364
3008.0,0,0.00507315,1.16474E-09,0.00507315,101325,101325,298.15,362.137,377.903,20.0659,0,1057.02,0,0,0,0,0.898444,0.865224,0,0,0,0,101364
3010.0,0,0.00507326,1.12363E-09,0.00507326,101325,101325,298.15,362.137,377.903,20.0659,0,1057.02,0,0,0,0,0.898444,0.865223,0,0,0,0,101364
3012.0,0,0.00507337,1.08397E-09,0.00507337,101325,101325,298.15,362.137,377.903,20.0659,0,1057.02,0,0,0,0,0.898444,0.865223,0,0,0,0,101364
3014.0,0,0.00507348,1.04571E-09,0.00507348,101325,101325,298.15,362.137,377.903,20.0659,0,1057.02,0,0,0,0,0.898444,0.865223,0,0,0,0,101364
3016.0,0,0.00507359,1.0088E-09,0.00507359,101325,101325,298.15,362.137,377.903,20.0659,0,1057.02,0,0,0,0,0.898444,0.865222,0,0,0,0,101364
3018.0,0,0.00507369,9.73193E-10,0.00507369,101325,101325,298.15,362.137,377.903,20.0659,0,1057.02,0,0,0,0,0.898444,0.865222,0,0,0,0,101364
3020.0,0,0.00507379,9.38839E-10,0.00507379,101325,101325,298.15,362.137,377.903,20.0659,0,1057.02,0,0,0,0,0.898444,0.865222,0,0,0,0,101364
3022.0,0,0.00507389,9.05696E-10,0.00507389,101325,101325,298.15,362.137,377.903,20.0659,0,1057.02,0,0,0,0,0.898444,0.865222,0,0,0,0,101364
3024.0,0,0.00507399,8.73721E-10,0.00507399,101325,101325,298.15,362.137,377.903,20.0659,0,1057.02,0,0,0,0,0.898444,0.865221,0,0,0,0,101364
3026.0,0,0.00507409,8.42874E-10,0.00507409,101325,101325,298.15,362.137,377.903,20.0659,0,1057.02,0,0,0,0,0.898444,0.865221,0,0,0,0,101364
3028.0,0,0.00507418,8.13114E-10,0.00507418,101325,101325,298.15,362.137,377.903,20.0659,0,1057.02,0,0,0,0,0.898444,0.865221,0,0,0,0,101364
3030.0,0,0.00507427,7.84403E-10,0.00507427,101325,101325,298.15,362.137,377.903,20.0659,0,1057.02,0,0,0,0,0.898444,0.86522,0,0,0,0,101364
3032.0,0,0.00507436,7.56705E-10,0.00507436,101325,101325,298.15,362.137,377.903,20.0659,0,1057.02,0,0,0,0,0.898444,0.86522,0,0,0,0,101364
3034.0,0,0.00507445,7.29984E-10,0.00507445,101325,101325,298.15,362.137,377.903,20.0659,0,1057.02,0,0,0,0,0.898444,0.86522,0,0,0,0,101364
3036.0,0,0.00507454,7.04206E-10,0.00507454,101325,101325,298.15,362.137,377.903,20.0659,0,1057.02,0,0,0,0,0.898444,0.86522,0,0,0,0,101364
3038.0,0,0.00507462,6.79336E-10,0.00507462,101325,101325,298.15,362.137,377.903,20.0659,0,1057.02,0,0,0,0,0.898444,0.865219,0,0,0,0,101364
3040.0,0,0.0050747,6.55344E-10,0.0050747,101325,101325,298.15,362.137,377.903,20.0659,0,1057.02,0,0,0,0,0.898444,0.865219,0,0,0,0,101364
3042.0,0,0.00507478,6.32197E-10,0.00507478,101325,101325,298.15,362.137,377.903,20.0659,0,1057.02,0,0,0,0,0.898444,0.865219,0,0,0,0,101364
3044.0,0,0.00507486,6.09868E-10,0.00507486,101325,101325,298.15,362.137,377.903,20.0659,0,1057.02,0,0,0,0,0.898444,0.865219,0,0,0,0,101364
3046.0,0,0.00507494,5.88326E-10,0.00507494,101325,101325,298.15,362.137,377.903,20.0659,0,1057.02,0,0,0,0,0.898444,0.865218,0,0,0,0,101364
3048.0,0,0.00507502,5.67544E-10,0.00507502,101325,101325,298.15,362.137,377.903,20.0659,0,1057.02,0,0,0,0,0.898444,0.865218,0,0,0,0,101364
3050.0,0,0.00507509,5.47495E-10,0.00507509,101325,101325,298.15,362.137,377.903,20.0659,0,1057.02,0,0,0,0,0.898444,0.865218,0,0,0,0,101364
3052.0,0,0.00507516,5.28153E-10,0.00507516,101325,101325,298.15,362.137,377.903,20.0659,0,1057.02,0,0,0,0,0.898444,0.865218,0,0,0,0,101364
3054.0,0,0.00507524,5.09494E-10,0.00507524,101325,101325,298.15,362.137,377.903,20.0659,0,1057.02,0,0,0,0,0.898444,0.865217,0,0,0,0,101364
3056.0,0,0.00507531,4.91494E-10,0.00507531,101325,101325,298.15,362.137,377.903,20.0659,0,1057.02,0,0,0,0,0.898444,0.865217,0,0,0,0,101364
3058.0,0,0.00507538,4.74128E-10,0.00507538,101325,101325,298.15,362.137,377.903,20.0659,0,1057.02,0,0,0,0,0.898444,0.865217,0,0,0,0,101364
3060.0,0,0.00507545,4.57376E-10,0.00507545,101325,101325,298.15,362.137,377.903,20.0659,0,1057.02,0,0,0,0,0.898444,0.865217,0,0,0,0,101364
3062.0,0,0.00507552,4.41214E-10,0.00507552,101325,101325,298.15,362.137,377.903,20.0659,0,1057.02,0,0,0,0,0.898444,0.865216,0,0,0,0,101364
3064.0,0,0.00507559,4.25623E-10,0.00507559,101325,101325,298.15,362.137,377.903,20.0659,0,1057.02,0,0,0,0,0.898444,0.865216,0,0,0,0,101364
3066.0,0,0.00507565,4.10582E-10,0.00507565,101325,101325,298.15,362.137,377.903,20.0659,0,1057.02,0,0,0,0,0.898444,0.865216,0,0,0,0,101364
3068.0,0,0.00507572,3.96072E-10,0.00507572,101325,101325,298.15,362.137,377.903,20.0659,0,1057.02,0,0,0,0,0.898444,0.865215,0,0,0,0,101364
3070.0,0,0.00507578,3.82075E-10,0.00507578,101325,101325,298.15,362.137,377.903,20.0659,0,1057.02,0,0,0,0,0.898444,0.865215,0,0,0,0,101364
3072.0,0,0.00507584,3.68571E-10,0.00507584,101325,101325,298.15,362.137,377.903,20.0659,0,1057.02,0,0,0,0,0.898444,0.865215,0,0,0,0,101364
3074.0,0,0.0050759,3.55544E-10,0.0050759,101325,101325,298.15,362.137,377.903,20.0659,0,1057.02,0,0,0,0,0.898444,0.865215,0,0,0,0,101364
3076.0,0,0.00507596,3.42977E-10,0.00507596,101325,101325,298.15,362.137,377.903,20.0659,0,1057.02,0,0,0,0,0.898444,0.865215,0,0,0,0,101364
3078.0,0,0.00507602,3.30854E-10,0.00507602,101325,101325,298.15,362.137,377.903,20.0659,0,1057.02,0,0,0,0,0.898444,0.865214,0,0,0,0,101364
3080.0,0,0.00507607,3.19158E-10,0.00507607,101325,101325,298.15,362.137,377.903,20.0659,0,1057.02,0,0,0,0,0.898444,0.865214,0,0,0,0,101364
3082.0,0,0.00507613,3.07876E-10,0.00507613,101325,101325,298.15,362.137,377.903,20.0659,0,1057.02,0,0,0,0,0.898444,0.865214,0,0,0,0,101364
3084.0,0,0.00507618,2.96992E-10,0.00507618,101325,101325,298.15,362.137,377.903,20.0659,0,1057.02,0,0,0,0,0.898444,0.865214,0,0,0,0,101364
3086.0,0,0.00507623,2.86492E-10,0.00507623,101325,101325,298.15,362.137,377.903,20.0659,0,1057.02,0,0,0,0,0.898444,0.865213,0,0,0,0,101364
3088.0,0,0.00507628,2.76363E-10,0.00507628,101325,101325,298.15,362.137,377.903,20.0659,0,1057.02,0,0,0,0,0.898444,0.865213,0,0,0,0,101364
3090.0,0,0.00507633,2.66592E-10,0.00507633,101325,101325,298.15,362.137,377.903,20.0659,0,1057.02,0,0,0,0,0.898444,0.865213,0,0,0,0,101364
3092.0,0,0.00507638,2.57166E-10,0.00507638,101325,101325,298.15,362.137,377.903,20.0659,0,1057.02,0,0,0,0,0.898444,0.865213,0,0,0,0,101364
3094.0,0,0.00507642,2.48072E-10,0.00507642,101325,101325,298.15,362.137,377.903,20.0659,0,1057.02,0,0,0,0,0.898444,0.865213,0,0,0,0,101364
3096.0,0,0.00507646,2.393E-10,0.00507646,101325,101325,298.15,362.137,377.903,20.0659,0,1057.02,0,0,0,0,0.898444,0.865213,0,0,0,0,101364
3098.0,0,0.0050765,2.30838E-10,0.0050765,101325,101325,298.15,362.137,377.903,20.0659,0,1057.02,0,0,0,0,0.898444,0.865213,0,0,0,0,101364
3100.0,0,0.00507655,2.22675E-10,0.00507655,101325,101325,298.15,362.137,377.903,20.0659,0,1057.02,0,0,0,0,0.898444,0.865213,0,0,0,0,101364
3102.0,0,0.00507659,2.148E-10,0.00507659,101325,101325,298.15,362.137,377.903,20.0659,0,1057.02,0,0,0,0,0.898444,0.865213,0,0,0,0,101364
3104.0,0,0.00507662,2.07203E-10,0.00507662,101325,101325,298.15,362.137,377.903,20.0659,0,1057.02,0,0,0,0,0.898444,0.865213,0,0,0,0,101364
3106.0,0,0.00507666,1.99875E-10,0.00507666,101325,101325,298.15,362.137,377.903,20.0659,0,1057.02,0,0,0,0,0.898444,0.865212,0,0,0,0,101364
3108.0,0,0.0050767,1.92805E-10,0.0050767,101325,101325,298.15,362.137,377.903,20.0659,0,1057.02,0,0,0,0,0.898444,0.865212,0,0,0,0,101364
3110.0,0,0.00507674,1.85985E-10,0.00507674,101325,101325,298.15,362.137,377.903,20.0659,0,1057.02,0,0,0,0,0.898444,0.865212,0,0,0,0,101364
3112.0,0,0.00507677,1.79406E-10,0.00507677,101325,101325,298.15,362.137,377.903,20.0659,0,1057.02,0,0,0,0,0.898444,0.865212,0,0,0,0,101364
3114.0,0,0.00507681,1.7306E-10,0.00507681,101325,101325,298.15,362.137,377.903,20.0659,0,1057.02,0,0,0,0,0.898444,0.865212,0,0,0,0,101364
3116.0,0,0.00507684,1.66938E-10,0.00507684,101325,101325,298.15,362.137,377.903,20.0659,0,1057.02,0,0,0,0,0.898444,0.865212,0,0,0,0,101364
3118.0,0,0.00507687,1.61032E-10,0.00507687,101325,101325,298.15,362.137,377.903,20.0659,0,1057.02,0,0,0,0,0.898444,0.865212,0,0,0,0,101364
3120.0,0,0.00507691,1.55335E-10,0.00507691,101325,101325,298.15,362.137,377.903,20.0659,0,1057.02,0,0,0,0,0.898444,0.865212,0,0,0,0,101364
3122.0,0,0.00507694,1.4984E-10,0.00507694,101325,101325,298.15,362.137,377.903,20.0659,0,1057.02,0,0,0,0,0.898444,0.865212,0,0,0,0,101364
3124.0,0,0.00507697,1.44538E-10,0.00507697,101325,101325,298.15,362.137,377.903,20.0659,0,1057.02,0,0,0,0,0.898444,0.865212,0,0,0,0,101364
3126.0,0,0.005077,1.39424E-10,0.005077,101325,101325,298.15,362.137,377.903,20.0659,0,1057.02,0,0,0,0,0.898444,0.865212,0,0,0,0,101364
3128.0,0,0.00507704,1.3449E-10,0.00507704,101325,101325,298.15,362.137,377.903,20.0659,0,1057.02,0,0,0,0,0.898444,0.865212,0,0,0,0,101364
3130.0,0,0.00507707,1.29732E-10,0.00507707,101325,101325,298.15,362.137,377.903,20.0659,0,1057.02,0,0,0,0,0.898444,0.865211,0,0,0,0,101364
3132.0,0,0.0050771,1.25141E-10,0.0050771,101325,101325,298.15,362.137,377.903,20.0659,0,1057.02,0,0,0,0,0.898444,0.865211,0,0,0,0,101364
3134.0,0,0.00507713,1.20712E-10,0.00507713,101325,101325,298.15,362.137,377.903,20.0659,0,1057.02,0,0,0,0,0.898444,0.865211,0,0,0,0,101364
3136.0,0,0.00507717,1.1644E-10,0.00507717,101325,101325,298.15,362.137,377.903,20.0659,0,1057.02,0,0,0,0,0.898444,0.865211,0,0,0,0,101364
3138.0,0,0.0050772,1.12319E-10,0.0050772,101325,101325,298.15,362.137,377.903,20.0659,0,1057.02,0,0,0,0,0.898444,0.865211,0,0,0,0,101364
3140.0,0,0.00507723,1.08344E-10,0.00507723,101325,101325,298.15,362.137,377.903,20.0659,0,1057.02,0,0,0,0,0.898444,0.865211,0,0,0,0,101364
3142.0,0,0.00507725,1.04509E-10,0.00507725,101325,101325,298.15,362.137,377.903,20.0659,0,1057.02,0,0,0,0,0.898444,0.86521,0,0,0,0,101364
3144.0,0,0.00507728,1.0081E-10,0.00507728,101325,101325,298.15,362.137,377.903,20.0659,0,1057.02,0,0,0,0,0.898444,0.86521,0,0,0,0,101364
3146.0,0,0.00507731,9.7242E-11,0.00507731,101325,101325,298.15,362.137,377.903,20.0659,0,1057.02,0,0,0,0,0.898444,0.86521,0,0,0,0,101364
3148.0,0,0.00507734,9.37999E-11,0.00507734,101325,101325,298.15,362.137,377.903,20.0659,0,1057.02,0,0,0,0,0.898444,0.86521,0,0,0,0,101364
3150.0,0,0.00507736,9.04794E-11,0.00507736,101325,101325,298.15,362.137,377.903,20.0659,0,1057.02,0,0,0,0,0.898444,0.86521,0,0,0,0,101364
3152.0,0,0.00507739,8.72764E-11,0.00507739,101325,101325,298.15,362.137,377.903,20.0659,0,1057.02,0,0,0,0,0.898444,0.86521,0,0,0,0,101364
3154.0,0,0.00507741,8.41867E-11,0.00507741,101325,101325,298.15,362.137,377.902,20.0659,0,1057.02,0,0,0,0,0.898444,0.86521,0,0,0,0,101364
3156.0,0,0.00507744,8.12063E-11,0.00507744,101325,101325,298.15,362.137,377.902,20.0659,0,1057.02,0,0,0,0,0.898444,0.86521,0,0,0,0,101364
3158.0,0,0.00507746,7.83312E-11,0.00507746,101325,101325,298.15,362.137,377.902,20.0659,0,1057.02,0,0,0,0,0.898444,0.865209,0,0,0,0,101364
3160.0,0,0.00507748,7.55578E-11,0.00507748,101325,101325,298.15,362.137,377.902,20.0659,0,1057.02,0,0,0,0,0.898444,0.865209,0,0,0,0,101364
3162.0,0,0.0050775,7.28825E-11,0.0050775,101325,101325,298.15,362.137,377.902,20.0659,0,1057.02,0,0,0,0,0.898444,0.865209,0,0,0,0,101364
3164.0,0,0.00507752,7.03019E-11,0.00507752,101325,101325,298.15,362.137,377.902,20.0659,0,1057.02,0,0,0,0,0.898444,0.865209,0,0,0,0,101364
3166.0,0,0.00507753,6.78125E-11,0.00507753,101325,101325,298.15,362.137,377.902,20.0659,0,1057.02,0,0,0,0,0.898444,0.865209,0,0,0,0,101364
3168.0,0,0.00507755,6.54112E-11,0.00507755,101325,101325,298.15,362.137,377.902,20.0659,0,1057.02,0,0,0,0,0.898444,0.865209,0,0,0,0,101364
3170.0,0,0.00507757,6.30948E-11,0.00507757,101325,101325,298.15,362.137,377.902,20.0659,0,1057.02,0,0,0,0,0.898444,0.865209,0,0,0,0,101364
3172.0,0,0.00507758,6.08604E-11,0.00507758,101325,101325,298.15,362.137,377.902,20.0659,0,1057.02,0,0,0,0,0.898444,0.865209,0,0,0,0,101364
3174.0,0,0.0050776,5.87051E-11,0.0050776,101325,101325,298.15,362.137,377.902,20.0659,0,1057.02,0,0,0,0,0.898444,0.865209,0,0,0,0,101364
3176.0,0,0.00507761,5.6626E-11,0.00507761,101325,101325,298.15,362.137,377.902,20.0659,0,1057.02,0,0,0,0,0.898444,0.865209,0,0,0,0,101364
3178.0,0,0.00507763,5.46204E-11,0.00507763,101325,101325,298.15,362.137,377.902,20.0659,0,1057.02,0,0,0,0,0.898444,0.865209,0,0,0,0,101364
3180.0,0,0.00507764,5.26858E-11,0.00507764,101325,101325,298.15,362.137,377.902,20.0659,0,1057.02,0,0,0,0,0.898444,0.865209,0,0,0,0,101364
3182.0,0,0.00507766,5.08197E-11,0.00507766,101325,101325,298.15,362.137,377.902,20.0659,0,1057.02,0,0,0,0,0.898444,0.865209,0,0,0,0,101364
3184.0,0,0.00507767,4.90196E-11,0.00507767,101325,101325,298.15,362.137,377.902,20.0659,0,1057.02,0,0,0,0,0.898444,0.865209,0,0,0,0,101364
3186.0,0,0.00507768,4.72832E-11,0.00507768,101325,101325,298.15,362.137,377.902,20.0659,0,1057.02,0,0,0,0,0.898444,0.865209,0,0,0,0,101364
3188.0,0,0.0050777,4.56082E-11,0.0050777,101325,101325,298.15,362.137,377.902,20.0659,0,1057.02,0,0,0,0,0.898444,0.865209,0,0,0,0,101364
3190.0,0,0.00507771,4.39926E-11,0.00507771,101325,101325,298.15,362.137,377.902,20.0659,0,1057.02,0,0,0,0,0.898444,0.865209,0,0,0,0,101364
3192.0,0,0.00507772,4.24341E-11,0.00507772,101325,101325,298.15,362.137,377.902,20.0659,0,1057.02,0,0,0,0,0.898444,0.865209,0,0,0,0,101364
3194.0,0,0.00507773,4.09307E-11,0.00507773,101325,101325,298.15,362.137,377.902,20.0659,0,1057.02,0,0,0,0,0.898444,0.865209,0,0,0,0,101364
3196.0,0,0.00507775,3.94806E-11,0.00507775,101325,101325,298.15,362.137,377.902,20.0659,0,1057.02,0,0,0,0,0.898444,0.865209,0,0,0,0,101364
3198.0,0,0.00507776,3.80818E-11,0.00507776,101325,101325,298.15,362.137,377.902,20.0659,0,1057.02,0,0,0,0,0.898444,0.865209,0,0,0,0,101364
3200.0,0,0.00507777,3.67325E-11,0.00507777,101325,101325,298.15,362.137,377.902,20.0659,0,1057.02,0,0,0,0,0.898444,0.865209,0,0,0,0,101364
3202.0,0,0.00507778,3.5431E-11,0.00507778,101325,101325,298.15,362.137,377.902,20.0659,0,1057.02,0,0,0,0,0.898444,0.865209,0,0,0,0,101364
3204.0,0,0.00507779,3.41755E-11,0.00507779,101325,101325,298.15,362.137,377.902,20.0659,0,1057.02,0,0,0,0,0.898444,0.865209,0,0,0,0,101364
3206.0,0,0.0050778,3.29645E-11,0.0050778,101325,101325,298.15,362.137,377.902,20.0659,0,1057.02,0,0,0,0,0.898444,0.865209,0,0,0,0,101364
3208.0,0,0.00507781,3.17964E-11,0.00507781,101325,101325,298.15,362.137,377.902,20.0659,0,1057.02,0,0,0,0,0.898444,0.865209,0,0,0,0,101364
3210.0,0,0.00507782,3.06696E-11,0.00507782,101325,101325,298.15,362.137,377.902,20.0659,0,1057.02,0,0,0,0,0.898444,0.865209,0,0,0,0,101364
3212.0,0,0.00507783,2.95827E-11,0.00507783,101325,101325,298.15,362.137,377.902,20.0659,0,1057.02,0,0,0,0,0.898444,0.865209,0,0,0,0,101364
3214.0,0,0.00507784,2.85343E-11,0.00507784,101325,101325,298.15,362.137,377.902,20.0659,0,1057.02,0,0,0,0,0.898444,0.865209,0,0,0,0,101364
3216.0,0,0.00507785,2.7523E-11,0.00507785,101325,101325,298.15,362.137,377.902,20.0659,0,1057.02,0,0,0,0,0.898444,0.865209,0,0,0,0,101364
3218.0,0,0.00507786,2.65475E-11,0.00507786,101325,101325,298.15,362.137,377.902,20.0659,0,1057.02,0,0,0,0,0.898444,0.865209,0,0,0,0,101364
3220.0,0,0.00507786,2.56066E-11,0.00507786,101325,101325,298.15,362.137,377.902,20.0659,0,1057.02,0,0,0,0,0.898444,0.865209,0,0,0,0,101364
3222.0,0,0.00507787,2.46989E-11,0.00507787,101325,101325,298.15,362.137,377.902,20.0659,0,1057.02,0,0,0,0,0.898444,0.865209,0,0,0,0,101364
3224.0,0,0.00507788,2.38235E-11,0.00507788,101325,101325,298.15,362.137,377.902,20.0659,0,1057.02,0,0,0,0,0.898444,0.865209,0,0,0,0,101364
3226.0,0,0.00507789,2.2979E-11,0.00507789,101325,101325,298.15,362.137,377.902,20.0659,0,1057.02,0,0,0,0,0.898444,0.865209,0,0,0,0,101364
3228.0,0,0.00507789,2.21644E-11,0.00507789,101325,101325,298.15,362.137,377.902,20.0659,0,1057.02,0,0,0,0,0.898444,0.865209,0,0,0,0,101364
3230.0,0,0.0050779,2.13787E-11,0.0050779,101325,101325,298.15,362.137,377.902,20.0659,0,1057.02,0,0,0,0,0.898444,0.865209,0,0,0,0,101364
3232.0,0,0.00507791,2.06208E-11,0.00507791,101325,101325,298.15,362.137,377.902,20.0659,0,1057.02,0,0,0,0,0.898444,0.865209,0,0,0,0,101364
3234.0,0,0.00507792,1.98897E-11,0.00507792,101325,101325,298.15,362.137,377.902,20.0659,0,1057.02,0,0,0,0,0.898444,0.865209,0,0,0,0,101364
3236.0,0,0.00507792,1.91846E-11,0.00507792,101325,101325,298.15,362.137,377.902,20.0659,0,1057.02,0,0,0,0,0.898444,0.865209,0,0,0,0,101364
3238.0,0,0.00507793,1.85044E-11,0.00507793,101325,101325,298.15,362.137,377.902,20.0659,0,1057.02,0,0,0,0,0.898444,0.865209,0,0,0,0,101364
3240.0,0,0.00507793,1.78483E-11,0.00507793,101325,101325,298.15,362.137,377.902,20.0659,0,1057.02,0,0,0,0,0.898444,0.865209,0,0,0,0,101364
3242.0,0,0.00507794,1.72155E-11,0.00507794,101325,101325,298.15,362.137,377.902,20.0659,0,1057.02,0,0,0,0,0.898444,0.865209,0,0,0,0,101364
3244.0,0,0.00507795,1.6605E-11,0.00507795,101325,101325,298.15,362.137,377.902,20.0659,0,1057.02,0,0,0,0,0.898444,0.865209,0,0,0,0,101364
3246.0,0,0.00507795,1.60162E-11,0.00507795,101325,101325,298.15,362.137,377.902,20.0659,0,1057.02,0,0,0,0,0.898444,0.865209,0,0,0,0,101364
3248.0,0,0.00507796,1.54483E-11,0.00507796,101325,101325,298.15,362.137,377.902,20.0659,0,1057.02,0,0,0,0,0.898444,0.865209,0,0,0,0,101364
3250.0,0,0.00507796,1.49005E-11,0.00507796,101325,101325,298.15,362.137,377.902,20.0659,0,1057.02,0,0,0,0,0.898444,0.865209,0,0,0,0,101364
3252.0,0,0.00507797,1.43721E-11,0.00507797,101325,101325,298.15,362.137,377.902,20.0659,0,1057.02,0,0,0,0,0.898444,0.865209,0,0,0,0,101364
3254.0,0,0.00507797,1.38623E-11,0.00507797,101325,101325,298.15,362.137,377.902,20.0659,0,1057.02,0,0,0,0,0.898444,0.865209,0,0,0,0,101364
3256.0,0,0.00507798,1.33707E-11,0.00507798,101325,101325,298.15,362.137,377.902,20.0659,0,1057.02,0,0,0,0,0.898444,0.865209,0,0,0,0,101364
3258.0,0,0.00507798,1.28965E-11,0.00507798,101325,101325,298.15,362.137,377.902,20.0659,0,1057.02,0,0,0,0,0.898444,0.865209,0,0,0,0,101364
3260.0,0,0.00507799,1.24391E-11,0.00507799,101325,101325,298.15,362.137,377.902,20.0659,0,1057.02,0,0,0,0,0.898444,0.865209,0,0,0,0,101364
3262.0,0,0.00507799,1.19979E-11,0.00507799,101325,101325,298.15,362.137,377.902,20.0659,0,1057.02,0,0,0,0,0.898444,0.865209,0,0,0,0,101364
3264.0,0,0.005078,1.15724E-11,0.005078,101325,101325,298.15,362.137,377.902,20.0659,0,1057.02,0,0,0,0,0.898444,0.865209,0,0,0,0,101364
3266.0,0,0.005078,1.11619E-11,0.005078,101325,101325,298.15,362.137,377.902,20.0659,0,1057.02,0,0,0,0,0.898444,0.865209,0,0,0,0,101364
3268.0,0,0.005078,1.07659E-11,0.005078,101325,101325,298.15,362.137,377.902,20.0659,0,1057.02,0,0,0,0,0.898444,0.865209,0,0,0,0,101364
3270.0,0,0.00507801,1.0384E-11,0.00507801,101325,101325,298.15,362.137,377.902,20.0659,0,1057.02,0,0,0,0,0.898444,0.865209,0,0,0,0,101364
3272.0,0,0.00507801,1.00157E-11,0.00507801,101325,101325,298.15,362.137,377.902,20.0659,0,1057.02,0,0,0,0,0.898444,0.865209,0,0,0,0,101364
3274.0,0,0.00507802,9.66038E-12,0.00507802,101325,101325,298.15,362.137,377.902,20.0659,0,1057.02,0,0,0,0,0.898444,0.865209,0,0,0,0,101364
3276.0,0,0.00507802,9.31766E-12,0.00507802,101325,101325,298.15,362.137,377.902,20.0659,0,1057.02,0,0,0,0,0.898444,0.865209,0,0,0,0,101364
3278.0,0,0.00507802,8.9871E-12,0.00507802,101325,101325,298.15,362.137,377.902,20.0659,0,1057.02,0,0,0,0,0.898444,0.865209,0,0,0,0,101364
3280.0,0,0.00507803,8.66823E-12,0.00507803,101325,101325,298.15,362.137,377.902,20.0659,0,1057.02,0,0,0,0,0.898444,0.865209,0,0,0,0,101364
3282.0,0,0.00507803,8.36065E-12,0.00507803,101325,101325,298.15,362.137,377.902,20.0659,0,1057.02,0,0,0,0,0.898444,0.865209,0,0,0,0,101364
3284.0,0,0.00507803,8.06404E-12,0.00507803,101325,101325,298.15,362.137,377.902,20.0659,0,1057.02,0,0,0,0,0.898444,0.865209,0,0,0,0,101364
3286.0,0,0.00507804,7.77791E-12,0.00507804,101325,101325,298.15,362.137,377.902,20.0659,0,1057.02,0,0,0,0,0.898444,0.865209,0,0,0,0,101364
3288.0,0,0.00507804,7.50192E-12,0.00507804,101325,101325,298.15,362.137,377.902,20.0659,0,1057.02,0,0,0,0,0.898444,0.865209,0,0,0,0,101364
3290.0,0,0.00507804,7.23573E-12,0.00507804,101325,101325,298.15,362.137,377.902,20.0659,0,1057.02,0,0,0,0,0.898444,0.865209,0,0,0,0,101364
3292.0,0,0.00507804,6.97895E-12,0.00507804,101325,101325,298.15,362.137,377.902,20.0659,0,1057.02,0,0,0,0,0.898444,0.865209,0,0,0,0,101364
3294.0,0,0.00507805,6.73127E-12,0.00507805,101325,101325,298.15,362.137,377.902,20.0659,0,1057.02,0,0,0,0,0.898444,0.865209,0,0,0,0,101364
3296.0,0,0.00507805,6.49241E-12,0.00507805,101325,101325,298.15,362.137,377.902,20.0659,0,1057.02,0,0,0,0,0.898444,0.865209,0,0,0,0,101364
3298.0,0,0.00507805,6.26198E-12,0.00507805,101325,101325,298.15,362.137,377.902,20.0659,0,1057.02,0,0,0,0,0.898444,0.865209,0,0,0,0,101364
3300.0,0,0.00507805,6.03976E-12,0.00507805,101325,101325,298.15,362.137,377.902,20.0659,0,1057.02,0,0,0,0,0.898444,0.865209,0,0,0,0,101364
3302.0,0,0.00507806,5.82543E-12,0.00507806,101325,101325,298.15,362.137,377.902,20.0659,0,1057.02,0,0,0,0,0.898444,0.865209,0,0,0,0,101364
3304.0,0,0.00507806,5.61867E-12,0.00507806,101325,101325,298.15,362.137,377.902,20.0659,0,1057.02,0,0,0,0,0.898444,0.865209,0,0,0,0,101364
3306.0,0,0.00507806,5.41923E-12,0.00507806,101325,101325,298.15,362.137,377.902,20.0659,0,1057.02,0,0,0,0,0.898444,0.865209,0,0,0,0,101364
3308.0,0,0.00507806,5.22687E-12,0.00507806,101325,101325,298.15,362.137,377.902,20.0659,0,1057.02,0,0,0,0,0.898444,0.865209,0,0,0,0,101364
3310.0,0,0.00507807,5.04136E-12,0.00507807,101325,101325,298.15,362.137,377.902,20.0659,0,1057.02,0,0,0,0,0.898444,0.865209,0,0,0,0,101364
3312.0,0,0.00507807,4.86241E-12,0.00507807,101325,101325,298.15,362.137,377.902,20.0659,0,1057.02,0,0,0,0,0.898444,0.865209,0,0,0,0,101364
3314.0,0,0.00507807,4.68981E-12,0.00507807,101325,101325,298.15,362.137,377.902,20.0659,0,1057.02,0,0,0,0,0.898444,0.865209,0,0,0,0,101364
3316.0,0,0.00507807,4.52329E-12,0.00507807,101325,101325,298.15,362.137,377.902,20.0659,0,1057.02,0,0,0,0,0.898444,0.865209,0,0,0,0,101364
3318.0,0,0.00507807,4.36272E-12,0.00507807,101325,101325,298.15,362.137,377.902,20.0659,0,1057.02,0,0,0,0,0.898444,0.865209,0,0,0,0,101364
3320.0,0,0.00507808,4.20785E-12,0.00507808,101325,101325,298.15,362.137,377.902,20.0659,0,1057.02,0,0,0,0,0.898444,0.865209,0,0,0,0,101364
3322.0,0,0.00507808,4.05846E-12,0.00507808,101325,101325,298.15,362.137,377.902,20.0659,0,1057.02,0,0,0,0,0.898444,0.865209,0,0,0,0,101364
3324.0,0,0.00507808,3.91436E-12,0.00507808,101325,101325,298.15,362.137,377.902,20.0659,0,1057.02,0,0,0,0,0.898444,0.865209,0,0,0,0,101364
3326.0,0,0.00507808,3.77538E-12,0.00507808,101325,101325,298.15,362.137,377.902,20.0659,0,1057.02,0,0,0,0,0.898444,0.865209,0,0,0,0,101364
3328.0,0,0.00507808,3.64137E-12,0.00507808,101325,101325,298.15,362.137,377.902,20.0659,0,1057.02,0,0,0,0,0.898444,0.865209,0,0,0,0,101364
3330.0,0,0.00507808,3.51207E-12,0.00507808,101325,101325,298.15,362.137,377.902,20.0659,0,1057.02,0,0,0,0,0.898444,0.865209,0,0,0,0,101364
3332.0,0,0.00507809,3.38737E-12,0.00507809,101325,101325,298.15,362.137,377.902,20.0659,0,1057.02,0,0,0,0,0.898444,0.865209,0,0,0,0,101364
3334.0,0,0.00507809,3.26706E-12,0.00507809,101325,101325,298.15,362.137,377.902,20.0659,0,1057.02,0,0,0,0,0.898444,0.865209,0,0,0,0,101364
3336.0,0,0.00507809,3.15105E-12,0.00507809,101325,101325,298.15,362.137,377.902,20.0659,0,1057.02,0,0,0,0,0.898444,0.865209,0,0,0,0,101364
3338.0,0,0.00507809,3.03916E-12,0.00507809,101325,101325,298.15,362.137,377.902,20.0659,0,1057.02,0,0,0,0,0.898444,0.86521,0,0,0,0,101364
3340.0,0,0.00507809,2.93121E-12,0.00507809,101325,101325,298.15,362.137,377.902,20.0659,0,1057.02,0,0,0,0,0.898444,0.86521,0,0,0,0,101364
3342.0,0,0.00507809,2.82714E-12,0.00507809,101325,101325,298.15,362.137,377.902,20.0659,0,1057.02,0,0,0,0,0.898444,0.86521,0,0,0,0,101364
3344.0,0,0.00507809,2.72673E-12,0.00507809,101325,101325,298.15,362.137,377.902,20.0659,0,1057.02,0,0,0,0,0.898444,0.86521,0,0,0,0,101364
3346.0,0,0.0050781,2.62991E-12,0.0050781,101325,101325,298.15,362.137,377.902,20.0659,0,1057.02,0,0,0,0,0.898444,0.86521,0,0,0,0,101364
3348.0,0,0.0050781,2.53647E-12,0.0050781,101325,101325,298.15,362.137,377.902,20.0659,0,1057.02,0,0,0,0,0.898444,0.86521,0,0,0,0,101364
3350.0,0,0.0050781,2.4464E-12,0.0050781,101325,101325,298.15,362.137,377.902,20.0659,0,1057.02,0,0,0,0,0.898444,0.86521,0,0,0,0,101364
3352.0,0,0.0050781,2.35951E-12,0.0050781,101325,101325,298.15,362.137,377.902,20.0659,0,1057.02,0,0,0,0,0.898444,0.86521,0,0,0,0,101364
3354.0,0,0.0050781,2.27567E-12,0.0050781,101325,101325,298.15,362.137,377.902,20.0659,0,1057.02,0,0,0,0,0.898444,0.86521,0,0,0,0,101364
3356.0,0,0.0050781,2.19489E-12,0.0050781,101325,101325,298.15,362.137,377.902,20.0659,0,1057.02,0,0,0,0,0.898444,0.86521,0,0,0,0,101364
3358.0,0,0.0050781,2.11689E-12,0.0050781,101325,101325,298.15,362.137,377.902,20.0659,0,1057.02,0,0,0,0,0.898444,0.86521,0,0,0,0,101364
3360.0,0,0.0050781,2.04169E-12,0.0050781,101325,101325,298.15,362.137,377.902,20.0659,0,1057.02,0,0,0,0,0.898444,0.86521,0,0,0,0,101364
3362.0,0,0.0050781,1.96918E-12,0.0050781,101325,101325,298.15,362.137,377.902,20.0659,0,1057.02,0,0,0,0,0.898444,0.86521,0,0,0,0,101364
3364.0,0,0.0050781,1.89923E-12,0.0050781,101325,101325,298.15,362.137,377.902,20.0659,0,1057.02,0,0,0,0,0.898444,0.86521,0,0,0,0,101364
3366.0,0,0.00507811,1.83175E-12,0.00507811,101325,101325,298.15,362.137,377.902,20.0659,0,1057.02,0,0,0,0,0.898444,0.86521,0,0,0,0,101364
3368.0,0,0.00507811,1.76667E-12,0.00507811,101325,101325,298.15,362.137,377.902,20.0659,0,1057.02,0,0,0,0,0.898444,0.86521,0,0,0,0,101364
3370.0,0,0.00507811,1.70388E-12,0.00507811,101325,101325,298.15,362.137,377.902,20.0659,0,1057.02,0,0,0,0,0.898444,0.86521,0,0,0,0,101364
3372.0,0,0.00507811,1.64337E-12,0.00507811,101325,101325,298.15,362.137,377.902,20.0659,0,1057.02,0,0,0,0,0.898444,0.86521,0,0,0,0,101364
3374.0,0,0.00507811,1.58498E-12,0.00507811,101325,101325,298.15,362.137,377.902,20.0659,0,1057.02,0,0,0,0,0.898444,0.86521,0,0,0,0,101364
3376.0,0,0.00507811,1.52866E-12,0.00507811,101325,101325,298.15,362.137,377.902,20.0659,0,1057.02,0,0,0,0,0.898444,0.86521,0,0,0,0,101364
3378.0,0,0.00507811,1.47436E-12,0.00507811,101325,101325,298.15,362.137,377.902,20.0659,0,1057.02,0,0,0,0,0.898444,0.86521,0,0,0,0,101364
3380.0,0,0.00507811,1.42196E-12,0.00507811,101325,101325,298.15,362.137,377.902,20.0659,0,1057.02,0,0,0,0,0.898444,0.86521,0,0,0,0,101364
3382.0,0,0.00507811,1.37145E-12,0.00507811,101325,101325,298.15,362.137,377.902,20.0659,0,1057.02,0,0,0,0,0.898444,0.86521,0,0,0,0,101364
3384.0,0,0.00507811,1.3227E-12,0.00507811,101325,101325,298.15,362.137,377.902,20.0659,0,1057.02,0,0,0,0,0.898444,0.86521,0,0,0,0,101364
3386.0,0,0.00507811,1.27568E-12,0.00507811,101325,101325,298.15,362.137,377.902,20.0659,0,1057.02,0,0,0,0,0.898444,0.86521,0,0,0,0,101364
3388.0,0,0.00507811,1.23036E-12,0.00507811,101325,101325,298.15,362.137,377.902,20.0659,0,1057.02,0,0,0,0,0.898444,0.86521,0,0,0,0,101364
3390.0,0,0.00507811,1.18664E-12,0.00507811,101325,101325,298.15,362.137,377.902,20.0659,0,1057.02,0,0,0,0,0.898444,0.86521,0,0,0,0,101364
3392.0,0,0.00507812,1.14448E-12,0.00507812,101325,101325,298.15,362.137,377.902,20.0659,0,1057.02,0,0,0,0,0.898444,0.86521,0,0,0,0,101364
3394.0,0,0.00507812,1.1038E-12,0.00507812,101325,101325,298.15,362.137,377.902,20.0659,0,1057.02,0,0,0,0,0.898444,0.86521,0,0,0,0,101364
3396.0,0,0.00507812,1.06455E-12,0.00507812,101325,101325,298.15,362.137,377.902,20.0659,0,1057.02,0,0,0,0,0.898444,0.86521,0,0,0,0,101364
3398.0,0,0.00507812,1.0267E-12,0.00507812,101325,101325,298.15,362.137,377.902,20.0659,0,1057.02,0,0,0,0,0.898444,0.86521,0,0,0,0,101364
3400.0,0,0.00507812,9.90231E-13,0.00507812,101325,101325,298.15,362.137,377.902,20.0659,0,1057.02,0,0,0,0,0.898444,0.86521,0,0,0,0,101364
3402.0,0,0.00507812,9.55021E-13,0.00507812,101325,101325,298.15,362.137,377.902,20.0659,0,1057.02,0,0,0,0,0.898444,0.86521,0,0,0,0,101364
3404.0,0,0.00507812,9.21072E-13,0.00507812,101325,101325,298.15,362.137,377.902,20.0659,0,1057.02,0,0,0,0,0.898444,0.86521,0,0,0,0,101364
3406.0,0,0.00507812,8.88346E-13,0.00507812,101325,101325,298.15,362.137,377.902,20.0659,0,1057.02,0,0,0,0,0.898444,0.86521,0,0,0,0,101364
3408.0,0,0.00507812,8.56744E-13,0.00507812,101325,101325,298.15,362.137,377.902,20.0659,0,1057.02,0,0,0,0,0.898444,0.86521,0,0,0,0,101364
3410.0,0,0.00507812,8.26318E-13,0.00507812,101325,101325,298.15,362.137,377.902,20.0659,0,1057.02,0,0,0,0,0.898444,0.86521,0,0,0,0,101364
3412.0,0,0.00507812,7.96929E-13,0.00507812,101325,101325,298.15,362.137,377.902,20.0659,0,1057.02,0,0,0,0,0.898444,0.86521,0,0,0,0,101364
3414.0,0,0.00507812,7.68596E-13,0.00507812,101325,101325,298.15,362.137,377.902,20.0659,0,1057.02,0,0,0,0,0.898444,0.86521,0,0,0,0,101364
3416.0,0,0.00507812,7.41265E-13,0.00507812,101325,101325,298.15,362.137,377.902,20.0659,0,1057.02,0,0,0,0,0.898444,0.86521,0,0,0,0,101364
3418.0,0,0.00507812,7.14921E-13,0.00507812,101325,101325,298.15,362.137,377.902,20.0659,0,1057.02,0,0,0,0,0.898444,0.86521,0,0,0,0,101364
3420.0,0,0.00507812,6.89491E-13,0.00507812,101325,101325,298.15,362.137,377.902,20.0659,0,1057.02,0,0,0,0,0.898444,0.86521,0,0,0,0,101364
3422.0,0,0.00507812,6.65002E-13,0.00507812,101325,101325,298.15,362.137,377.902,20.0659,0,1057.02,0,0,0,0,0.898444,0.86521,0,0,0,0,101364
3424.0,0,0.00507812,6.41352E-13,0.00507812,101325,101325,298.15,362.137,377.902,20.0659,0,1057.02,0,0,0,0,0.898444,0.86521,0,0,0,0,101364
3426.0,0,0.00507812,6.18555E-13,0.00507812,101325,101325,298.15,362.137,377.902,20.0659,0,1057.02,0,0,0,0,0.898444,0.86521,0,0,0,0,101364
3428.0,0,0.00507812,5.96551E-13,0.00507812,101325,101325,298.15,362.137,377.902,20.0659,0,1057.02,0,0,0,0,0.898444,0.86521,0,0,0,0,101364
3430.0,0,0.00507812,5.75353E-13,0.00507812,101325,101325,298.15,362.137,377.902,20.0659,0,1057.02,0,0,0,0,0.898444,0.86521,0,0,0,0,101364
3432.0,0,0.00507812,5.54896E-13,0.00507812,101325,101325,298.15,362.137,377.902,20.0659,0,1057.02,0,0,0,0,0.898444,0.86521,0,0,0,0,101364
3434.0,0,0.00507812,5.35145E-13,0.00507812,101325,101325,298.15,362.137,377.902,20.0659,0,1057.02,0,0,0,0,0.898444,0.86521,0,0,0,0,101364
3436.0,0,0.00507813,5.16111E-13,0.00507813,101325,101325,298.15,362.137,377.902,20.0659,0,1057.02,0,0,0,0,0.898444,0.86521,0,0,0,0,101364
3438.0,0,0.00507813,4.9774E-13,0.00507813,101325,101325,298.15,362.137,377.902,20.0659,0,1057.02,0,0,0,0,0.898444,0.86521,0,0,0,0,101364
3440.0,0,0.00507813,4.80037E-13,0.00507813,101325,101325,298.15,362.137,377.902,20.0659,0,1057.02,0,0,0,0,0.898444,0.86521,0,0,0,0,101364
3442.0,0,0.00507813,4.62974E-13,0.00507813,101325,101325,298.15,362.137,377.902,20.0659,0,1057.02,0,0,0,0,0.898444,0.86521,0,0,0,0,101364
3444.0,0,0.00507813,4.46511E-13,0.00507813,101325,101325,298.15,362.137,377.902,20.0659,0,1057.02,0,0,0,0,0.898444,0.86521,0,0,0,0,101364
3446.0,0,0.00507813,4.30617E-13,0.00507813,101325,101325,298.15,362.137,377.902,20.0659,0,1057.02,0,0,0,0,0.898444,0.86521,0,0,0,0,101364
3448.0,0,0.00507813,4.15336E-13,0.00507813,101325,101325,298.15,362.137,377.902,20.0659,0,1057.02,0,0,0,0,0.898444,0.86521,0,0,0,0,101364
3450.0,0,0.00507813,4.00534E-13,0.00507813,101325,101325,298.15,362.137,377.902,20.0659,0,1057.02,0,0,0,0,0.898444,0.86521,0,0,0,0,101364
3452.0,0,0.00507813,3.86285E-13,0.00507813,101325,101325,298.15,362.137,377.902,20.0659,0,1057.02,0,0,0,0,0.898444,0.86521,0,0,0,0,101364
3454.0,0,0.00507813,3.72563E-13,0.00507813,101325,101325,298.15,362.137,377.902,20.0659,0,1057.02,0,0,0,0,0.898444,0.86521,0,0,0,0,101364
3456.0,0,0.00507813,3.59299E-13,0.00507813,101325,101325,298.15,362.137,377.902,20.0659,0,1057.02,0,0,0,0,0.898444,0.86521,0,0,0,0,101364
3458.0,0,0.00507813,3.46511E-13,0.00507813,101325,101325,298.15,362.137,377.902,20.0659,0,1057.02,0,0,0,0,0.898444,0.86521,0,0,0,0,101364
3460.0,0,0.00507813,3.34177E-13,0.00507813,101325,101325,298.15,362.137,377.902,20.0659,0,1057.02,0,0,0,0,0.898444,0.86521,0,0,0,0,101364
3462.0,0,0.00507813,3.22305E-13,0.00507813,101325,101325,298.15,362.137,377.902,20.0659,0,1057.02,0,0,0,0,0.898444,0.86521,0,0,0,0,101364
3464.0,0,0.00507813,3.10835E-13,0.00507813,101325,101325,298.15,362.137,377.902,20.0659,0,1057.02,0,0,0,0,0.898444,0.86521,0,0,0,0,101364
3466.0,0,0.00507813,2.99777E-13,0.00507813,101325,101325,298.15,362.137,377.902,20.0659,0,1057.02,0,0,0,0,0.898444,0.86521,0,0,0,0,101364
3468.0,0,0.00507813,2.89092E-13,0.00507813,101325,101325,298.15,362.137,377.902,20.0659,0,1057.02,0,0,0,0,0.898444,0.86521,0,0,0,0,101364
3470.0,0,0.00507813,2.78851E-13,0.00507813,101325,101325,298.15,362.137,377.902,20.0659,0,1057.02,0,0,0,0,0.898444,0.86521,0,0,0,0,101364
3472.0,0,0.00507813,2.68939E-13,0.00507813,101325,101325,298.15,362.137,377.902,20.0659,0,1057.02,0,0,0,0,0.898444,0.86521,0,0,0,0,101364
3474.0,0,0.00507813,2.5934E-13,0.00507813,101325,101325,298.15,362.137,377.902,20.0659,0,1057.02,0,0,0,0,0.898444,0.86521,0,0,0,0,101364
3476.0,0,0.00507813,2.50091E-13,0.00507813,101325,101325,298.15,362.137,377.902,20.0659,0,1057.02,0,0,0,0,0.898444,0.86521,0,0,0,0,101364
3478.0,0,0.00507813,2.41198E-13,0.00507813,101325,101325,298.15,362.137,377.902,20.0659,0,1057.02,0,0,0,0,0.898444,0.86521,0,0,0,0,101364
3480.0,0,0.00507813,2.32619E-13,0.00507813,101325,101325,298.15,362.137,377.902,20.0659,0,1057.02,0,0,0,0,0.898444,0.86521,0,0,0,0,101364
3482.0,0,0.00507813,2.24345E-13,0.00507813,101325,101325,298.15,362.137,377.902,20.0659,0,1057.02,0,0,0,0,0.898444,0.86521,0,0,0,0,101364
3484.0,0,0.00507813,2.16352E-13,0.00507813,101325,101325,298.15,362.137,377.902,20.0659,0,1057.02,0,0,0,0,0.898444,0.86521,0,0,0,0,101364
3486.0,0,0.00507813,2.08687E-13,0.00507813,101325,101325,298.15,362.137,377.902,20.0659,0,1057.02,0,0,0,0,0.898444,0.86521,0,0,0,0,101364
3488.0,0,0.00507813,2.01237E-13,0.00507813,101325,101325,298.15,362.137,377.902,20.0659,0,1057.02,0,0,0,0,0.898444,0.86521,0,0,0,0,101364
3490.0,0,0.00507813,1.94086E-13,0.00507813,101325,101325,298.15,362.137,377.902,20.0659,0,1057.02,0,0,0,0,0.898444,0.86521,0,0,0,0,101364
3492.0,0,0.00507813,1.87175E-13,0.00507813,101325,101325,298.15,362.137,377.902,20.0659,0,1057.02,0,0,0,0,0.898444,0.86521,0,0,0,0,101364
3494.0,0,0.00507813,1.80506E-13,0.00507813,101325,101325,298.15,362.137,377.902,20.0659,0,1057.02,0,0,0,0,0.898444,0.86521,0,0,0,0,101364
3496.0,0,0.00507813,1.74074E-13,0.00507813,101325,101325,298.15,362.137,377.902,20.0659,0,1057.02,0,0,0,0,0.898444,0.86521,0,0,0,0,101364
3498.0,0,0.00507813,1.67898E-13,0.00507813,101325,101325,298.15,362.137,377.902,20.0659,0,1057.02,0,0,0,0,0.898444,0.86521,0,0,0,0,101364
3500.0,0,0.00507813,1.61907E-13,0.00507813,101325,101325,298.15,362.137,377.902,20.0659,0,1057.02,0,0,0,0,0.898444,0.86521,0,0,0,0,101364
3502.0,0,0.00507813,1.56157E-13,0.00507813,101325,101325,298.15,362.137,377.902,20.0659,0,1057.02,0,0,0,0,0.898444,0.86521,0,0,0,0,101364
3504.0,0,0.00507813,1.50589E-13,0.00507813,101325,101325,298.15,362.137,377.902,20.0659,0,1057.02,0,0,0,0,0.898444,0.86521,0,0,0,0,101364
3506.0,0,0.00507813,1.45242E-13,0.00507813,101325,101325,298.15,362.137,377.902,20.0659,0,1057.02,0,0,0,0,0.898444,0.86521,0,0,0,0,101364
3508.0,0,0.00507813,1.4007E-13,0.00507813,101325,101325,298.15,362.137,377.902,20.0659,0,1057.02,0,0,0,0,0.898444,0.86521,0,0,0,0,101364
3510.0,0,0.00507813,1.351E-13,0.00507813,101325,101325,298.15,362.137,377.902,20.0659,0,1057.02,0,0,0,0,0.898444,0.86521,0,0,0,0,101364
3512.0,0,0.00507813,1.3026E-13,0.00507813,101325,101325,298.15,362.137,377.902,20.0659,0,1057.02,0,0,0,0,0.898444,0.86521,0,0,0,0,101364
3514.0,0,0.00507813,1.25638E-13,0.00507813,101325,101325,298.15,362.137,377.902,20.0659,0,1057.02,0,0,0,0,0.898444,0.86521,0,0,0,0,101364
3516.0,0,0.00507813,1.21165E-13,0.00507813,101325,101325,298.15,362.137,377.902,20.0659,0,1057.02,0,0,0,0,0.898444,0.86521,0,0,0,0,101364
3518.0,0,0.00507813,1.16845E-13,0.00507813,101325,101325,298.15,362.137,377.902,20.0659,0,1057.02,0,0,0,0,0.898444,0.86521,0,0,0,0,101364
3520.0,0,0.00507813,1.127E-13,0.00507813,101325,101325,298.15,362.137,377.902,20.0659,0,1057.02,0,0,0,0,0.898444,0.86521,0,0,0,0,101364
3522.0,0,0.00507813,1.08674E-13,0.00507813,101325,101325,298.15,362.137,377.902,20.0659,0,1057.02,0,0,0,0,0.898444,0.86521,0,0,0,0,101364
3524.0,0,0.00507813,1.04814E-13,0.00507813,101325,101325,298.15,362.137,377.902,20.0659,0,1057.02,0,0,0,0,0.898444,0.86521,0,0,0,0,101364
3526.0,0,0.00507813,1.01024E-13,0.00507813,101325,101325,298.15,362.137,377.902,20.0659,0,1057.02,0,0,0,0,0.898444,0.86521,0,0,0,0,101364
3528.0,0,0.00507813,9.7456E-14,0.00507813,101325,101325,298.15,362.137,377.902,20.0659,0,1057.02,0,0,0,0,0.898444,0.86521,0,0,0,0,101364
3530.0,0,0.00507813,9.4002E-14,0.00507813,101325,101325,298.15,362.137,377.902,20.0659,0,1057.02,0,0,0,0,0.898444,0.86521,0,0,0,0,101364
3532.0,0,0.00507813,9.06399E-14,0.00507813,101325,101325,298.15,362.137,377.902,20.0659,0,1057.02,0,0,0,0,0.898444,0.86521,0,0,0,0,101364
3534.0,0,0.00507813,8.74201E-14,0.00507813,101325,101325,298.15,362.137,377.902,20.0659,0,1057.02,0,0,0,0,0.898444,0.86521,0,0,0,0,101364
3536.0,0,0.00507813,8.43057E-14,0.00507813,101325,101325,298.15,362.137,377.902,20.0659,0,1057.02,0,0,0,0,0.898444,0.86521,0,0,0,0,101364
3538.0,0,0.00507813,8.12967E-14,0.00507813,101325,101325,298.15,362.137,377.902,20.0659,0,1057.02,0,0,0,0,0.898444,0.86521,0,0,0,0,101364
3540.0,0,0.00507813,7.83824E-14,0.00507813,101325,101325,298.15,362.137,377.902,20.0659,0,1057.02,0,0,0,0,0.898444,0.86521,0,0,0,0,101364
3542.0,0,0.00507813,7.56142E-14,0.00507813,101325,101325,298.15,362.137,377.902,20.0659,0,1057.02,0,0,0,0,0.898444,0.86521,0,0,0,0,101364
3544.0,0,0.00507813,7.29008E-14,0.00507813,101325,101325,298.15,362.137,377.902,20.0659,0,1057.02,0,0,0,0,0.898444,0.86521,0,0,0,0,101364
3546.0,0,0.00507813,7.03265E-14,0.00507813,101325,101325,298.15,362.137,377.902,20.0659,0,1057.02,0,0,0,0,0.898444,0.86521,0,0,0,0,101364
3548.0,0,0.00507813,6.78018E-14,0.00507813,101325,101325,298.15,362.137,377.902,20.0659,0,1057.02,0,0,0,0,0.898444,0.86521,0,0,0,0,101364
3550.0,0,0.00507813,6.54158E-14,0.00507813,101325,101325,298.15,362.137,377.902,20.0659,0,1057.02,0,0,0,0,0.898444,0.86521,0,0,0,0,101364
3552.0,0,0.00507813,6.30878E-14,0.00507813,101325,101325,298.15,362.137,377.902,20.0659,0,1057.02,0,0,0,0,0.898444,0.86521,0,0,0,0,101364
3554.0,0,0.00507813,6.082E-14,0.00507813,101325,101325,298.15,362.137,377.902,20.0659,0,1057.02,0,0,0,0,0.898444,0.86521,0,0,0,0,101364
3556.0,0,0.00507813,5.86509E-14,0.00507813,101325,101325,298.15,362.137,377.902,20.0659,0,1057.02,0,0,0,0,0.898444,0.86521,0,0,0,0,101364
3558.0,0,0.00507813,5.65738E-14,0.00507813,101325,101325,298.15,362.137,377.902,20.0659,0,1057.02,0,0,0,0,0.898444,0.86521,0,0,0,0,101364
3560.0,0,0.00507813,5.45539E-14,0.00507813,101325,101325,298.15,362.137,377.902,20.0659,0,1057.02,0,0,0,0,0.898444,0.86521,0,0,0,0,101364
3562.0,0,0.00507813,5.26175E-14,0.00507813,101325,101325,298.15,362.137,377.902,20.0659,0,1057.02,0,0,0,0,0.898444,0.86521,0,0,0,0,101364
3564.0,0,0.00507813,5.07523E-14,0.00507813,101325,101325,298.15,362.137,377.902,20.0659,0,1057.02,0,0,0,0,0.898444,0.86521,0,0,0,0,101364
3566.0,0,0.00507813,4.89376E-14,0.00507813,101325,101325,298.15,362.137,377.902,20.0659,0,1057.02,0,0,0,0,0.898444,0.86521,0,0,0,0,101364
3568.0,0,0.00507813,4.7186E-14,0.00507813,101325,101325,298.15,362.137,377.902,20.0659,0,1057.02,0,0,0,0,0.898444,0.86521,0,0,0,0,101364
3570.0,0,0.00507813,4.55001E-14,0.00507813,101325,101325,298.15,362.137,377.902,20.0659,0,1057.02,0,0,0,0,0.898444,0.86521,0,0,0,0,101364
3572.0,0,0.00507813,4.38889E-14,0.00507813,101325,101325,298.15,362.137,377.902,20.0659,0,1057.02,0,0,0,0,0.898444,0.86521,0,0,0,0,101364
3574.0,0,0.00507813,4.23259E-14,0.00507813,101325,101325,298.15,362.137,377.902,20.0659,0,1057.02,0,0,0,0,0.898444,0.86521,0,0,0,0,101364
3576.0,0,0.00507813,4.08364E-14,0.00507813,101325,101325,298.15,362.137,377.902,20.0659,0,1057.02,0,0,0,0,0.898444,0.86521,0,0,0,0,101364
3578.0,0,0.00507813,3.93446E-14,0.00507813,101325,101325,298.15,362.137,377.902,20.0659,0,1057.02,0,0,0,0,0.898444,0.86521,0,0,0,0,101364
3580.0,0,0.00507813,3.79622E-14,0.00507813,101325,101325,298.15,362.137,377.902,20.0659,0,1057.02,0,0,0,0,0.898444,0.86521,0,0,0,0,101364
3582.0,0,0.00507813,3.65962E-14,0.00507813,101325,101325,298.15,362.137,377.902,20.0659,0,1057.02,0,0,0,0,0.898444,0.86521,0,0,0,0,101364
3584.0,0,0.00507813,3.52808E-14,0.00507813,101325,101325,298.15,362.137,377.902,20.0659,0,1057.02,0,0,0,0,0.898444,0.86521,0,0,0,0,101364
3586.0,0,0.00507813,3.40447E-14,0.00507813,101325,101325,298.15,362.137,377.902,20.0659,0,1057.02,0,0,0,0,0.898444,0.86521,0,0,0,0,101364
3588.0,0,0.00507813,3.28368E-14,0.00507813,101325,101325,298.15,362.137,377.902,20.0659,0,1057.02,0,0,0,0,0.898444,0.86521,0,0,0,0,101364
3590.0,0,0.00507813,3.16732E-14,0.00507813,101325,101325,298.15,362.137,377.902,20.0659,0,1057.02,0,0,0,0,0.898444,0.86521,0,0,0,0,101364
3592.0,0,0.00507813,3.05404E-14,0.00507813,101325,101325,298.15,362.137,377.902,20.0659,0,1057.02,0,0,0,0,0.898444,0.86521,0,0,0,0,101364
3594.0,0,0.00507813,2.94404E-14,0.00507813,101325,101325,298.15,362.137,377.902,20.0659,0,1057.02,0,0,0,0,0.898444,0.86521,0,0,0,0,101364
3596.0,0,0.00507813,2.83959E-14,0.00507813,101325,101325,298.15,362.137,377.902,20.0659,0,1057.02,0,0,0,0,0.898444,0.86521,0,0,0,0,101364
3598.0,0,0.00507813,2.73754E-14,0.00507813,101325,101325,298.15,362.137,377.902,20.0659,0,1057.02,0,0,0,0,0.898444,0.86521,0,0,0,0,101364
3600.0,0,0.00507813,2.6418E-14,0.00507813,101325,101325,298.15,362.137,377.902,20.0659,0,1057.02,0,0,0,0,0.898444,0.86521,0,0,0,0,101364
